customerID,Churn,gender,SeniorCitizen,Partner,Dependents,tenure,PhoneService,MultipleLines,InternetService,OnlineSecurity,OnlineBackup,DeviceProtection,TechSupport,StreamingTV,StreamingMovies,Contract,PaperlessBilling,PaymentMethod,ChargesMonthly,ChargesTotal,DailyAccounts,Churn_numerico
0002-ORFBO,NO,FEMALE,0,YES,YES,9,YES,NO,DSL,NO,YES,NO,YES,YES,NO,ONE YEAR,YES,MAILED CHECK,65.6,593.3,2.1550591327201047,0
0003-MKNFE,NO,MALE,0,NO,NO,9,YES,YES,DSL,NO,NO,NO,NO,NO,YES,MONTH-TO-MONTH,NO,MAILED CHECK,59.9,542.4,1.9678055190538764,0
0004-TLHLJ,YES,MALE,0,NO,NO,4,YES,NO,FIBER OPTIC,NO,NO,YES,NO,NO,NO,MONTH-TO-MONTH,YES,ELECTRONIC CHECK,73.9,280.85,2.4277266754270697,1
0011-IGKFF,YES,MALE,1,YES,NO,13,YES,NO,FIBER OPTIC,NO,YES,YES,NO,YES,YES,MONTH-TO-MONTH,YES,ELECTRONIC CHECK,98.0,1237.85,3.219448094612352,1
0013-EXCHZ,YES,FEMALE,1,YES,NO,3,YES,NO,FIBER OPTIC,NO,NO,NO,YES,YES,NO,MONTH-TO-MONTH,YES,MAILED CHECK,83.9,267.4,2.7562417871222076,1
0013-MHZWF,NO,FEMALE,0,NO,YES,9,YES,NO,DSL,NO,NO,NO,YES,YES,YES,MONTH-TO-MONTH,YES,CREDIT CARD (AUTOMATIC),69.4,571.45,2.2798948751642576,0
0013-SMEOE,NO,FEMALE,1,YES,NO,71,YES,NO,FIBER OPTIC,YES,YES,YES,YES,YES,YES,TWO YEAR,YES,BANK TRANSFER (AUTOMATIC),109.7,7904.25,3.6038107752956634,0
0014-BMAQU,NO,MALE,0,YES,NO,63,YES,YES,FIBER OPTIC,YES,NO,NO,YES,NO,NO,TWO YEAR,YES,CREDIT CARD (AUTOMATIC),84.65,5377.8,2.780880420499343,0
0015-UOCOJ,NO,FEMALE,1,NO,NO,7,YES,NO,DSL,YES,NO,NO,NO,NO,NO,MONTH-TO-MONTH,YES,ELECTRONIC CHECK,48.2,340.35,1.583442838370565,0
0016-QLJIS,NO,FEMALE,0,YES,YES,65,YES,YES,DSL,YES,YES,YES,YES,YES,YES,TWO YEAR,YES,MAILED CHECK,90.45,5957.9,2.971419185282523,0
0017-DINOC,NO,MALE,0,NO,NO,54,NO,NO,DSL,YES,NO,NO,YES,YES,NO,TWO YEAR,NO,CREDIT CARD (AUTOMATIC),45.2,2460.55,1.4848883048620236,0
0017-IUDMW,NO,FEMALE,0,YES,YES,72,YES,YES,FIBER OPTIC,YES,YES,YES,YES,YES,YES,TWO YEAR,YES,CREDIT CARD (AUTOMATIC),116.8,8456.75,3.8370565045992113,0
0018-NYROU,NO,FEMALE,0,YES,NO,5,YES,NO,FIBER OPTIC,NO,NO,NO,NO,NO,NO,MONTH-TO-MONTH,YES,ELECTRONIC CHECK,68.95,351.5,2.265111695137976,0
0019-EFAEP,NO,FEMALE,0,NO,NO,72,YES,YES,FIBER OPTIC,YES,YES,YES,NO,YES,NO,TWO YEAR,YES,BANK TRANSFER (AUTOMATIC),101.3,7261.25,3.3278580814717476,0
0019-GFNTW,NO,FEMALE,0,NO,NO,56,NO,NO,DSL,YES,YES,YES,YES,NO,NO,TWO YEAR,NO,BANK TRANSFER (AUTOMATIC),45.05,2560.1,1.4799605781865963,0
0020-INWCK,NO,FEMALE,0,YES,YES,71,YES,YES,FIBER OPTIC,NO,YES,YES,NO,NO,YES,TWO YEAR,YES,CREDIT CARD (AUTOMATIC),95.75,6849.4,3.145532194480946,0
0020-JDNXP,NO,FEMALE,0,YES,YES,34,NO,NO,DSL,YES,NO,YES,YES,YES,YES,ONE YEAR,NO,MAILED CHECK,61.25,1993.2,2.01215505913272,0
0021-IKXGC,NO,FEMALE,1,NO,NO,1,YES,YES,FIBER OPTIC,NO,NO,NO,NO,NO,NO,MONTH-TO-MONTH,YES,ELECTRONIC CHECK,72.1,72.1,2.3685939553219444,0
0022-TCJCI,YES,MALE,1,NO,NO,45,YES,NO,DSL,YES,NO,YES,NO,NO,YES,ONE YEAR,NO,CREDIT CARD (AUTOMATIC),62.7,2791.5,2.059789750328515,1
0023-HGHWL,YES,MALE,1,NO,NO,1,NO,NO,DSL,NO,NO,NO,NO,NO,NO,MONTH-TO-MONTH,YES,ELECTRONIC CHECK,25.1,25.1,0.8245729303547963,1
0023-UYUPN,NO,FEMALE,1,YES,NO,50,YES,YES,NO,NO,NO,NO,NO,NO,NO,ONE YEAR,NO,ELECTRONIC CHECK,25.2,1306.3,0.8278580814717477,0
0023-XUOPT,YES,FEMALE,0,YES,NO,13,YES,YES,FIBER OPTIC,NO,YES,YES,NO,YES,NO,MONTH-TO-MONTH,NO,ELECTRONIC CHECK,94.1,1215.6,3.0913272010512483,1
0027-KWYKW,NO,FEMALE,0,YES,YES,23,YES,YES,FIBER OPTIC,NO,NO,NO,NO,YES,NO,MONTH-TO-MONTH,YES,ELECTRONIC CHECK,83.75,1849.95,2.7513140604467803,0
0030-FNXPP,NO,FEMALE,0,NO,NO,3,YES,NO,NO,NO,NO,NO,NO,NO,NO,MONTH-TO-MONTH,NO,MAILED CHECK,19.85,57.2,0.6521024967148489,0
0031-PVLZI,YES,FEMALE,0,YES,YES,4,YES,NO,NO,NO,NO,NO,NO,NO,NO,MONTH-TO-MONTH,NO,MAILED CHECK,20.35,76.35,0.6685282522996058,1
0032-PGELS,YES,FEMALE,0,YES,YES,1,NO,NO,DSL,YES,NO,NO,NO,NO,NO,MONTH-TO-MONTH,NO,BANK TRANSFER (AUTOMATIC),30.5,30.5,1.0019710906701709,1
0036-IHMOT,NO,FEMALE,0,YES,YES,55,YES,NO,FIBER OPTIC,NO,YES,YES,YES,YES,YES,ONE YEAR,YES,BANK TRANSFER (AUTOMATIC),103.7,5656.75,3.4067017082785807,0
0040-HALCW,NO,MALE,0,YES,YES,54,YES,NO,NO,NO,NO,NO,NO,NO,NO,TWO YEAR,NO,CREDIT CARD (AUTOMATIC),20.4,1090.6,0.6701708278580814,0
0042-JVWOJ,NO,MALE,0,NO,NO,26,YES,NO,NO,NO,NO,NO,NO,NO,NO,ONE YEAR,YES,BANK TRANSFER (AUTOMATIC),19.6,471.85,0.6438896189224704,0
0042-RLHYP,NO,FEMALE,0,YES,YES,69,YES,NO,NO,NO,NO,NO,NO,NO,NO,TWO YEAR,NO,BANK TRANSFER (AUTOMATIC),19.7,1396.9,0.6471747700394218,0
0048-LUMLS,NO,MALE,0,YES,YES,37,YES,NO,FIBER OPTIC,NO,NO,NO,NO,YES,YES,ONE YEAR,NO,CREDIT CARD (AUTOMATIC),91.2,3247.55,2.9960578186596583,0
0048-PIHNL,NO,FEMALE,0,YES,NO,49,YES,NO,NO,NO,NO,NO,NO,NO,NO,ONE YEAR,NO,BANK TRANSFER (AUTOMATIC),20.45,900.9,0.6718134034165572,0
0052-DCKON,NO,MALE,0,YES,NO,66,YES,YES,FIBER OPTIC,YES,YES,YES,YES,YES,YES,ONE YEAR,NO,BANK TRANSFER (AUTOMATIC),115.8,7942.15,3.8042049934296975,0
0052-YNYOT,NO,FEMALE,0,NO,NO,67,YES,NO,NO,NO,NO,NO,NO,NO,NO,ONE YEAR,NO,ELECTRONIC CHECK,20.55,1343.4,0.6750985545335085,0
0056-EPFBG,NO,MALE,0,YES,YES,20,NO,NO,DSL,YES,NO,YES,YES,NO,NO,TWO YEAR,YES,CREDIT CARD (AUTOMATIC),39.4,825.4,1.2943495400788436,0
0057-QBUQH,NO,FEMALE,0,NO,YES,43,YES,YES,NO,NO,NO,NO,NO,NO,NO,TWO YEAR,YES,ELECTRONIC CHECK,25.1,1070.15,0.8245729303547963,0
0058-EVZWM,NO,FEMALE,0,YES,NO,55,YES,YES,FIBER OPTIC,YES,NO,NO,NO,YES,NO,MONTH-TO-MONTH,YES,BANK TRANSFER (AUTOMATIC),89.8,4959.6,2.950065703022339,0
0060-FUALY,NO,FEMALE,0,YES,NO,59,YES,YES,FIBER OPTIC,YES,YES,NO,NO,YES,NO,MONTH-TO-MONTH,YES,ELECTRONIC CHECK,94.75,5597.65,3.112680683311432,0
0064-SUDOG,NO,FEMALE,0,YES,YES,12,YES,NO,NO,NO,NO,NO,NO,NO,NO,TWO YEAR,NO,BANK TRANSFER (AUTOMATIC),20.3,224.5,0.6668856767411301,0
0064-YIJGF,NO,MALE,0,YES,YES,27,YES,YES,FIBER OPTIC,NO,NO,NO,NO,NO,NO,MONTH-TO-MONTH,YES,BANK TRANSFER (AUTOMATIC),75.75,1929.0,2.48850197109067,0
0067-DKWBL,YES,MALE,1,NO,NO,2,YES,NO,DSL,YES,NO,NO,NO,NO,NO,MONTH-TO-MONTH,YES,ELECTRONIC CHECK,49.25,91.1,1.6179369250985545,1
0068-FIGTF,NO,FEMALE,0,NO,NO,27,YES,NO,DSL,NO,YES,YES,YES,YES,YES,ONE YEAR,NO,MAILED CHECK,78.2,2078.95,2.568988173455979,0
0071-NDAFP,NO,MALE,0,YES,YES,25,YES,YES,NO,NO,NO,NO,NO,NO,NO,TWO YEAR,NO,CREDIT CARD (AUTOMATIC),25.5,630.6,0.8377135348226018,0
0074-HDKDG,NO,MALE,0,YES,YES,25,YES,NO,DSL,YES,YES,YES,NO,NO,NO,ONE YEAR,YES,BANK TRANSFER (AUTOMATIC),61.6,1611.0,2.02365308804205,0
0076-LVEPS,NO,MALE,0,NO,YES,29,NO,NO,DSL,YES,YES,YES,YES,NO,NO,MONTH-TO-MONTH,YES,MAILED CHECK,45.0,1242.45,1.4783180026281209,0
0078-XZMHT,NO,MALE,0,YES,NO,72,YES,YES,DSL,NO,YES,YES,YES,YES,YES,TWO YEAR,YES,BANK TRANSFER (AUTOMATIC),85.15,6316.2,2.7973061760841,0
0080-EMYVY,NO,FEMALE,0,NO,NO,14,YES,NO,DSL,NO,YES,NO,NO,NO,NO,ONE YEAR,NO,CREDIT CARD (AUTOMATIC),51.45,727.85,1.6902102496714848,0
0080-OROZO,NO,FEMALE,0,NO,NO,35,YES,NO,FIBER OPTIC,NO,NO,YES,YES,YES,YES,ONE YEAR,YES,ELECTRONIC CHECK,99.25,3532.0,3.260512483574244,0
0082-LDZUE,NO,MALE,0,NO,NO,1,YES,NO,DSL,NO,NO,NO,NO,NO,NO,MONTH-TO-MONTH,YES,MAILED CHECK,44.3,44.3,1.455321944809461,0
0082-OQIQY,NO,MALE,0,NO,NO,29,YES,NO,FIBER OPTIC,NO,NO,NO,YES,YES,YES,MONTH-TO-MONTH,YES,ELECTRONIC CHECK,94.2,2607.6,3.0946123521681996,0
0083-PIVIK,NO,MALE,0,NO,NO,64,YES,YES,DSL,YES,YES,YES,YES,YES,NO,ONE YEAR,NO,ELECTRONIC CHECK,81.25,5567.55,2.669185282522996,0
0089-IIQKO,NO,FEMALE,0,YES,YES,39,YES,YES,FIBER OPTIC,NO,NO,NO,YES,YES,YES,MONTH-TO-MONTH,YES,CREDIT CARD (AUTOMATIC),99.95,3767.4,3.283508541392904,0
0093-EXYQL,NO,FEMALE,1,NO,NO,40,YES,NO,FIBER OPTIC,NO,NO,NO,NO,YES,YES,MONTH-TO-MONTH,YES,ELECTRONIC CHECK,91.55,3673.6,3.007555847568988,0
0093-XWZFY,YES,MALE,0,NO,NO,40,YES,YES,FIBER OPTIC,NO,YES,YES,NO,YES,YES,MONTH-TO-MONTH,YES,CREDIT CARD (AUTOMATIC),104.5,4036.85,3.4329829172141917,1
0094-OIFMO,YES,FEMALE,1,NO,NO,11,YES,NO,FIBER OPTIC,NO,YES,NO,NO,YES,YES,MONTH-TO-MONTH,YES,ELECTRONIC CHECK,95.0,1120.3,3.1208935611038107,1
0096-BXERS,NO,FEMALE,0,YES,NO,6,YES,YES,DSL,NO,NO,NO,NO,NO,NO,MONTH-TO-MONTH,NO,ELECTRONIC CHECK,50.35,314.55,1.6540735873850196,0
0096-FCPUF,NO,MALE,0,NO,NO,30,YES,YES,DSL,YES,NO,NO,NO,NO,YES,MONTH-TO-MONTH,YES,MAILED CHECK,64.5,1888.45,2.11892247043364,0
0098-BOWSO,NO,MALE,0,NO,NO,27,YES,NO,NO,NO,NO,NO,NO,NO,NO,MONTH-TO-MONTH,YES,ELECTRONIC CHECK,19.4,529.8,0.6373193166885676,0
0100-DUVFC,NO,MALE,1,YES,NO,70,YES,YES,FIBER OPTIC,NO,YES,YES,NO,YES,YES,ONE YEAR,YES,ELECTRONIC CHECK,104.8,7308.95,3.442838370565046,0
0103-CSITQ,NO,FEMALE,0,YES,NO,57,YES,YES,FIBER OPTIC,NO,YES,YES,YES,YES,YES,ONE YEAR,YES,BANK TRANSFER (AUTOMATIC),109.4,6252.7,3.5939553219448097,0
0104-PPXDV,NO,MALE,0,YES,NO,58,YES,NO,DSL,NO,NO,YES,NO,NO,NO,ONE YEAR,NO,CREDIT CARD (AUTOMATIC),50.3,2878.55,1.652431011826544,0
0106-GHRQR,NO,MALE,0,NO,NO,16,YES,YES,DSL,NO,YES,YES,NO,NO,YES,MONTH-TO-MONTH,YES,BANK TRANSFER (AUTOMATIC),71.4,1212.1,2.345597897503285,0
0106-UGRDO,NO,FEMALE,0,YES,NO,69,YES,YES,FIBER OPTIC,YES,YES,YES,YES,YES,YES,TWO YEAR,YES,ELECTRONIC CHECK,116.0,8182.85,3.8107752956636003,0
0107-WESLM,YES,MALE,0,NO,NO,1,YES,NO,NO,NO,NO,NO,NO,NO,NO,MONTH-TO-MONTH,YES,ELECTRONIC CHECK,19.85,19.85,0.6521024967148489,1
0107-YHINA,YES,MALE,0,NO,YES,1,YES,YES,FIBER OPTIC,NO,NO,YES,NO,YES,YES,MONTH-TO-MONTH,YES,ELECTRONIC CHECK,99.75,99.75,3.2769382391590014,1
0111-KLBQG,NO,MALE,1,YES,YES,32,YES,NO,FIBER OPTIC,NO,YES,NO,NO,YES,YES,MONTH-TO-MONTH,YES,MAILED CHECK,93.95,2861.45,3.0863994743758214,0
0112-QAWRZ,NO,MALE,0,YES,YES,16,YES,YES,FIBER OPTIC,NO,NO,YES,NO,YES,NO,MONTH-TO-MONTH,YES,BANK TRANSFER (AUTOMATIC),90.8,1442.2,2.9829172141918527,0
0112-QWPNC,YES,MALE,0,YES,NO,49,YES,YES,DSL,YES,NO,YES,YES,YES,YES,ONE YEAR,NO,ELECTRONIC CHECK,84.35,4059.35,2.7710249671484886,1
0114-IGABW,NO,FEMALE,0,YES,NO,71,NO,NO,DSL,NO,YES,YES,YES,YES,YES,TWO YEAR,NO,BANK TRANSFER (AUTOMATIC),58.25,4145.9,1.9136005256241786,0
0114-PEGZZ,NO,FEMALE,0,NO,NO,33,YES,YES,FIBER OPTIC,NO,YES,YES,NO,YES,YES,MONTH-TO-MONTH,NO,ELECTRONIC CHECK,107.55,3645.5,3.5331800262812085,0
0114-RSRRW,NO,FEMALE,0,YES,NO,10,YES,NO,NO,NO,NO,NO,NO,NO,NO,MONTH-TO-MONTH,YES,BANK TRANSFER (AUTOMATIC),19.95,187.75,0.6553876478318003,0
0115-TFERT,YES,MALE,0,YES,NO,21,YES,YES,FIBER OPTIC,NO,YES,YES,YES,YES,YES,MONTH-TO-MONTH,YES,ELECTRONIC CHECK,111.2,2317.1,3.653088042049934,1
0117-LFRMW,YES,MALE,0,YES,YES,37,NO,NO,DSL,YES,YES,YES,NO,NO,NO,MONTH-TO-MONTH,NO,BANK TRANSFER (AUTOMATIC),40.2,1448.8,1.3206307490144547,1
0118-JPNOY,NO,FEMALE,1,NO,NO,26,YES,NO,FIBER OPTIC,YES,NO,NO,NO,YES,NO,MONTH-TO-MONTH,YES,CREDIT CARD (AUTOMATIC),85.8,2193.65,2.818659658344284,0
0121-SNYRK,NO,MALE,0,NO,NO,50,NO,NO,DSL,YES,NO,NO,YES,NO,NO,ONE YEAR,YES,MAILED CHECK,35.4,1748.9,1.1629434954007885,0
0122-OAHPZ,YES,FEMALE,0,NO,NO,7,YES,YES,FIBER OPTIC,NO,NO,NO,NO,NO,NO,MONTH-TO-MONTH,YES,ELECTRONIC CHECK,73.85,511.25,2.4260840998685937,1
0123-CRBRT,NO,FEMALE,0,YES,YES,61,YES,YES,DSL,YES,YES,YES,YES,YES,YES,TWO YEAR,NO,MAILED CHECK,88.1,5526.75,2.894218134034165,0
0125-LZQXK,YES,MALE,0,NO,NO,15,YES,NO,FIBER OPTIC,NO,NO,YES,YES,YES,YES,MONTH-TO-MONTH,YES,ELECTRONIC CHECK,101.35,1553.95,3.329500657030223,1
0128-MKWSG,NO,FEMALE,0,NO,YES,26,NO,NO,DSL,YES,NO,NO,YES,NO,YES,MONTH-TO-MONTH,NO,MAILED CHECK,45.8,1147.0,1.5045992115637317,0
0129-KPTWJ,NO,MALE,0,YES,NO,72,YES,NO,FIBER OPTIC,NO,NO,YES,NO,YES,YES,MONTH-TO-MONTH,YES,ELECTRONIC CHECK,94.65,6747.35,3.109395532194481,0
0129-QMPDR,NO,MALE,0,YES,YES,44,YES,NO,NO,NO,NO,NO,NO,NO,NO,ONE YEAR,YES,BANK TRANSFER (AUTOMATIC),20.5,865.05,0.6734559789750328,0
0130-SXOUN,NO,MALE,0,NO,NO,66,YES,YES,FIBER OPTIC,NO,YES,NO,NO,NO,YES,MONTH-TO-MONTH,NO,CREDIT CARD (AUTOMATIC),89.4,5976.9,2.9369250985545334,0
0133-BMFZO,YES,FEMALE,0,NO,NO,2,YES,NO,FIBER OPTIC,YES,YES,NO,YES,NO,NO,MONTH-TO-MONTH,YES,ELECTRONIC CHECK,86.25,181.65,2.8334428383705648,1
0134-XWXCE,NO,FEMALE,1,NO,NO,44,YES,NO,DSL,NO,NO,YES,YES,YES,YES,ONE YEAR,NO,BANK TRANSFER (AUTOMATIC),74.85,3268.05,2.4589356110381075,0
0135-NMXAP,YES,FEMALE,0,NO,NO,12,YES,YES,FIBER OPTIC,NO,YES,NO,NO,YES,NO,MONTH-TO-MONTH,YES,BANK TRANSFER (AUTOMATIC),89.75,1052.4,2.948423127463863,1
0136-IFMYD,NO,MALE,1,YES,NO,69,YES,YES,FIBER OPTIC,NO,YES,YES,YES,YES,YES,TWO YEAR,YES,ELECTRONIC CHECK,109.95,7634.25,3.612023653088042,0
0137-OCGAB,YES,FEMALE,0,NO,NO,1,YES,YES,FIBER OPTIC,NO,YES,NO,NO,NO,NO,MONTH-TO-MONTH,YES,MAILED CHECK,80.2,80.2,2.6346911957950065,1
0137-UDEUO,YES,FEMALE,0,NO,NO,3,YES,NO,NO,NO,NO,NO,NO,NO,NO,MONTH-TO-MONTH,NO,MAILED CHECK,19.85,63.75,0.6521024967148489,1
0139-IVFJG,NO,FEMALE,0,YES,NO,2,YES,NO,FIBER OPTIC,YES,YES,NO,NO,YES,NO,MONTH-TO-MONTH,NO,ELECTRONIC CHECK,90.35,190.5,2.9681340341655713,0
0141-YEAYS,NO,FEMALE,1,NO,NO,27,YES,YES,FIBER OPTIC,NO,YES,YES,NO,NO,NO,MONTH-TO-MONTH,YES,BANK TRANSFER (AUTOMATIC),86.45,2401.05,2.840013140604468,0
0142-GVYSN,NO,MALE,0,NO,NO,26,YES,NO,NO,NO,NO,NO,NO,NO,NO,MONTH-TO-MONTH,YES,ELECTRONIC CHECK,20.3,511.25,0.6668856767411301,0
0147-ESWWR,NO,FEMALE,1,YES,NO,39,YES,YES,FIBER OPTIC,NO,NO,NO,YES,YES,YES,MONTH-TO-MONTH,YES,ELECTRONIC CHECK,101.25,3949.15,3.326215505913272,0
0148-DCDOS,YES,MALE,0,NO,NO,25,YES,YES,FIBER OPTIC,NO,NO,NO,NO,YES,YES,MONTH-TO-MONTH,YES,BANK TRANSFER (AUTOMATIC),94.7,2362.1,3.1110381077529565,1
0151-ONTOV,YES,FEMALE,0,NO,NO,1,YES,NO,FIBER OPTIC,NO,NO,NO,NO,NO,NO,MONTH-TO-MONTH,NO,MAILED CHECK,70.9,70.9,2.3291721419185283,1
0156-FVPTA,YES,MALE,0,YES,NO,22,YES,NO,DSL,YES,NO,NO,YES,NO,NO,MONTH-TO-MONTH,YES,ELECTRONIC CHECK,54.2,1152.7,1.780551905387648,1
0164-APGRB,NO,FEMALE,0,NO,NO,72,YES,YES,FIBER OPTIC,YES,YES,YES,YES,YES,YES,TWO YEAR,YES,ELECTRONIC CHECK,114.9,8496.7,3.7746386333771356,0
0164-XAIRP,NO,FEMALE,0,NO,NO,24,YES,NO,NO,NO,NO,NO,NO,NO,NO,TWO YEAR,YES,BANK TRANSFER (AUTOMATIC),19.55,470.2,0.6422470433639947,0
0168-XZKBB,NO,FEMALE,0,YES,NO,19,YES,YES,FIBER OPTIC,NO,NO,NO,NO,YES,NO,MONTH-TO-MONTH,YES,ELECTRONIC CHECK,86.85,1564.4,2.853153745072273,0
0174-QRVVY,NO,MALE,0,YES,YES,71,YES,YES,NO,NO,NO,NO,NO,NO,NO,TWO YEAR,NO,CREDIT CARD (AUTOMATIC),25.35,1847.55,0.8327858081471747,0
0177-PXBAT,NO,MALE,1,YES,NO,33,YES,YES,FIBER OPTIC,YES,NO,YES,YES,YES,YES,MONTH-TO-MONTH,YES,BANK TRANSFER (AUTOMATIC),109.9,3694.7,3.6103810775295666,0
0178-CIIKR,NO,FEMALE,0,NO,NO,3,YES,NO,NO,NO,NO,NO,NO,NO,NO,MONTH-TO-MONTH,NO,MAILED CHECK,19.95,58.0,0.6553876478318003,0
0178-SZBHO,NO,MALE,0,YES,YES,47,YES,YES,FIBER OPTIC,NO,YES,NO,NO,YES,NO,MONTH-TO-MONTH,NO,ELECTRONIC CHECK,87.2,4017.45,2.864651773981603,0
0181-RITDD,NO,MALE,0,YES,YES,62,YES,NO,FIBER OPTIC,YES,YES,YES,YES,YES,YES,TWO YEAR,NO,MAILED CHECK,108.15,6825.65,3.5528909329829172,0
0186-CAERR,NO,MALE,0,NO,NO,71,YES,YES,FIBER OPTIC,YES,YES,YES,YES,YES,YES,ONE YEAR,YES,BANK TRANSFER (AUTOMATIC),116.3,8309.55,3.8206307490144544,0
0187-QSXOE,NO,MALE,1,YES,NO,7,YES,NO,FIBER OPTIC,NO,NO,NO,NO,YES,YES,MONTH-TO-MONTH,YES,ELECTRONIC CHECK,89.0,605.45,2.923784494086728,0
0187-WZNAB,NO,FEMALE,0,YES,YES,27,YES,NO,FIBER OPTIC,YES,NO,NO,NO,NO,NO,MONTH-TO-MONTH,NO,MAILED CHECK,74.4,1972.35,2.4441524310118266,0
0188-GWFLE,NO,MALE,0,NO,NO,2,YES,NO,NO,NO,NO,NO,NO,NO,NO,MONTH-TO-MONTH,NO,MAILED CHECK,20.05,33.7,0.6586727989487516,0
0191-EQUUH,NO,FEMALE,0,NO,YES,25,NO,NO,DSL,YES,NO,NO,YES,NO,NO,TWO YEAR,NO,BANK TRANSFER (AUTOMATIC),35.05,844.45,1.1514454664914584,0
0191-ZHSKZ,NO,MALE,1,NO,NO,30,YES,NO,DSL,YES,YES,NO,NO,YES,YES,MONTH-TO-MONTH,YES,ELECTRONIC CHECK,74.75,2111.3,2.455650459921156,0
0193-ESZXP,YES,FEMALE,1,YES,NO,58,YES,NO,FIBER OPTIC,YES,YES,NO,YES,YES,YES,ONE YEAR,YES,CREDIT CARD (AUTOMATIC),105.5,6205.5,3.4658344283837055,1
0195-IESCP,YES,MALE,0,YES,NO,10,YES,YES,FIBER OPTIC,NO,NO,NO,NO,NO,YES,MONTH-TO-MONTH,YES,ELECTRONIC CHECK,85.25,855.3,2.800591327201051,1
0196-JTUQI,NO,FEMALE,0,NO,NO,9,YES,YES,FIBER OPTIC,NO,NO,NO,NO,NO,NO,MONTH-TO-MONTH,YES,CREDIT CARD (AUTOMATIC),75.2,633.85,2.4704336399474376,0
0196-VULGZ,YES,FEMALE,1,YES,NO,6,YES,YES,FIBER OPTIC,NO,NO,NO,NO,NO,YES,MONTH-TO-MONTH,YES,ELECTRONIC CHECK,84.35,474.9,2.7710249671484886,1
0197-PNKNK,NO,FEMALE,0,YES,YES,69,YES,YES,FIBER OPTIC,YES,NO,YES,NO,NO,NO,ONE YEAR,NO,BANK TRANSFER (AUTOMATIC),84.45,5848.6,2.7743101182654404,0
0201-MIBOL,NO,FEMALE,1,NO,NO,66,YES,YES,FIBER OPTIC,YES,NO,NO,NO,YES,YES,TWO YEAR,YES,BANK TRANSFER (AUTOMATIC),102.4,6471.85,3.3639947437582127,0
0201-OAMXR,YES,FEMALE,0,NO,NO,70,YES,YES,FIBER OPTIC,YES,YES,YES,YES,YES,YES,ONE YEAR,NO,CREDIT CARD (AUTOMATIC),115.55,8127.6,3.795992115637319,1
0203-HHYIJ,YES,MALE,0,NO,NO,25,YES,YES,NO,NO,NO,NO,NO,NO,NO,ONE YEAR,NO,BANK TRANSFER (AUTOMATIC),25.3,676.35,0.831143232588699,1
0206-OYVOC,NO,FEMALE,0,YES,YES,46,YES,NO,NO,NO,NO,NO,NO,NO,NO,TWO YEAR,YES,MAILED CHECK,19.25,864.2,0.6323915900131406,0
0206-TBWLC,NO,FEMALE,0,YES,NO,54,YES,YES,FIBER OPTIC,YES,YES,YES,YES,YES,YES,ONE YEAR,YES,MAILED CHECK,114.65,6049.5,3.766425755584757,0
0207-MDKNV,YES,FEMALE,0,NO,NO,15,YES,NO,FIBER OPTIC,YES,NO,YES,YES,YES,YES,MONTH-TO-MONTH,NO,ELECTRONIC CHECK,105.1,1582.75,3.4526938239159,1
0208-BPQEJ,NO,FEMALE,0,YES,YES,12,YES,NO,NO,NO,NO,NO,NO,NO,NO,MONTH-TO-MONTH,NO,BANK TRANSFER (AUTOMATIC),19.4,198.1,0.6373193166885676,0
0212-ISBBF,NO,FEMALE,0,NO,NO,22,NO,NO,DSL,NO,YES,NO,NO,YES,YES,MONTH-TO-MONTH,YES,ELECTRONIC CHECK,50.35,1098.85,1.6540735873850196,0
0214-JHPFW,NO,FEMALE,0,YES,NO,70,NO,NO,DSL,NO,YES,YES,YES,YES,YES,TWO YEAR,NO,BANK TRANSFER (AUTOMATIC),57.8,4039.3,1.8988173455978974,0
0215-BQKGS,NO,MALE,0,NO,NO,30,YES,NO,FIBER OPTIC,YES,YES,YES,NO,NO,NO,MONTH-TO-MONTH,YES,CREDIT CARD (AUTOMATIC),84.3,2438.6,2.769382391590013,0
0218-QNVAS,NO,MALE,0,YES,YES,71,YES,YES,FIBER OPTIC,NO,YES,NO,NO,YES,YES,ONE YEAR,NO,BANK TRANSFER (AUTOMATIC),100.55,7113.75,3.303219448094612,0
0219-QAERP,NO,MALE,0,YES,NO,30,YES,NO,NO,NO,NO,NO,NO,NO,NO,ONE YEAR,NO,CREDIT CARD (AUTOMATIC),19.8,576.65,0.6504599211563732,0
0219-YTZUE,YES,MALE,0,YES,YES,4,YES,YES,FIBER OPTIC,NO,YES,YES,NO,NO,NO,MONTH-TO-MONTH,YES,BANK TRANSFER (AUTOMATIC),84.8,371.9,2.78580814717477,1
0220-EBGCE,YES,MALE,0,NO,NO,2,YES,NO,FIBER OPTIC,NO,NO,YES,NO,NO,YES,MONTH-TO-MONTH,YES,ELECTRONIC CHECK,85.85,167.3,2.8203022339027592,1
0221-NAUXK,NO,MALE,0,NO,YES,10,YES,NO,NO,NO,NO,NO,NO,NO,NO,ONE YEAR,YES,BANK TRANSFER (AUTOMATIC),19.95,219.5,0.6553876478318003,0
0221-WMXNQ,NO,MALE,1,NO,NO,4,YES,NO,FIBER OPTIC,YES,NO,NO,NO,NO,NO,MONTH-TO-MONTH,NO,ELECTRONIC CHECK,75.35,273.4,2.4753613666228644,0
0222-CNVPT,NO,MALE,1,NO,NO,52,NO,NO,DSL,YES,NO,NO,NO,YES,YES,MONTH-TO-MONTH,YES,CREDIT CARD (AUTOMATIC),48.8,2555.05,1.6031537450722733,0
0224-HJAPT,YES,MALE,0,NO,NO,5,YES,YES,DSL,NO,NO,NO,NO,NO,NO,MONTH-TO-MONTH,NO,ELECTRONIC CHECK,47.15,223.15,1.5489487516425755,1
0224-NIJLP,NO,MALE,0,YES,YES,8,YES,NO,NO,NO,NO,NO,NO,NO,NO,TWO YEAR,NO,MAILED CHECK,20.15,165.5,0.6619579500657029,0
0224-RLWWD,NO,FEMALE,1,NO,NO,2,YES,NO,DSL,NO,NO,NO,NO,NO,NO,MONTH-TO-MONTH,YES,ELECTRONIC CHECK,44.3,89.3,1.455321944809461,0
0225-ZORZP,NO,MALE,0,NO,NO,3,YES,NO,FIBER OPTIC,NO,YES,NO,NO,NO,YES,MONTH-TO-MONTH,NO,ELECTRONIC CHECK,84.3,235.05,2.769382391590013,0
0228-MAUWC,NO,MALE,0,NO,NO,19,YES,YES,DSL,NO,NO,YES,YES,NO,NO,MONTH-TO-MONTH,NO,ELECTRONIC CHECK,59.55,1144.6,1.9563074901445465,0
0229-LFJAF,NO,MALE,0,NO,NO,72,YES,YES,DSL,YES,YES,YES,YES,NO,NO,TWO YEAR,NO,BANK TRANSFER (AUTOMATIC),69.65,4908.25,2.2881077529566363,0
0230-UBYPQ,NO,MALE,1,YES,NO,63,NO,NO,DSL,YES,NO,NO,YES,NO,NO,ONE YEAR,NO,BANK TRANSFER (AUTOMATIC),36.1,2298.9,1.185939553219448,0
0230-WEQUW,NO,MALE,0,YES,NO,66,NO,NO,DSL,YES,YES,YES,YES,YES,NO,TWO YEAR,YES,BANK TRANSFER (AUTOMATIC),56.6,3789.2,1.8593955321944808,0
0231-LXVAP,YES,MALE,0,NO,NO,1,YES,NO,FIBER OPTIC,NO,NO,NO,YES,NO,NO,MONTH-TO-MONTH,YES,ELECTRONIC CHECK,75.9,75.9,2.4934296977660972,1
0233-FTHAV,NO,FEMALE,0,NO,NO,60,YES,YES,FIBER OPTIC,NO,NO,YES,NO,NO,NO,ONE YEAR,YES,BANK TRANSFER (AUTOMATIC),79.2,4765.0,2.6018396846254928,0
0234-TEVTT,NO,FEMALE,0,YES,YES,48,NO,NO,DSL,YES,NO,YES,NO,NO,YES,ONE YEAR,NO,CREDIT CARD (AUTOMATIC),45.0,2196.3,1.4783180026281209,0
0235-KGSLC,YES,FEMALE,0,NO,NO,1,YES,NO,FIBER OPTIC,NO,NO,YES,NO,YES,NO,MONTH-TO-MONTH,YES,CREDIT CARD (AUTOMATIC),85.55,85.55,2.810446780551905,1
0236-HFWSV,YES,MALE,0,NO,NO,15,YES,YES,FIBER OPTIC,NO,NO,NO,NO,YES,YES,MONTH-TO-MONTH,YES,ELECTRONIC CHECK,93.35,1444.65,3.0666885676741127,1
0237-YFUTL,NO,FEMALE,0,YES,NO,50,YES,YES,FIBER OPTIC,YES,YES,NO,YES,YES,YES,MONTH-TO-MONTH,YES,BANK TRANSFER (AUTOMATIC),109.65,5405.8,3.602168199737188,0
0238-WHBIQ,NO,MALE,0,YES,YES,72,YES,YES,DSL,YES,YES,YES,YES,YES,YES,TWO YEAR,NO,CREDIT CARD (AUTOMATIC),89.7,6339.3,2.9467805519053876,0
0239-OXEXL,NO,FEMALE,0,NO,NO,46,YES,YES,FIBER OPTIC,YES,YES,NO,NO,NO,NO,MONTH-TO-MONTH,NO,MAILED CHECK,84.25,3847.6,2.767739816031537,0
0244-LGNFY,NO,FEMALE,0,YES,YES,72,YES,YES,DSL,YES,YES,YES,YES,YES,YES,TWO YEAR,NO,BANK TRANSFER (AUTOMATIC),92.65,6733.0,3.0436925098554535,0
0247-SLUJI,NO,MALE,0,YES,YES,1,YES,NO,NO,NO,NO,NO,NO,NO,NO,MONTH-TO-MONTH,NO,MAILED CHECK,19.7,19.7,0.6471747700394218,0
0248-IPDFW,NO,FEMALE,0,NO,NO,1,YES,YES,DSL,NO,NO,NO,NO,NO,NO,MONTH-TO-MONTH,YES,ELECTRONIC CHECK,50.1,50.1,1.6458607095926412,0
0248-PGHBZ,NO,FEMALE,1,NO,NO,67,YES,NO,FIBER OPTIC,YES,YES,NO,YES,YES,NO,TWO YEAR,YES,BANK TRANSFER (AUTOMATIC),92.45,6140.85,3.0371222076215507,0
0253-ZTEOB,NO,FEMALE,0,YES,YES,48,YES,YES,DSL,NO,YES,NO,YES,YES,YES,TWO YEAR,NO,ELECTRONIC CHECK,79.65,3870.3,2.616622864651774,0
0254-FNMCI,NO,FEMALE,0,NO,NO,72,YES,NO,FIBER OPTIC,YES,YES,YES,YES,YES,YES,TWO YEAR,YES,ELECTRONIC CHECK,109.9,7624.2,3.6103810775295666,0
0254-KCJGT,NO,MALE,0,YES,NO,52,YES,YES,DSL,YES,YES,YES,YES,NO,YES,ONE YEAR,YES,CREDIT CARD (AUTOMATIC),81.4,4354.45,2.674113009198423,0
0254-WWRKD,NO,FEMALE,0,YES,YES,67,YES,NO,DSL,NO,YES,NO,NO,NO,NO,ONE YEAR,NO,CREDIT CARD (AUTOMATIC),50.55,3431.75,1.6606438896189224,0
0256-LTHVJ,YES,FEMALE,0,YES,YES,28,YES,NO,FIBER OPTIC,NO,NO,NO,NO,NO,YES,MONTH-TO-MONTH,YES,ELECTRONIC CHECK,81.05,2227.1,2.662614980289093,1
0257-KXZGU,NO,FEMALE,0,YES,YES,32,YES,YES,DSL,NO,YES,YES,NO,NO,NO,MONTH-TO-MONTH,NO,BANK TRANSFER (AUTOMATIC),62.45,2045.55,2.0515768725361365,0
0257-ZESQC,YES,FEMALE,1,YES,NO,27,YES,NO,FIBER OPTIC,YES,NO,NO,NO,NO,NO,MONTH-TO-MONTH,YES,BANK TRANSFER (AUTOMATIC),75.2,1929.35,2.4704336399474376,1
0258-NOKBL,NO,MALE,0,NO,NO,3,YES,NO,FIBER OPTIC,NO,YES,YES,NO,NO,YES,MONTH-TO-MONTH,NO,ELECTRONIC CHECK,90.4,268.45,2.9697766097240472,0
0259-GBZSH,YES,MALE,0,NO,NO,2,YES,YES,FIBER OPTIC,NO,NO,NO,NO,YES,NO,MONTH-TO-MONTH,YES,ELECTRONIC CHECK,85.65,181.5,2.813731931668857,1
0260-ZDLGK,YES,FEMALE,0,NO,YES,9,YES,NO,DSL,NO,NO,YES,YES,YES,YES,MONTH-TO-MONTH,YES,MAILED CHECK,72.9,651.4,2.394875164257556,1
0263-FJTQO,NO,MALE,0,YES,YES,50,YES,YES,DSL,YES,NO,NO,YES,YES,NO,TWO YEAR,YES,CREDIT CARD (AUTOMATIC),70.5,3486.65,2.3160315374507228,0
0264-CNITK,NO,FEMALE,0,YES,YES,71,YES,NO,NO,NO,NO,NO,NO,NO,NO,TWO YEAR,NO,BANK TRANSFER (AUTOMATIC),20.1,1389.6,0.6603153745072273,0
0265-EDXBD,YES,MALE,1,YES,NO,32,YES,YES,FIBER OPTIC,NO,NO,NO,NO,NO,NO,MONTH-TO-MONTH,YES,ELECTRONIC CHECK,74.9,2303.35,2.4605781865965834,1
0265-PSUAE,NO,FEMALE,0,YES,YES,16,YES,NO,FIBER OPTIC,YES,NO,YES,NO,YES,YES,MONTH-TO-MONTH,NO,BANK TRANSFER (AUTOMATIC),100.7,1522.7,3.3081471747700393,0
0266-CLZKZ,NO,FEMALE,0,YES,YES,67,YES,YES,FIBER OPTIC,NO,NO,YES,YES,YES,YES,TWO YEAR,YES,BANK TRANSFER (AUTOMATIC),105.65,6717.9,3.4707621550591328,0
0266-GMEAO,NO,MALE,0,YES,YES,72,YES,YES,FIBER OPTIC,YES,YES,YES,YES,YES,YES,TWO YEAR,YES,CREDIT CARD (AUTOMATIC),114.3,8058.55,3.754927726675427,0
0268-QKIWO,YES,FEMALE,0,NO,NO,3,YES,NO,NO,NO,NO,NO,NO,NO,NO,MONTH-TO-MONTH,NO,ELECTRONIC CHECK,19.75,58.85,0.6488173455978975,1
0269-XFESX,NO,MALE,0,YES,YES,23,YES,YES,NO,NO,NO,NO,NO,NO,NO,ONE YEAR,NO,MAILED CHECK,24.35,538.5,0.7999342969776609,0
0270-THENM,NO,MALE,0,YES,YES,72,YES,YES,DSL,YES,YES,YES,YES,NO,NO,TWO YEAR,NO,BANK TRANSFER (AUTOMATIC),69.85,5102.35,2.2946780551905386,0
0274-JKUJR,NO,MALE,0,YES,YES,7,NO,NO,DSL,YES,YES,YES,NO,YES,YES,MONTH-TO-MONTH,NO,MAILED CHECK,58.85,465.7,1.9333114323258869,0
0277-BKSQP,NO,MALE,0,YES,YES,8,YES,NO,DSL,NO,NO,NO,NO,YES,NO,MONTH-TO-MONTH,YES,ELECTRONIC CHECK,54.4,475.1,1.7871222076215505,0
0277-ORXQS,NO,MALE,0,YES,YES,66,NO,NO,DSL,NO,NO,NO,YES,YES,YES,TWO YEAR,NO,BANK TRANSFER (AUTOMATIC),50.55,3364.55,1.6606438896189224,0
0278-YXOOG,YES,MALE,0,NO,NO,5,YES,NO,NO,NO,NO,NO,NO,NO,NO,MONTH-TO-MONTH,NO,MAILED CHECK,21.05,113.85,0.6915243101182654,1
0280-XJGEX,YES,MALE,0,NO,NO,49,YES,YES,FIBER OPTIC,NO,YES,YES,NO,YES,YES,MONTH-TO-MONTH,YES,BANK TRANSFER (AUTOMATIC),103.7,5036.3,3.4067017082785807,1
0281-CNTZX,NO,MALE,0,YES,NO,63,YES,NO,NO,NO,NO,NO,NO,NO,NO,TWO YEAR,YES,BANK TRANSFER (AUTOMATIC),19.95,1234.8,0.6553876478318003,0
0282-NVSJS,NO,FEMALE,1,YES,YES,12,NO,NO,DSL,NO,NO,NO,YES,NO,NO,MONTH-TO-MONTH,YES,MAILED CHECK,29.3,355.9,0.9625492772667542,0
0285-INHLN,NO,MALE,0,YES,YES,27,YES,NO,DSL,YES,YES,NO,NO,NO,NO,MONTH-TO-MONTH,YES,CREDIT CARD (AUTOMATIC),54.75,1510.3,1.7986202365308803,0
0289-IVARM,NO,FEMALE,0,NO,NO,35,YES,NO,DSL,YES,YES,YES,NO,NO,NO,MONTH-TO-MONTH,NO,ELECTRONIC CHECK,60.55,1982.6,1.9891590013140603,0
0292-WEGCH,NO,FEMALE,0,YES,YES,54,YES,YES,DSL,NO,YES,YES,YES,YES,YES,MONTH-TO-MONTH,YES,ELECTRONIC CHECK,86.2,4524.05,2.8318002628120893,0
0295-PPHDO,YES,MALE,0,NO,NO,1,YES,YES,FIBER OPTIC,NO,NO,NO,NO,YES,YES,MONTH-TO-MONTH,YES,ELECTRONIC CHECK,95.45,95.45,3.135676741130092,1
0295-QVKPB,NO,MALE,0,NO,NO,5,YES,NO,DSL,NO,NO,YES,YES,YES,NO,MONTH-TO-MONTH,YES,CREDIT CARD (AUTOMATIC),63.95,318.1,2.100854139290407,0
0297-RBCSG,NO,MALE,0,NO,NO,19,YES,NO,DSL,NO,YES,NO,YES,NO,YES,ONE YEAR,YES,BANK TRANSFER (AUTOMATIC),65.35,1231.85,2.1468462549277265,0
0298-XACET,NO,MALE,0,YES,YES,52,NO,NO,DSL,NO,YES,YES,YES,YES,NO,TWO YEAR,NO,MAILED CHECK,50.2,2554.0,1.6491458607095926,0
0301-FIDRB,NO,FEMALE,0,YES,YES,72,NO,NO,DSL,YES,YES,YES,YES,YES,YES,TWO YEAR,YES,BANK TRANSFER (AUTOMATIC),63.8,4684.3,2.09592641261498,0
0301-KOBTQ,NO,MALE,0,NO,NO,32,YES,NO,NO,NO,NO,NO,NO,NO,NO,TWO YEAR,YES,BANK TRANSFER (AUTOMATIC),20.05,614.45,0.6586727989487516,0
0302-JOIVN,YES,FEMALE,0,YES,NO,8,YES,NO,FIBER OPTIC,NO,YES,YES,NO,YES,YES,MONTH-TO-MONTH,NO,ELECTRONIC CHECK,101.15,842.9,3.3229303547963207,1
0303-UNCIP,NO,MALE,0,NO,NO,41,YES,YES,DSL,NO,NO,YES,NO,NO,YES,ONE YEAR,NO,MAILED CHECK,65.0,2531.8,2.135348226018397,0
0303-WMMRN,NO,MALE,0,NO,NO,5,YES,NO,NO,NO,NO,NO,NO,NO,NO,MONTH-TO-MONTH,YES,MAILED CHECK,19.25,86.05,0.6323915900131406,0
0305-SQECB,NO,FEMALE,0,NO,YES,11,NO,NO,DSL,YES,NO,NO,YES,NO,NO,ONE YEAR,YES,MAILED CHECK,36.05,402.6,1.1842969776609722,0
0306-JAELE,YES,MALE,0,NO,NO,5,YES,NO,FIBER OPTIC,NO,NO,NO,YES,YES,YES,MONTH-TO-MONTH,YES,ELECTRONIC CHECK,96.1,453.4,3.157030223390276,1
0307-BCOPK,NO,FEMALE,0,NO,NO,16,YES,NO,NO,NO,NO,NO,NO,NO,NO,ONE YEAR,NO,MAILED CHECK,19.05,326.65,0.6258212877792378,0
0308-GIQJT,NO,MALE,1,NO,NO,71,YES,YES,FIBER OPTIC,NO,YES,NO,YES,YES,YES,ONE YEAR,NO,BANK TRANSFER (AUTOMATIC),105.75,7382.85,3.474047306176084,0
0308-IVGOK,NO,FEMALE,0,NO,NO,11,NO,NO,DSL,NO,YES,YES,YES,NO,NO,ONE YEAR,YES,CREDIT CARD (AUTOMATIC),40.4,422.6,1.3272010512483574,0
0310-MVLET,YES,FEMALE,0,YES,YES,61,YES,YES,FIBER OPTIC,NO,YES,NO,NO,YES,YES,MONTH-TO-MONTH,YES,ELECTRONIC CHECK,99.15,6010.05,3.257227332457293,1
0310-SUCIN,NO,FEMALE,0,YES,NO,71,YES,NO,DSL,YES,YES,YES,YES,YES,YES,ONE YEAR,YES,BANK TRANSFER (AUTOMATIC),84.8,6046.1,2.78580814717477,0
0310-VQXAM,NO,MALE,0,NO,NO,9,YES,NO,NO,NO,NO,NO,NO,NO,NO,MONTH-TO-MONTH,NO,MAILED CHECK,19.85,178.8,0.6521024967148489,0
0311-QYWSS,NO,FEMALE,0,NO,NO,6,YES,NO,DSL,YES,NO,NO,NO,NO,NO,MONTH-TO-MONTH,YES,ELECTRONIC CHECK,49.45,314.6,1.6245072273324572,0
0311-UNPFF,YES,FEMALE,0,NO,NO,26,YES,NO,FIBER OPTIC,NO,NO,NO,NO,YES,YES,MONTH-TO-MONTH,YES,BANK TRANSFER (AUTOMATIC),88.8,2274.35,2.917214191852825,1
0314-TKOSI,NO,FEMALE,0,NO,NO,6,YES,NO,DSL,YES,YES,NO,NO,NO,NO,MONTH-TO-MONTH,NO,MAILED CHECK,55.15,322.9,1.8117608409986858,0
0315-LVCRK,NO,MALE,0,NO,NO,11,YES,NO,FIBER OPTIC,NO,NO,YES,NO,NO,YES,MONTH-TO-MONTH,NO,ELECTRONIC CHECK,84.8,888.75,2.78580814717477,0
0318-QUUOB,YES,MALE,0,YES,NO,1,YES,NO,FIBER OPTIC,NO,NO,NO,NO,YES,NO,MONTH-TO-MONTH,YES,ELECTRONIC CHECK,80.55,80.55,2.646189224704336,1
0318-ZOPWS,NO,FEMALE,0,YES,NO,49,YES,NO,NO,NO,NO,NO,NO,NO,NO,TWO YEAR,YES,BANK TRANSFER (AUTOMATIC),20.15,973.35,0.6619579500657029,0
0319-QZTCO,NO,FEMALE,0,YES,YES,3,YES,NO,DSL,NO,YES,NO,NO,YES,NO,MONTH-TO-MONTH,YES,CREDIT CARD (AUTOMATIC),58.7,168.6,1.92838370565046,0
0320-DWVTU,NO,FEMALE,0,NO,NO,53,YES,NO,FIBER OPTIC,YES,YES,YES,YES,NO,YES,TWO YEAR,NO,MAILED CHECK,99.5,5424.25,3.2687253613666227,0
0320-JDNQG,YES,MALE,0,YES,YES,23,YES,NO,FIBER OPTIC,YES,NO,NO,YES,YES,YES,MONTH-TO-MONTH,YES,ELECTRONIC CHECK,99.85,2331.3,3.2802233902759523,1
0322-CHQRU,YES,MALE,0,NO,NO,2,YES,NO,DSL,NO,NO,NO,NO,NO,NO,MONTH-TO-MONTH,NO,ELECTRONIC CHECK,45.35,89.5,1.4898160315374507,1
0322-YINQP,YES,MALE,0,NO,NO,1,YES,NO,DSL,YES,NO,NO,NO,NO,NO,MONTH-TO-MONTH,YES,MAILED CHECK,48.55,48.55,1.5949408672798948,1
0323-XWWTN,NO,MALE,0,NO,YES,3,YES,YES,NO,NO,NO,NO,NO,NO,NO,TWO YEAR,YES,MAILED CHECK,26.4,121.25,0.8672798948751642,0
0324-BRPCJ,YES,FEMALE,1,YES,NO,68,YES,YES,FIBER OPTIC,NO,YES,NO,NO,YES,YES,MONTH-TO-MONTH,YES,ELECTRONIC CHECK,100.2,6851.65,3.2917214191852824,1
0325-XBFAC,YES,MALE,0,NO,NO,8,YES,NO,FIBER OPTIC,NO,NO,YES,NO,YES,YES,MONTH-TO-MONTH,YES,ELECTRONIC CHECK,94.7,740.3,3.1110381077529565,1
0326-VDYXE,NO,FEMALE,0,YES,NO,70,YES,YES,FIBER OPTIC,NO,NO,YES,NO,YES,YES,ONE YEAR,YES,ELECTRONIC CHECK,97.65,6982.5,3.2079500657030224,0
0327-WFZSY,NO,MALE,0,YES,YES,39,YES,YES,FIBER OPTIC,NO,NO,YES,NO,YES,YES,ONE YEAR,NO,ELECTRONIC CHECK,100.0,3835.55,3.2851511169513796,0
0328-GRPMV,YES,FEMALE,0,NO,NO,1,YES,NO,FIBER OPTIC,NO,NO,NO,NO,NO,NO,MONTH-TO-MONTH,YES,ELECTRONIC CHECK,70.1,70.1,2.302890932982917,1
0329-GTIAJ,YES,FEMALE,0,NO,NO,3,YES,NO,FIBER OPTIC,NO,YES,NO,YES,YES,YES,MONTH-TO-MONTH,YES,ELECTRONIC CHECK,97.9,315.3,3.2161629434954007,1
0330-BGYZE,NO,MALE,0,YES,NO,60,YES,YES,FIBER OPTIC,NO,YES,YES,NO,YES,YES,ONE YEAR,NO,BANK TRANSFER (AUTOMATIC),102.5,6157.6,3.367279894875164,0
0330-IVZHA,YES,FEMALE,0,YES,NO,5,YES,NO,FIBER OPTIC,NO,NO,NO,NO,NO,NO,MONTH-TO-MONTH,NO,ELECTRONIC CHECK,69.95,330.15,2.29796320630749,1
0334-GDDSO,YES,MALE,1,NO,NO,3,YES,YES,FIBER OPTIC,NO,YES,NO,NO,NO,NO,MONTH-TO-MONTH,YES,ELECTRONIC CHECK,81.35,233.7,2.672470433639947,1
0334-ZFJSR,NO,FEMALE,0,YES,NO,55,YES,YES,DSL,YES,YES,NO,YES,NO,NO,ONE YEAR,YES,CREDIT CARD (AUTOMATIC),66.05,3462.1,2.169842312746386,0
0336-KXKFK,NO,MALE,0,NO,NO,72,NO,NO,DSL,YES,NO,YES,YES,YES,YES,TWO YEAR,YES,CREDIT CARD (AUTOMATIC),61.2,4390.25,2.0105124835742445,0
0336-PIKEI,NO,MALE,1,YES,NO,72,YES,NO,DSL,YES,YES,YES,YES,YES,NO,TWO YEAR,NO,BANK TRANSFER (AUTOMATIC),74.4,5360.75,2.4441524310118266,0
0337-CNPZE,YES,FEMALE,0,NO,NO,41,YES,YES,FIBER OPTIC,NO,YES,YES,NO,YES,YES,MONTH-TO-MONTH,YES,ELECTRONIC CHECK,106.3,4443.45,3.4921156373193165,1
0343-QLUZP,NO,MALE,0,NO,NO,60,NO,NO,DSL,YES,YES,YES,NO,NO,NO,TWO YEAR,NO,BANK TRANSFER (AUTOMATIC),39.6,2424.5,1.3009198423127464,0
0345-HKJVM,YES,FEMALE,0,NO,NO,6,YES,NO,FIBER OPTIC,NO,NO,NO,NO,YES,YES,MONTH-TO-MONTH,NO,ELECTRONIC CHECK,89.3,577.6,2.933639947437582,1
0345-XMMUG,NO,FEMALE,0,YES,NO,46,YES,YES,FIBER OPTIC,NO,YES,YES,YES,YES,YES,TWO YEAR,YES,CREDIT CARD (AUTOMATIC),108.9,4854.3,3.577529566360053,0
0347-UBKUZ,NO,FEMALE,0,NO,NO,15,YES,NO,NO,NO,NO,NO,NO,NO,NO,MONTH-TO-MONTH,NO,MAILED CHECK,19.9,320.45,0.6537450722733245,0
0348-SDKOL,YES,FEMALE,0,YES,NO,58,YES,YES,FIBER OPTIC,NO,NO,YES,YES,YES,YES,MONTH-TO-MONTH,YES,CREDIT CARD (AUTOMATIC),102.1,5885.4,3.3541392904073586,1
0354-VXMJC,NO,MALE,0,YES,YES,23,YES,NO,NO,NO,NO,NO,NO,NO,NO,TWO YEAR,NO,CREDIT CARD (AUTOMATIC),19.6,426.65,0.6438896189224704,0
0354-WYROK,YES,FEMALE,1,YES,YES,31,YES,NO,FIBER OPTIC,NO,NO,YES,YES,YES,YES,MONTH-TO-MONTH,YES,ELECTRONIC CHECK,98.9,2911.3,3.2490144546649145,1
0356-ERHVT,NO,MALE,0,YES,NO,11,YES,NO,DSL,NO,NO,NO,NO,NO,NO,MONTH-TO-MONTH,YES,BANK TRANSFER (AUTOMATIC),45.9,521.9,1.5078843626806833,0
0356-OBMAC,NO,FEMALE,1,NO,NO,56,YES,YES,FIBER OPTIC,NO,YES,YES,YES,YES,NO,TWO YEAR,YES,BANK TRANSFER (AUTOMATIC),99.9,5706.3,3.2818659658344282,0
0357-NVCRI,NO,FEMALE,0,NO,YES,25,YES,NO,NO,NO,NO,NO,NO,NO,NO,MONTH-TO-MONTH,NO,CREDIT CARD (AUTOMATIC),20.05,471.7,0.6586727989487516,0
0361-HJRDX,NO,FEMALE,0,NO,NO,68,NO,NO,DSL,YES,YES,YES,YES,YES,YES,TWO YEAR,NO,CREDIT CARD (AUTOMATIC),64.35,4539.6,2.1139947437582127,0
0362-RAOQO,NO,FEMALE,0,NO,NO,40,YES,NO,NO,NO,NO,NO,NO,NO,NO,TWO YEAR,NO,CREDIT CARD (AUTOMATIC),19.65,830.25,0.645532194480946,0
0362-ZBZWJ,YES,MALE,0,NO,NO,36,YES,YES,FIBER OPTIC,NO,NO,NO,NO,NO,YES,MONTH-TO-MONTH,YES,ELECTRONIC CHECK,84.9,3067.2,2.7890932982917214,1
0363-QJVFX,YES,MALE,0,NO,NO,32,YES,YES,FIBER OPTIC,YES,YES,NO,YES,YES,YES,MONTH-TO-MONTH,YES,CREDIT CARD (AUTOMATIC),108.15,3432.9,3.5528909329829172,1
0363-SVHYR,NO,MALE,0,YES,YES,71,YES,YES,DSL,YES,YES,YES,YES,YES,YES,TWO YEAR,NO,BANK TRANSFER (AUTOMATIC),86.85,6263.8,2.853153745072273,0
0365-BZUWY,NO,MALE,0,YES,NO,17,YES,YES,FIBER OPTIC,NO,YES,YES,NO,YES,YES,MONTH-TO-MONTH,YES,ELECTRONIC CHECK,102.55,1742.5,3.3689224704336396,0
0365-GXEZS,NO,MALE,0,YES,NO,18,YES,NO,FIBER OPTIC,NO,NO,YES,YES,NO,NO,MONTH-TO-MONTH,NO,ELECTRONIC CHECK,78.2,1468.75,2.568988173455979,0
0365-TRTPY,NO,FEMALE,0,NO,NO,37,YES,YES,FIBER OPTIC,YES,YES,YES,NO,NO,NO,MONTH-TO-MONTH,NO,BANK TRANSFER (AUTOMATIC),91.2,3382.3,2.9960578186596583,0
0366-NQSHS,NO,MALE,0,NO,NO,2,YES,NO,NO,NO,NO,NO,NO,NO,NO,MONTH-TO-MONTH,NO,MAILED CHECK,19.35,46.35,0.635676741130092,0
0369-ZGOVK,NO,FEMALE,0,YES,YES,28,YES,NO,FIBER OPTIC,NO,NO,NO,NO,NO,NO,ONE YEAR,YES,BANK TRANSFER (AUTOMATIC),70.4,1992.2,2.3127463863337714,0
0373-AIVNJ,NO,MALE,0,NO,NO,9,NO,NO,DSL,YES,YES,YES,NO,NO,NO,ONE YEAR,NO,MAILED CHECK,39.55,373.0,1.2992772667542705,0
0374-AACSZ,NO,FEMALE,0,NO,NO,1,YES,NO,DSL,YES,NO,NO,NO,NO,NO,MONTH-TO-MONTH,NO,ELECTRONIC CHECK,50.15,50.15,1.6475032851511169,0
0374-FIUCA,NO,MALE,0,YES,NO,65,YES,NO,NO,NO,NO,NO,NO,NO,NO,TWO YEAR,YES,CREDIT CARD (AUTOMATIC),20.4,1414.45,0.6701708278580814,0
0374-IOEGQ,NO,FEMALE,0,NO,NO,3,YES,NO,DSL,NO,NO,NO,NO,NO,NO,MONTH-TO-MONTH,NO,ELECTRONIC CHECK,44.6,122.7,1.4651773981603153,0
0375-HVGXO,YES,FEMALE,0,NO,NO,1,NO,NO,DSL,NO,NO,NO,NO,YES,NO,MONTH-TO-MONTH,YES,ELECTRONIC CHECK,34.7,34.7,1.1399474375821288,1
0376-OIWME,NO,MALE,0,YES,NO,36,YES,NO,FIBER OPTIC,YES,NO,NO,NO,YES,YES,MONTH-TO-MONTH,YES,ELECTRONIC CHECK,93.6,3366.05,3.0749014454664914,0
0376-YMCJC,YES,MALE,0,NO,NO,23,YES,YES,FIBER OPTIC,NO,NO,NO,YES,YES,NO,MONTH-TO-MONTH,YES,ELECTRONIC CHECK,90.6,1943.2,2.9763469119579495,1
0377-JBKKT,NO,MALE,0,YES,YES,22,YES,NO,DSL,YES,YES,NO,YES,NO,NO,MONTH-TO-MONTH,YES,MAILED CHECK,57.95,1271.8,1.9037450722733247,0
0378-CJKPV,NO,FEMALE,0,YES,NO,72,YES,YES,FIBER OPTIC,YES,YES,YES,YES,YES,YES,TWO YEAR,NO,CREDIT CARD (AUTOMATIC),112.1,7965.95,3.6826544021024965,0
0378-NHQXU,YES,FEMALE,0,YES,YES,17,YES,YES,FIBER OPTIC,NO,NO,YES,NO,YES,NO,MONTH-TO-MONTH,NO,ELECTRONIC CHECK,88.25,1460.65,2.8991458607095923,1
0378-TOVMS,YES,FEMALE,0,NO,NO,3,YES,NO,FIBER OPTIC,NO,NO,NO,YES,NO,YES,MONTH-TO-MONTH,NO,ELECTRONIC CHECK,85.8,272.2,2.818659658344284,1
0378-XSZPU,YES,MALE,0,YES,NO,58,YES,NO,DSL,YES,YES,YES,NO,NO,NO,ONE YEAR,NO,CREDIT CARD (AUTOMATIC),60.3,3563.8,1.9809461235216819,1
0379-DJQHR,NO,MALE,0,YES,YES,67,YES,NO,DSL,YES,YES,YES,NO,YES,YES,TWO YEAR,NO,CREDIT CARD (AUTOMATIC),81.35,5398.6,2.672470433639947,0
0380-NEAVX,NO,MALE,1,NO,NO,34,YES,NO,FIBER OPTIC,NO,YES,YES,NO,YES,YES,ONE YEAR,YES,ELECTRONIC CHECK,99.85,3343.15,3.2802233902759523,0
0380-ZCSBI,NO,MALE,0,NO,NO,10,YES,NO,NO,NO,NO,NO,NO,NO,NO,MONTH-TO-MONTH,NO,CREDIT CARD (AUTOMATIC),20.0,198.7,0.657030223390276,0
0383-CLDDA,NO,FEMALE,0,NO,NO,69,YES,YES,DSL,YES,NO,YES,YES,YES,YES,TWO YEAR,YES,CREDIT CARD (AUTOMATIC),85.35,5897.4,2.8038764783180024,0
0384-LPITE,NO,MALE,0,NO,NO,40,NO,NO,DSL,YES,YES,YES,NO,YES,YES,ONE YEAR,NO,CREDIT CARD (AUTOMATIC),62.05,2511.55,2.038436268068331,0
0384-RVBPI,NO,MALE,0,NO,NO,20,YES,NO,DSL,YES,NO,YES,NO,NO,YES,MONTH-TO-MONTH,NO,CREDIT CARD (AUTOMATIC),64.4,1398.6,2.1156373193166886,0
0386-CWRGM,NO,FEMALE,0,YES,YES,46,YES,NO,NO,NO,NO,NO,NO,NO,NO,TWO YEAR,NO,MAILED CHECK,19.4,967.85,0.6373193166885676,0
0388-EOPEX,YES,FEMALE,0,YES,NO,2,YES,NO,FIBER OPTIC,YES,NO,NO,NO,NO,NO,MONTH-TO-MONTH,YES,ELECTRONIC CHECK,74.4,139.4,2.4441524310118266,1
0390-DCFDQ,YES,FEMALE,1,YES,NO,1,YES,NO,FIBER OPTIC,NO,NO,NO,NO,NO,NO,MONTH-TO-MONTH,YES,MAILED CHECK,70.45,70.45,2.314388961892247,1
0392-BZIUW,NO,FEMALE,0,YES,NO,72,YES,YES,FIBER OPTIC,YES,NO,YES,NO,YES,YES,TWO YEAR,YES,CREDIT CARD (AUTOMATIC),105.0,7589.8,3.4494086727989486,0
0394-YONDK,NO,MALE,0,YES,YES,70,YES,YES,NO,NO,NO,NO,NO,NO,NO,TWO YEAR,NO,CREDIT CARD (AUTOMATIC),25.15,1790.15,0.826215505913272,0
0396-HUJBP,NO,FEMALE,0,NO,NO,2,YES,NO,NO,NO,NO,NO,NO,NO,NO,MONTH-TO-MONTH,NO,MAILED CHECK,19.3,44.4,0.6340341655716163,0
0396-UKGAI,NO,MALE,0,NO,YES,23,YES,NO,DSL,NO,YES,NO,YES,NO,NO,MONTH-TO-MONTH,YES,BANK TRANSFER (AUTOMATIC),55.3,1284.2,1.816688567674113,0
0396-YCHWO,NO,MALE,0,YES,NO,36,YES,YES,FIBER OPTIC,NO,NO,NO,NO,YES,YES,MONTH-TO-MONTH,YES,ELECTRONIC CHECK,95.4,3474.2,3.134034165571616,0
0397-GZBBC,YES,MALE,1,YES,NO,59,YES,YES,FIBER OPTIC,NO,NO,NO,NO,YES,YES,MONTH-TO-MONTH,YES,BANK TRANSFER (AUTOMATIC),93.85,5574.75,3.0831143232588696,1
0397-ZXWQF,NO,MALE,0,NO,NO,67,YES,NO,NO,NO,NO,NO,NO,NO,NO,TWO YEAR,NO,BANK TRANSFER (AUTOMATIC),20.5,1430.95,0.6734559789750328,0
0401-WDBXM,NO,MALE,0,YES,YES,72,YES,YES,FIBER OPTIC,YES,NO,YES,NO,YES,YES,TWO YEAR,YES,BANK TRANSFER (AUTOMATIC),105.55,7542.25,3.467477003942181,0
0402-CQAJN,YES,FEMALE,0,NO,NO,37,YES,YES,FIBER OPTIC,NO,YES,YES,NO,YES,YES,MONTH-TO-MONTH,YES,BANK TRANSFER (AUTOMATIC),101.9,3545.35,3.347568988173456,1
0402-OAMEN,NO,FEMALE,0,YES,YES,72,YES,YES,NO,NO,NO,NO,NO,NO,NO,TWO YEAR,NO,BANK TRANSFER (AUTOMATIC),24.45,1709.1,0.8032194480946123,0
0404-AHASP,NO,MALE,0,YES,NO,72,YES,NO,NO,NO,NO,NO,NO,NO,NO,TWO YEAR,NO,CREDIT CARD (AUTOMATIC),19.7,1421.9,0.6471747700394218,0
0404-SWRVG,YES,MALE,0,NO,NO,3,YES,YES,FIBER OPTIC,NO,NO,NO,NO,NO,NO,MONTH-TO-MONTH,YES,ELECTRONIC CHECK,74.4,229.55,2.4441524310118266,1
0406-BPDVR,YES,FEMALE,1,YES,NO,54,YES,YES,FIBER OPTIC,NO,YES,NO,NO,YES,YES,ONE YEAR,YES,CREDIT CARD (AUTOMATIC),101.5,5373.1,3.3344283837056503,1
0407-BDJKB,YES,MALE,0,YES,NO,60,YES,YES,FIBER OPTIC,NO,YES,YES,NO,YES,NO,MONTH-TO-MONTH,YES,ELECTRONIC CHECK,95.75,5742.9,3.145532194480946,1
0409-WTMPL,NO,FEMALE,0,YES,NO,58,YES,YES,FIBER OPTIC,YES,YES,YES,NO,YES,YES,ONE YEAR,YES,CREDIT CARD (AUTOMATIC),110.65,6526.65,3.6350197109067017,0
0410-IPFTY,NO,FEMALE,0,YES,NO,31,YES,NO,FIBER OPTIC,NO,YES,NO,NO,NO,YES,MONTH-TO-MONTH,YES,BANK TRANSFER (AUTOMATIC),83.85,2674.15,2.7545992115637317,0
0411-EZJZE,NO,FEMALE,0,NO,NO,3,YES,YES,DSL,NO,NO,NO,NO,YES,NO,MONTH-TO-MONTH,YES,ELECTRONIC CHECK,60.25,170.5,1.9793035479632062,0
0412-UCCNP,NO,MALE,0,NO,NO,55,YES,NO,DSL,YES,NO,YES,YES,NO,NO,TWO YEAR,YES,ELECTRONIC CHECK,59.2,3175.85,1.944809461235217,0
0415-MOSGF,YES,FEMALE,0,NO,NO,1,YES,NO,DSL,NO,NO,NO,NO,NO,NO,MONTH-TO-MONTH,NO,MAILED CHECK,44.4,44.4,1.4586070959264126,1
0419-YAAPX,NO,MALE,0,YES,NO,49,YES,NO,FIBER OPTIC,NO,YES,NO,NO,YES,NO,MONTH-TO-MONTH,YES,CREDIT CARD (AUTOMATIC),85.3,4297.95,2.802233902759527,0
0420-BWTPW,YES,MALE,0,NO,YES,8,NO,NO,DSL,NO,NO,NO,NO,NO,NO,MONTH-TO-MONTH,NO,MAILED CHECK,25.5,215.2,0.8377135348226018,1
0420-HLGXF,NO,FEMALE,1,NO,NO,39,YES,YES,FIBER OPTIC,NO,NO,YES,NO,YES,YES,MONTH-TO-MONTH,YES,ELECTRONIC CHECK,99.75,4036.0,3.2769382391590014,0
0420-TXVSG,NO,MALE,0,YES,NO,66,YES,YES,DSL,YES,YES,YES,NO,NO,NO,TWO YEAR,YES,CREDIT CARD (AUTOMATIC),66.1,4428.45,2.1714848883048616,0
0422-OHQHQ,NO,FEMALE,0,YES,YES,15,YES,NO,NO,NO,NO,NO,NO,NO,NO,ONE YEAR,NO,MAILED CHECK,20.55,295.95,0.6750985545335085,0
0422-UXFAP,NO,FEMALE,0,YES,NO,51,YES,YES,FIBER OPTIC,NO,NO,YES,NO,YES,YES,ONE YEAR,YES,ELECTRONIC CHECK,98.85,4947.55,3.2473718791064385,0
0423-UDIJQ,NO,MALE,1,NO,NO,9,YES,NO,DSL,NO,NO,NO,YES,NO,NO,MONTH-TO-MONTH,NO,MAILED CHECK,49.2,447.9,1.6162943495400788,0
0426-TIRNE,YES,FEMALE,0,NO,NO,1,YES,NO,NO,NO,NO,NO,NO,NO,NO,MONTH-TO-MONTH,NO,MAILED CHECK,20.9,20.9,0.6865965834428382,1
0428-AXXLJ,NO,MALE,0,NO,NO,25,YES,NO,NO,NO,NO,NO,NO,NO,NO,ONE YEAR,YES,BANK TRANSFER (AUTOMATIC),19.5,516.3,0.640604467805519,0
0428-IKYCP,NO,MALE,0,YES,NO,22,YES,NO,FIBER OPTIC,NO,NO,YES,NO,YES,NO,MONTH-TO-MONTH,YES,BANK TRANSFER (AUTOMATIC),87.0,1850.65,2.8580814717477003,0
0430-IHCDJ,NO,MALE,0,NO,NO,15,YES,YES,DSL,NO,NO,NO,NO,NO,NO,MONTH-TO-MONTH,YES,ELECTRONIC CHECK,49.0,749.25,1.609724047306176,0
0431-APWVY,YES,FEMALE,0,YES,YES,28,YES,NO,FIBER OPTIC,NO,NO,NO,NO,YES,YES,ONE YEAR,YES,BANK TRANSFER (AUTOMATIC),90.1,2598.95,2.9599211563731926,1
0432-CAJZV,NO,MALE,0,NO,NO,3,YES,NO,FIBER OPTIC,NO,NO,NO,NO,YES,YES,MONTH-TO-MONTH,NO,MAILED CHECK,90.7,237.65,2.9796320630749014,0
0434-CSFON,NO,FEMALE,0,YES,NO,47,YES,YES,FIBER OPTIC,NO,NO,YES,NO,YES,YES,MONTH-TO-MONTH,YES,ELECTRONIC CHECK,100.5,4707.1,3.3015768725361365,0
0436-TWFFZ,NO,FEMALE,0,NO,NO,67,YES,YES,DSL,YES,NO,YES,YES,YES,YES,TWO YEAR,YES,MAILED CHECK,85.25,5714.2,2.800591327201051,0
0439-IFYUN,NO,FEMALE,1,NO,NO,18,YES,NO,FIBER OPTIC,NO,YES,NO,NO,NO,NO,MONTH-TO-MONTH,YES,ELECTRONIC CHECK,74.7,1294.6,2.4540078843626807,0
0440-EKDCF,NO,MALE,0,YES,NO,62,YES,NO,DSL,NO,YES,YES,YES,NO,NO,TWO YEAR,YES,CREDIT CARD (AUTOMATIC),60.15,3753.2,1.9760183968462548,0
0440-MOGPM,NO,FEMALE,0,NO,NO,41,YES,YES,DSL,NO,YES,YES,NO,YES,YES,ONE YEAR,YES,ELECTRONIC CHECK,80.55,3263.9,2.646189224704336,0
0440-QEXBZ,NO,FEMALE,0,NO,NO,44,YES,YES,DSL,NO,NO,NO,NO,NO,NO,MONTH-TO-MONTH,YES,MAILED CHECK,50.15,2139.1,1.6475032851511169,0
0440-UEDAI,NO,FEMALE,0,NO,NO,53,YES,NO,FIBER OPTIC,NO,YES,YES,YES,NO,YES,ONE YEAR,YES,CREDIT CARD (AUTOMATIC),94.45,5042.75,3.1028252299605783,0
0442-TDYUO,NO,MALE,0,YES,NO,48,YES,NO,NO,NO,NO,NO,NO,NO,NO,TWO YEAR,YES,MAILED CHECK,20.05,1036.0,0.6586727989487516,0
0442-ZXKVS,NO,FEMALE,1,YES,NO,54,YES,YES,FIBER OPTIC,YES,YES,YES,YES,YES,YES,ONE YEAR,YES,BANK TRANSFER (AUTOMATIC),115.6,6431.05,3.7976346911957948,0
0447-BEMNG,YES,FEMALE,0,YES,NO,48,NO,NO,DSL,YES,NO,YES,NO,NO,YES,MONTH-TO-MONTH,YES,BANK TRANSFER (AUTOMATIC),45.3,2145.0,1.4881734559789748,1
0447-RXSGD,NO,MALE,0,NO,NO,24,YES,YES,FIBER OPTIC,NO,YES,NO,NO,YES,YES,MONTH-TO-MONTH,YES,BANK TRANSFER (AUTOMATIC),99.65,2404.85,3.27365308804205,0
0454-OKRCT,NO,MALE,0,NO,NO,33,YES,NO,FIBER OPTIC,NO,YES,NO,YES,NO,NO,TWO YEAR,NO,BANK TRANSFER (AUTOMATIC),80.6,2651.1,2.6478318002628116,0
0455-ENTCR,NO,MALE,0,YES,NO,66,YES,YES,DSL,YES,YES,NO,YES,YES,YES,TWO YEAR,NO,ELECTRONIC CHECK,85.25,5538.35,2.800591327201051,0
0455-XFASS,NO,FEMALE,0,YES,YES,3,YES,NO,FIBER OPTIC,NO,NO,NO,NO,NO,NO,MONTH-TO-MONTH,YES,ELECTRONIC CHECK,69.55,200.2,2.2848226018396844,0
0458-HEUZG,NO,FEMALE,0,NO,NO,13,NO,NO,DSL,NO,NO,YES,YES,NO,NO,TWO YEAR,NO,MAILED CHECK,35.4,450.4,1.1629434954007885,0
0459-SPZHJ,NO,MALE,0,YES,YES,63,YES,YES,DSL,YES,YES,YES,NO,YES,YES,TWO YEAR,NO,CREDIT CARD (AUTOMATIC),83.5,5435.0,2.743101182654402,0
0461-CVKMU,YES,FEMALE,0,YES,YES,23,YES,NO,FIBER OPTIC,NO,YES,YES,YES,NO,NO,MONTH-TO-MONTH,NO,ELECTRONIC CHECK,83.8,1900.25,2.752956636005256,1
0463-TXOAK,NO,MALE,0,NO,YES,52,YES,YES,NO,NO,NO,NO,NO,NO,NO,TWO YEAR,NO,CREDIT CARD (AUTOMATIC),25.6,1334.5,0.8409986859395532,0
0463-WZZKO,NO,MALE,0,NO,NO,3,YES,NO,NO,NO,NO,NO,NO,NO,NO,MONTH-TO-MONTH,YES,CREDIT CARD (AUTOMATIC),20.75,67.1,0.6816688567674113,0
0463-ZSDNT,NO,MALE,0,NO,NO,10,YES,NO,DSL,NO,NO,NO,NO,NO,YES,MONTH-TO-MONTH,YES,BANK TRANSFER (AUTOMATIC),56.75,503.25,1.864323258869908,0
0464-WJTKO,NO,FEMALE,0,YES,YES,72,YES,NO,NO,NO,NO,NO,NO,NO,NO,TWO YEAR,NO,BANK TRANSFER (AUTOMATIC),20.1,1460.85,0.6603153745072273,0
0468-YRPXN,NO,MALE,0,NO,NO,29,YES,NO,FIBER OPTIC,NO,NO,YES,YES,YES,YES,MONTH-TO-MONTH,YES,CREDIT CARD (AUTOMATIC),98.8,2807.1,3.245729303547963,0
0471-ARVMX,NO,FEMALE,1,YES,NO,62,YES,YES,FIBER OPTIC,YES,NO,YES,NO,YES,YES,ONE YEAR,YES,ELECTRONIC CHECK,104.85,6312.9,3.4444809461235213,0
0471-LVHGK,YES,MALE,0,YES,NO,41,YES,YES,DSL,NO,NO,YES,NO,YES,YES,ONE YEAR,YES,ELECTRONIC CHECK,73.0,3001.2,2.3981603153745072,1
0475-RIJEP,YES,MALE,0,NO,NO,43,YES,YES,FIBER OPTIC,NO,YES,NO,NO,NO,NO,MONTH-TO-MONTH,YES,ELECTRONIC CHECK,77.85,3365.85,2.557490144546649,1
0479-HMSWA,NO,FEMALE,0,NO,YES,26,YES,NO,FIBER OPTIC,NO,YES,YES,YES,YES,YES,TWO YEAR,YES,ELECTRONIC CHECK,105.45,2715.3,3.46419185282523,0
0480-BIXDE,NO,FEMALE,0,YES,NO,19,YES,NO,FIBER OPTIC,NO,NO,YES,NO,YES,YES,MONTH-TO-MONTH,YES,ELECTRONIC CHECK,96.8,1743.05,3.1800262812089355,0
0480-KYJVA,NO,FEMALE,0,YES,YES,72,YES,YES,NO,NO,NO,NO,NO,NO,NO,TWO YEAR,NO,CREDIT CARD (AUTOMATIC),24.25,1784.5,0.7966491458607096,0
0481-SUMCB,NO,FEMALE,1,NO,NO,45,YES,YES,FIBER OPTIC,NO,NO,YES,NO,YES,YES,ONE YEAR,YES,BANK TRANSFER (AUTOMATIC),102.15,4735.35,3.3557818659658345,0
0484-FFVBJ,NO,MALE,0,NO,NO,32,YES,NO,DSL,NO,NO,NO,NO,YES,YES,ONE YEAR,YES,BANK TRANSFER (AUTOMATIC),64.85,2010.95,2.1304204993429696,0
0484-JPBRU,NO,MALE,0,NO,NO,41,YES,YES,NO,NO,NO,NO,NO,NO,NO,MONTH-TO-MONTH,YES,BANK TRANSFER (AUTOMATIC),25.25,996.45,0.8295006570302234,0
0485-ZBSLN,NO,MALE,0,YES,YES,65,YES,YES,NO,NO,NO,NO,NO,NO,NO,TWO YEAR,NO,CREDIT CARD (AUTOMATIC),24.75,1715.1,0.8130749014454665,0
0486-HECZI,YES,MALE,0,YES,NO,55,YES,YES,FIBER OPTIC,YES,YES,NO,NO,YES,NO,MONTH-TO-MONTH,YES,ELECTRONIC CHECK,96.75,5238.9,3.1783837056504596,1
0486-LGCCH,NO,MALE,0,YES,YES,11,YES,NO,NO,NO,NO,NO,NO,NO,NO,TWO YEAR,NO,MAILED CHECK,19.65,225.75,0.645532194480946,0
0487-CRLZF,NO,FEMALE,0,NO,NO,49,YES,NO,DSL,NO,NO,YES,YES,YES,YES,TWO YEAR,YES,BANK TRANSFER (AUTOMATIC),74.45,3721.9,2.445795006570302,0
0487-RPVUM,NO,MALE,0,YES,NO,61,YES,YES,FIBER OPTIC,YES,NO,YES,YES,YES,NO,MONTH-TO-MONTH,NO,BANK TRANSFER (AUTOMATIC),99.4,5943.65,3.2654402102496713,0
0487-VVUVK,NO,MALE,0,YES,YES,25,YES,NO,NO,NO,NO,NO,NO,NO,NO,MONTH-TO-MONTH,YES,MAILED CHECK,19.15,477.6,0.6291064388961891,0
0488-GSLFR,YES,FEMALE,0,NO,NO,1,YES,NO,FIBER OPTIC,NO,NO,NO,NO,NO,NO,MONTH-TO-MONTH,YES,ELECTRONIC CHECK,69.5,69.5,2.283180026281209,1
0489-WMEMG,NO,FEMALE,0,NO,YES,23,YES,NO,DSL,NO,NO,NO,YES,NO,NO,ONE YEAR,YES,ELECTRONIC CHECK,49.45,1119.35,1.6245072273324572,0
0491-KAPQG,NO,MALE,0,NO,NO,21,YES,YES,FIBER OPTIC,NO,NO,NO,NO,NO,NO,MONTH-TO-MONTH,YES,ELECTRONIC CHECK,73.7,1558.7,2.421156373193167,0
0495-RVCBF,YES,FEMALE,0,NO,NO,1,YES,NO,FIBER OPTIC,NO,NO,NO,NO,NO,YES,MONTH-TO-MONTH,YES,ELECTRONIC CHECK,79.7,79.7,2.6182654402102497,1
0495-ZBNGW,YES,MALE,1,YES,NO,5,YES,YES,FIBER OPTIC,NO,NO,YES,NO,NO,NO,MONTH-TO-MONTH,YES,BANK TRANSFER (AUTOMATIC),79.9,343.95,2.6248357424441524,1
0496-AHOOK,NO,MALE,0,YES,NO,24,YES,NO,DSL,YES,NO,NO,YES,YES,YES,ONE YEAR,NO,BANK TRANSFER (AUTOMATIC),74.4,1712.9,2.4441524310118266,0
0504-HHAPI,YES,FEMALE,1,NO,NO,27,YES,YES,FIBER OPTIC,NO,NO,YES,NO,NO,YES,MONTH-TO-MONTH,NO,CREDIT CARD (AUTOMATIC),88.3,2467.75,2.9007884362680683,1
0505-SPOOW,NO,FEMALE,0,YES,NO,70,YES,NO,NO,NO,NO,NO,NO,NO,NO,TWO YEAR,NO,BANK TRANSFER (AUTOMATIC),19.8,1397.65,0.6504599211563732,0
0506-LVNGN,YES,FEMALE,1,NO,NO,5,YES,NO,FIBER OPTIC,NO,NO,YES,NO,NO,NO,MONTH-TO-MONTH,YES,CREDIT CARD (AUTOMATIC),75.55,349.65,2.481931668856767,1
0506-YLVKJ,NO,MALE,0,YES,YES,46,YES,NO,NO,NO,NO,NO,NO,NO,NO,TWO YEAR,YES,MAILED CHECK,20.2,917.45,0.6636005256241787,0
0508-OOLTO,NO,FEMALE,0,YES,YES,2,YES,NO,FIBER OPTIC,NO,NO,NO,NO,NO,NO,MONTH-TO-MONTH,YES,ELECTRONIC CHECK,71.65,135.75,2.353810775295664,0
0508-SQWPL,NO,FEMALE,0,YES,YES,57,YES,NO,NO,NO,NO,NO,NO,NO,NO,TWO YEAR,YES,BANK TRANSFER (AUTOMATIC),20.1,1087.7,0.6603153745072273,0
0511-JTEOY,YES,FEMALE,0,NO,NO,1,YES,NO,FIBER OPTIC,NO,NO,NO,NO,NO,NO,MONTH-TO-MONTH,NO,MAILED CHECK,71.1,71.1,2.3357424441524306,1
0512-FLFDW,NO,FEMALE,1,YES,NO,60,YES,YES,FIBER OPTIC,NO,NO,YES,NO,YES,YES,ONE YEAR,YES,CREDIT CARD (AUTOMATIC),100.5,6029.0,3.3015768725361365,0
0513-RBGPE,NO,MALE,0,YES,YES,37,YES,YES,DSL,YES,NO,YES,YES,NO,NO,TWO YEAR,YES,CREDIT CARD (AUTOMATIC),62.8,2278.75,2.063074901445466,0
0515-YPMCW,YES,MALE,0,NO,YES,1,YES,NO,FIBER OPTIC,NO,NO,NO,NO,NO,NO,MONTH-TO-MONTH,YES,MAILED CHECK,70.45,70.45,2.314388961892247,1
0516-OOHAR,NO,MALE,0,YES,YES,28,YES,NO,FIBER OPTIC,NO,YES,YES,NO,YES,YES,ONE YEAR,NO,BANK TRANSFER (AUTOMATIC),100.35,2799.0,3.2966491458607092,0
0516-QREYC,NO,FEMALE,1,NO,NO,24,YES,NO,NO,NO,NO,NO,NO,NO,NO,MONTH-TO-MONTH,YES,MAILED CHECK,20.3,459.95,0.6668856767411301,0
0516-UXRMT,NO,FEMALE,0,NO,NO,62,YES,YES,FIBER OPTIC,YES,YES,YES,NO,NO,NO,ONE YEAR,YES,ELECTRONIC CHECK,92.05,5755.8,3.0239816031537448,0
0516-VRYBW,YES,FEMALE,0,NO,YES,18,YES,NO,NO,NO,NO,NO,NO,NO,NO,ONE YEAR,NO,BANK TRANSFER (AUTOMATIC),20.15,390.85,0.6619579500657029,1
0516-WJVXC,YES,FEMALE,0,NO,NO,5,YES,NO,DSL,YES,NO,NO,YES,NO,NO,MONTH-TO-MONTH,NO,ELECTRONIC CHECK,54.2,308.25,1.780551905387648,1
0519-DRGTI,NO,FEMALE,0,YES,YES,20,YES,NO,NO,NO,NO,NO,NO,NO,NO,MONTH-TO-MONTH,NO,MAILED CHECK,20.35,442.6,0.6685282522996058,0
0519-XUZJU,YES,FEMALE,0,NO,NO,1,YES,NO,FIBER OPTIC,NO,NO,NO,NO,NO,NO,MONTH-TO-MONTH,NO,MAILED CHECK,70.75,70.75,2.324244415243101,1
0520-FDVVT,YES,MALE,0,NO,NO,35,YES,NO,FIBER OPTIC,NO,YES,YES,NO,YES,YES,ONE YEAR,YES,BANK TRANSFER (AUTOMATIC),102.35,3626.1,3.362352168199737,1
0523-VNGTF,NO,FEMALE,1,NO,NO,52,NO,NO,DSL,NO,YES,YES,YES,YES,NO,MONTH-TO-MONTH,YES,ELECTRONIC CHECK,50.5,2566.3,1.6590013140604467,0
0524-IAVZO,YES,FEMALE,0,YES,NO,30,YES,YES,FIBER OPTIC,NO,NO,NO,NO,NO,YES,MONTH-TO-MONTH,YES,ELECTRONIC CHECK,85.0,2624.25,2.7923784494086727,1
0526-SXDJP,NO,MALE,0,YES,NO,72,NO,NO,DSL,YES,YES,YES,NO,NO,NO,TWO YEAR,NO,BANK TRANSFER (AUTOMATIC),42.1,2962.0,1.3830486202365309,0
0529-ONKER,YES,MALE,1,NO,NO,15,YES,YES,FIBER OPTIC,NO,NO,NO,NO,NO,NO,MONTH-TO-MONTH,NO,ELECTRONIC CHECK,75.65,1146.65,2.485216819973719,1
0530-IJVDB,NO,MALE,0,NO,YES,70,YES,YES,FIBER OPTIC,YES,YES,YES,YES,YES,YES,TWO YEAR,YES,ELECTRONIC CHECK,114.6,7882.5,3.764783180026281,0
0531-XBKMM,NO,MALE,0,NO,YES,66,YES,YES,DSL,YES,YES,NO,YES,NO,NO,TWO YEAR,NO,BANK TRANSFER (AUTOMATIC),65.7,4378.9,2.1583442838370566,0
0531-ZZJWQ,NO,MALE,1,YES,NO,55,YES,YES,FIBER OPTIC,NO,NO,NO,NO,NO,NO,MONTH-TO-MONTH,YES,ELECTRONIC CHECK,74.0,4052.4,2.431011826544021,0
0533-BNWKF,YES,FEMALE,1,YES,NO,55,YES,YES,FIBER OPTIC,NO,YES,YES,NO,NO,NO,MONTH-TO-MONTH,YES,ELECTRONIC CHECK,85.45,4874.7,2.807161629434954,1
0533-UCAAU,NO,MALE,1,YES,NO,57,YES,YES,DSL,NO,YES,YES,NO,YES,NO,ONE YEAR,YES,CREDIT CARD (AUTOMATIC),71.1,4140.1,2.3357424441524306,0
0536-ACXIP,NO,FEMALE,0,YES,NO,72,YES,YES,FIBER OPTIC,YES,YES,YES,NO,YES,YES,TWO YEAR,YES,ELECTRONIC CHECK,109.55,8165.1,3.598883048620236,0
0536-BGFMZ,NO,FEMALE,0,YES,NO,28,YES,NO,NO,NO,NO,NO,NO,NO,NO,MONTH-TO-MONTH,NO,MAILED CHECK,20.5,563.05,0.6734559789750328,0
0536-ESJEP,NO,MALE,0,YES,NO,54,YES,NO,DSL,YES,YES,NO,NO,YES,YES,TWO YEAR,YES,BANK TRANSFER (AUTOMATIC),74.55,4191.45,2.4490801576872534,0
0537-QYZZN,NO,MALE,1,YES,YES,24,YES,YES,FIBER OPTIC,YES,NO,NO,NO,NO,NO,MONTH-TO-MONTH,YES,ELECTRONIC CHECK,79.85,1857.75,2.6231931668856765,0
0541-FITGH,NO,FEMALE,0,YES,NO,2,YES,NO,DSL,YES,NO,NO,NO,NO,YES,MONTH-TO-MONTH,YES,MAILED CHECK,62.15,113.1,2.0417214191852824,0
0547-HURJB,NO,MALE,0,NO,YES,12,YES,NO,NO,NO,NO,NO,NO,NO,NO,MONTH-TO-MONTH,NO,CREDIT CARD (AUTOMATIC),21.05,235.8,0.6915243101182654,0
0549-CYCQN,NO,MALE,1,NO,NO,51,YES,YES,FIBER OPTIC,NO,YES,NO,NO,NO,NO,ONE YEAR,YES,BANK TRANSFER (AUTOMATIC),79.6,3974.7,2.614980289093298,0
0550-DCXLH,NO,MALE,0,NO,NO,13,YES,NO,DSL,NO,YES,NO,YES,YES,YES,MONTH-TO-MONTH,NO,MAILED CHECK,73.35,931.55,2.409658344283837,0
0556-FJEGU,NO,MALE,0,NO,NO,58,YES,NO,DSL,NO,YES,YES,YES,YES,NO,TWO YEAR,NO,BANK TRANSFER (AUTOMATIC),70.1,4048.95,2.302890932982917,0
0557-ASKVU,NO,FEMALE,0,YES,YES,18,YES,NO,DSL,NO,NO,YES,YES,NO,NO,ONE YEAR,YES,CREDIT CARD (AUTOMATIC),54.4,957.1,1.7871222076215505,0
0559-CKHUS,NO,FEMALE,0,YES,NO,29,YES,NO,NO,NO,NO,NO,NO,NO,NO,TWO YEAR,YES,MAILED CHECK,19.55,521.8,0.6422470433639947,0
0562-FGDCR,NO,FEMALE,0,YES,YES,72,YES,YES,DSL,YES,YES,NO,YES,YES,NO,TWO YEAR,NO,MAILED CHECK,74.55,5430.65,2.4490801576872534,0
0562-HKHML,NO,MALE,0,YES,YES,71,YES,YES,NO,NO,NO,NO,NO,NO,NO,TWO YEAR,NO,CREDIT CARD (AUTOMATIC),23.9,1626.4,0.7851511169513797,0
0562-KBDVM,NO,FEMALE,0,NO,NO,70,NO,NO,DSL,YES,YES,YES,YES,NO,NO,TWO YEAR,YES,BANK TRANSFER (AUTOMATIC),44.6,3058.15,1.4651773981603153,0
0564-JJHGS,YES,MALE,0,NO,NO,9,YES,YES,FIBER OPTIC,NO,NO,NO,NO,YES,YES,MONTH-TO-MONTH,YES,ELECTRONIC CHECK,95.5,829.1,3.1373193166885676,1
0564-MUUQK,NO,FEMALE,0,YES,YES,20,YES,YES,FIBER OPTIC,NO,NO,YES,YES,NO,YES,MONTH-TO-MONTH,YES,BANK TRANSFER (AUTOMATIC),95.5,1916.2,3.1373193166885676,0
0565-IYCGT,YES,MALE,0,NO,NO,69,YES,YES,DSL,YES,YES,YES,YES,NO,YES,ONE YEAR,YES,CREDIT CARD (AUTOMATIC),78.6,5356.45,2.582128777923784,1
0565-JUPYD,NO,MALE,0,NO,NO,63,YES,YES,FIBER OPTIC,YES,YES,YES,YES,YES,NO,ONE YEAR,NO,CREDIT CARD (AUTOMATIC),104.5,6590.8,3.4329829172141917,0
0567-GGCAC,NO,FEMALE,0,NO,NO,7,YES,NO,DSL,YES,YES,YES,NO,NO,NO,MONTH-TO-MONTH,NO,ELECTRONIC CHECK,61.4,438.9,2.0170827858081473,0
0567-XRHCU,NO,FEMALE,0,YES,YES,69,NO,NO,DSL,YES,NO,YES,NO,NO,YES,TWO YEAR,YES,CREDIT CARD (AUTOMATIC),43.95,2960.1,1.4438239159001314,0
0568-ONFPC,YES,MALE,0,YES,YES,5,YES,YES,NO,NO,NO,NO,NO,NO,NO,MONTH-TO-MONTH,YES,BANK TRANSFER (AUTOMATIC),25.9,135.0,0.8508541392904073,1
0570-BFQHT,NO,FEMALE,0,NO,NO,9,YES,NO,FIBER OPTIC,NO,YES,YES,NO,NO,NO,MONTH-TO-MONTH,NO,ELECTRONIC CHECK,80.55,653.9,2.646189224704336,0
0572-ZJKLT,NO,FEMALE,0,YES,YES,46,YES,YES,FIBER OPTIC,YES,NO,YES,YES,NO,YES,TWO YEAR,NO,MAILED CHECK,99.65,4630.2,3.27365308804205,0
0575-CUQOV,NO,MALE,1,YES,NO,60,YES,NO,FIBER OPTIC,NO,YES,YES,NO,YES,YES,ONE YEAR,YES,ELECTRONIC CHECK,97.95,5867.0,3.2178055190538766,0
0576-WNXXC,YES,MALE,1,YES,NO,27,YES,YES,FIBER OPTIC,NO,YES,YES,NO,NO,YES,MONTH-TO-MONTH,YES,ELECTRONIC CHECK,95.55,2510.2,3.138961892247043,1
0577-WHMEV,NO,FEMALE,0,YES,NO,16,YES,YES,FIBER OPTIC,YES,YES,YES,NO,NO,NO,MONTH-TO-MONTH,NO,ELECTRONIC CHECK,90.7,1374.9,2.9796320630749014,0
0578-SKVMF,YES,FEMALE,0,YES,YES,22,YES,NO,FIBER OPTIC,NO,YES,NO,NO,NO,YES,MONTH-TO-MONTH,NO,ELECTRONIC CHECK,83.3,1845.9,2.7365308804204993,1
0580-PIQHM,NO,FEMALE,0,YES,YES,41,YES,YES,FIBER OPTIC,YES,YES,YES,NO,NO,YES,ONE YEAR,YES,BANK TRANSFER (AUTOMATIC),101.6,3930.55,3.3377135348226017,0
0581-BXBUB,NO,FEMALE,1,NO,NO,4,YES,NO,FIBER OPTIC,NO,YES,NO,NO,NO,NO,MONTH-TO-MONTH,NO,ELECTRONIC CHECK,72.75,317.75,2.3899474375821286,0
0581-MDMPW,NO,FEMALE,0,NO,NO,24,YES,YES,FIBER OPTIC,NO,NO,YES,NO,YES,NO,MONTH-TO-MONTH,YES,CREDIT CARD (AUTOMATIC),88.95,2072.75,2.9221419185282524,0
0582-AVCLN,NO,FEMALE,0,NO,NO,38,YES,NO,NO,NO,NO,NO,NO,NO,NO,TWO YEAR,NO,MAILED CHECK,20.3,743.05,0.6668856767411301,0
0584-BJQGZ,NO,FEMALE,0,NO,NO,25,YES,YES,DSL,YES,YES,YES,YES,YES,NO,MONTH-TO-MONTH,YES,BANK TRANSFER (AUTOMATIC),78.35,1837.9,2.573915900131406,0
0585-EGDDA,NO,MALE,0,YES,NO,40,YES,NO,FIBER OPTIC,NO,YES,YES,NO,NO,NO,MONTH-TO-MONTH,YES,ELECTRONIC CHECK,80.0,3168.75,2.628120893561104,0
0587-DMGBH,YES,FEMALE,0,NO,NO,8,YES,NO,DSL,YES,NO,NO,NO,NO,NO,MONTH-TO-MONTH,YES,ELECTRONIC CHECK,49.85,365.55,1.6376478318002627,1
0594-UFTUL,NO,MALE,0,YES,YES,13,YES,NO,NO,NO,NO,NO,NO,NO,NO,MONTH-TO-MONTH,YES,MAILED CHECK,19.85,252.0,0.6521024967148489,0
0595-ITUDF,NO,MALE,0,YES,YES,64,YES,YES,FIBER OPTIC,YES,YES,YES,NO,NO,NO,MONTH-TO-MONTH,YES,ELECTRONIC CHECK,91.8,5960.5,3.0157687253613665,0
0596-BQCEQ,YES,FEMALE,0,YES,YES,62,YES,NO,FIBER OPTIC,NO,YES,YES,NO,YES,YES,MONTH-TO-MONTH,YES,ELECTRONIC CHECK,100.15,6283.3,3.290078843626807,1
0599-XNYDO,NO,FEMALE,0,YES,NO,20,YES,NO,FIBER OPTIC,NO,NO,NO,NO,NO,NO,MONTH-TO-MONTH,YES,BANK TRANSFER (AUTOMATIC),69.8,1540.35,2.2930354796320627,0
0601-WZHJF,YES,MALE,0,YES,NO,14,NO,NO,DSL,NO,NO,NO,NO,YES,YES,MONTH-TO-MONTH,NO,ELECTRONIC CHECK,46.35,667.7,1.5226675427069645,1
0602-DDUML,NO,FEMALE,0,NO,NO,57,YES,NO,DSL,NO,YES,YES,YES,YES,NO,TWO YEAR,NO,MAILED CHECK,69.75,3894.4,2.291392904073587,0
0603-OLQDC,NO,MALE,0,NO,YES,12,YES,NO,DSL,YES,NO,NO,NO,YES,YES,MONTH-TO-MONTH,YES,MAILED CHECK,69.85,837.5,2.2946780551905386,0
0603-TPMIB,NO,FEMALE,0,YES,YES,59,YES,YES,NO,NO,NO,NO,NO,NO,NO,TWO YEAR,NO,MAILED CHECK,25.45,1534.05,0.8360709592641261,0
0604-THJFP,NO,FEMALE,0,YES,YES,59,YES,NO,DSL,NO,YES,NO,YES,YES,YES,TWO YEAR,YES,CREDIT CARD (AUTOMATIC),75.95,4542.35,2.4950722733245727,0
0607-DAAHE,YES,MALE,0,NO,YES,53,YES,NO,NO,NO,NO,NO,NO,NO,NO,TWO YEAR,NO,BANK TRANSFER (AUTOMATIC),19.75,1052.35,0.6488173455978975,1
0607-MVMGC,NO,MALE,0,YES,YES,45,YES,YES,DSL,NO,YES,YES,NO,YES,YES,ONE YEAR,NO,CREDIT CARD (AUTOMATIC),78.75,3600.65,2.5870565045992113,0
0608-JDVEC,NO,MALE,0,YES,NO,50,YES,NO,NO,NO,NO,NO,NO,NO,NO,TWO YEAR,NO,ELECTRONIC CHECK,19.8,1013.2,0.6504599211563732,0
0611-DFXKO,YES,MALE,0,YES,NO,20,YES,NO,FIBER OPTIC,NO,NO,NO,NO,YES,YES,MONTH-TO-MONTH,YES,MAILED CHECK,89.0,1820.45,2.923784494086728,1
0612-RTZZA,YES,FEMALE,1,NO,NO,1,NO,NO,DSL,NO,NO,NO,NO,NO,NO,MONTH-TO-MONTH,NO,ELECTRONIC CHECK,25.25,25.25,0.8295006570302234,1
0613-WUXUM,NO,FEMALE,0,YES,YES,70,YES,NO,NO,NO,NO,NO,NO,NO,NO,TWO YEAR,YES,MAILED CHECK,19.2,1401.4,0.6307490144546649,0
0616-ATFGB,YES,MALE,1,YES,NO,1,NO,NO,DSL,NO,NO,NO,NO,NO,NO,MONTH-TO-MONTH,NO,ELECTRONIC CHECK,25.05,25.05,0.8229303547963206,1
0617-AQNWT,YES,FEMALE,0,YES,NO,64,NO,NO,DSL,YES,NO,YES,YES,NO,YES,TWO YEAR,NO,ELECTRONIC CHECK,47.85,3147.5,1.5719448094612352,1
0617-FHSGK,YES,MALE,0,NO,YES,49,YES,YES,FIBER OPTIC,NO,NO,NO,NO,NO,NO,MONTH-TO-MONTH,NO,CREDIT CARD (AUTOMATIC),75.2,3678.3,2.4704336399474376,1
0618-XWMSS,YES,MALE,0,NO,YES,28,YES,NO,FIBER OPTIC,YES,NO,NO,NO,NO,NO,MONTH-TO-MONTH,YES,BANK TRANSFER (AUTOMATIC),74.9,2068.55,2.4605781865965834,1
0619-OLYUR,NO,MALE,0,YES,NO,72,YES,YES,FIBER OPTIC,YES,NO,YES,YES,YES,YES,TWO YEAR,YES,CREDIT CARD (AUTOMATIC),111.9,8071.05,3.676084099868594,0
0620-DLSLK,NO,FEMALE,0,NO,NO,13,YES,NO,FIBER OPTIC,NO,NO,NO,NO,YES,NO,MONTH-TO-MONTH,YES,MAILED CHECK,81.9,1028.9,2.69053876478318,0
0620-XEFWH,NO,MALE,0,YES,YES,4,YES,NO,NO,NO,NO,NO,NO,NO,NO,MONTH-TO-MONTH,NO,MAILED CHECK,18.85,84.2,0.6192509855453351,0
0621-CXBKL,NO,FEMALE,0,NO,NO,53,YES,NO,NO,NO,NO,NO,NO,NO,NO,TWO YEAR,NO,MAILED CHECK,18.7,1005.7,0.614323258869908,0
0621-HJWXJ,NO,FEMALE,0,YES,NO,63,YES,YES,FIBER OPTIC,NO,YES,NO,NO,NO,NO,MONTH-TO-MONTH,YES,BANK TRANSFER (AUTOMATIC),81.55,5029.05,2.67904073587385,0
0621-JFHOL,NO,FEMALE,0,NO,NO,10,NO,NO,DSL,NO,NO,NO,YES,NO,NO,TWO YEAR,YES,MAILED CHECK,29.6,299.05,0.9724047306176085,0
0621-TSSMU,NO,MALE,0,YES,NO,56,YES,NO,NO,NO,NO,NO,NO,NO,NO,ONE YEAR,NO,CREDIT CARD (AUTOMATIC),19.95,1126.75,0.6553876478318003,0
0621-TWIEM,YES,MALE,0,NO,NO,10,YES,NO,DSL,NO,NO,NO,NO,NO,NO,MONTH-TO-MONTH,YES,ELECTRONIC CHECK,45.55,402.6,1.4963863337713532,1
0623-EJQEG,NO,MALE,0,NO,NO,65,YES,YES,FIBER OPTIC,YES,NO,NO,YES,NO,YES,ONE YEAR,NO,ELECTRONIC CHECK,93.55,6069.25,3.0732588699080154,0
0623-GDISB,NO,FEMALE,0,NO,NO,1,YES,NO,DSL,YES,NO,NO,NO,NO,NO,MONTH-TO-MONTH,YES,BANK TRANSFER (AUTOMATIC),48.45,48.45,1.5916557161629434,0
0623-IIHUG,YES,FEMALE,1,NO,NO,21,NO,NO,DSL,YES,NO,NO,NO,YES,NO,MONTH-TO-MONTH,YES,ELECTRONIC CHECK,41.9,840.1,1.376478318002628,1
0625-AFOHS,NO,FEMALE,0,YES,YES,29,YES,NO,NO,NO,NO,NO,NO,NO,NO,TWO YEAR,NO,MAILED CHECK,20.2,558.8,0.6636005256241787,0
0626-QXNGV,NO,FEMALE,0,YES,NO,72,YES,YES,NO,NO,NO,NO,NO,NO,NO,TWO YEAR,YES,CREDIT CARD (AUTOMATIC),24.15,1776.45,0.7933639947437582,0
0628-CNQRM,YES,MALE,0,YES,YES,22,YES,NO,DSL,YES,NO,YES,YES,YES,NO,ONE YEAR,YES,BANK TRANSFER (AUTOMATIC),67.5,1544.05,2.2174770039421814,1
0634-SZPQA,YES,FEMALE,0,NO,NO,23,YES,YES,FIBER OPTIC,YES,NO,NO,NO,YES,NO,MONTH-TO-MONTH,YES,BANK TRANSFER (AUTOMATIC),90.05,2169.8,2.958278580814717,1
0635-WKOLD,NO,MALE,0,YES,NO,40,YES,YES,DSL,NO,YES,NO,YES,YES,NO,ONE YEAR,NO,CREDIT CARD (AUTOMATIC),70.75,2921.75,2.324244415243101,0
0637-KVDLV,YES,MALE,0,NO,NO,2,YES,YES,FIBER OPTIC,NO,NO,NO,NO,NO,NO,MONTH-TO-MONTH,YES,ELECTRONIC CHECK,76.5,162.45,2.5131406044678055,1
0637-UBJRP,YES,MALE,0,YES,YES,13,YES,NO,FIBER OPTIC,YES,NO,NO,NO,NO,YES,MONTH-TO-MONTH,NO,ELECTRONIC CHECK,84.05,1095.3,2.7611695137976344,1
0637-YLETY,YES,FEMALE,0,NO,NO,16,YES,YES,FIBER OPTIC,NO,YES,YES,NO,NO,YES,MONTH-TO-MONTH,YES,CREDIT CARD (AUTOMATIC),95.6,1555.65,3.140604467805519,1
0639-TSIQW,YES,FEMALE,0,NO,NO,67,YES,YES,FIBER OPTIC,YES,YES,YES,NO,YES,NO,MONTH-TO-MONTH,YES,CREDIT CARD (AUTOMATIC),102.95,6886.25,3.3820630749014455,1
0640-YJTPY,NO,MALE,0,YES,YES,72,YES,NO,NO,NO,NO,NO,NO,NO,NO,TWO YEAR,NO,BANK TRANSFER (AUTOMATIC),21.0,1493.75,0.6898817345597897,0
0641-EVBOJ,NO,MALE,0,NO,NO,3,YES,NO,FIBER OPTIC,YES,NO,NO,YES,NO,NO,MONTH-TO-MONTH,YES,MAILED CHECK,82.3,214.4,2.7036793692509855,0
0643-OKLRP,YES,FEMALE,1,YES,NO,47,YES,YES,FIBER OPTIC,YES,NO,NO,NO,NO,NO,MONTH-TO-MONTH,NO,ELECTRONIC CHECK,80.35,3825.85,2.6396189224704334,1
0644-OQMDK,NO,MALE,1,NO,NO,4,YES,NO,FIBER OPTIC,NO,NO,NO,NO,NO,NO,MONTH-TO-MONTH,YES,ELECTRONIC CHECK,70.65,293.85,2.32095926412615,0
0650-BWOZN,NO,FEMALE,1,NO,NO,18,YES,NO,FIBER OPTIC,NO,YES,NO,NO,NO,NO,MONTH-TO-MONTH,YES,ELECTRONIC CHECK,73.55,1359.45,2.4162286465177396,0
0654-HMSHN,YES,MALE,0,YES,YES,21,YES,YES,FIBER OPTIC,NO,YES,YES,NO,YES,YES,MONTH-TO-MONTH,NO,ELECTRONIC CHECK,104.4,2157.95,3.4296977660972403,1
0654-PQKDW,NO,FEMALE,0,YES,YES,62,YES,NO,DSL,YES,NO,YES,YES,YES,NO,ONE YEAR,YES,BANK TRANSFER (AUTOMATIC),70.75,4263.45,2.324244415243101,0
0655-RBDUG,YES,MALE,0,NO,NO,7,YES,YES,FIBER OPTIC,NO,NO,YES,NO,YES,YES,MONTH-TO-MONTH,YES,BANK TRANSFER (AUTOMATIC),98.05,713.0,3.2210906701708275,1
0655-YDGFJ,NO,MALE,0,NO,NO,29,YES,NO,DSL,NO,NO,YES,NO,NO,NO,MONTH-TO-MONTH,NO,BANK TRANSFER (AUTOMATIC),48.95,1323.7,1.6080814717477003,0
0657-DOGUM,NO,FEMALE,0,YES,NO,48,YES,YES,DSL,YES,NO,NO,YES,NO,NO,ONE YEAR,YES,BANK TRANSFER (AUTOMATIC),60.6,2985.25,1.990801576872536,0
0661-KBKPA,NO,MALE,0,YES,YES,53,YES,YES,DSL,NO,NO,YES,YES,YES,YES,ONE YEAR,YES,MAILED CHECK,78.75,3942.45,2.5870565045992113,0
0661-KQHNK,NO,FEMALE,0,YES,YES,6,YES,NO,NO,NO,NO,NO,NO,NO,NO,ONE YEAR,NO,CREDIT CARD (AUTOMATIC),19.0,105.5,0.6241787122207622,0
0661-WCQNQ,NO,MALE,0,YES,NO,22,YES,NO,DSL,YES,NO,NO,YES,NO,NO,ONE YEAR,YES,CREDIT CARD (AUTOMATIC),56.25,1292.2,1.847897503285151,0
0661-XEYAN,YES,FEMALE,1,NO,NO,1,NO,NO,DSL,NO,NO,NO,NO,NO,NO,MONTH-TO-MONTH,YES,MAILED CHECK,25.8,25.8,0.8475689881734559,1
0665-XHDJU,NO,MALE,0,YES,NO,72,YES,YES,FIBER OPTIC,NO,YES,NO,NO,YES,YES,TWO YEAR,YES,ELECTRONIC CHECK,99.4,7285.7,3.2654402102496713,0
0666-UXTJO,NO,MALE,1,YES,NO,34,YES,NO,FIBER OPTIC,NO,NO,YES,NO,YES,NO,MONTH-TO-MONTH,YES,CREDIT CARD (AUTOMATIC),85.2,2874.45,2.7989487516425755,0
0667-NSRGI,NO,FEMALE,0,YES,NO,48,YES,YES,DSL,NO,NO,YES,YES,NO,YES,ONE YEAR,YES,MAILED CHECK,69.55,3435.6,2.2848226018396844,0
0668-OGMHD,NO,FEMALE,0,YES,NO,21,NO,NO,DSL,YES,NO,NO,NO,NO,NO,MONTH-TO-MONTH,NO,ELECTRONIC CHECK,28.5,629.35,0.9362680683311432,0
0670-ANMUU,NO,MALE,0,NO,NO,71,YES,YES,FIBER OPTIC,YES,NO,NO,YES,NO,YES,ONE YEAR,NO,CREDIT CARD (AUTOMATIC),97.65,6687.85,3.2079500657030224,0
0670-KDOMA,NO,FEMALE,0,NO,NO,1,YES,NO,NO,NO,NO,NO,NO,NO,NO,MONTH-TO-MONTH,YES,MAILED CHECK,20.25,20.25,0.6652431011826544,0
0673-IGUQO,NO,MALE,0,NO,NO,1,YES,NO,NO,NO,NO,NO,NO,NO,NO,MONTH-TO-MONTH,NO,MAILED CHECK,20.45,20.45,0.6718134034165572,0
0674-DGMAQ,NO,MALE,1,YES,NO,32,YES,YES,FIBER OPTIC,NO,YES,YES,NO,NO,YES,MONTH-TO-MONTH,YES,ELECTRONIC CHECK,93.5,2970.8,3.07161629434954,0
0674-EYYZV,NO,FEMALE,0,NO,NO,1,YES,NO,DSL,NO,NO,NO,NO,YES,NO,MONTH-TO-MONTH,YES,ELECTRONIC CHECK,54.65,54.65,1.795335085413929,0
0674-GCDXG,NO,MALE,0,NO,NO,63,YES,YES,DSL,YES,NO,YES,YES,NO,YES,TWO YEAR,YES,BANK TRANSFER (AUTOMATIC),71.9,4479.2,2.362023653088042,0
0675-NCDYU,NO,FEMALE,0,YES,YES,72,YES,YES,FIBER OPTIC,YES,YES,YES,YES,YES,YES,TWO YEAR,YES,CREDIT CARD (AUTOMATIC),116.4,8543.25,3.8239159001314063,0
0678-RLHVP,NO,FEMALE,0,NO,NO,53,YES,YES,FIBER OPTIC,NO,YES,YES,NO,YES,YES,TWO YEAR,NO,ELECTRONIC CHECK,105.55,5682.25,3.467477003942181,0
0679-IDSTG,YES,FEMALE,1,YES,YES,1,YES,NO,FIBER OPTIC,NO,NO,NO,NO,NO,NO,MONTH-TO-MONTH,YES,ELECTRONIC CHECK,69.25,69.25,2.2749671484888303,1
0679-TDGAK,NO,MALE,0,YES,YES,50,YES,NO,DSL,YES,NO,NO,YES,YES,YES,ONE YEAR,NO,ELECTRONIC CHECK,75.5,4025.6,2.4802890932982917,0
0680-DFNNY,YES,MALE,0,YES,NO,15,YES,YES,FIBER OPTIC,NO,NO,YES,NO,YES,YES,MONTH-TO-MONTH,YES,ELECTRONIC CHECK,101.1,1504.05,3.321287779237845,1
0682-USIXD,NO,FEMALE,0,YES,NO,21,YES,NO,FIBER OPTIC,NO,NO,NO,YES,YES,NO,MONTH-TO-MONTH,YES,ELECTRONIC CHECK,86.05,1818.9,2.826872536136662,0
0684-AOSIH,YES,MALE,0,YES,NO,1,YES,NO,FIBER OPTIC,YES,NO,NO,NO,YES,YES,MONTH-TO-MONTH,YES,ELECTRONIC CHECK,95.0,95.0,3.1208935611038107,1
0685-MLYYM,YES,FEMALE,1,NO,NO,2,YES,NO,FIBER OPTIC,NO,NO,NO,NO,NO,NO,MONTH-TO-MONTH,NO,ELECTRONIC CHECK,70.75,154.85,2.324244415243101,1
0687-ZVTHB,YES,MALE,0,YES,YES,65,YES,YES,DSL,YES,YES,YES,NO,NO,YES,ONE YEAR,NO,CREDIT CARD (AUTOMATIC),72.45,4653.85,2.3800919842312744,1
0689-DSXGL,NO,FEMALE,0,YES,YES,52,YES,NO,FIBER OPTIC,NO,YES,YES,YES,NO,NO,MONTH-TO-MONTH,NO,BANK TRANSFER (AUTOMATIC),85.8,4433.3,2.818659658344284,0
0689-NKYLF,YES,MALE,0,NO,NO,13,YES,NO,FIBER OPTIC,NO,NO,YES,NO,YES,NO,MONTH-TO-MONTH,YES,ELECTRONIC CHECK,83.2,1060.6,2.733245729303548,1
0690-SRQID,NO,MALE,0,NO,NO,4,YES,NO,NO,NO,NO,NO,NO,NO,NO,MONTH-TO-MONTH,YES,MAILED CHECK,19.65,67.55,0.645532194480946,0
0691-IFBQW,YES,FEMALE,1,NO,NO,46,YES,YES,FIBER OPTIC,YES,YES,YES,NO,YES,YES,ONE YEAR,YES,ELECTRONIC CHECK,110.0,4874.8,3.6136662286465175,1
0691-JVSYA,YES,FEMALE,0,YES,NO,53,YES,NO,FIBER OPTIC,NO,NO,YES,NO,YES,YES,ONE YEAR,YES,BANK TRANSFER (AUTOMATIC),94.85,5000.2,3.1159658344283834,1
0691-NIKRI,NO,FEMALE,0,NO,NO,40,YES,YES,FIBER OPTIC,NO,NO,YES,YES,YES,YES,ONE YEAR,YES,CREDIT CARD (AUTOMATIC),105.95,4335.2,3.480617608409987,0
0696-UKTOX,NO,MALE,0,NO,YES,23,YES,NO,DSL,NO,YES,NO,YES,NO,NO,MONTH-TO-MONTH,NO,ELECTRONIC CHECK,54.15,1312.45,1.778909329829172,0
0697-ZMSWS,YES,MALE,0,NO,NO,4,YES,YES,FIBER OPTIC,NO,NO,NO,NO,NO,YES,MONTH-TO-MONTH,YES,ELECTRONIC CHECK,85.65,338.9,2.813731931668857,1
0699-NDKJM,NO,FEMALE,0,YES,NO,57,NO,NO,DSL,YES,YES,YES,NO,YES,YES,MONTH-TO-MONTH,YES,BANK TRANSFER (AUTOMATIC),58.75,3437.45,1.9300262812089355,0
0701-RFGFI,NO,FEMALE,0,YES,YES,49,YES,YES,FIBER OPTIC,NO,NO,NO,NO,YES,YES,MONTH-TO-MONTH,YES,BANK TRANSFER (AUTOMATIC),95.4,4613.95,3.134034165571616,0
0701-TJSEF,NO,MALE,0,NO,NO,9,YES,NO,DSL,YES,NO,YES,YES,NO,YES,MONTH-TO-MONTH,YES,BANK TRANSFER (AUTOMATIC),68.25,576.95,2.2421156373193165,0
0702-PGIBZ,YES,MALE,0,NO,YES,4,YES,YES,FIBER OPTIC,NO,YES,NO,NO,YES,YES,MONTH-TO-MONTH,YES,ELECTRONIC CHECK,101.7,364.55,3.340998685939553,1
0704-VCUMB,NO,FEMALE,0,YES,NO,61,YES,NO,NO,NO,NO,NO,NO,NO,NO,TWO YEAR,NO,CREDIT CARD (AUTOMATIC),20.25,1278.8,0.6652431011826544,0
0707-HOVVN,NO,FEMALE,1,NO,NO,70,YES,YES,DSL,NO,YES,YES,YES,YES,NO,TWO YEAR,YES,BANK TRANSFER (AUTOMATIC),75.5,5212.65,2.4802890932982917,0
0708-LGSMF,NO,MALE,0,YES,NO,13,YES,YES,DSL,YES,NO,NO,NO,NO,YES,MONTH-TO-MONTH,YES,ELECTRONIC CHECK,65.85,902.25,2.1632720105124834,0
0708-SJDIS,NO,FEMALE,0,NO,NO,34,YES,YES,DSL,NO,NO,NO,YES,YES,NO,MONTH-TO-MONTH,NO,MAILED CHECK,65.0,2157.5,2.135348226018397,0
0709-TVGUR,YES,FEMALE,1,NO,NO,9,YES,YES,FIBER OPTIC,NO,NO,NO,NO,NO,NO,MONTH-TO-MONTH,YES,ELECTRONIC CHECK,74.55,622.9,2.4490801576872534,1
0716-BQNDX,NO,MALE,1,NO,NO,57,YES,YES,FIBER OPTIC,YES,NO,NO,YES,NO,YES,TWO YEAR,NO,ELECTRONIC CHECK,93.75,5625.55,3.079829172141918,0
0719-SYFRB,YES,FEMALE,0,NO,NO,12,YES,YES,DSL,YES,NO,YES,YES,NO,NO,MONTH-TO-MONTH,YES,MAILED CHECK,61.65,713.75,2.0252956636005255,1
0722-SVSFK,NO,FEMALE,0,NO,NO,7,YES,NO,FIBER OPTIC,NO,NO,YES,YES,YES,YES,MONTH-TO-MONTH,YES,ELECTRONIC CHECK,100.4,715.0,3.298291721419185,0
0722-TROQR,YES,FEMALE,1,NO,NO,4,YES,YES,FIBER OPTIC,NO,NO,NO,NO,NO,NO,MONTH-TO-MONTH,YES,ELECTRONIC CHECK,74.9,321.75,2.4605781865965834,1
0723-DRCLG,YES,FEMALE,1,YES,NO,1,YES,YES,FIBER OPTIC,NO,NO,NO,NO,NO,NO,MONTH-TO-MONTH,YES,ELECTRONIC CHECK,74.45,74.45,2.445795006570302,1
0723-FDLAY,NO,MALE,0,NO,NO,44,YES,YES,DSL,NO,YES,YES,YES,YES,YES,ONE YEAR,YES,BANK TRANSFER (AUTOMATIC),85.25,3704.15,2.800591327201051,0
0723-VSOBE,NO,FEMALE,1,NO,NO,45,NO,NO,DSL,NO,NO,NO,NO,NO,YES,ONE YEAR,NO,ELECTRONIC CHECK,34.2,1596.6,1.123521681997372,0
0725-CXOTM,NO,FEMALE,0,NO,NO,36,YES,YES,DSL,YES,NO,YES,YES,YES,YES,ONE YEAR,YES,CREDIT CARD (AUTOMATIC),89.65,3348.1,2.945137976346912,0
0727-BMPLR,YES,FEMALE,1,NO,NO,55,YES,YES,FIBER OPTIC,NO,NO,YES,NO,YES,YES,ONE YEAR,YES,ELECTRONIC CHECK,100.0,5509.3,3.2851511169513796,1
0727-BNRLG,NO,MALE,0,NO,NO,69,YES,YES,FIBER OPTIC,NO,YES,YES,YES,YES,NO,TWO YEAR,YES,CREDIT CARD (AUTOMATIC),97.65,6743.55,3.2079500657030224,0
0727-IWKVK,YES,MALE,0,YES,NO,9,YES,NO,FIBER OPTIC,NO,YES,YES,NO,NO,NO,MONTH-TO-MONTH,YES,ELECTRONIC CHECK,79.9,741.7,2.6248357424441524,1
0730-BGQGF,NO,MALE,0,YES,YES,71,YES,YES,DSL,YES,YES,YES,YES,YES,YES,TWO YEAR,NO,CREDIT CARD (AUTOMATIC),90.3,6287.3,2.966491458607096,0
0730-KOAVE,NO,MALE,0,NO,NO,30,YES,YES,FIBER OPTIC,YES,YES,NO,NO,NO,YES,MONTH-TO-MONTH,YES,CREDIT CARD (AUTOMATIC),94.3,2679.7,3.097897503285151,0
0731-EBJQB,NO,FEMALE,0,YES,YES,52,YES,NO,NO,NO,NO,NO,NO,NO,NO,ONE YEAR,YES,ELECTRONIC CHECK,20.4,1090.65,0.6701708278580814,0
0732-OCQOC,NO,FEMALE,0,YES,YES,52,YES,YES,NO,NO,NO,NO,NO,NO,NO,TWO YEAR,YES,BANK TRANSFER (AUTOMATIC),25.05,1270.25,0.8229303547963206,0
0733-VUNUW,YES,MALE,0,NO,NO,24,YES,YES,DSL,YES,NO,NO,NO,NO,NO,MONTH-TO-MONTH,YES,BANK TRANSFER (AUTOMATIC),55.65,1400.55,1.8281865965834427,1
0734-OXWBT,NO,MALE,0,NO,YES,3,YES,NO,DSL,NO,NO,NO,YES,YES,YES,MONTH-TO-MONTH,NO,MAILED CHECK,70.7,225.65,2.3226018396846255,0
0739-UUAJR,NO,FEMALE,0,YES,YES,72,NO,NO,DSL,YES,NO,YES,NO,YES,YES,TWO YEAR,YES,CREDIT CARD (AUTOMATIC),53.8,3952.45,1.7674113009198422,0
0742-LAFQK,NO,MALE,0,YES,NO,72,YES,YES,FIBER OPTIC,YES,YES,YES,NO,NO,YES,TWO YEAR,YES,ELECTRONIC CHECK,99.15,7422.1,3.257227332457293,0
0742-MOABM,YES,MALE,0,YES,NO,4,YES,NO,DSL,NO,NO,NO,YES,NO,NO,MONTH-TO-MONTH,NO,MAILED CHECK,50.05,179.35,1.6442181340341655,1
0742-NXBGR,YES,FEMALE,0,NO,NO,1,YES,NO,FIBER OPTIC,NO,YES,YES,NO,NO,NO,MONTH-TO-MONTH,YES,ELECTRONIC CHECK,82.3,82.3,2.7036793692509855,1
0743-HNPFG,NO,FEMALE,0,YES,YES,51,YES,NO,DSL,YES,YES,NO,YES,NO,YES,ONE YEAR,YES,CREDIT CARD (AUTOMATIC),69.75,3562.5,2.291392904073587,0
0743-HRVFF,NO,FEMALE,0,YES,YES,51,NO,NO,DSL,NO,NO,YES,YES,YES,YES,ONE YEAR,YES,ELECTRONIC CHECK,56.15,2898.95,1.8446123521681996,0
0744-BIKKF,NO,MALE,0,NO,NO,72,YES,YES,DSL,YES,YES,YES,YES,YES,YES,TWO YEAR,NO,BANK TRANSFER (AUTOMATIC),86.65,6224.8,2.8465834428383707,0
0744-GKNGE,NO,FEMALE,0,YES,YES,64,YES,YES,FIBER OPTIC,YES,NO,NO,YES,NO,NO,MONTH-TO-MONTH,YES,BANK TRANSFER (AUTOMATIC),86.8,5327.25,2.8515111695137976,0
0746-JTRFU,YES,MALE,0,NO,NO,2,NO,NO,DSL,NO,NO,NO,NO,NO,NO,MONTH-TO-MONTH,YES,ELECTRONIC CHECK,25.05,56.35,0.8229303547963206,1
0748-RDGGM,YES,MALE,0,YES,NO,70,YES,NO,FIBER OPTIC,YES,YES,YES,YES,YES,YES,ONE YEAR,YES,BANK TRANSFER (AUTOMATIC),109.5,7534.65,3.5972404730617606,1
0749-IRGQE,NO,FEMALE,1,YES,NO,13,NO,NO,DSL,NO,NO,NO,NO,YES,YES,MONTH-TO-MONTH,NO,ELECTRONIC CHECK,45.3,528.45,1.4881734559789748,0
0750-EBAIU,NO,MALE,0,NO,NO,52,YES,NO,FIBER OPTIC,YES,NO,YES,NO,YES,NO,ONE YEAR,NO,ELECTRONIC CHECK,91.25,4738.3,2.9977003942181337,0
0750-EKNGL,NO,MALE,0,NO,NO,7,YES,NO,NO,NO,NO,NO,NO,NO,NO,MONTH-TO-MONTH,NO,MAILED CHECK,20.75,141.1,0.6816688567674113,0
0754-EEBDC,NO,MALE,0,YES,YES,4,YES,NO,NO,NO,NO,NO,NO,NO,NO,TWO YEAR,NO,MAILED CHECK,19.9,76.65,0.6537450722733245,0
0754-UKWQP,YES,MALE,0,NO,NO,2,YES,NO,FIBER OPTIC,NO,NO,YES,NO,YES,YES,MONTH-TO-MONTH,YES,ELECTRONIC CHECK,95.85,197.7,3.148817345597897,1
0756-MPZRL,NO,MALE,0,NO,NO,46,NO,NO,DSL,NO,NO,YES,YES,NO,NO,ONE YEAR,NO,CREDIT CARD (AUTOMATIC),33.7,1537.85,1.107095926412615,0
0757-WCUUZ,NO,MALE,0,YES,YES,54,YES,YES,DSL,NO,NO,YES,NO,NO,YES,TWO YEAR,NO,CREDIT CARD (AUTOMATIC),63.35,3409.1,2.081143232588699,0
0761-AETCS,YES,FEMALE,0,NO,NO,1,YES,NO,NO,NO,NO,NO,NO,NO,NO,MONTH-TO-MONTH,NO,ELECTRONIC CHECK,19.3,19.3,0.6340341655716163,1
0769-MURVM,NO,FEMALE,0,YES,YES,72,NO,NO,DSL,YES,YES,YES,YES,YES,YES,TWO YEAR,NO,BANK TRANSFER (AUTOMATIC),65.7,4575.35,2.1583442838370566,0
0771-CHWSK,NO,MALE,0,NO,NO,66,YES,YES,DSL,YES,YES,YES,NO,NO,YES,TWO YEAR,YES,CREDIT CARD (AUTOMATIC),74.6,4798.4,2.450722733245729,0
0771-WLCLA,NO,FEMALE,0,YES,YES,16,YES,YES,FIBER OPTIC,YES,NO,YES,YES,YES,YES,MONTH-TO-MONTH,YES,ELECTRONIC CHECK,112.95,1882.55,3.7105781865965834,0
0772-GYEQQ,YES,MALE,0,NO,NO,3,YES,NO,FIBER OPTIC,NO,NO,YES,YES,YES,NO,MONTH-TO-MONTH,YES,MAILED CHECK,88.35,262.05,2.9024310118265437,1
0774-IFUVM,NO,MALE,0,YES,YES,11,YES,YES,DSL,YES,NO,NO,NO,YES,NO,MONTH-TO-MONTH,YES,BANK TRANSFER (AUTOMATIC),65.15,723.35,2.140275952693824,0
0774-RMNUW,NO,FEMALE,0,YES,YES,71,NO,NO,DSL,YES,YES,NO,YES,YES,YES,TWO YEAR,NO,BANK TRANSFER (AUTOMATIC),59.7,4122.65,1.9612352168199738,0
0778-NELLA,YES,MALE,0,NO,NO,9,NO,NO,DSL,NO,NO,NO,NO,YES,NO,MONTH-TO-MONTH,YES,CREDIT CARD (AUTOMATIC),34.7,296.1,1.1399474375821288,1
0780-XNZFN,NO,MALE,0,NO,NO,57,YES,NO,NO,NO,NO,NO,NO,NO,NO,TWO YEAR,NO,BANK TRANSFER (AUTOMATIC),20.65,1125.6,0.6783837056504598,0
0781-LKXBR,YES,MALE,1,NO,NO,9,YES,YES,FIBER OPTIC,NO,NO,YES,NO,YES,YES,MONTH-TO-MONTH,YES,ELECTRONIC CHECK,100.5,918.6,3.3015768725361365,1
0784-GTUUK,NO,MALE,0,YES,NO,62,YES,YES,NO,NO,NO,NO,NO,NO,NO,ONE YEAR,YES,CREDIT CARD (AUTOMATIC),23.75,1446.8,0.7802233902759527,0
0784-ZQJZX,NO,MALE,0,NO,YES,72,YES,NO,NO,NO,NO,NO,NO,NO,NO,TWO YEAR,NO,CREDIT CARD (AUTOMATIC),19.9,1529.65,0.6537450722733245,0
0786-IVLAW,NO,FEMALE,1,NO,NO,66,YES,YES,FIBER OPTIC,NO,YES,YES,NO,YES,YES,ONE YEAR,NO,BANK TRANSFER (AUTOMATIC),108.1,7238.6,3.5512483574244413,0
0786-VSSUD,YES,MALE,1,NO,NO,16,NO,NO,DSL,NO,YES,NO,NO,YES,NO,MONTH-TO-MONTH,YES,MAILED CHECK,39.0,679.85,1.281208935611038,1
0787-LHDYT,NO,MALE,0,NO,NO,16,YES,NO,NO,NO,NO,NO,NO,NO,NO,MONTH-TO-MONTH,YES,CREDIT CARD (AUTOMATIC),20.6,330.25,0.6767411300919842,0
0788-DXBFY,NO,MALE,0,YES,YES,58,YES,NO,NO,NO,NO,NO,NO,NO,NO,ONE YEAR,YES,ELECTRONIC CHECK,19.55,1108.8,0.6422470433639947,0
0793-TWELN,NO,FEMALE,0,NO,NO,4,YES,YES,FIBER OPTIC,YES,NO,NO,NO,NO,NO,MONTH-TO-MONTH,YES,ELECTRONIC CHECK,80.15,319.85,2.633048620236531,0
0794-YVSGE,NO,MALE,0,YES,YES,72,YES,NO,NO,NO,NO,NO,NO,NO,NO,TWO YEAR,NO,BANK TRANSFER (AUTOMATIC),20.3,1401.15,0.6668856767411301,0
0795-GMVQO,NO,MALE,0,YES,NO,67,YES,YES,FIBER OPTIC,YES,YES,YES,NO,YES,YES,ONE YEAR,NO,CREDIT CARD (AUTOMATIC),109.9,7332.4,3.6103810775295666,0
0795-LAFGP,NO,MALE,0,YES,YES,71,YES,YES,DSL,YES,YES,YES,YES,YES,YES,TWO YEAR,NO,ELECTRONIC CHECK,90.4,6668.05,2.9697766097240472,0
0795-XCCTE,NO,MALE,1,NO,NO,72,YES,YES,NO,NO,NO,NO,NO,NO,NO,TWO YEAR,NO,BANK TRANSFER (AUTOMATIC),25.4,1809.35,0.8344283837056504,0
0799-DDIHE,NO,FEMALE,0,YES,YES,15,YES,NO,DSL,NO,NO,NO,NO,NO,NO,MONTH-TO-MONTH,NO,ELECTRONIC CHECK,46.3,639.45,1.5210249671484888,0
0804-XBFBV,NO,FEMALE,0,NO,YES,11,NO,NO,DSL,NO,NO,NO,NO,NO,NO,MONTH-TO-MONTH,NO,ELECTRONIC CHECK,25.2,321.05,0.8278580814717477,0
0804-YGEQV,NO,FEMALE,0,YES,YES,43,YES,YES,NO,NO,NO,NO,NO,NO,NO,ONE YEAR,YES,BANK TRANSFER (AUTOMATIC),24.45,993.15,0.8032194480946123,0
0807-ZABDG,YES,FEMALE,0,NO,YES,3,YES,NO,DSL,YES,NO,NO,YES,NO,NO,MONTH-TO-MONTH,YES,MAILED CHECK,55.1,154.65,1.8101182654402102,1
0810-BDHAW,NO,FEMALE,0,YES,YES,24,YES,YES,DSL,YES,YES,NO,NO,YES,YES,ONE YEAR,NO,ELECTRONIC CHECK,78.4,1832.4,2.5755584756898817,0
0810-DHDBD,NO,FEMALE,0,NO,NO,52,YES,YES,DSL,YES,NO,YES,YES,YES,NO,ONE YEAR,NO,CREDIT CARD (AUTOMATIC),74.0,3877.65,2.431011826544021,0
0811-GSDTP,NO,FEMALE,0,NO,YES,13,NO,NO,DSL,NO,YES,NO,NO,NO,NO,MONTH-TO-MONTH,NO,ELECTRONIC CHECK,30.15,382.2,0.9904730617608409,0
0812-WUPTB,YES,MALE,1,YES,NO,1,YES,NO,FIBER OPTIC,NO,NO,NO,NO,NO,NO,MONTH-TO-MONTH,NO,MAILED CHECK,70.85,70.85,2.3275295663600524,1
0813-TAXXS,NO,MALE,0,NO,NO,55,YES,YES,DSL,NO,NO,YES,NO,YES,YES,TWO YEAR,YES,BANK TRANSFER (AUTOMATIC),77.8,4323.35,2.5558475689881734,0
0815-MFZGM,NO,FEMALE,0,YES,NO,42,YES,NO,FIBER OPTIC,NO,NO,YES,YES,YES,YES,TWO YEAR,YES,CREDIT CARD (AUTOMATIC),99.0,4135.0,3.252299605781866,0
0816-TSPHQ,NO,MALE,0,NO,NO,2,YES,NO,NO,NO,NO,NO,NO,NO,NO,MONTH-TO-MONTH,NO,MAILED CHECK,20.75,44.2,0.6816688567674113,0
0817-HSUSE,NO,MALE,0,NO,NO,1,YES,NO,DSL,NO,NO,YES,YES,YES,YES,MONTH-TO-MONTH,YES,ELECTRONIC CHECK,75.5,75.5,2.4802890932982917,0
0818-OCPZO,YES,MALE,1,NO,NO,27,YES,YES,FIBER OPTIC,NO,YES,NO,NO,NO,NO,MONTH-TO-MONTH,YES,ELECTRONIC CHECK,81.45,2122.05,2.675755584756899,1
0820-FNRNX,NO,MALE,0,YES,YES,17,YES,YES,DSL,NO,YES,YES,YES,NO,NO,MONTH-TO-MONTH,YES,MAILED CHECK,66.7,1077.05,2.1911957950065704,0
0822-GAVAP,YES,FEMALE,0,NO,NO,2,NO,NO,DSL,NO,NO,NO,NO,NO,YES,MONTH-TO-MONTH,YES,ELECTRONIC CHECK,34.7,62.25,1.1399474375821288,1
0822-QGCXA,NO,FEMALE,1,YES,NO,27,YES,YES,DSL,NO,YES,YES,YES,YES,YES,MONTH-TO-MONTH,NO,ELECTRONIC CHECK,83.85,2310.2,2.7545992115637317,0
0823-HSCDJ,YES,MALE,1,NO,NO,52,NO,NO,DSL,NO,YES,NO,NO,YES,YES,MONTH-TO-MONTH,YES,ELECTRONIC CHECK,49.15,2550.9,1.614651773981603,1
0824-VWDPO,NO,FEMALE,0,NO,NO,45,YES,YES,FIBER OPTIC,YES,YES,NO,NO,NO,YES,ONE YEAR,NO,BANK TRANSFER (AUTOMATIC),96.75,4442.75,3.1783837056504596,0
0825-CPPQH,NO,FEMALE,0,YES,NO,71,YES,NO,NO,NO,NO,NO,NO,NO,NO,TWO YEAR,NO,CREDIT CARD (AUTOMATIC),19.1,1372.45,0.6274638633377135,0
0827-ITJPH,NO,MALE,0,NO,NO,36,YES,NO,NO,NO,NO,NO,NO,NO,NO,TWO YEAR,YES,CREDIT CARD (AUTOMATIC),18.55,689.0,0.609395532194481,0
0829-DDVLK,NO,FEMALE,0,NO,NO,15,YES,NO,NO,NO,NO,NO,NO,NO,NO,ONE YEAR,NO,CREDIT CARD (AUTOMATIC),20.1,302.45,0.6603153745072273,0
0829-XXPLX,NO,FEMALE,0,NO,NO,20,YES,NO,FIBER OPTIC,YES,NO,YES,NO,YES,NO,MONTH-TO-MONTH,YES,BANK TRANSFER (AUTOMATIC),89.4,1871.15,2.9369250985545334,0
0831-JNISG,NO,MALE,0,YES,YES,71,YES,NO,NO,NO,NO,NO,NO,NO,NO,TWO YEAR,NO,MAILED CHECK,19.8,1396.25,0.6504599211563732,0
0835-DUUIQ,NO,FEMALE,0,NO,YES,24,YES,NO,NO,NO,NO,NO,NO,NO,NO,ONE YEAR,NO,BANK TRANSFER (AUTOMATIC),21.05,531.55,0.6915243101182654,0
0835-JKADZ,NO,FEMALE,0,NO,NO,71,YES,YES,FIBER OPTIC,NO,YES,YES,YES,YES,YES,TWO YEAR,YES,ELECTRONIC CHECK,111.25,7984.15,3.65473061760841,0
0836-SEYLU,YES,MALE,0,YES,NO,9,NO,NO,DSL,NO,NO,NO,YES,YES,NO,MONTH-TO-MONTH,NO,MAILED CHECK,40.65,328.95,1.3354139290407359,1
0839-JTCUD,NO,FEMALE,0,YES,YES,66,YES,YES,DSL,YES,YES,YES,YES,YES,YES,TWO YEAR,NO,CREDIT CARD (AUTOMATIC),89.9,5958.85,2.9533508541392903,0
0839-QNXME,NO,FEMALE,0,NO,NO,30,YES,NO,NO,NO,NO,NO,NO,NO,NO,TWO YEAR,NO,CREDIT CARD (AUTOMATIC),19.4,578.5,0.6373193166885676,0
0840-DCNZE,NO,MALE,0,NO,NO,47,YES,NO,DSL,YES,YES,YES,YES,YES,YES,ONE YEAR,YES,BANK TRANSFER (AUTOMATIC),86.95,4138.9,2.856438896189225,0
0840-DFEZH,NO,FEMALE,0,NO,NO,7,YES,YES,FIBER OPTIC,NO,NO,NO,NO,NO,NO,MONTH-TO-MONTH,YES,ELECTRONIC CHECK,75.35,564.65,2.4753613666228644,0
0841-NULXI,YES,MALE,0,NO,NO,1,NO,NO,DSL,NO,NO,NO,NO,NO,YES,MONTH-TO-MONTH,YES,ELECTRONIC CHECK,35.55,35.55,1.1678712220762153,1
0842-IWYCP,NO,FEMALE,0,NO,NO,46,YES,NO,DSL,NO,NO,NO,NO,NO,NO,MONTH-TO-MONTH,NO,BANK TRANSFER (AUTOMATIC),44.95,2168.9,1.4766754270696452,0
0843-WTBXE,YES,MALE,0,NO,NO,53,YES,YES,FIBER OPTIC,NO,NO,NO,NO,YES,NO,MONTH-TO-MONTH,NO,BANK TRANSFER (AUTOMATIC),85.45,4517.25,2.807161629434954,1
0847-HGRML,NO,MALE,0,NO,YES,62,YES,NO,NO,NO,NO,NO,NO,NO,NO,TWO YEAR,NO,BANK TRANSFER (AUTOMATIC),20.0,1250.1,0.657030223390276,0
0848-SOMKO,NO,MALE,0,NO,NO,70,NO,NO,DSL,YES,NO,YES,YES,NO,YES,TWO YEAR,NO,BANK TRANSFER (AUTOMATIC),48.4,3442.8,1.5900131406044677,0
0848-ZGQIJ,NO,FEMALE,0,YES,NO,16,YES,NO,FIBER OPTIC,NO,YES,NO,NO,YES,YES,MONTH-TO-MONTH,YES,BANK TRANSFER (AUTOMATIC),94.65,1461.15,3.109395532194481,0
0851-DFJKB,NO,FEMALE,0,NO,NO,15,YES,NO,DSL,YES,NO,YES,YES,NO,NO,MONTH-TO-MONTH,NO,ELECTRONIC CHECK,58.95,955.15,1.9365965834428385,0
0853-NWIFK,NO,FEMALE,0,NO,NO,45,YES,NO,FIBER OPTIC,YES,YES,NO,NO,YES,YES,ONE YEAR,YES,ELECTRONIC CHECK,100.3,4483.95,3.2950065703022338,0
0853-TWRVK,NO,MALE,0,YES,NO,72,YES,YES,FIBER OPTIC,YES,YES,YES,YES,NO,YES,TWO YEAR,NO,BANK TRANSFER (AUTOMATIC),105.6,7581.5,3.469119579500657,0
0854-UYHZD,NO,FEMALE,0,YES,YES,13,YES,NO,NO,NO,NO,NO,NO,NO,NO,TWO YEAR,NO,MAILED CHECK,19.55,265.3,0.6422470433639947,0
0856-NAOES,NO,MALE,0,NO,NO,6,YES,NO,DSL,NO,NO,YES,NO,YES,NO,MONTH-TO-MONTH,NO,MAILED CHECK,60.9,414.1,2.0006570302233904,0
0859-YGKFW,NO,MALE,0,YES,YES,18,YES,NO,NO,NO,NO,NO,NO,NO,NO,ONE YEAR,NO,BANK TRANSFER (AUTOMATIC),20.05,345.9,0.6586727989487516,0
0862-PRCBS,NO,FEMALE,0,YES,YES,68,YES,YES,FIBER OPTIC,NO,YES,NO,YES,YES,YES,TWO YEAR,YES,CREDIT CARD (AUTOMATIC),103.75,7039.45,3.4083442838370566,0
0864-FVJNJ,NO,FEMALE,0,YES,YES,64,YES,YES,FIBER OPTIC,YES,YES,YES,YES,YES,YES,ONE YEAR,NO,ELECTRONIC CHECK,113.35,7222.75,3.7237187910643885,0
0866-QLSIR,YES,FEMALE,0,NO,NO,34,YES,YES,DSL,YES,YES,NO,YES,NO,NO,ONE YEAR,YES,MAILED CHECK,64.4,2088.75,2.1156373193166886,1
0867-LDTTC,NO,MALE,0,NO,NO,5,YES,NO,DSL,NO,NO,YES,YES,YES,YES,MONTH-TO-MONTH,NO,BANK TRANSFER (AUTOMATIC),75.15,392.65,2.468791064388962,0
0867-MKZVY,YES,FEMALE,0,YES,NO,20,YES,YES,FIBER OPTIC,YES,NO,NO,NO,NO,NO,MONTH-TO-MONTH,NO,ELECTRONIC CHECK,82.4,1592.35,2.706964520367937,1
0868-VJRDR,NO,MALE,0,YES,NO,64,YES,NO,FIBER OPTIC,YES,YES,NO,YES,YES,YES,TWO YEAR,YES,CREDIT CARD (AUTOMATIC),104.05,6605.55,3.4181997371879103,0
0869-PAPRP,NO,FEMALE,1,YES,NO,26,YES,NO,FIBER OPTIC,NO,NO,YES,NO,YES,NO,MONTH-TO-MONTH,YES,CREDIT CARD (AUTOMATIC),85.7,2067.0,2.8153745072273324,0
0870-VEMYL,YES,FEMALE,0,NO,NO,5,YES,NO,DSL,YES,NO,NO,YES,NO,NO,MONTH-TO-MONTH,NO,CREDIT CARD (AUTOMATIC),53.85,259.8,1.769053876478318,1
0871-OPBXW,NO,FEMALE,0,NO,NO,2,YES,NO,NO,NO,NO,NO,NO,NO,NO,MONTH-TO-MONTH,YES,MAILED CHECK,20.05,39.25,0.6586727989487516,0
0871-URUWO,YES,MALE,0,YES,NO,13,YES,YES,FIBER OPTIC,NO,NO,YES,NO,YES,YES,MONTH-TO-MONTH,YES,CREDIT CARD (AUTOMATIC),102.25,1359.0,3.359067017082786,1
0872-CASZJ,NO,MALE,0,YES,NO,59,YES,YES,DSL,YES,NO,NO,YES,NO,YES,ONE YEAR,YES,MAILED CHECK,69.1,4096.9,2.270039421813403,0
0872-JCPIB,NO,MALE,0,NO,NO,17,YES,YES,DSL,YES,NO,NO,NO,NO,YES,MONTH-TO-MONTH,NO,BANK TRANSFER (AUTOMATIC),65.75,1111.2,2.159986859395532,0
0872-NXJYS,YES,FEMALE,0,NO,NO,9,YES,NO,FIBER OPTIC,NO,NO,NO,NO,NO,YES,MONTH-TO-MONTH,YES,ELECTRONIC CHECK,79.55,723.4,2.6133377135348224,1
0875-CABNR,YES,FEMALE,1,NO,NO,10,YES,NO,FIBER OPTIC,NO,NO,YES,NO,NO,YES,MONTH-TO-MONTH,YES,CREDIT CARD (AUTOMATIC),84.6,865.55,2.779237844940867,1
0876-WDUUZ,YES,FEMALE,0,NO,NO,5,YES,NO,FIBER OPTIC,NO,NO,NO,YES,NO,YES,MONTH-TO-MONTH,YES,CREDIT CARD (AUTOMATIC),85.4,425.9,2.8055190538764783,1
0877-SDMBN,YES,FEMALE,0,NO,NO,54,YES,YES,FIBER OPTIC,YES,NO,YES,NO,YES,YES,ONE YEAR,YES,BANK TRANSFER (AUTOMATIC),103.95,5639.05,3.4149145860709593,1
0880-FVFWF,NO,MALE,0,NO,NO,56,YES,YES,FIBER OPTIC,YES,YES,NO,NO,NO,NO,MONTH-TO-MONTH,YES,ELECTRONIC CHECK,86.4,4922.4,2.838370565045992,0
0880-TKATG,YES,MALE,0,YES,YES,4,YES,YES,FIBER OPTIC,NO,NO,YES,NO,YES,YES,MONTH-TO-MONTH,NO,ELECTRONIC CHECK,101.15,385.9,3.3229303547963207,1
0883-EIBTI,YES,FEMALE,0,NO,NO,2,YES,NO,NO,NO,NO,NO,NO,NO,NO,MONTH-TO-MONTH,NO,MAILED CHECK,19.5,31.55,0.640604467805519,1
0885-HMGPY,NO,MALE,0,NO,NO,62,YES,YES,DSL,YES,YES,YES,YES,NO,NO,TWO YEAR,NO,BANK TRANSFER (AUTOMATIC),69.4,4237.5,2.2798948751642576,0
0886-QGENL,YES,FEMALE,1,YES,NO,27,YES,NO,FIBER OPTIC,YES,NO,YES,NO,YES,YES,MONTH-TO-MONTH,YES,ELECTRONIC CHECK,101.25,2754.45,3.326215505913272,1
0887-HJGAR,YES,MALE,0,NO,NO,1,YES,NO,DSL,NO,NO,NO,NO,NO,NO,MONTH-TO-MONTH,YES,MAILED CHECK,45.7,45.7,1.5013140604467805,1
0887-WBJVH,NO,FEMALE,0,YES,NO,53,YES,NO,FIBER OPTIC,NO,NO,NO,YES,YES,YES,ONE YEAR,YES,ELECTRONIC CHECK,93.45,4872.2,3.0699737187910645,0
0895-DQHEW,YES,MALE,0,YES,NO,54,YES,YES,FIBER OPTIC,NO,YES,YES,NO,YES,YES,MONTH-TO-MONTH,YES,ELECTRONIC CHECK,104.3,5278.15,3.426412614980289,1
0895-LMRSF,NO,MALE,0,NO,NO,23,YES,NO,DSL,NO,NO,NO,NO,YES,YES,ONE YEAR,YES,BANK TRANSFER (AUTOMATIC),64.9,1509.8,2.1320630749014455,0
0895-LNKRC,NO,MALE,0,YES,YES,6,YES,NO,NO,NO,NO,NO,NO,NO,NO,ONE YEAR,NO,MAILED CHECK,19.45,113.5,0.6389618922470434,0
0895-UADGO,NO,MALE,0,NO,YES,8,NO,NO,DSL,YES,NO,NO,YES,NO,YES,TWO YEAR,YES,MAILED CHECK,44.55,343.45,1.4635348226018394,0
0897-FEGMU,YES,FEMALE,0,YES,NO,11,YES,YES,FIBER OPTIC,NO,NO,YES,NO,YES,YES,MONTH-TO-MONTH,YES,ELECTRONIC CHECK,99.5,1056.95,3.2687253613666227,1
0898-XCGTF,NO,MALE,0,YES,NO,61,YES,YES,FIBER OPTIC,NO,NO,NO,NO,YES,YES,ONE YEAR,YES,BANK TRANSFER (AUTOMATIC),96.5,5673.7,3.1701708278580814,0
0899-LIIBW,NO,MALE,0,YES,NO,34,YES,YES,FIBER OPTIC,NO,NO,YES,NO,YES,YES,MONTH-TO-MONTH,NO,ELECTRONIC CHECK,100.85,3527.3,3.313074901445466,0
0899-WZRSD,NO,MALE,0,NO,NO,56,YES,YES,FIBER OPTIC,YES,NO,NO,YES,YES,YES,MONTH-TO-MONTH,YES,MAILED CHECK,105.35,5794.45,3.460906701708278,0
0902-RFHOF,NO,MALE,0,NO,NO,38,YES,NO,NO,NO,NO,NO,NO,NO,NO,ONE YEAR,NO,MAILED CHECK,20.1,730.1,0.6603153745072273,0
0902-XKXPN,NO,MALE,0,YES,YES,69,YES,NO,NO,NO,NO,NO,NO,NO,NO,TWO YEAR,NO,BANK TRANSFER (AUTOMATIC),20.2,1376.5,0.6636005256241787,0
0906-QVPMS,NO,MALE,0,YES,NO,72,YES,YES,FIBER OPTIC,YES,YES,YES,YES,YES,YES,TWO YEAR,NO,BANK TRANSFER (AUTOMATIC),115.15,8349.45,3.782851511169514,0
0907-HQNTS,NO,FEMALE,1,YES,NO,70,YES,YES,FIBER OPTIC,YES,YES,YES,YES,YES,YES,TWO YEAR,YES,CREDIT CARD (AUTOMATIC),113.0,7987.6,3.712220762155059,0
0909-SDHNU,NO,FEMALE,0,NO,YES,7,NO,NO,DSL,YES,NO,NO,NO,NO,NO,MONTH-TO-MONTH,NO,MAILED CHECK,29.8,201.95,0.9789750328515111,0
0909-SELIE,NO,MALE,0,YES,NO,61,YES,YES,DSL,YES,YES,YES,YES,NO,YES,TWO YEAR,YES,BANK TRANSFER (AUTOMATIC),80.8,4860.85,2.654402102496715,0
0913-XWSCN,NO,MALE,0,YES,YES,55,YES,YES,FIBER OPTIC,NO,NO,NO,NO,NO,YES,MONTH-TO-MONTH,NO,BANK TRANSFER (AUTOMATIC),85.5,4713.4,2.8088042049934296,0
0916-KNFAJ,NO,MALE,0,YES,NO,61,YES,YES,DSL,YES,NO,YES,NO,NO,YES,TWO YEAR,YES,MAILED CHECK,69.9,4226.7,2.2963206307490145,0
0916-QOFDP,NO,FEMALE,1,YES,YES,14,YES,YES,FIBER OPTIC,NO,NO,NO,NO,YES,YES,MONTH-TO-MONTH,YES,ELECTRONIC CHECK,95.8,1346.3,3.1471747700394217,0
0917-EZOLA,YES,MALE,1,YES,NO,72,YES,YES,FIBER OPTIC,NO,YES,YES,NO,YES,YES,TWO YEAR,YES,BANK TRANSFER (AUTOMATIC),104.15,7689.95,3.421484888304862,1
0921-OHLVP,NO,MALE,0,NO,NO,22,YES,YES,FIBER OPTIC,NO,NO,NO,NO,NO,YES,MONTH-TO-MONTH,NO,ELECTRONIC CHECK,83.05,1799.3,2.7283180026281206,0
0923-PNFUB,YES,FEMALE,0,NO,NO,3,YES,NO,FIBER OPTIC,NO,YES,NO,NO,YES,NO,MONTH-TO-MONTH,NO,ELECTRONIC CHECK,83.75,247.25,2.7513140604467803,1
0924-BJCRC,NO,FEMALE,1,YES,NO,60,YES,YES,FIBER OPTIC,NO,YES,NO,NO,NO,YES,MONTH-TO-MONTH,NO,ELECTRONIC CHECK,89.45,5294.6,2.9385676741130093,0
0925-VYDLG,YES,FEMALE,0,NO,NO,3,YES,YES,FIBER OPTIC,NO,NO,NO,NO,NO,NO,MONTH-TO-MONTH,NO,ELECTRONIC CHECK,75.25,242.0,2.472076215505913,1
0927-CNGRH,NO,MALE,0,NO,YES,1,YES,NO,NO,NO,NO,NO,NO,NO,NO,MONTH-TO-MONTH,NO,MAILED CHECK,19.55,19.55,0.6422470433639947,0
0927-LCSMG,YES,MALE,0,NO,NO,7,YES,NO,FIBER OPTIC,NO,NO,YES,NO,NO,NO,MONTH-TO-MONTH,NO,MAILED CHECK,74.65,544.55,2.4523653088042052,1
0928-JMXNP,NO,MALE,1,YES,NO,4,NO,NO,DSL,NO,NO,YES,NO,NO,NO,MONTH-TO-MONTH,YES,ELECTRONIC CHECK,29.9,118.25,0.9822601839684625,0
0928-XUTSN,NO,FEMALE,0,NO,NO,13,YES,NO,FIBER OPTIC,NO,NO,NO,NO,NO,YES,MONTH-TO-MONTH,YES,ELECTRONIC CHECK,80.5,1011.8,2.6445466491458607,0
0929-HYQEW,NO,MALE,0,NO,NO,3,YES,NO,DSL,YES,NO,NO,NO,NO,NO,MONTH-TO-MONTH,YES,MAILED CHECK,50.15,160.85,1.6475032851511169,0
0929-PECLO,NO,FEMALE,1,NO,NO,63,YES,YES,FIBER OPTIC,NO,NO,YES,NO,NO,YES,MONTH-TO-MONTH,YES,BANK TRANSFER (AUTOMATIC),89.6,5538.8,2.9434954007884357,0
0930-EHUZA,NO,FEMALE,0,NO,NO,36,YES,NO,DSL,YES,YES,YES,YES,YES,NO,ONE YEAR,YES,MAILED CHECK,76.35,2606.35,2.5082128777923782,0
0931-MHTEM,NO,FEMALE,0,NO,NO,54,YES,NO,FIBER OPTIC,YES,YES,NO,NO,YES,YES,ONE YEAR,YES,CREDIT CARD (AUTOMATIC),100.05,5299.65,3.286793692509855,0
0932-YIXYU,NO,FEMALE,0,NO,NO,47,YES,NO,NO,NO,NO,NO,NO,NO,NO,TWO YEAR,NO,CREDIT CARD (AUTOMATIC),20.25,1029.8,0.6652431011826544,0
0936-NQLJU,NO,FEMALE,0,YES,NO,41,YES,NO,NO,NO,NO,NO,NO,NO,NO,TWO YEAR,NO,CREDIT CARD (AUTOMATIC),20.65,875.55,0.6783837056504598,0
0939-EREMR,NO,FEMALE,0,NO,YES,13,YES,NO,DSL,NO,NO,YES,YES,NO,NO,MONTH-TO-MONTH,NO,MAILED CHECK,53.45,718.1,1.7559132720105124,0
0939-YAPAF,YES,FEMALE,0,NO,NO,35,YES,YES,FIBER OPTIC,NO,NO,YES,NO,YES,YES,MONTH-TO-MONTH,YES,ELECTRONIC CHECK,100.25,3527.6,3.2933639947437583,1
0940-OUQEC,YES,MALE,0,NO,NO,10,YES,YES,FIBER OPTIC,NO,YES,NO,NO,NO,NO,MONTH-TO-MONTH,YES,BANK TRANSFER (AUTOMATIC),80.7,788.8,2.6511169513797634,1
0942-KOWSM,NO,FEMALE,0,YES,YES,30,YES,NO,DSL,NO,YES,YES,YES,YES,YES,TWO YEAR,NO,BANK TRANSFER (AUTOMATIC),80.8,2369.3,2.654402102496715,0
0943-ZQPXH,NO,MALE,0,YES,YES,44,YES,NO,FIBER OPTIC,NO,NO,YES,NO,YES,YES,MONTH-TO-MONTH,YES,BANK TRANSFER (AUTOMATIC),92.95,4122.9,3.0535479632063076,0
0945-TSONX,NO,FEMALE,0,YES,YES,47,YES,YES,DSL,YES,YES,NO,YES,YES,YES,TWO YEAR,YES,CREDIT CARD (AUTOMATIC),85.3,4107.25,2.802233902759527,0
0946-CLJTI,YES,MALE,1,YES,NO,58,YES,YES,FIBER OPTIC,NO,NO,YES,NO,YES,YES,MONTH-TO-MONTH,YES,ELECTRONIC CHECK,98.7,5812.6,3.2424441524310117,1
0946-FKYTX,NO,MALE,0,NO,NO,52,NO,NO,DSL,NO,YES,NO,NO,NO,NO,ONE YEAR,NO,MAILED CHECK,30.1,1623.4,0.9888304862023654,0
0947-IDHRQ,YES,FEMALE,0,NO,NO,7,YES,NO,FIBER OPTIC,NO,NO,NO,NO,YES,NO,MONTH-TO-MONTH,YES,MAILED CHECK,80.3,526.7,2.637976346911958,1
0947-MUGVO,YES,MALE,1,YES,NO,20,YES,NO,FIBER OPTIC,NO,YES,NO,NO,NO,NO,MONTH-TO-MONTH,YES,ELECTRONIC CHECK,73.65,1463.5,2.4195137976346914,1
0952-KMEEH,YES,MALE,0,NO,NO,13,YES,YES,FIBER OPTIC,YES,NO,NO,NO,YES,YES,MONTH-TO-MONTH,NO,MAILED CHECK,98.15,1230.25,3.2243758212877793,1
0953-LGOVU,NO,MALE,0,YES,YES,12,NO,NO,DSL,NO,YES,NO,YES,NO,NO,MONTH-TO-MONTH,NO,MAILED CHECK,35.5,432.25,1.1662286465177398,0
0956-ACVZC,NO,FEMALE,0,NO,NO,54,YES,NO,FIBER OPTIC,NO,NO,YES,NO,YES,YES,ONE YEAR,YES,CREDIT CARD (AUTOMATIC),94.1,5060.9,3.0913272010512483,0
0956-SYCWG,NO,FEMALE,0,NO,NO,13,YES,NO,NO,NO,NO,NO,NO,NO,NO,ONE YEAR,NO,ELECTRONIC CHECK,19.65,244.8,0.645532194480946,0
0958-YHXGP,NO,FEMALE,0,NO,NO,7,YES,NO,FIBER OPTIC,NO,NO,NO,NO,NO,NO,MONTH-TO-MONTH,YES,MAILED CHECK,69.9,497.3,2.2963206307490145,0
0959-WHOKV,NO,MALE,0,NO,NO,42,YES,YES,FIBER OPTIC,YES,YES,YES,NO,NO,YES,ONE YEAR,YES,ELECTRONIC CHECK,99.0,4298.45,3.252299605781866,0
0960-HUWBM,NO,MALE,0,YES,YES,65,YES,YES,FIBER OPTIC,NO,NO,YES,YES,YES,YES,TWO YEAR,YES,BANK TRANSFER (AUTOMATIC),104.1,6700.05,3.419842312746386,0
0961-ZWLVI,NO,MALE,0,NO,YES,49,YES,YES,FIBER OPTIC,YES,YES,YES,NO,YES,YES,ONE YEAR,YES,CREDIT CARD (AUTOMATIC),109.2,5290.45,3.5873850197109065,0
0962-CQPWQ,NO,FEMALE,0,YES,YES,62,YES,NO,NO,NO,NO,NO,NO,NO,NO,TWO YEAR,NO,BANK TRANSFER (AUTOMATIC),20.3,1296.15,0.6668856767411301,0
0963-ZBDRN,YES,MALE,0,NO,NO,32,YES,NO,FIBER OPTIC,NO,NO,NO,YES,YES,YES,MONTH-TO-MONTH,YES,ELECTRONIC CHECK,96.2,3183.4,3.160315374507227,1
0967-BMLBD,NO,FEMALE,0,YES,YES,11,YES,NO,NO,NO,NO,NO,NO,NO,NO,ONE YEAR,YES,MAILED CHECK,20.0,196.35,0.657030223390276,0
0968-GSIKN,YES,FEMALE,0,NO,NO,1,YES,NO,FIBER OPTIC,NO,NO,NO,NO,NO,NO,MONTH-TO-MONTH,YES,MAILED CHECK,70.8,70.8,2.325886990801577,1
0969-RGKCU,NO,MALE,0,YES,YES,37,YES,NO,NO,NO,NO,NO,NO,NO,NO,ONE YEAR,NO,CREDIT CARD (AUTOMATIC),19.8,677.05,0.6504599211563732,0
0970-ETWGE,YES,MALE,0,NO,NO,1,YES,NO,FIBER OPTIC,NO,NO,NO,NO,YES,YES,MONTH-TO-MONTH,YES,ELECTRONIC CHECK,89.55,89.55,2.9418528252299603,1
0970-QXPXW,NO,FEMALE,0,NO,NO,1,YES,NO,NO,NO,NO,NO,NO,NO,NO,MONTH-TO-MONTH,NO,MAILED CHECK,19.65,19.65,0.645532194480946,0
0971-QIFJK,NO,FEMALE,0,YES,NO,69,YES,YES,NO,NO,NO,NO,NO,NO,NO,TWO YEAR,NO,BANK TRANSFER (AUTOMATIC),24.25,1641.8,0.7966491458607096,0
0973-KYVNF,NO,FEMALE,0,YES,YES,72,YES,NO,DSL,YES,YES,YES,NO,YES,NO,TWO YEAR,YES,CREDIT CARD (AUTOMATIC),70.65,5011.15,2.32095926412615,0
0975-UYDTX,NO,FEMALE,0,YES,NO,26,YES,YES,DSL,YES,YES,YES,YES,YES,YES,ONE YEAR,YES,CREDIT CARD (AUTOMATIC),90.1,2312.55,2.9599211563731926,0
0975-VOOVL,NO,FEMALE,0,NO,NO,3,NO,NO,DSL,NO,YES,NO,NO,NO,NO,MONTH-TO-MONTH,NO,MAILED CHECK,29.2,98.5,0.9592641261498028,0
0979-MOZQI,NO,MALE,0,YES,NO,62,NO,NO,DSL,NO,NO,NO,YES,YES,NO,TWO YEAR,YES,BANK TRANSFER (AUTOMATIC),39.0,2337.45,1.281208935611038,0
0979-PHULV,YES,MALE,0,YES,YES,69,YES,YES,FIBER OPTIC,NO,NO,YES,NO,YES,YES,MONTH-TO-MONTH,YES,CREDIT CARD (AUTOMATIC),99.45,7007.6,3.2670827858081473,1
0980-FEXWF,NO,MALE,0,YES,YES,26,YES,NO,DSL,NO,NO,YES,NO,NO,NO,ONE YEAR,NO,MAILED CHECK,50.35,1285.8,1.6540735873850196,0
0980-PVMRC,NO,FEMALE,0,YES,YES,40,NO,NO,DSL,NO,YES,NO,NO,YES,YES,MONTH-TO-MONTH,YES,ELECTRONIC CHECK,50.85,2036.55,1.6704993429697765,0
0983-TATYJ,NO,FEMALE,0,YES,NO,33,YES,NO,DSL,NO,NO,NO,YES,NO,NO,ONE YEAR,YES,MAILED CHECK,51.45,1758.9,1.6902102496714848,0
0988-AADSA,NO,FEMALE,0,YES,YES,72,YES,YES,DSL,YES,YES,YES,YES,NO,YES,TWO YEAR,NO,BANK TRANSFER (AUTOMATIC),80.85,5824.75,2.6560446780551903,0
0988-JRWWP,NO,FEMALE,0,NO,NO,3,YES,NO,DSL,NO,NO,NO,NO,YES,NO,MONTH-TO-MONTH,YES,ELECTRONIC CHECK,54.2,140.4,1.780551905387648,0
0991-BRRFB,YES,MALE,0,NO,NO,18,YES,NO,DSL,YES,NO,NO,NO,NO,NO,MONTH-TO-MONTH,NO,ELECTRONIC CHECK,49.4,874.8,1.6228646517739815,1
0993-OSGPT,NO,FEMALE,1,YES,NO,68,YES,NO,DSL,NO,YES,YES,YES,NO,NO,ONE YEAR,YES,BANK TRANSFER (AUTOMATIC),60.65,3975.9,1.9924441524310117,0
0997-YTLNY,NO,FEMALE,0,NO,YES,19,YES,NO,DSL,NO,NO,NO,YES,NO,NO,MONTH-TO-MONTH,NO,MAILED CHECK,48.8,953.65,1.6031537450722733,0
0999-QXNSA,NO,MALE,1,NO,YES,7,YES,NO,DSL,NO,NO,NO,NO,NO,NO,MONTH-TO-MONTH,YES,MAILED CHECK,45.75,344.2,1.5029566360052562,0
1000-AJSLD,YES,MALE,0,NO,NO,1,YES,NO,NO,NO,NO,NO,NO,NO,NO,MONTH-TO-MONTH,YES,MAILED CHECK,20.1,20.1,0.6603153745072273,1
1004-NOZNR,NO,MALE,1,NO,YES,56,YES,NO,FIBER OPTIC,YES,NO,NO,NO,YES,YES,ONE YEAR,NO,CREDIT CARD (AUTOMATIC),94.8,5264.3,3.114323258869908,0
1009-IRMNA,YES,FEMALE,0,NO,NO,7,YES,NO,NO,NO,NO,NO,NO,NO,NO,MONTH-TO-MONTH,NO,BANK TRANSFER (AUTOMATIC),20.0,137.6,0.657030223390276,1
1010-DIAUQ,YES,MALE,0,NO,NO,5,YES,NO,FIBER OPTIC,NO,NO,YES,NO,YES,YES,MONTH-TO-MONTH,NO,BANK TRANSFER (AUTOMATIC),96.5,492.55,3.1701708278580814,1
1013-QCWAM,NO,FEMALE,1,YES,NO,66,YES,YES,FIBER OPTIC,NO,YES,NO,NO,YES,YES,MONTH-TO-MONTH,YES,ELECTRONIC CHECK,100.8,6690.75,3.3114323258869907,0
1015-JPFYW,NO,MALE,0,NO,YES,7,YES,NO,NO,NO,NO,NO,NO,NO,NO,ONE YEAR,NO,MAILED CHECK,19.45,136.75,0.6389618922470434,0
1015-OWJKI,NO,MALE,0,NO,NO,1,YES,NO,NO,NO,NO,NO,NO,NO,NO,MONTH-TO-MONTH,NO,MAILED CHECK,19.05,19.05,0.6258212877792378,0
1016-DJTSV,NO,MALE,1,NO,NO,8,YES,NO,FIBER OPTIC,NO,NO,NO,NO,NO,NO,MONTH-TO-MONTH,YES,ELECTRONIC CHECK,69.7,572.85,2.2897503285151117,0
1017-FBQMM,NO,FEMALE,0,YES,YES,62,YES,YES,FIBER OPTIC,NO,YES,NO,YES,YES,YES,ONE YEAR,YES,CREDIT CARD (AUTOMATIC),106.05,6703.5,3.483902759526938,0
1020-JPQOW,NO,FEMALE,0,YES,NO,56,YES,YES,FIBER OPTIC,NO,YES,YES,YES,NO,NO,MONTH-TO-MONTH,NO,ELECTRONIC CHECK,90.55,5116.6,2.974704336399474,0
1022-RKXDR,NO,FEMALE,0,NO,NO,41,YES,YES,NO,NO,NO,NO,NO,NO,NO,ONE YEAR,YES,MAILED CHECK,24.85,962.25,0.8163600525624178,0
1023-BQXZE,NO,MALE,0,NO,NO,57,YES,NO,DSL,YES,NO,YES,NO,YES,YES,TWO YEAR,YES,BANK TRANSFER (AUTOMATIC),74.35,4317.35,2.4425098554533506,0
1024-GUALD,YES,FEMALE,0,YES,NO,1,NO,NO,DSL,NO,NO,NO,NO,NO,NO,MONTH-TO-MONTH,YES,ELECTRONIC CHECK,24.8,24.8,0.8147174770039421,1
1024-KPRBB,NO,FEMALE,0,NO,NO,38,YES,NO,FIBER OPTIC,NO,NO,NO,NO,YES,YES,ONE YEAR,YES,MAILED CHECK,89.1,3342.0,2.927069645203679,0
1024-VRZHF,YES,MALE,0,YES,NO,11,YES,YES,FIBER OPTIC,NO,NO,NO,NO,NO,NO,MONTH-TO-MONTH,YES,ELECTRONIC CHECK,74.95,825.7,2.462220762155059,1
1025-FALIX,NO,FEMALE,0,NO,NO,26,YES,NO,FIBER OPTIC,NO,NO,NO,NO,NO,NO,MONTH-TO-MONTH,YES,CREDIT CARD (AUTOMATIC),69.05,1815.65,2.2683968462549275,0
1027-LKKQQ,NO,FEMALE,0,YES,YES,72,YES,NO,DSL,YES,NO,YES,YES,YES,YES,TWO YEAR,YES,BANK TRANSFER (AUTOMATIC),80.45,5886.85,2.642904073587385,0
1028-FFNJK,NO,MALE,1,YES,NO,30,YES,YES,FIBER OPTIC,NO,NO,NO,YES,YES,YES,MONTH-TO-MONTH,YES,ELECTRONIC CHECK,101.5,2917.65,3.3344283837056503,0
1029-QFBEN,YES,MALE,0,NO,NO,1,YES,NO,NO,NO,NO,NO,NO,NO,NO,MONTH-TO-MONTH,NO,MAILED CHECK,19.55,19.55,0.6422470433639947,1
1031-IIDEO,YES,FEMALE,0,NO,NO,1,YES,NO,FIBER OPTIC,NO,NO,NO,NO,NO,NO,MONTH-TO-MONTH,YES,ELECTRONIC CHECK,70.85,70.85,2.3275295663600524,1
1032-MAELW,NO,FEMALE,0,YES,YES,68,YES,YES,DSL,YES,YES,YES,YES,NO,YES,ONE YEAR,YES,ELECTRONIC CHECK,78.45,5333.35,2.577201051248357,0
1035-IPQPU,NO,FEMALE,1,YES,NO,63,YES,YES,FIBER OPTIC,NO,YES,YES,NO,YES,YES,MONTH-TO-MONTH,YES,ELECTRONIC CHECK,103.5,6479.4,3.400131406044678,0
1036-GUDCL,NO,MALE,0,YES,YES,60,YES,NO,DSL,YES,YES,NO,YES,YES,YES,MONTH-TO-MONTH,YES,CREDIT CARD (AUTOMATIC),79.05,4663.4,2.5969119579500655,0
1038-RQOST,NO,MALE,0,YES,YES,19,YES,NO,NO,NO,NO,NO,NO,NO,NO,MONTH-TO-MONTH,NO,MAILED CHECK,20.6,414.95,0.6767411300919842,0
1038-ZAGBI,YES,FEMALE,0,YES,YES,12,YES,NO,NO,NO,NO,NO,NO,NO,NO,ONE YEAR,NO,BANK TRANSFER (AUTOMATIC),19.8,229.6,0.6504599211563732,1
1041-RXHRA,YES,FEMALE,0,NO,NO,41,YES,NO,FIBER OPTIC,NO,NO,NO,NO,NO,NO,MONTH-TO-MONTH,NO,BANK TRANSFER (AUTOMATIC),70.25,2868.05,2.307818659658344,1
1042-HFUCW,NO,FEMALE,0,NO,YES,25,YES,NO,DSL,NO,YES,NO,YES,NO,NO,ONE YEAR,YES,CREDIT CARD (AUTOMATIC),54.75,1266.35,1.7986202365308803,0
1043-UXOVO,NO,FEMALE,0,NO,NO,71,YES,YES,FIBER OPTIC,YES,YES,YES,YES,YES,YES,TWO YEAR,YES,CREDIT CARD (AUTOMATIC),113.15,7993.3,3.717148488830486,0
1043-YCUTE,YES,MALE,0,YES,NO,56,YES,YES,NO,NO,NO,NO,NO,NO,NO,TWO YEAR,YES,CREDIT CARD (AUTOMATIC),25.15,1327.15,0.826215505913272,1
1045-LTCYT,NO,FEMALE,0,YES,YES,8,YES,NO,NO,NO,NO,NO,NO,NO,NO,MONTH-TO-MONTH,NO,CREDIT CARD (AUTOMATIC),21.05,139.75,0.6915243101182654,0
1047-NNCBF,NO,MALE,0,NO,NO,20,YES,NO,FIBER OPTIC,NO,NO,NO,NO,NO,NO,MONTH-TO-MONTH,NO,CREDIT CARD (AUTOMATIC),70.55,1493.55,2.3176741130091982,0
1047-RNXZV,NO,MALE,0,NO,NO,43,YES,NO,NO,NO,NO,NO,NO,NO,NO,TWO YEAR,NO,MAILED CHECK,19.55,876.15,0.6422470433639947,0
1049-FYSYG,NO,FEMALE,0,YES,NO,17,NO,NO,DSL,NO,YES,YES,NO,NO,NO,MONTH-TO-MONTH,YES,CREDIT CARD (AUTOMATIC),35.65,646.05,1.171156373193167,0
1051-EQPZR,NO,FEMALE,0,YES,YES,44,YES,NO,NO,NO,NO,NO,NO,NO,NO,MONTH-TO-MONTH,NO,MAILED CHECK,19.6,780.25,0.6438896189224704,0
1051-GEJLJ,NO,FEMALE,0,NO,NO,2,YES,NO,NO,NO,NO,NO,NO,NO,NO,MONTH-TO-MONTH,NO,MAILED CHECK,19.5,27.55,0.640604467805519,0
1052-QJIBV,NO,FEMALE,0,YES,YES,71,YES,NO,NO,NO,NO,NO,NO,NO,NO,TWO YEAR,NO,CREDIT CARD (AUTOMATIC),19.9,1397.3,0.6537450722733245,0
1053-MXTTK,NO,FEMALE,0,YES,YES,72,YES,NO,FIBER OPTIC,YES,YES,YES,YES,YES,YES,TWO YEAR,YES,BANK TRANSFER (AUTOMATIC),108.65,7726.35,3.569316688567674,0
1057-FOGLZ,NO,FEMALE,0,NO,NO,18,YES,NO,NO,NO,NO,NO,NO,NO,NO,MONTH-TO-MONTH,NO,MAILED CHECK,19.65,391.7,0.645532194480946,0
1060-ENTOF,NO,FEMALE,1,YES,NO,67,YES,YES,FIBER OPTIC,YES,YES,YES,YES,NO,YES,ONE YEAR,YES,CREDIT CARD (AUTOMATIC),105.4,7035.6,3.462549277266754,0
1061-PNTHC,NO,FEMALE,0,YES,YES,56,YES,YES,FIBER OPTIC,YES,NO,YES,YES,YES,YES,MONTH-TO-MONTH,YES,MAILED CHECK,109.6,5953.0,3.600525624178712,0
1062-LHZOD,YES,MALE,0,YES,YES,1,YES,NO,FIBER OPTIC,NO,NO,NO,NO,NO,NO,MONTH-TO-MONTH,YES,MAILED CHECK,69.9,69.9,2.2963206307490145,1
1063-DHQJF,NO,MALE,0,YES,YES,69,YES,NO,FIBER OPTIC,NO,YES,NO,YES,YES,NO,TWO YEAR,YES,MAILED CHECK,92.15,6480.9,3.0272667542706966,0
1064-FBXNK,NO,MALE,0,YES,YES,1,YES,NO,NO,NO,NO,NO,NO,NO,NO,ONE YEAR,NO,CREDIT CARD (AUTOMATIC),19.85,19.85,0.6521024967148489,0
1066-JKSGK,YES,MALE,0,NO,NO,1,YES,NO,NO,NO,NO,NO,NO,NO,NO,MONTH-TO-MONTH,NO,MAILED CHECK,20.15,20.15,0.6619579500657029,1
1069-QJOEE,NO,MALE,0,YES,YES,25,YES,NO,NO,NO,NO,NO,NO,NO,NO,ONE YEAR,NO,ELECTRONIC CHECK,19.9,505.45,0.6537450722733245,0
1069-XAIEM,YES,FEMALE,1,NO,NO,1,YES,YES,FIBER OPTIC,NO,NO,NO,NO,NO,YES,MONTH-TO-MONTH,YES,ELECTRONIC CHECK,85.05,85.05,2.794021024967148,1
1073-XXCZD,NO,MALE,0,YES,NO,55,YES,YES,NO,NO,NO,NO,NO,NO,NO,TWO YEAR,NO,BANK TRANSFER (AUTOMATIC),25.7,1443.65,0.8442838370565046,0
1074-AMIOH,NO,FEMALE,0,YES,YES,53,YES,NO,FIBER OPTIC,NO,YES,YES,YES,YES,YES,MONTH-TO-MONTH,YES,BANK TRANSFER (AUTOMATIC),108.25,5935.1,3.5561760840998686,0
1074-WVEVG,NO,FEMALE,0,YES,NO,59,YES,NO,NO,NO,NO,NO,NO,NO,NO,ONE YEAR,NO,MAILED CHECK,20.35,1267.0,0.6685282522996058,0
1075-BGWOH,YES,MALE,1,YES,NO,16,YES,YES,FIBER OPTIC,NO,NO,YES,NO,YES,YES,MONTH-TO-MONTH,YES,ELECTRONIC CHECK,98.75,1587.55,3.244086727989487,1
1077-HUUJM,NO,FEMALE,0,NO,YES,7,YES,NO,FIBER OPTIC,NO,NO,NO,NO,NO,NO,MONTH-TO-MONTH,YES,ELECTRONIC CHECK,71.05,472.65,2.334099868593955,0
1078-TDCRN,NO,FEMALE,1,YES,NO,3,NO,NO,DSL,NO,YES,NO,NO,NO,NO,MONTH-TO-MONTH,YES,ELECTRONIC CHECK,30.75,82.85,1.0101839684625493,0
1080-BWSYE,NO,MALE,1,YES,NO,64,YES,YES,NO,NO,NO,NO,NO,NO,NO,TWO YEAR,NO,CREDIT CARD (AUTOMATIC),25.65,1740.8,0.8426412614980289,0
1084-MNSMJ,NO,FEMALE,0,YES,YES,51,YES,NO,DSL,YES,YES,YES,YES,YES,YES,TWO YEAR,NO,CREDIT CARD (AUTOMATIC),85.5,4421.95,2.8088042049934296,0
1084-UQCHV,YES,MALE,0,NO,YES,1,YES,NO,FIBER OPTIC,NO,NO,NO,NO,NO,NO,MONTH-TO-MONTH,NO,BANK TRANSFER (AUTOMATIC),69.75,69.75,2.291392904073587,1
1085-LDWAM,NO,FEMALE,0,YES,YES,69,YES,NO,NO,NO,NO,NO,NO,NO,NO,ONE YEAR,YES,CREDIT CARD (AUTOMATIC),20.35,1442.65,0.6685282522996058,0
1086-LXKFY,YES,FEMALE,0,YES,YES,1,YES,NO,FIBER OPTIC,NO,NO,NO,NO,NO,NO,MONTH-TO-MONTH,YES,MAILED CHECK,69.1,69.1,2.270039421813403,1
1087-GRUYI,NO,MALE,0,YES,NO,38,YES,NO,NO,NO,NO,NO,NO,NO,NO,TWO YEAR,NO,BANK TRANSFER (AUTOMATIC),20.4,743.5,0.6701708278580814,0
1087-UDSIH,YES,FEMALE,0,NO,NO,3,YES,NO,NO,NO,NO,NO,NO,NO,NO,MONTH-TO-MONTH,YES,MAILED CHECK,19.6,59.75,0.6438896189224704,1
1088-AUUZZ,NO,MALE,0,YES,YES,56,YES,YES,DSL,YES,YES,NO,YES,NO,YES,TWO YEAR,YES,CREDIT CARD (AUTOMATIC),75.85,4261.2,2.4917871222076213,0
1088-CNNKB,NO,MALE,0,YES,NO,63,YES,YES,DSL,YES,YES,YES,YES,NO,YES,ONE YEAR,NO,CREDIT CARD (AUTOMATIC),80.0,5040.2,2.628120893561104,0
1089-HDMKP,NO,MALE,1,NO,YES,11,YES,NO,DSL,NO,YES,NO,YES,NO,NO,MONTH-TO-MONTH,YES,ELECTRONIC CHECK,54.55,601.25,1.7920499342969776,0
1089-XZWHH,NO,FEMALE,0,YES,YES,24,YES,NO,NO,NO,NO,NO,NO,NO,NO,TWO YEAR,YES,MAILED CHECK,19.7,494.05,0.6471747700394218,0
1090-ESELR,NO,MALE,0,YES,YES,72,YES,NO,FIBER OPTIC,YES,YES,NO,YES,YES,YES,TWO YEAR,NO,BANK TRANSFER (AUTOMATIC),105.5,7611.55,3.4658344283837055,0
1090-PYKCI,NO,FEMALE,0,YES,YES,69,YES,YES,FIBER OPTIC,YES,YES,YES,YES,YES,NO,ONE YEAR,YES,CREDIT CARD (AUTOMATIC),105.1,7234.8,3.4526938239159,0
1091-SOZGA,NO,FEMALE,0,YES,YES,56,YES,YES,FIBER OPTIC,NO,NO,YES,NO,YES,YES,ONE YEAR,YES,CREDIT CARD (AUTOMATIC),99.8,5515.45,3.278580814717477,0
1092-GANHU,YES,MALE,0,NO,NO,17,YES,NO,FIBER OPTIC,NO,NO,YES,NO,NO,NO,MONTH-TO-MONTH,YES,ELECTRONIC CHECK,76.65,1313.55,2.518068331143233,1
1092-WPIVQ,NO,FEMALE,0,YES,YES,18,YES,YES,NO,NO,NO,NO,NO,NO,NO,TWO YEAR,NO,MAILED CHECK,25.1,428.45,0.8245729303547963,0
1093-YSWCA,NO,MALE,0,NO,NO,11,YES,NO,NO,NO,NO,NO,NO,NO,NO,TWO YEAR,NO,CREDIT CARD (AUTOMATIC),19.55,223.15,0.6422470433639947,0
1094-BKOSX,NO,FEMALE,0,YES,YES,45,NO,NO,DSL,NO,YES,YES,YES,NO,YES,ONE YEAR,NO,BANK TRANSFER (AUTOMATIC),51.0,2264.5,1.6754270696452036,0
1095-JUDTC,YES,FEMALE,1,NO,NO,47,YES,YES,FIBER OPTIC,NO,YES,NO,YES,YES,NO,MONTH-TO-MONTH,YES,ELECTRONIC CHECK,95.05,4504.55,3.122536136662286,1
1095-WGNGG,NO,FEMALE,0,YES,NO,61,YES,YES,FIBER OPTIC,NO,YES,NO,NO,YES,YES,TWO YEAR,YES,BANK TRANSFER (AUTOMATIC),101.05,5971.25,3.319645203679369,0
1096-ADRUX,NO,FEMALE,0,YES,YES,66,YES,YES,FIBER OPTIC,NO,NO,NO,NO,NO,NO,ONE YEAR,YES,BANK TRANSFER (AUTOMATIC),74.25,4859.25,2.4392247043363993,0
1097-FSPVW,NO,FEMALE,0,NO,NO,42,YES,NO,DSL,YES,NO,YES,NO,NO,NO,MONTH-TO-MONTH,NO,CREDIT CARD (AUTOMATIC),54.55,2455.05,1.7920499342969776,0
1098-KFQEC,NO,FEMALE,0,YES,YES,55,YES,NO,NO,NO,NO,NO,NO,NO,NO,TWO YEAR,NO,CREDIT CARD (AUTOMATIC),19.4,1083.0,0.6373193166885676,0
1098-TDVUQ,NO,FEMALE,0,NO,NO,1,YES,NO,NO,NO,NO,NO,NO,NO,NO,MONTH-TO-MONTH,YES,BANK TRANSFER (AUTOMATIC),19.25,19.25,0.6323915900131406,0
1099-BTKWT,NO,FEMALE,0,YES,NO,68,NO,NO,DSL,YES,NO,YES,NO,YES,YES,ONE YEAR,YES,ELECTRONIC CHECK,54.4,3723.65,1.7871222076215505,0
1099-GODLO,NO,FEMALE,0,YES,YES,1,YES,NO,NO,NO,NO,NO,NO,NO,NO,TWO YEAR,NO,MAILED CHECK,20.35,20.35,0.6685282522996058,0
1100-DDVRV,NO,MALE,0,YES,NO,17,NO,NO,DSL,NO,YES,NO,NO,YES,YES,MONTH-TO-MONTH,YES,MAILED CHECK,49.8,836.35,1.636005256241787,0
1101-SSWAG,NO,FEMALE,0,YES,NO,15,YES,YES,DSL,NO,NO,NO,NO,NO,NO,MONTH-TO-MONTH,YES,ELECTRONIC CHECK,51.1,711.15,1.678712220762155,0
1104-FEJAM,NO,MALE,0,YES,YES,28,YES,YES,DSL,NO,YES,NO,NO,NO,YES,MONTH-TO-MONTH,NO,ELECTRONIC CHECK,64.4,1802.15,2.1156373193166886,0
1104-TNLZA,NO,MALE,1,YES,NO,28,YES,YES,FIBER OPTIC,NO,YES,NO,YES,YES,YES,MONTH-TO-MONTH,YES,ELECTRONIC CHECK,105.8,2998.0,3.4756898817345596,0
1106-HRLKZ,NO,MALE,0,YES,YES,40,YES,NO,NO,NO,NO,NO,NO,NO,NO,TWO YEAR,NO,MAILED CHECK,19.6,808.95,0.6438896189224704,0
1110-KYLGQ,NO,FEMALE,0,NO,NO,63,YES,YES,FIBER OPTIC,YES,YES,YES,NO,YES,YES,MONTH-TO-MONTH,NO,CREDIT CARD (AUTOMATIC),108.25,6780.1,3.5561760840998686,0
1112-CUNAO,YES,FEMALE,1,NO,NO,15,YES,YES,FIBER OPTIC,NO,YES,NO,NO,NO,YES,MONTH-TO-MONTH,NO,ELECTRONIC CHECK,89.85,1424.95,2.9517082785808144,1
1113-IUJYX,YES,FEMALE,0,YES,NO,14,YES,NO,FIBER OPTIC,YES,YES,NO,YES,YES,YES,ONE YEAR,NO,MAILED CHECK,105.95,1348.9,3.480617608409987,1
1114-CENIM,YES,MALE,0,NO,YES,54,YES,YES,DSL,NO,YES,NO,NO,NO,NO,MONTH-TO-MONTH,YES,CREDIT CARD (AUTOMATIC),55.0,3092.65,1.8068331143232588,1
1116-DXXDF,NO,MALE,0,NO,NO,39,YES,NO,FIBER OPTIC,YES,NO,YES,NO,YES,YES,TWO YEAR,YES,ELECTRONIC CHECK,100.45,3801.7,3.299934296977661,0
1116-FRYVH,NO,FEMALE,0,YES,YES,48,NO,NO,DSL,YES,YES,NO,YES,NO,NO,TWO YEAR,NO,MAILED CHECK,39.4,1978.65,1.2943495400788436,0
1120-BMWUB,YES,FEMALE,0,NO,NO,16,YES,NO,DSL,NO,YES,NO,YES,NO,NO,MONTH-TO-MONTH,YES,MAILED CHECK,53.9,834.15,1.7706964520367936,1
1121-QSIVB,NO,FEMALE,0,NO,YES,44,YES,YES,DSL,NO,YES,NO,NO,YES,YES,ONE YEAR,YES,MAILED CHECK,77.55,3471.1,2.5476346911957948,0
1122-JWTJW,YES,MALE,0,YES,YES,1,YES,NO,FIBER OPTIC,NO,NO,NO,NO,NO,NO,MONTH-TO-MONTH,YES,MAILED CHECK,70.65,70.65,2.32095926412615,1
1122-YJBCS,NO,MALE,0,YES,NO,69,YES,NO,DSL,YES,YES,NO,NO,NO,NO,ONE YEAR,YES,CREDIT CARD (AUTOMATIC),53.65,3804.4,1.7624835742444152,0
1125-SNVCK,NO,FEMALE,1,NO,NO,49,YES,NO,DSL,NO,NO,NO,NO,NO,NO,MONTH-TO-MONTH,NO,MAILED CHECK,43.8,2106.05,1.438896189224704,0
1131-ALZWV,NO,FEMALE,0,NO,NO,24,YES,YES,NO,NO,NO,NO,NO,NO,NO,ONE YEAR,NO,BANK TRANSFER (AUTOMATIC),24.6,605.25,0.8081471747700394,0
1131-QQZEB,NO,MALE,1,YES,NO,71,YES,YES,NO,NO,NO,NO,NO,NO,NO,TWO YEAR,NO,BANK TRANSFER (AUTOMATIC),23.95,1756.2,0.7867936925098554,0
1131-SUEKT,NO,MALE,0,YES,YES,61,YES,NO,FIBER OPTIC,NO,YES,NO,YES,YES,YES,ONE YEAR,YES,BANK TRANSFER (AUTOMATIC),98.45,6145.2,3.2342312746386335,0
1133-KXCGE,NO,FEMALE,0,NO,NO,18,YES,NO,NO,NO,NO,NO,NO,NO,NO,ONE YEAR,NO,MAILED CHECK,20.1,407.05,0.6603153745072273,0
1134-YWTYF,NO,MALE,0,YES,NO,27,YES,NO,DSL,NO,YES,NO,YES,NO,NO,MONTH-TO-MONTH,YES,ELECTRONIC CHECK,53.8,1389.85,1.7674113009198422,0
1135-HIORI,NO,FEMALE,0,YES,YES,64,YES,YES,FIBER OPTIC,NO,YES,YES,YES,YES,YES,ONE YEAR,YES,ELECTRONIC CHECK,111.45,7266.95,3.6613009198423128,0
1135-LMECX,NO,FEMALE,0,NO,NO,1,YES,NO,NO,NO,NO,NO,NO,NO,NO,MONTH-TO-MONTH,NO,MAILED CHECK,19.85,19.85,0.6521024967148489,0
1136-XGEQU,NO,FEMALE,0,YES,YES,50,YES,YES,DSL,NO,YES,YES,YES,YES,YES,ONE YEAR,YES,CREDIT CARD (AUTOMATIC),84.15,4164.4,2.7644546649145862,0
1137-DGOWI,NO,FEMALE,0,YES,NO,30,YES,NO,DSL,NO,YES,YES,YES,NO,YES,ONE YEAR,NO,BANK TRANSFER (AUTOMATIC),70.25,2198.9,2.307818659658344,0
1139-WUOAH,NO,MALE,0,NO,NO,57,NO,NO,DSL,NO,NO,YES,YES,YES,YES,TWO YEAR,NO,CREDIT CARD (AUTOMATIC),53.35,3090.05,1.752628120893561,0
1140-UKVZG,NO,FEMALE,0,NO,NO,17,YES,YES,NO,NO,NO,NO,NO,NO,NO,MONTH-TO-MONTH,NO,MAILED CHECK,24.8,475.25,0.8147174770039421,0
1142-IHLOO,NO,FEMALE,0,NO,NO,51,YES,NO,FIBER OPTIC,NO,NO,NO,NO,YES,YES,ONE YEAR,NO,CREDIT CARD (AUTOMATIC),87.55,4475.9,2.8761498028909327,0
1142-WACZW,YES,MALE,0,NO,NO,2,NO,NO,DSL,NO,NO,NO,YES,NO,NO,MONTH-TO-MONTH,NO,BANK TRANSFER (AUTOMATIC),29.85,75.6,0.9806176084099869,1
1143-NMNQJ,YES,FEMALE,0,NO,NO,2,YES,YES,FIBER OPTIC,NO,NO,NO,NO,NO,YES,MONTH-TO-MONTH,YES,ELECTRONIC CHECK,85.7,169.8,2.8153745072273324,1
1150-FTQGN,NO,FEMALE,0,YES,YES,60,YES,YES,FIBER OPTIC,YES,YES,NO,NO,YES,NO,ONE YEAR,NO,BANK TRANSFER (AUTOMATIC),94.15,5811.8,3.092969776609724,0
1150-WFARN,YES,FEMALE,0,YES,YES,67,YES,YES,FIBER OPTIC,YES,NO,YES,YES,YES,YES,TWO YEAR,YES,CREDIT CARD (AUTOMATIC),108.75,7156.2,3.5726018396846255,1
1153-GNOLC,NO,MALE,0,NO,NO,33,NO,NO,DSL,NO,YES,NO,NO,YES,NO,ONE YEAR,YES,ELECTRONIC CHECK,39.1,1309.0,1.2844940867279895,0
1154-HYWWO,NO,MALE,0,NO,NO,38,YES,NO,DSL,YES,YES,NO,YES,YES,NO,ONE YEAR,NO,MAILED CHECK,70.6,2708.2,2.3193166885676737,0
1156-ZFYDO,NO,FEMALE,0,NO,NO,1,YES,NO,NO,NO,NO,NO,NO,NO,NO,MONTH-TO-MONTH,NO,ELECTRONIC CHECK,19.75,19.75,0.6488173455978975,0
1157-BQCUW,YES,MALE,0,NO,NO,1,YES,YES,FIBER OPTIC,NO,NO,NO,NO,NO,NO,MONTH-TO-MONTH,YES,ELECTRONIC CHECK,74.95,74.95,2.462220762155059,1
1159-WFSGR,NO,FEMALE,0,YES,YES,16,YES,NO,NO,NO,NO,NO,NO,NO,NO,MONTH-TO-MONTH,NO,ELECTRONIC CHECK,20.4,321.4,0.6701708278580814,0
1162-ECVII,NO,MALE,1,YES,NO,72,YES,YES,FIBER OPTIC,NO,YES,YES,YES,YES,YES,TWO YEAR,YES,BANK TRANSFER (AUTOMATIC),109.75,7932.5,3.6054533508541393,0
1163-ONYEY,NO,MALE,0,YES,YES,41,YES,YES,DSL,YES,YES,YES,NO,YES,NO,MONTH-TO-MONTH,YES,CREDIT CARD (AUTOMATIC),74.55,3023.55,2.4490801576872534,0
1163-VIPRI,NO,FEMALE,0,YES,YES,65,YES,YES,FIBER OPTIC,YES,NO,YES,YES,YES,YES,TWO YEAR,NO,ELECTRONIC CHECK,109.3,7337.55,3.590670170827858,0
1166-PQLGG,NO,FEMALE,0,YES,YES,72,YES,NO,NO,NO,NO,NO,NO,NO,NO,TWO YEAR,NO,BANK TRANSFER (AUTOMATIC),19.55,1463.45,0.6422470433639947,0
1167-OYZJF,NO,FEMALE,1,YES,NO,67,YES,NO,NO,NO,NO,NO,NO,NO,NO,TWO YEAR,YES,BANK TRANSFER (AUTOMATIC),20.05,1263.05,0.6586727989487516,0
1169-SAOCL,NO,MALE,0,NO,NO,49,YES,YES,FIBER OPTIC,NO,YES,NO,YES,YES,YES,ONE YEAR,YES,BANK TRANSFER (AUTOMATIC),106.65,5168.1,3.5036136662286466,0
1169-WCVAK,NO,MALE,0,YES,NO,19,YES,YES,FIBER OPTIC,YES,YES,NO,YES,NO,NO,MONTH-TO-MONTH,YES,CREDIT CARD (AUTOMATIC),88.8,1672.35,2.917214191852825,0
1170-SASML,NO,FEMALE,0,YES,NO,69,YES,YES,FIBER OPTIC,NO,YES,YES,NO,NO,NO,MONTH-TO-MONTH,YES,BANK TRANSFER (AUTOMATIC),85.4,5869.4,2.8055190538764783,0
1171-TYKUR,NO,MALE,0,YES,NO,47,YES,YES,NO,NO,NO,NO,NO,NO,NO,MONTH-TO-MONTH,NO,ELECTRONIC CHECK,25.4,1139.2,0.8344283837056504,0
1172-VIYBP,NO,MALE,0,YES,YES,53,YES,YES,DSL,YES,YES,NO,NO,NO,YES,TWO YEAR,NO,BANK TRANSFER (AUTOMATIC),69.7,3686.05,2.2897503285151117,0
1173-NOEYG,NO,FEMALE,0,YES,NO,27,YES,YES,FIBER OPTIC,NO,NO,YES,NO,NO,YES,MONTH-TO-MONTH,NO,BANK TRANSFER (AUTOMATIC),90.15,2423.4,2.961563731931669,0
1173-XZPYF,NO,FEMALE,0,NO,NO,11,YES,YES,FIBER OPTIC,NO,NO,YES,NO,YES,NO,MONTH-TO-MONTH,YES,ELECTRONIC CHECK,89.2,990.3,2.9303547963206307,0
1174-FGIFN,NO,FEMALE,0,YES,YES,28,YES,YES,FIBER OPTIC,NO,NO,NO,YES,NO,YES,ONE YEAR,YES,ELECTRONIC CHECK,90.45,2509.25,2.971419185282523,0
1177-XZBJL,NO,MALE,0,YES,YES,53,YES,YES,DSL,YES,YES,NO,YES,NO,NO,ONE YEAR,NO,BANK TRANSFER (AUTOMATIC),64.15,3491.55,2.1074244415243104,0
1178-PZGAB,NO,FEMALE,0,NO,NO,19,YES,NO,NO,NO,NO,NO,NO,NO,NO,ONE YEAR,NO,CREDIT CARD (AUTOMATIC),20.25,383.65,0.6652431011826544,0
1179-INLAT,NO,MALE,0,NO,NO,3,YES,NO,NO,NO,NO,NO,NO,NO,NO,ONE YEAR,YES,MAILED CHECK,19.45,69.25,0.6389618922470434,0
1183-CANVH,NO,FEMALE,0,YES,NO,23,YES,NO,DSL,NO,NO,NO,YES,YES,NO,ONE YEAR,NO,BANK TRANSFER (AUTOMATIC),60.0,1347.15,1.9710906701708277,0
1184-PJVDB,YES,MALE,0,YES,NO,10,YES,NO,FIBER OPTIC,NO,NO,NO,NO,YES,NO,MONTH-TO-MONTH,YES,ELECTRONIC CHECK,79.95,857.2,2.6264783180026283,1
1187-WILMM,NO,MALE,0,YES,YES,63,YES,YES,DSL,YES,YES,YES,YES,YES,YES,TWO YEAR,YES,CREDIT CARD (AUTOMATIC),89.4,5597.65,2.9369250985545334,0
1193-RTSLK,YES,FEMALE,0,NO,NO,38,YES,NO,FIBER OPTIC,YES,YES,YES,NO,NO,NO,MONTH-TO-MONTH,YES,CREDIT CARD (AUTOMATIC),83.9,3233.6,2.7562417871222076,1
1194-BHJYC,NO,MALE,0,YES,NO,61,NO,NO,DSL,YES,NO,YES,YES,YES,YES,TWO YEAR,YES,MAILED CHECK,62.15,3778.85,2.0417214191852824,0
1194-HVAIF,NO,FEMALE,0,YES,NO,27,YES,YES,FIBER OPTIC,NO,NO,NO,NO,YES,YES,MONTH-TO-MONTH,NO,CREDIT CARD (AUTOMATIC),95.0,2462.55,3.1208935611038107,0
1194-SPVSP,NO,MALE,0,NO,NO,1,YES,NO,NO,NO,NO,NO,NO,NO,NO,MONTH-TO-MONTH,NO,BANK TRANSFER (AUTOMATIC),19.65,19.65,0.645532194480946,0
1195-OIYEJ,YES,MALE,0,NO,NO,13,YES,NO,FIBER OPTIC,NO,NO,NO,NO,YES,YES,MONTH-TO-MONTH,YES,ELECTRONIC CHECK,91.1,1135.7,2.9927726675427064,1
1196-AMORA,YES,MALE,0,NO,NO,7,YES,YES,FIBER OPTIC,NO,NO,NO,NO,NO,NO,MONTH-TO-MONTH,NO,ELECTRONIC CHECK,73.6,520.0,2.417871222076215,1
1197-BVMVG,NO,FEMALE,1,NO,NO,4,YES,YES,FIBER OPTIC,NO,NO,NO,NO,NO,NO,MONTH-TO-MONTH,YES,ELECTRONIC CHECK,74.45,294.45,2.445795006570302,0
1200-TUZHR,NO,FEMALE,1,NO,NO,8,YES,YES,FIBER OPTIC,NO,NO,NO,NO,NO,YES,MONTH-TO-MONTH,NO,ELECTRONIC CHECK,85.2,695.75,2.7989487516425755,0
1202-KKGFU,NO,FEMALE,0,YES,NO,12,YES,NO,DSL,YES,NO,NO,YES,NO,NO,MONTH-TO-MONTH,NO,BANK TRANSFER (AUTOMATIC),54.2,690.5,1.780551905387648,0
1205-WNWPJ,YES,FEMALE,0,NO,NO,7,YES,NO,DSL,NO,NO,NO,YES,YES,NO,MONTH-TO-MONTH,YES,MAILED CHECK,59.5,415.95,1.9546649145860708,1
1206-EHBDD,NO,FEMALE,0,YES,NO,56,YES,NO,FIBER OPTIC,YES,NO,YES,NO,NO,NO,TWO YEAR,NO,BANK TRANSFER (AUTOMATIC),80.3,4513.65,2.637976346911958,0
1207-BLKSA,NO,FEMALE,0,YES,YES,52,YES,YES,NO,NO,NO,NO,NO,NO,NO,TWO YEAR,NO,MAILED CHECK,23.05,1255.1,0.757227332457293,0
1208-DNHLN,YES,MALE,0,YES,YES,23,YES,YES,DSL,NO,NO,NO,NO,NO,NO,ONE YEAR,YES,CREDIT CARD (AUTOMATIC),48.35,1067.15,1.588370565045992,1
1208-NBVFH,NO,MALE,0,YES,YES,20,YES,NO,DSL,NO,NO,YES,NO,NO,NO,MONTH-TO-MONTH,YES,ELECTRONIC CHECK,49.6,939.8,1.6294349540078843,0
1209-VFFOC,NO,MALE,0,YES,YES,68,NO,NO,DSL,YES,YES,YES,YES,NO,YES,TWO YEAR,YES,MAILED CHECK,56.4,3948.45,1.852825229960578,0
1212-GLHMD,NO,MALE,0,NO,NO,3,YES,NO,FIBER OPTIC,YES,NO,NO,NO,NO,YES,MONTH-TO-MONTH,YES,MAILED CHECK,86.05,244.85,2.826872536136662,0
1213-NGCUN,YES,FEMALE,0,NO,NO,6,YES,NO,DSL,NO,NO,NO,YES,NO,NO,MONTH-TO-MONTH,YES,BANK TRANSFER (AUTOMATIC),49.65,267.35,1.63107752956636,1
1215-EXRMO,NO,MALE,0,YES,NO,50,YES,NO,NO,NO,NO,NO,NO,NO,NO,TWO YEAR,NO,MAILED CHECK,20.55,1067.65,0.6750985545335085,0
1215-FIGMP,NO,MALE,0,NO,NO,60,YES,YES,FIBER OPTIC,NO,YES,NO,NO,YES,NO,MONTH-TO-MONTH,YES,BANK TRANSFER (AUTOMATIC),89.9,5450.7,2.9533508541392903,0
1215-VFYVK,NO,FEMALE,0,NO,NO,4,NO,NO,DSL,YES,NO,YES,YES,NO,YES,MONTH-TO-MONTH,NO,MAILED CHECK,48.25,202.25,1.5850854139290407,0
1216-BGTSP,NO,MALE,0,NO,NO,45,YES,YES,FIBER OPTIC,YES,NO,YES,YES,YES,YES,MONTH-TO-MONTH,YES,CREDIT CARD (AUTOMATIC),108.45,4964.7,3.5627463863337714,0
1216-JWVUX,NO,MALE,0,YES,YES,25,YES,NO,FIBER OPTIC,NO,YES,NO,NO,NO,NO,MONTH-TO-MONTH,YES,ELECTRONIC CHECK,75.5,1901.05,2.4802890932982917,0
1217-VASWC,NO,MALE,1,YES,NO,43,YES,NO,FIBER OPTIC,NO,YES,YES,NO,YES,YES,ONE YEAR,YES,BANK TRANSFER (AUTOMATIC),100.55,4304.0,3.303219448094612,0
1218-VKFPE,YES,FEMALE,0,YES,YES,12,YES,NO,NO,NO,NO,NO,NO,NO,NO,MONTH-TO-MONTH,NO,MAILED CHECK,19.0,233.55,0.6241787122207622,1
1219-NNDDO,NO,FEMALE,0,NO,NO,9,YES,YES,FIBER OPTIC,NO,NO,NO,NO,NO,NO,MONTH-TO-MONTH,YES,ELECTRONIC CHECK,76.85,663.55,2.524638633377135,0
1221-GHZEP,NO,FEMALE,0,NO,NO,62,YES,NO,DSL,YES,NO,NO,YES,NO,YES,TWO YEAR,YES,MAILED CHECK,65.1,3846.75,2.138633377135348,0
1222-KJNZD,NO,MALE,0,YES,YES,40,YES,NO,NO,NO,NO,NO,NO,NO,NO,MONTH-TO-MONTH,YES,BANK TRANSFER (AUTOMATIC),20.4,745.3,0.6701708278580814,0
1222-LRYKO,NO,MALE,0,NO,YES,6,YES,YES,NO,NO,NO,NO,NO,NO,NO,MONTH-TO-MONTH,NO,MAILED CHECK,26.35,184.05,0.8656373193166885,0
1223-UNPKS,NO,MALE,0,YES,YES,20,YES,NO,NO,NO,NO,NO,NO,NO,NO,TWO YEAR,NO,MAILED CHECK,20.05,400.0,0.6586727989487516,0
1226-IENZN,NO,MALE,1,NO,NO,16,YES,NO,FIBER OPTIC,NO,NO,NO,NO,NO,YES,MONTH-TO-MONTH,YES,ELECTRONIC CHECK,78.75,1218.25,2.5870565045992113,0
1226-JZNKR,NO,FEMALE,0,YES,YES,8,YES,NO,NO,NO,NO,NO,NO,NO,NO,ONE YEAR,NO,ELECTRONIC CHECK,19.8,160.05,0.6504599211563732,0
1226-UDFZR,YES,FEMALE,0,NO,NO,2,YES,NO,DSL,NO,YES,NO,NO,NO,NO,MONTH-TO-MONTH,YES,MAILED CHECK,49.6,114.7,1.6294349540078843,1
1227-UDMZR,NO,FEMALE,0,YES,NO,72,YES,YES,DSL,YES,YES,YES,YES,YES,YES,TWO YEAR,YES,BANK TRANSFER (AUTOMATIC),91.15,6637.9,2.994415243101183,0
1228-FZFRV,YES,MALE,0,YES,YES,50,YES,YES,FIBER OPTIC,YES,NO,YES,NO,YES,YES,MONTH-TO-MONTH,NO,CREDIT CARD (AUTOMATIC),105.95,5341.8,3.480617608409987,1
1228-ZLNBX,NO,MALE,0,NO,NO,21,YES,YES,FIBER OPTIC,NO,NO,NO,NO,NO,NO,MONTH-TO-MONTH,NO,MAILED CHECK,75.3,1570.7,2.473718791064389,0
1229-RCALF,NO,FEMALE,0,YES,NO,64,YES,YES,FIBER OPTIC,YES,YES,YES,YES,YES,YES,ONE YEAR,YES,ELECTRONIC CHECK,115.0,7396.15,3.7779237844940865,0
1230-QAJDW,NO,MALE,0,NO,NO,3,YES,YES,DSL,NO,NO,NO,YES,YES,NO,MONTH-TO-MONTH,YES,MAILED CHECK,65.25,209.9,2.143561103810775,0
1231-YNDEK,NO,MALE,0,NO,NO,58,YES,NO,NO,NO,NO,NO,NO,NO,NO,TWO YEAR,YES,BANK TRANSFER (AUTOMATIC),19.15,1035.5,0.6291064388961891,0
1236-WFCDV,YES,MALE,1,NO,NO,14,YES,NO,FIBER OPTIC,NO,NO,NO,NO,YES,YES,MONTH-TO-MONTH,NO,CREDIT CARD (AUTOMATIC),90.45,1266.1,2.971419185282523,1
1237-WIYYZ,NO,FEMALE,0,NO,NO,18,YES,NO,NO,NO,NO,NO,NO,NO,NO,MONTH-TO-MONTH,YES,MAILED CHECK,19.55,389.25,0.6422470433639947,0
1240-HCBOH,NO,FEMALE,0,NO,NO,67,YES,YES,NO,NO,NO,NO,NO,NO,NO,TWO YEAR,YES,MAILED CHECK,26.1,1759.55,0.8574244415243101,0
1240-KNSEZ,YES,MALE,0,NO,NO,1,YES,NO,NO,NO,NO,NO,NO,NO,NO,MONTH-TO-MONTH,YES,MAILED CHECK,20.1,20.1,0.6603153745072273,1
1241-EZFMJ,NO,MALE,0,YES,NO,61,YES,YES,NO,NO,NO,NO,NO,NO,NO,TWO YEAR,NO,BANK TRANSFER (AUTOMATIC),25.45,1538.6,0.8360709592641261,0
1241-FPMOF,NO,MALE,0,NO,NO,52,YES,NO,NO,NO,NO,NO,NO,NO,NO,TWO YEAR,NO,MAILED CHECK,19.65,1025.05,0.645532194480946,0
1245-HARPS,NO,FEMALE,0,YES,NO,14,YES,NO,NO,NO,NO,NO,NO,NO,NO,TWO YEAR,NO,MAILED CHECK,20.4,292.4,0.6701708278580814,0
1247-QBVSH,NO,FEMALE,0,YES,YES,43,YES,NO,DSL,NO,YES,NO,NO,NO,NO,MONTH-TO-MONTH,NO,MAILED CHECK,50.2,2169.4,1.6491458607095926,0
1248-DYXUB,NO,MALE,0,YES,YES,52,YES,YES,NO,NO,NO,NO,NO,NO,NO,TWO YEAR,NO,MAILED CHECK,24.8,1229.1,0.8147174770039421,0
1251-KRREG,YES,MALE,0,NO,NO,2,YES,YES,DSL,NO,YES,NO,NO,NO,NO,MONTH-TO-MONTH,YES,MAILED CHECK,54.4,114.1,1.7871222076215505,1
1251-STYSZ,NO,FEMALE,1,NO,NO,4,YES,YES,FIBER OPTIC,YES,NO,NO,NO,NO,NO,MONTH-TO-MONTH,YES,ELECTRONIC CHECK,80.25,303.7,2.636333771353482,0
1254-IZEYF,YES,FEMALE,1,NO,NO,31,YES,YES,FIBER OPTIC,NO,YES,NO,NO,YES,YES,MONTH-TO-MONTH,YES,ELECTRONIC CHECK,99.95,3186.65,3.283508541392904,1
1257-SXUXQ,NO,MALE,0,YES,YES,5,YES,NO,NO,NO,NO,NO,NO,NO,NO,MONTH-TO-MONTH,NO,MAILED CHECK,19.45,86.05,0.6389618922470434,0
1258-YMZNM,NO,FEMALE,1,NO,NO,27,YES,YES,FIBER OPTIC,YES,YES,YES,NO,YES,YES,ONE YEAR,YES,BANK TRANSFER (AUTOMATIC),110.5,2857.6,3.6300919842312744,0
1260-TTRXI,YES,MALE,0,NO,NO,4,YES,NO,DSL,NO,NO,NO,NO,NO,YES,MONTH-TO-MONTH,NO,ELECTRONIC CHECK,54.3,195.3,1.7838370565045991,1
1261-FWTTE,NO,MALE,1,NO,NO,23,NO,NO,DSL,NO,NO,NO,NO,NO,YES,MONTH-TO-MONTH,YES,BANK TRANSFER (AUTOMATIC),34.65,768.45,1.1383048620236529,0
1262-OPMFY,YES,FEMALE,0,YES,NO,9,YES,NO,FIBER OPTIC,NO,NO,YES,NO,NO,NO,MONTH-TO-MONTH,YES,BANK TRANSFER (AUTOMATIC),75.75,655.9,2.48850197109067,1
1264-BYWMS,YES,MALE,0,NO,NO,55,YES,YES,FIBER OPTIC,NO,NO,NO,NO,YES,YES,MONTH-TO-MONTH,YES,ELECTRONIC CHECK,96.8,5283.95,3.1800262812089355,1
1264-FUHCX,NO,FEMALE,0,YES,NO,49,NO,NO,DSL,NO,YES,NO,YES,YES,YES,ONE YEAR,YES,CREDIT CARD (AUTOMATIC),56.3,2780.6,1.8495400788436267,0
1265-BCFEO,NO,FEMALE,0,YES,NO,71,YES,YES,DSL,NO,NO,YES,YES,YES,YES,TWO YEAR,YES,BANK TRANSFER (AUTOMATIC),80.45,5662.25,2.642904073587385,0
1265-HVPZB,NO,MALE,0,YES,NO,59,YES,NO,DSL,YES,YES,YES,NO,YES,NO,ONE YEAR,NO,CREDIT CARD (AUTOMATIC),66.4,3958.2,2.181340341655716,0
1265-XTECC,YES,FEMALE,1,YES,NO,68,YES,YES,FIBER OPTIC,YES,YES,NO,NO,NO,YES,ONE YEAR,YES,CREDIT CARD (AUTOMATIC),96.55,6581.9,3.171813403416557,1
1265-ZFOSD,NO,FEMALE,0,YES,NO,64,YES,YES,DSL,YES,YES,YES,YES,NO,YES,TWO YEAR,YES,MAILED CHECK,81.3,5129.3,2.6708278580814717,0
1266-NZYUI,NO,FEMALE,0,YES,YES,72,YES,YES,DSL,YES,NO,YES,YES,NO,NO,TWO YEAR,NO,BANK TRANSFER (AUTOMATIC),66.85,4758.8,2.196123521681997,0
1268-ASBGA,YES,FEMALE,1,YES,NO,16,YES,YES,FIBER OPTIC,NO,NO,NO,NO,NO,YES,MONTH-TO-MONTH,YES,CREDIT CARD (AUTOMATIC),85.35,1375.15,2.8038764783180024,1
1269-FOYWN,NO,MALE,0,YES,YES,44,YES,NO,NO,NO,NO,NO,NO,NO,NO,ONE YEAR,NO,BANK TRANSFER (AUTOMATIC),20.0,860.85,0.657030223390276,0
1270-XKUCC,NO,FEMALE,0,YES,YES,30,YES,NO,NO,NO,NO,NO,NO,NO,NO,TWO YEAR,NO,MAILED CHECK,19.7,599.25,0.6471747700394218,0
1271-SJBGZ,YES,MALE,1,NO,NO,12,NO,NO,DSL,NO,NO,YES,YES,NO,YES,MONTH-TO-MONTH,YES,ELECTRONIC CHECK,43.65,526.95,1.4339684625492772,1
1271-UODNO,NO,MALE,0,NO,NO,39,YES,YES,DSL,NO,NO,NO,YES,NO,NO,TWO YEAR,YES,CREDIT CARD (AUTOMATIC),53.85,2200.7,1.769053876478318,0
1272-ILHFG,NO,MALE,0,YES,YES,15,YES,NO,NO,NO,NO,NO,NO,NO,NO,ONE YEAR,NO,MAILED CHECK,19.65,332.65,0.645532194480946,0
1273-MTETI,YES,FEMALE,1,NO,NO,4,YES,YES,FIBER OPTIC,NO,NO,YES,NO,NO,YES,MONTH-TO-MONTH,YES,ELECTRONIC CHECK,88.85,372.45,2.9188567674113006,1
1282-IHQAC,NO,MALE,1,NO,NO,70,NO,NO,DSL,NO,YES,YES,NO,YES,NO,ONE YEAR,YES,CREDIT CARD (AUTOMATIC),44.05,3011.65,1.4471090670170825,0
1285-OKIPP,YES,MALE,0,NO,NO,1,YES,NO,FIBER OPTIC,NO,NO,NO,NO,NO,YES,MONTH-TO-MONTH,NO,ELECTRONIC CHECK,79.9,79.9,2.6248357424441524,1
1291-CUOCY,NO,MALE,0,YES,NO,72,YES,YES,FIBER OPTIC,NO,YES,YES,YES,YES,YES,TWO YEAR,YES,CREDIT CARD (AUTOMATIC),110.6,7962.2,3.633377135348226,0
1293-BSEUN,NO,FEMALE,0,YES,YES,72,YES,NO,NO,NO,NO,NO,NO,NO,NO,TWO YEAR,YES,MAILED CHECK,20.7,1482.3,0.6800262812089356,0
1293-HHSHJ,NO,FEMALE,0,NO,NO,35,YES,NO,NO,NO,NO,NO,NO,NO,NO,ONE YEAR,NO,MAILED CHECK,21.1,741.0,0.6931668856767411,0
1297-VQDRP,NO,MALE,1,YES,YES,68,YES,YES,FIBER OPTIC,NO,NO,YES,YES,YES,YES,ONE YEAR,YES,CREDIT CARD (AUTOMATIC),107.15,7379.8,3.5200394218134035,0
1298-PHBTI,NO,MALE,0,YES,YES,71,YES,YES,FIBER OPTIC,NO,YES,NO,YES,NO,NO,TWO YEAR,YES,ELECTRONIC CHECK,84.8,6152.4,2.78580814717477,0
1299-AURJA,NO,FEMALE,0,YES,YES,70,YES,YES,NO,NO,NO,NO,NO,NO,NO,TWO YEAR,NO,BANK TRANSFER (AUTOMATIC),24.7,1685.9,0.8114323258869908,0
1301-LOPVR,NO,MALE,0,YES,YES,29,NO,NO,DSL,YES,YES,YES,YES,NO,YES,ONE YEAR,YES,CREDIT CARD (AUTOMATIC),55.35,1636.95,1.8183311432325886,0
1302-TPUBN,NO,MALE,0,NO,NO,66,YES,NO,NO,NO,NO,NO,NO,NO,NO,TWO YEAR,NO,BANK TRANSFER (AUTOMATIC),19.35,1240.8,0.635676741130092,0
1302-UHBDD,NO,MALE,1,NO,NO,20,YES,NO,FIBER OPTIC,NO,NO,NO,NO,YES,YES,MONTH-TO-MONTH,NO,ELECTRONIC CHECK,89.95,1648.45,2.9549934296977662,0
1303-SRDOK,NO,FEMALE,0,YES,YES,55,YES,NO,FIBER OPTIC,NO,NO,NO,NO,NO,NO,TWO YEAR,YES,CREDIT CARD (AUTOMATIC),69.05,3842.6,2.2683968462549275,0
1304-BCCFO,NO,MALE,0,YES,NO,9,YES,NO,DSL,NO,NO,YES,NO,YES,YES,MONTH-TO-MONTH,YES,MAILED CHECK,70.05,564.4,2.3012483574244413,0
1304-NECVQ,YES,FEMALE,1,NO,NO,2,YES,YES,FIBER OPTIC,NO,NO,YES,NO,NO,NO,MONTH-TO-MONTH,YES,ELECTRONIC CHECK,78.55,149.55,2.5804862023653086,1
1304-SEGFY,NO,FEMALE,0,YES,NO,72,YES,YES,FIBER OPTIC,NO,NO,YES,NO,YES,YES,TWO YEAR,YES,ELECTRONIC CHECK,97.85,6841.3,3.2145203679369247,0
1306-RPWXZ,NO,FEMALE,0,NO,YES,49,YES,NO,NO,NO,NO,NO,NO,NO,NO,TWO YEAR,NO,CREDIT CARD (AUTOMATIC),20.45,1024.65,0.6718134034165572,0
1307-ATKGB,NO,MALE,0,NO,NO,24,YES,NO,FIBER OPTIC,NO,YES,YES,NO,NO,YES,MONTH-TO-MONTH,YES,ELECTRONIC CHECK,89.55,2187.15,2.9418528252299603,0
1307-TVUFB,NO,MALE,1,NO,NO,42,YES,YES,FIBER OPTIC,NO,YES,NO,NO,NO,NO,MONTH-TO-MONTH,YES,BANK TRANSFER (AUTOMATIC),79.35,3344.1,2.6067674113009196,0
1309-BXVOQ,YES,MALE,0,YES,NO,21,YES,YES,FIBER OPTIC,NO,NO,YES,YES,YES,YES,MONTH-TO-MONTH,YES,ELECTRONIC CHECK,106.1,2249.95,3.4855453350854138,1
1309-XGFSN,NO,MALE,1,YES,YES,52,YES,YES,DSL,NO,YES,YES,NO,YES,YES,ONE YEAR,YES,ELECTRONIC CHECK,80.85,4079.55,2.6560446780551903,0
1310-QRITU,NO,FEMALE,0,NO,NO,18,YES,YES,DSL,NO,NO,NO,NO,NO,NO,MONTH-TO-MONTH,YES,ELECTRONIC CHECK,50.3,913.3,1.652431011826544,0
1319-YLZJG,NO,MALE,0,YES,NO,12,YES,NO,FIBER OPTIC,YES,YES,YES,NO,NO,NO,MONTH-TO-MONTH,YES,ELECTRONIC CHECK,84.6,959.9,2.779237844940867,0
1320-GVNHT,NO,MALE,0,YES,YES,72,YES,YES,FIBER OPTIC,YES,YES,YES,NO,YES,YES,TWO YEAR,YES,CREDIT CARD (AUTOMATIC),108.4,7767.25,3.561103810775296,0
1320-HTRDR,YES,FEMALE,0,NO,NO,3,YES,YES,FIBER OPTIC,NO,NO,NO,NO,NO,NO,MONTH-TO-MONTH,YES,ELECTRONIC CHECK,75.5,220.6,2.4802890932982917,1
1320-REHCS,NO,MALE,1,NO,NO,52,YES,YES,FIBER OPTIC,NO,YES,YES,YES,YES,YES,MONTH-TO-MONTH,YES,ELECTRONIC CHECK,110.75,5832.0,3.638304862023653,0
1322-AGOQM,YES,MALE,0,NO,NO,46,NO,NO,DSL,NO,YES,NO,NO,NO,NO,MONTH-TO-MONTH,NO,BANK TRANSFER (AUTOMATIC),30.3,1380.1,0.995400788436268,1
1323-OOEPC,YES,FEMALE,0,YES,NO,53,YES,YES,FIBER OPTIC,NO,YES,NO,NO,YES,YES,MONTH-TO-MONTH,YES,CREDIT CARD (AUTOMATIC),98.4,5149.5,3.2325886990801576,1
1324-NLTJE,YES,FEMALE,1,NO,NO,15,YES,YES,DSL,NO,NO,NO,YES,NO,NO,MONTH-TO-MONTH,NO,CREDIT CARD (AUTOMATIC),55.0,757.1,1.8068331143232588,1
1325-USMEC,NO,MALE,0,YES,NO,70,YES,YES,FIBER OPTIC,YES,YES,YES,NO,YES,NO,TWO YEAR,YES,CREDIT CARD (AUTOMATIC),99.35,6944.5,3.2637976346911954,0
1328-EUZHC,NO,FEMALE,0,YES,NO,18,YES,NO,NO,NO,NO,NO,NO,NO,NO,TWO YEAR,NO,MAILED CHECK,20.1,370.5,0.6603153745072273,0
1329-VHWNP,NO,FEMALE,0,NO,NO,7,NO,NO,DSL,NO,NO,NO,NO,NO,NO,MONTH-TO-MONTH,NO,BANK TRANSFER (AUTOMATIC),25.05,189.95,0.8229303547963206,0
1333-PBMXB,NO,FEMALE,0,YES,YES,54,YES,YES,NO,NO,NO,NO,NO,NO,NO,ONE YEAR,YES,BANK TRANSFER (AUTOMATIC),24.75,1342.15,0.8130749014454665,0
1334-FJSVR,YES,MALE,0,NO,NO,1,NO,NO,DSL,NO,NO,NO,NO,NO,NO,MONTH-TO-MONTH,YES,ELECTRONIC CHECK,24.25,24.25,0.7966491458607096,1
1334-PDUKM,NO,FEMALE,0,YES,NO,68,YES,YES,FIBER OPTIC,NO,YES,YES,NO,NO,NO,ONE YEAR,NO,CREDIT CARD (AUTOMATIC),86.45,5762.95,2.840013140604468,0
1335-HQMKX,NO,FEMALE,0,YES,NO,72,YES,YES,FIBER OPTIC,NO,YES,YES,NO,YES,YES,ONE YEAR,YES,ELECTRONIC CHECK,101.35,7323.15,3.329500657030223,0
1335-MXCSE,NO,MALE,0,YES,YES,55,YES,NO,DSL,NO,NO,YES,YES,NO,NO,TWO YEAR,YES,CREDIT CARD (AUTOMATIC),55.25,3119.9,1.8150459921156372,0
1335-NTIUC,NO,MALE,0,NO,NO,9,NO,NO,DSL,NO,NO,NO,NO,NO,NO,MONTH-TO-MONTH,YES,ELECTRONIC CHECK,24.95,190.25,0.8196452036793692,0
1336-EZFZY,NO,FEMALE,0,NO,NO,4,YES,NO,NO,NO,NO,NO,NO,NO,NO,MONTH-TO-MONTH,NO,MAILED CHECK,20.05,83.3,0.6586727989487516,0
1337-BOZWO,NO,MALE,0,YES,YES,18,NO,NO,DSL,NO,YES,YES,NO,YES,NO,ONE YEAR,NO,CREDIT CARD (AUTOMATIC),46.4,812.4,1.5243101182654402,0
1338-CECEE,NO,MALE,0,YES,YES,41,YES,YES,DSL,NO,YES,YES,NO,YES,NO,ONE YEAR,NO,BANK TRANSFER (AUTOMATIC),68.5,2839.95,2.250328515111695,0
1342-JPNKI,YES,MALE,0,NO,NO,10,YES,YES,FIBER OPTIC,NO,NO,NO,NO,YES,NO,MONTH-TO-MONTH,YES,BANK TRANSFER (AUTOMATIC),86.05,834.1,2.826872536136662,1
1343-EHPYB,YES,MALE,0,YES,NO,63,YES,YES,FIBER OPTIC,NO,YES,YES,NO,YES,YES,MONTH-TO-MONTH,YES,ELECTRONIC CHECK,103.4,6603.0,3.3968462549277265,1
1345-GKDZZ,NO,MALE,0,NO,YES,6,YES,NO,NO,NO,NO,NO,NO,NO,NO,MONTH-TO-MONTH,NO,MAILED CHECK,19.55,128.6,0.6422470433639947,0
1345-ZUKID,NO,MALE,0,NO,NO,14,YES,NO,NO,NO,NO,NO,NO,NO,NO,ONE YEAR,NO,MAILED CHECK,19.35,324.8,0.635676741130092,0
1346-PJWTK,NO,MALE,0,YES,NO,61,YES,NO,FIBER OPTIC,NO,YES,YES,YES,NO,YES,MONTH-TO-MONTH,NO,CREDIT CARD (AUTOMATIC),94.15,5731.85,3.092969776609724,0
1346-UFHAX,NO,FEMALE,0,NO,NO,13,YES,YES,FIBER OPTIC,YES,NO,NO,NO,NO,NO,MONTH-TO-MONTH,YES,CREDIT CARD (AUTOMATIC),80.0,1029.35,2.628120893561104,0
1347-KTTTA,NO,MALE,0,YES,NO,64,YES,NO,FIBER OPTIC,NO,YES,YES,YES,YES,YES,ONE YEAR,YES,CREDIT CARD (AUTOMATIC),102.45,6654.1,3.3656373193166886,0
1349-WXNGG,YES,MALE,0,NO,NO,1,YES,NO,NO,NO,NO,NO,NO,NO,NO,MONTH-TO-MONTH,NO,BANK TRANSFER (AUTOMATIC),20.05,20.05,0.6586727989487516,1
1352-HNSAW,NO,FEMALE,0,YES,YES,72,YES,YES,FIBER OPTIC,YES,YES,YES,YES,YES,YES,TWO YEAR,YES,BANK TRANSFER (AUTOMATIC),115.6,8220.4,3.7976346911957948,0
1352-VHKAJ,NO,MALE,0,YES,YES,27,YES,YES,DSL,NO,NO,NO,YES,YES,YES,MONTH-TO-MONTH,NO,BANK TRANSFER (AUTOMATIC),71.6,1957.1,2.3521681997371875,0
1353-GHZOS,NO,MALE,0,YES,NO,22,YES,NO,DSL,YES,NO,NO,NO,YES,NO,ONE YEAR,YES,BANK TRANSFER (AUTOMATIC),59.75,1374.35,1.9628777923784493,0
1353-LJWEM,NO,MALE,0,NO,NO,11,YES,NO,DSL,NO,YES,YES,YES,NO,NO,MONTH-TO-MONTH,YES,ELECTRONIC CHECK,60.9,688.5,2.0006570302233904,0
1354-YZFNB,NO,MALE,0,YES,YES,4,YES,NO,NO,NO,NO,NO,NO,NO,NO,TWO YEAR,NO,CREDIT CARD (AUTOMATIC),19.55,68.8,0.6422470433639947,0
1355-KUSBG,NO,FEMALE,0,YES,YES,7,YES,YES,DSL,NO,NO,NO,NO,NO,NO,MONTH-TO-MONTH,NO,ELECTRONIC CHECK,48.8,349.8,1.6031537450722733,0
1356-MKYSK,NO,MALE,0,NO,NO,6,YES,NO,DSL,YES,NO,YES,YES,YES,YES,MONTH-TO-MONTH,NO,CREDIT CARD (AUTOMATIC),78.65,483.3,2.5837713534822604,0
1357-BIJKI,NO,MALE,0,YES,NO,50,YES,YES,FIBER OPTIC,NO,YES,NO,NO,YES,YES,ONE YEAR,YES,ELECTRONIC CHECK,98.25,4858.7,3.2276609724047303,0
1357-MVDOZ,NO,MALE,0,YES,YES,11,YES,NO,DSL,NO,NO,YES,NO,YES,NO,MONTH-TO-MONTH,YES,BANK TRANSFER (AUTOMATIC),59.65,683.25,1.959592641261498,0
1360-JYXKQ,NO,FEMALE,1,YES,NO,54,YES,NO,FIBER OPTIC,NO,NO,YES,YES,YES,YES,ONE YEAR,YES,ELECTRONIC CHECK,99.1,5437.1,3.255584756898817,0
1360-RCYRT,NO,MALE,0,YES,YES,23,NO,NO,DSL,NO,NO,NO,YES,NO,NO,MONTH-TO-MONTH,YES,BANK TRANSFER (AUTOMATIC),30.35,678.75,0.9970433639947438,0
1360-XFJMR,NO,FEMALE,0,YES,NO,67,YES,YES,FIBER OPTIC,NO,YES,YES,YES,YES,YES,ONE YEAR,YES,CREDIT CARD (AUTOMATIC),109.7,7344.45,3.6038107752956634,0
1363-TXLSL,YES,MALE,1,YES,NO,1,YES,NO,FIBER OPTIC,NO,NO,NO,NO,NO,NO,MONTH-TO-MONTH,YES,ELECTRONIC CHECK,70.3,70.3,2.3094612352168196,1
1370-GGAWX,NO,FEMALE,0,NO,NO,46,YES,YES,FIBER OPTIC,NO,YES,YES,NO,NO,YES,ONE YEAR,YES,ELECTRONIC CHECK,94.15,4408.45,3.092969776609724,0
1371-DWPAZ,NO,FEMALE,0,YES,YES,0,NO,NO,DSL,YES,YES,YES,YES,YES,NO,TWO YEAR,NO,CREDIT CARD (AUTOMATIC),56.05,0.0,1.8413272010512483,0
1371-OJCEK,NO,FEMALE,0,NO,NO,48,YES,YES,NO,NO,NO,NO,NO,NO,NO,ONE YEAR,NO,BANK TRANSFER (AUTOMATIC),24.35,1133.7,0.7999342969776609,0
1371-WEPDS,NO,MALE,1,YES,NO,40,YES,NO,DSL,NO,NO,NO,NO,NO,YES,ONE YEAR,NO,ELECTRONIC CHECK,55.8,2283.3,1.8331143232588698,0
1373-ORVIZ,YES,FEMALE,0,YES,YES,11,YES,YES,DSL,NO,NO,NO,YES,NO,YES,MONTH-TO-MONTH,YES,ELECTRONIC CHECK,66.35,740.8,2.1796977660972403,1
1374-DMZUI,YES,FEMALE,1,NO,NO,4,YES,YES,FIBER OPTIC,NO,NO,NO,NO,YES,YES,MONTH-TO-MONTH,YES,ELECTRONIC CHECK,94.3,424.45,3.097897503285151,1
1376-HHBDV,NO,FEMALE,0,NO,NO,30,YES,NO,DSL,YES,NO,NO,NO,NO,NO,MONTH-TO-MONTH,YES,MAILED CHECK,48.8,1536.75,1.6031537450722733,0
1379-FRVEB,NO,MALE,0,NO,YES,15,YES,YES,FIBER OPTIC,NO,YES,NO,NO,YES,NO,MONTH-TO-MONTH,YES,ELECTRONIC CHECK,91.0,1430.05,2.9894875164257555,0
1383-EZRWL,YES,FEMALE,0,NO,NO,7,YES,NO,NO,NO,NO,NO,NO,NO,NO,MONTH-TO-MONTH,NO,MAILED CHECK,20.05,164.85,0.6586727989487516,1
1384-RCUXW,NO,MALE,0,NO,NO,16,YES,YES,FIBER OPTIC,NO,YES,NO,NO,NO,NO,MONTH-TO-MONTH,YES,MAILED CHECK,80.55,1248.9,2.646189224704336,0
1385-TQOZW,NO,FEMALE,0,NO,NO,9,YES,NO,NO,NO,NO,NO,NO,NO,NO,MONTH-TO-MONTH,YES,CREDIT CARD (AUTOMATIC),20.45,147.55,0.6718134034165572,0
1386-ZIKUV,NO,MALE,0,NO,NO,7,YES,NO,NO,NO,NO,NO,NO,NO,NO,MONTH-TO-MONTH,YES,MAILED CHECK,18.95,130.55,0.6225361366622865,0
1389-CXMLU,YES,MALE,1,NO,NO,3,YES,YES,FIBER OPTIC,NO,NO,YES,NO,YES,NO,MONTH-TO-MONTH,NO,ELECTRONIC CHECK,91.05,289.1,2.991130091984231,1
1389-WNUIB,NO,FEMALE,0,YES,YES,20,YES,YES,DSL,YES,NO,NO,NO,YES,YES,ONE YEAR,NO,BANK TRANSFER (AUTOMATIC),76.0,1588.75,2.4967148488830486,0
1391-UBDAR,NO,MALE,0,NO,NO,11,YES,NO,FIBER OPTIC,NO,NO,YES,NO,NO,NO,MONTH-TO-MONTH,NO,ELECTRONIC CHECK,72.9,818.45,2.394875164257556,0
1393-IMKZG,NO,FEMALE,0,NO,NO,1,YES,NO,FIBER OPTIC,NO,NO,NO,YES,YES,YES,MONTH-TO-MONTH,YES,ELECTRONIC CHECK,95.85,95.85,3.148817345597897,0
1394-SUIUH,NO,FEMALE,1,YES,NO,44,YES,NO,FIBER OPTIC,YES,YES,NO,YES,NO,NO,MONTH-TO-MONTH,YES,ELECTRONIC CHECK,85.15,3670.5,2.7973061760841,0
1395-OFUWC,NO,MALE,0,YES,YES,43,NO,NO,DSL,NO,YES,NO,NO,NO,NO,MONTH-TO-MONTH,NO,CREDIT CARD (AUTOMATIC),29.3,1224.05,0.9625492772667542,0
1395-WSWXR,NO,MALE,0,NO,NO,24,YES,NO,NO,NO,NO,NO,NO,NO,NO,TWO YEAR,NO,MAILED CHECK,20.75,487.05,0.6816688567674113,0
1396-QWFBJ,YES,FEMALE,0,YES,YES,21,YES,NO,FIBER OPTIC,NO,YES,NO,NO,NO,NO,MONTH-TO-MONTH,YES,BANK TRANSFER (AUTOMATIC),74.05,1565.7,2.4326544021024965,1
1397-XKKWR,NO,MALE,0,NO,NO,7,NO,NO,DSL,YES,NO,YES,NO,NO,NO,ONE YEAR,NO,MAILED CHECK,35.3,264.8,1.1596583442838369,0
1399-OUPJN,NO,FEMALE,0,YES,YES,57,YES,NO,NO,NO,NO,NO,NO,NO,NO,TWO YEAR,NO,BANK TRANSFER (AUTOMATIC),19.75,1272.05,0.6488173455978975,0
1399-UBQIU,NO,MALE,0,NO,NO,11,YES,NO,DSL,NO,NO,YES,NO,YES,YES,MONTH-TO-MONTH,YES,ELECTRONIC CHECK,69.35,712.25,2.2782522996057817,0
1400-MMYXY,YES,MALE,1,YES,NO,3,YES,YES,FIBER OPTIC,NO,YES,YES,NO,YES,YES,MONTH-TO-MONTH,YES,ELECTRONIC CHECK,105.9,334.65,3.478975032851511,1
1400-WIVLL,NO,MALE,0,YES,NO,57,YES,YES,FIBER OPTIC,NO,NO,YES,YES,YES,YES,TWO YEAR,NO,ELECTRONIC CHECK,107.95,5969.85,3.5463206307490145,0
1401-FTHFQ,NO,MALE,0,YES,YES,23,YES,NO,NO,NO,NO,NO,NO,NO,NO,ONE YEAR,YES,CREDIT CARD (AUTOMATIC),20.0,445.3,0.657030223390276,0
1402-PTHGN,NO,FEMALE,0,YES,YES,18,YES,NO,DSL,YES,YES,NO,YES,NO,NO,ONE YEAR,YES,MAILED CHECK,61.5,1087.45,2.0203679369250986,0
1403-GYAFU,NO,MALE,0,YES,YES,70,YES,NO,NO,NO,NO,NO,NO,NO,NO,TWO YEAR,NO,CREDIT CARD (AUTOMATIC),20.05,1360.25,0.6586727989487516,0
1403-LKLIK,NO,FEMALE,0,YES,YES,33,YES,NO,NO,NO,NO,NO,NO,NO,NO,ONE YEAR,NO,MAILED CHECK,20.1,579.4,0.6603153745072273,0
1406-PUQVY,NO,MALE,0,NO,YES,1,YES,NO,DSL,NO,YES,NO,NO,NO,NO,MONTH-TO-MONTH,YES,ELECTRONIC CHECK,49.9,49.9,1.6392904073587384,0
1407-DIGZV,NO,FEMALE,0,YES,YES,3,YES,NO,NO,NO,NO,NO,NO,NO,NO,TWO YEAR,NO,MAILED CHECK,19.1,52.0,0.6274638633377135,0
1409-PHXTF,NO,MALE,1,YES,NO,54,YES,YES,FIBER OPTIC,NO,YES,YES,YES,YES,YES,TWO YEAR,YES,ELECTRONIC CHECK,110.45,6077.75,3.628449408672799,0
1410-RSCMR,NO,MALE,0,YES,YES,7,YES,NO,DSL,YES,NO,YES,YES,NO,YES,MONTH-TO-MONTH,YES,CREDIT CARD (AUTOMATIC),71.35,515.75,2.3439553219448093,0
1414-YADCW,NO,MALE,0,YES,NO,70,YES,NO,FIBER OPTIC,YES,YES,NO,YES,NO,NO,TWO YEAR,NO,BANK TRANSFER (AUTOMATIC),84.6,5706.2,2.779237844940867,0
1415-YFWLT,YES,FEMALE,1,NO,NO,1,YES,NO,FIBER OPTIC,NO,NO,NO,NO,YES,YES,MONTH-TO-MONTH,YES,ELECTRONIC CHECK,89.3,89.3,2.933639947437582,1
1421-HCERK,NO,MALE,1,YES,NO,30,YES,YES,FIBER OPTIC,YES,YES,YES,YES,YES,NO,MONTH-TO-MONTH,YES,BANK TRANSFER (AUTOMATIC),105.7,3181.8,3.4724047306176082,0
1422-DGUBX,NO,MALE,0,YES,NO,32,YES,YES,FIBER OPTIC,NO,NO,NO,YES,NO,NO,ONE YEAR,YES,ELECTRONIC CHECK,79.25,2619.15,2.6034822601839682,0
1423-BMPBQ,NO,FEMALE,0,YES,YES,1,YES,NO,NO,NO,NO,NO,NO,NO,NO,MONTH-TO-MONTH,YES,MAILED CHECK,19.0,19.0,0.6241787122207622,0
1427-VERSM,NO,FEMALE,0,YES,NO,56,YES,NO,FIBER OPTIC,NO,NO,YES,YES,YES,YES,MONTH-TO-MONTH,YES,ELECTRONIC CHECK,98.7,5669.5,3.2424441524310117,0
1428-GTBJJ,YES,MALE,0,NO,NO,11,YES,NO,FIBER OPTIC,NO,YES,NO,NO,NO,NO,MONTH-TO-MONTH,YES,ELECTRONIC CHECK,74.55,824.75,2.4490801576872534,1
1428-IEDPR,NO,MALE,0,NO,NO,52,YES,YES,FIBER OPTIC,YES,NO,YES,YES,YES,YES,TWO YEAR,YES,ELECTRONIC CHECK,109.3,5731.4,3.590670170827858,0
1429-UYJSV,NO,FEMALE,0,NO,NO,12,YES,NO,NO,NO,NO,NO,NO,NO,NO,ONE YEAR,NO,MAILED CHECK,19.7,260.9,0.6471747700394218,0
1430-SFQSA,NO,MALE,0,NO,NO,29,NO,NO,DSL,YES,NO,NO,YES,NO,NO,ONE YEAR,NO,MAILED CHECK,35.6,1072.6,1.1695137976346912,0
1431-AIDJQ,NO,MALE,0,YES,YES,33,YES,NO,DSL,NO,YES,YES,YES,YES,YES,TWO YEAR,NO,CREDIT CARD (AUTOMATIC),82.1,2603.1,2.6971090670170823,0
1431-CYWMH,NO,FEMALE,0,YES,YES,22,YES,NO,NO,NO,NO,NO,NO,NO,NO,MONTH-TO-MONTH,NO,BANK TRANSFER (AUTOMATIC),19.05,454.05,0.6258212877792378,0
1432-FPAXX,YES,FEMALE,0,NO,NO,29,NO,NO,DSL,NO,YES,NO,NO,NO,NO,MONTH-TO-MONTH,YES,ELECTRONIC CHECK,30.6,856.35,1.0052562417871223,1
1436-ZMJAN,NO,FEMALE,0,YES,NO,10,YES,NO,DSL,NO,NO,YES,NO,YES,YES,MONTH-TO-MONTH,YES,CREDIT CARD (AUTOMATIC),67.8,653.15,2.227332457293035,0
1439-LCGVL,NO,FEMALE,0,YES,NO,26,YES,NO,NO,NO,NO,NO,NO,NO,NO,ONE YEAR,NO,MAILED CHECK,19.2,459.6,0.6307490144546649,0
1442-BQPVU,NO,FEMALE,0,NO,NO,13,NO,NO,DSL,NO,YES,NO,NO,NO,NO,MONTH-TO-MONTH,NO,ELECTRONIC CHECK,29.15,357.15,0.9576215505913271,0
1442-OKRJE,NO,MALE,0,YES,YES,66,YES,NO,FIBER OPTIC,YES,YES,YES,NO,YES,YES,ONE YEAR,YES,BANK TRANSFER (AUTOMATIC),103.15,7031.3,3.3886333771353483,0
1444-VVSGW,YES,MALE,0,YES,NO,70,YES,YES,FIBER OPTIC,YES,YES,YES,YES,YES,YES,ONE YEAR,NO,CREDIT CARD (AUTOMATIC),115.65,7968.85,3.7992772667542707,1
1447-GIQMR,YES,MALE,0,YES,NO,1,YES,NO,FIBER OPTIC,NO,NO,NO,NO,NO,NO,MONTH-TO-MONTH,YES,ELECTRONIC CHECK,69.15,69.15,2.2716819973718794,1
1447-PJGGA,YES,FEMALE,0,NO,NO,57,YES,NO,FIBER OPTIC,NO,NO,YES,NO,YES,YES,TWO YEAR,YES,ELECTRONIC CHECK,95.25,5464.65,3.129106438896189,1
1448-CYWKC,NO,FEMALE,0,YES,YES,58,YES,YES,FIBER OPTIC,NO,YES,YES,NO,YES,YES,ONE YEAR,YES,CREDIT CARD (AUTOMATIC),105.2,6225.4,3.4559789750328513,0
1448-PWKYE,YES,MALE,0,YES,YES,1,YES,NO,FIBER OPTIC,NO,NO,NO,NO,NO,YES,MONTH-TO-MONTH,NO,ELECTRONIC CHECK,80.0,80.0,2.628120893561104,1
1449-XQEMT,YES,MALE,0,NO,NO,3,YES,NO,NO,NO,NO,NO,NO,NO,NO,MONTH-TO-MONTH,YES,MAILED CHECK,19.8,58.15,0.6504599211563732,1
1450-GALXR,YES,FEMALE,0,NO,NO,10,YES,YES,FIBER OPTIC,NO,NO,NO,YES,YES,YES,MONTH-TO-MONTH,YES,ELECTRONIC CHECK,98.5,1058.25,3.235873850197109,1
1450-SKCVI,YES,FEMALE,0,NO,NO,56,YES,NO,FIBER OPTIC,NO,YES,NO,NO,NO,NO,MONTH-TO-MONTH,YES,ELECTRONIC CHECK,73.85,4092.85,2.4260840998685937,1
1452-KIOVK,NO,MALE,0,NO,YES,22,YES,YES,FIBER OPTIC,NO,YES,NO,NO,YES,NO,MONTH-TO-MONTH,YES,CREDIT CARD (AUTOMATIC),89.1,1949.4,2.927069645203679,0
1452-UZOSF,NO,MALE,0,YES,YES,72,YES,YES,FIBER OPTIC,YES,YES,YES,YES,YES,NO,TWO YEAR,YES,CREDIT CARD (AUTOMATIC),106.1,7548.6,3.4855453350854138,0
1452-VOQCH,NO,MALE,0,NO,NO,1,YES,YES,FIBER OPTIC,NO,NO,NO,NO,NO,NO,MONTH-TO-MONTH,YES,ELECTRONIC CHECK,75.1,75.1,2.4671484888304858,0
1452-XRSJV,NO,FEMALE,0,YES,YES,39,YES,NO,DSL,YES,NO,NO,NO,NO,NO,MONTH-TO-MONTH,NO,CREDIT CARD (AUTOMATIC),51.05,2066.0,1.6770696452036793,0
1453-RZFON,NO,FEMALE,0,NO,YES,1,YES,NO,DSL,YES,NO,NO,NO,NO,NO,MONTH-TO-MONTH,NO,MAILED CHECK,49.9,49.9,1.6392904073587384,0
1455-ESIQH,YES,MALE,0,NO,NO,1,YES,NO,FIBER OPTIC,NO,NO,NO,NO,YES,YES,MONTH-TO-MONTH,YES,ELECTRONIC CHECK,89.1,89.1,2.927069645203679,1
1455-HFBXA,NO,MALE,0,YES,NO,52,YES,YES,FIBER OPTIC,YES,NO,YES,YES,NO,NO,TWO YEAR,YES,CREDIT CARD (AUTOMATIC),91.6,4627.8,3.0091984231274633,0
1455-UGQVH,YES,MALE,0,YES,NO,10,YES,YES,FIBER OPTIC,NO,NO,YES,NO,YES,YES,MONTH-TO-MONTH,YES,ELECTRONIC CHECK,98.5,1037.75,3.235873850197109,1
1456-TWCGB,NO,MALE,0,NO,NO,4,YES,NO,DSL,NO,YES,NO,NO,NO,NO,MONTH-TO-MONTH,NO,MAILED CHECK,49.25,208.45,1.6179369250985545,0
1459-QNFQT,NO,MALE,0,YES,YES,70,NO,NO,DSL,YES,NO,YES,YES,YES,YES,TWO YEAR,NO,BANK TRANSFER (AUTOMATIC),59.5,4144.8,1.9546649145860708,0
1460-UZPRJ,NO,MALE,0,YES,NO,60,YES,NO,NO,NO,NO,NO,NO,NO,NO,TWO YEAR,NO,MAILED CHECK,19.95,1258.15,0.6553876478318003,0
1465-LNTLJ,NO,MALE,1,YES,NO,8,YES,NO,DSL,NO,NO,YES,YES,NO,YES,MONTH-TO-MONTH,YES,CREDIT CARD (AUTOMATIC),64.4,581.7,2.1156373193166886,0
1465-VINDH,YES,FEMALE,0,YES,YES,10,YES,YES,FIBER OPTIC,NO,YES,YES,NO,YES,YES,MONTH-TO-MONTH,YES,CREDIT CARD (AUTOMATIC),102.1,1068.85,3.3541392904073586,1
1465-WCZVT,NO,FEMALE,0,YES,YES,3,YES,NO,NO,NO,NO,NO,NO,NO,NO,MONTH-TO-MONTH,NO,MAILED CHECK,19.65,60.65,0.645532194480946,0
1468-DEFNC,NO,MALE,1,YES,YES,64,YES,YES,NO,NO,NO,NO,NO,NO,NO,TWO YEAR,YES,BANK TRANSFER (AUTOMATIC),24.4,1548.65,0.8015768725361366,0
1469-LBJQJ,NO,FEMALE,0,YES,NO,66,YES,YES,FIBER OPTIC,NO,YES,YES,NO,YES,YES,MONTH-TO-MONTH,YES,ELECTRONIC CHECK,105.2,6936.85,3.4559789750328513,0
1470-PSXNM,NO,MALE,0,YES,YES,49,YES,YES,FIBER OPTIC,NO,YES,YES,NO,YES,NO,ONE YEAR,YES,ELECTRONIC CHECK,93.65,4520.15,3.0765440210249673,0
1471-GIQKQ,NO,FEMALE,0,NO,NO,1,YES,NO,DSL,NO,YES,NO,NO,NO,NO,MONTH-TO-MONTH,NO,ELECTRONIC CHECK,49.95,49.95,1.6409329829172141,0
1472-TNCWL,NO,MALE,0,NO,YES,36,YES,NO,FIBER OPTIC,NO,YES,NO,NO,YES,YES,MONTH-TO-MONTH,YES,ELECTRONIC CHECK,94.7,3512.5,3.1110381077529565,0
1474-JUWSM,NO,FEMALE,0,YES,NO,58,YES,YES,DSL,YES,NO,NO,YES,NO,YES,ONE YEAR,YES,ELECTRONIC CHECK,68.4,3972.25,2.247043363994744,0
1475-VWVDO,NO,MALE,0,NO,NO,7,YES,NO,FIBER OPTIC,NO,NO,YES,NO,NO,NO,MONTH-TO-MONTH,YES,ELECTRONIC CHECK,74.9,490.55,2.4605781865965834,0
1478-VPOAD,NO,FEMALE,0,NO,NO,1,YES,NO,DSL,NO,NO,NO,NO,NO,NO,MONTH-TO-MONTH,NO,ELECTRONIC CHECK,43.8,43.8,1.438896189224704,0
1480-BKXGA,NO,MALE,1,YES,NO,72,YES,YES,FIBER OPTIC,YES,YES,YES,YES,YES,YES,TWO YEAR,YES,BANK TRANSFER (AUTOMATIC),116.05,8404.9,3.8124178712220758,0
1480-IVEVR,NO,MALE,1,YES,NO,35,YES,YES,FIBER OPTIC,NO,NO,YES,NO,NO,NO,ONE YEAR,YES,BANK TRANSFER (AUTOMATIC),81.6,2815.25,2.6806833114323254,0
1481-ZUWZA,YES,MALE,0,NO,NO,28,YES,YES,FIBER OPTIC,YES,YES,NO,NO,NO,YES,MONTH-TO-MONTH,YES,CREDIT CARD (AUTOMATIC),94.5,2659.4,3.1044678055190538,1
1482-OXZSY,NO,MALE,0,NO,NO,30,YES,YES,FIBER OPTIC,YES,NO,NO,NO,YES,YES,MONTH-TO-MONTH,YES,BANK TRANSFER (AUTOMATIC),100.4,2936.25,3.298291721419185,0
1485-YDHMM,NO,MALE,0,YES,YES,52,YES,YES,FIBER OPTIC,NO,YES,NO,YES,NO,YES,MONTH-TO-MONTH,YES,BANK TRANSFER (AUTOMATIC),93.25,4631.7,3.0634034165571613,0
1488-PBLJN,NO,FEMALE,0,YES,YES,72,YES,YES,FIBER OPTIC,YES,YES,YES,YES,YES,YES,TWO YEAR,YES,BANK TRANSFER (AUTOMATIC),116.85,8477.7,3.838699080157687,0
1488-SYSFC,NO,MALE,0,YES,YES,31,YES,NO,NO,NO,NO,NO,NO,NO,NO,MONTH-TO-MONTH,YES,ELECTRONIC CHECK,20.65,702.05,0.6783837056504598,0
1492-KGETH,NO,MALE,0,YES,YES,70,YES,YES,DSL,YES,YES,YES,YES,NO,YES,ONE YEAR,NO,BANK TRANSFER (AUTOMATIC),78.35,5445.95,2.573915900131406,0
1492-QGCLU,NO,MALE,0,YES,YES,53,YES,YES,DSL,YES,NO,YES,YES,YES,YES,MONTH-TO-MONTH,NO,ELECTRONIC CHECK,85.7,4616.1,2.8153745072273324,0
1493-AMTIE,YES,MALE,0,NO,NO,1,YES,NO,NO,NO,NO,NO,NO,NO,NO,MONTH-TO-MONTH,YES,BANK TRANSFER (AUTOMATIC),20.2,20.2,0.6636005256241787,1
1494-EJZDW,NO,FEMALE,0,YES,YES,10,YES,NO,NO,NO,NO,NO,NO,NO,NO,TWO YEAR,NO,MAILED CHECK,20.15,220.8,0.6619579500657029,0
1496-GGSUK,YES,FEMALE,1,NO,NO,1,NO,NO,DSL,NO,NO,NO,NO,NO,NO,MONTH-TO-MONTH,YES,MAILED CHECK,25.7,25.7,0.8442838370565046,1
1498-DQNRX,NO,FEMALE,0,YES,NO,29,YES,NO,NO,NO,NO,NO,NO,NO,NO,MONTH-TO-MONTH,NO,MAILED CHECK,19.85,573.05,0.6521024967148489,0
1498-NHTLT,NO,MALE,0,YES,YES,59,YES,NO,DSL,YES,YES,YES,YES,YES,YES,TWO YEAR,YES,ELECTRONIC CHECK,86.75,5186.0,2.8498685939553217,0
1501-SGHBW,YES,MALE,0,NO,NO,2,YES,NO,DSL,NO,NO,NO,NO,NO,NO,MONTH-TO-MONTH,NO,MAILED CHECK,45.85,81.0,1.5062417871222076,1
1502-XFCVR,YES,FEMALE,0,NO,NO,58,YES,NO,FIBER OPTIC,YES,YES,YES,NO,YES,YES,ONE YEAR,YES,ELECTRONIC CHECK,106.45,6145.85,3.497043363994744,1
1506-YJTYT,NO,MALE,0,YES,YES,45,YES,YES,DSL,YES,YES,NO,YES,YES,NO,TWO YEAR,NO,CREDIT CARD (AUTOMATIC),73.85,3371.0,2.4260840998685937,0
1508-DFXCU,NO,MALE,0,NO,NO,12,YES,NO,FIBER OPTIC,NO,NO,NO,NO,YES,NO,MONTH-TO-MONTH,YES,ELECTRONIC CHECK,81.45,912.0,2.675755584756899,0
1513-XNPPH,YES,FEMALE,0,NO,NO,12,YES,NO,FIBER OPTIC,NO,NO,YES,YES,NO,YES,MONTH-TO-MONTH,YES,ELECTRONIC CHECK,89.4,1095.65,2.9369250985545334,1
1518-OMDIK,NO,MALE,0,YES,NO,33,YES,NO,DSL,NO,NO,NO,NO,NO,NO,MONTH-TO-MONTH,YES,CREDIT CARD (AUTOMATIC),44.55,1462.6,1.4635348226018394,0
1518-VOWAV,YES,FEMALE,0,NO,NO,9,YES,NO,DSL,YES,YES,NO,NO,YES,YES,MONTH-TO-MONTH,YES,ELECTRONIC CHECK,74.65,703.55,2.4523653088042052,1
1522-VVDMG,YES,MALE,0,YES,YES,7,YES,NO,FIBER OPTIC,NO,YES,NO,YES,YES,NO,MONTH-TO-MONTH,YES,ELECTRONIC CHECK,89.75,608.8,2.948423127463863,1
1525-LNLOJ,NO,MALE,0,YES,YES,66,YES,YES,DSL,NO,NO,YES,NO,YES,NO,TWO YEAR,YES,BANK TRANSFER (AUTOMATIC),63.3,4189.7,2.079500657030223,0
1527-SXDPN,YES,MALE,0,YES,YES,52,YES,YES,FIBER OPTIC,NO,NO,YES,YES,NO,YES,TWO YEAR,YES,BANK TRANSFER (AUTOMATIC),96.25,4990.25,3.1619579500657027,1
1530-ZTDOZ,NO,FEMALE,0,YES,NO,49,NO,NO,DSL,YES,NO,NO,NO,YES,NO,MONTH-TO-MONTH,NO,BANK TRANSFER (AUTOMATIC),40.65,2070.75,1.3354139290407359,0
1534-OULXE,NO,FEMALE,0,YES,YES,61,YES,NO,DSL,YES,NO,NO,NO,NO,NO,ONE YEAR,YES,BANK TRANSFER (AUTOMATIC),49.7,2961.4,1.6327201051248357,0
1535-VTJOQ,NO,FEMALE,0,NO,NO,24,YES,YES,NO,NO,NO,NO,NO,NO,NO,TWO YEAR,NO,CREDIT CARD (AUTOMATIC),25.15,553.0,0.826215505913272,0
1536-HBSWP,NO,FEMALE,0,NO,NO,1,YES,NO,DSL,NO,NO,NO,YES,NO,NO,MONTH-TO-MONTH,YES,ELECTRONIC CHECK,49.9,49.9,1.6392904073587384,0
1536-YHDOE,NO,MALE,0,YES,YES,17,YES,YES,DSL,YES,NO,NO,YES,NO,NO,ONE YEAR,YES,MAILED CHECK,62.1,1096.65,2.040078843626807,0
1539-LNKHM,NO,FEMALE,0,NO,NO,12,YES,NO,NO,NO,NO,NO,NO,NO,NO,MONTH-TO-MONTH,NO,MAILED CHECK,20.4,266.6,0.6701708278580814,0
1541-ETJZO,YES,MALE,0,NO,NO,1,YES,YES,DSL,NO,NO,YES,YES,NO,NO,MONTH-TO-MONTH,NO,MAILED CHECK,62.05,62.05,2.038436268068331,1
1543-LLLFT,NO,MALE,1,YES,NO,61,YES,YES,FIBER OPTIC,NO,YES,YES,YES,YES,NO,ONE YEAR,YES,MAILED CHECK,98.3,6066.55,3.229303547963206,0
1544-JJMYL,NO,MALE,0,NO,NO,27,YES,NO,DSL,YES,NO,YES,YES,YES,NO,ONE YEAR,NO,CREDIT CARD (AUTOMATIC),69.35,1927.3,2.2782522996057817,0
1545-ACTAS,NO,FEMALE,0,YES,YES,48,YES,NO,FIBER OPTIC,YES,NO,YES,NO,YES,YES,ONE YEAR,YES,BANK TRANSFER (AUTOMATIC),99.7,4977.2,3.2752956636005255,0
1545-JFUML,NO,MALE,0,YES,NO,71,YES,YES,FIBER OPTIC,YES,YES,YES,NO,YES,NO,TWO YEAR,YES,ELECTRONIC CHECK,99.0,6994.6,3.252299605781866,0
1548-ARAGG,NO,FEMALE,0,YES,YES,4,YES,YES,DSL,NO,YES,NO,YES,NO,NO,MONTH-TO-MONTH,YES,MAILED CHECK,58.5,224.85,1.921813403416557,0
1548-FEHVL,NO,MALE,0,YES,NO,61,YES,YES,FIBER OPTIC,YES,YES,NO,NO,YES,YES,MONTH-TO-MONTH,YES,ELECTRONIC CHECK,106.2,6375.2,3.488830486202365,0
1550-EENBN,NO,FEMALE,0,NO,NO,31,YES,YES,FIBER OPTIC,YES,YES,NO,NO,YES,YES,MONTH-TO-MONTH,NO,ELECTRONIC CHECK,104.35,3205.6,3.4280551905387644,0
1550-LOAHA,YES,FEMALE,0,YES,NO,32,YES,NO,FIBER OPTIC,NO,YES,NO,NO,NO,YES,MONTH-TO-MONTH,NO,BANK TRANSFER (AUTOMATIC),84.15,2585.95,2.7644546649145862,1
1552-AAGRX,NO,FEMALE,0,NO,NO,30,YES,YES,FIBER OPTIC,YES,NO,NO,YES,YES,YES,MONTH-TO-MONTH,NO,BANK TRANSFER (AUTOMATIC),106.4,3211.9,3.495400788436268,0
1552-CZCLL,NO,FEMALE,0,YES,YES,55,YES,NO,NO,NO,NO,NO,NO,NO,NO,MONTH-TO-MONTH,NO,CREDIT CARD (AUTOMATIC),20.0,1087.25,0.657030223390276,0
1552-TKMXS,NO,FEMALE,0,YES,NO,42,YES,NO,NO,NO,NO,NO,NO,NO,NO,MONTH-TO-MONTH,NO,CREDIT CARD (AUTOMATIC),20.35,869.9,0.6685282522996058,0
1555-DJEQW,YES,FEMALE,0,YES,YES,70,YES,YES,FIBER OPTIC,YES,YES,YES,YES,YES,YES,TWO YEAR,YES,BANK TRANSFER (AUTOMATIC),114.2,7723.9,3.7516425755584755,1
1555-HAPSU,NO,FEMALE,0,YES,YES,71,YES,YES,NO,NO,NO,NO,NO,NO,NO,TWO YEAR,NO,CREDIT CARD (AUTOMATIC),23.9,1663.5,0.7851511169513797,0
1557-EMYVT,NO,FEMALE,0,NO,NO,43,YES,YES,FIBER OPTIC,YES,YES,YES,YES,YES,YES,TWO YEAR,NO,CREDIT CARD (AUTOMATIC),115.05,4895.1,3.779566360052562,0
1559-DTODC,NO,MALE,0,NO,NO,19,NO,NO,DSL,NO,NO,NO,NO,NO,NO,MONTH-TO-MONTH,YES,BANK TRANSFER (AUTOMATIC),25.15,468.35,0.826215505913272,0
1561-BWHIN,NO,MALE,0,YES,YES,19,YES,NO,NO,NO,NO,NO,NO,NO,NO,ONE YEAR,NO,MAILED CHECK,19.8,344.5,0.6504599211563732,0
1563-IWQEX,NO,FEMALE,0,NO,NO,12,YES,NO,NO,NO,NO,NO,NO,NO,NO,MONTH-TO-MONTH,NO,MAILED CHECK,19.7,220.35,0.6471747700394218,0
1564-HJUVY,NO,MALE,0,NO,NO,4,YES,NO,DSL,NO,YES,NO,YES,YES,NO,MONTH-TO-MONTH,YES,BANK TRANSFER (AUTOMATIC),63.75,226.2,2.0942838370565044,0
1564-NTYXF,YES,FEMALE,1,NO,NO,13,YES,YES,FIBER OPTIC,NO,NO,NO,NO,NO,YES,MONTH-TO-MONTH,YES,ELECTRONIC CHECK,82.0,1127.2,2.6938239159001314,1
1565-RHDJD,YES,FEMALE,0,NO,YES,4,YES,YES,FIBER OPTIC,NO,YES,YES,NO,NO,NO,MONTH-TO-MONTH,NO,BANK TRANSFER (AUTOMATIC),84.05,333.55,2.7611695137976344,1
1567-DSCIC,YES,MALE,0,NO,NO,8,YES,YES,FIBER OPTIC,NO,YES,YES,NO,YES,NO,MONTH-TO-MONTH,YES,ELECTRONIC CHECK,94.0,773.65,3.088042049934297,1
1568-BEKZM,NO,MALE,1,YES,NO,70,YES,YES,DSL,YES,YES,YES,YES,YES,YES,TWO YEAR,NO,CREDIT CARD (AUTOMATIC),90.05,6333.4,2.958278580814717,0
1568-LJSZU,NO,MALE,0,YES,YES,68,YES,YES,DSL,YES,YES,YES,YES,YES,YES,TWO YEAR,YES,CREDIT CARD (AUTOMATIC),92.2,6392.85,3.028909329829172,0
1569-TTNYJ,YES,MALE,0,YES,NO,5,YES,YES,FIBER OPTIC,NO,YES,NO,NO,NO,NO,MONTH-TO-MONTH,YES,ELECTRONIC CHECK,78.75,412.1,2.5870565045992113,1
1571-SAVHK,YES,MALE,0,NO,NO,12,YES,YES,FIBER OPTIC,NO,NO,NO,YES,YES,YES,MONTH-TO-MONTH,YES,MAILED CHECK,99.95,1132.75,3.283508541392904,1
1573-LGXBA,NO,MALE,0,YES,YES,57,YES,NO,FIBER OPTIC,NO,YES,YES,NO,YES,YES,ONE YEAR,YES,CREDIT CARD (AUTOMATIC),97.55,5598.0,3.2046649145860706,0
1574-DYCWE,NO,FEMALE,0,YES,YES,51,YES,NO,NO,NO,NO,NO,NO,NO,NO,TWO YEAR,NO,MAILED CHECK,19.95,1028.75,0.6553876478318003,0
1575-KRZZE,NO,FEMALE,0,NO,NO,4,YES,NO,DSL,YES,YES,NO,NO,NO,NO,MONTH-TO-MONTH,NO,ELECTRONIC CHECK,55.2,220.65,1.8134034165571618,0
1576-PFZIW,NO,MALE,1,YES,NO,70,YES,NO,FIBER OPTIC,YES,YES,YES,NO,YES,YES,TWO YEAR,NO,CREDIT CARD (AUTOMATIC),105.35,7511.9,3.460906701708278,0
1577-HKTFG,YES,FEMALE,0,YES,NO,30,YES,NO,NO,NO,NO,NO,NO,NO,NO,MONTH-TO-MONTH,NO,BANK TRANSFER (AUTOMATIC),19.65,655.85,0.645532194480946,1
1579-KLYDT,YES,MALE,0,NO,NO,7,YES,YES,FIBER OPTIC,NO,NO,YES,NO,YES,NO,MONTH-TO-MONTH,YES,ELECTRONIC CHECK,90.45,593.45,2.971419185282523,1
1580-BMCMR,NO,MALE,1,NO,NO,19,YES,NO,FIBER OPTIC,YES,NO,NO,NO,NO,YES,MONTH-TO-MONTH,YES,ELECTRONIC CHECK,87.3,1637.3,2.8679369250985545,0
1582-RAFML,YES,MALE,0,NO,NO,1,YES,YES,DSL,NO,YES,NO,YES,NO,NO,MONTH-TO-MONTH,NO,MAILED CHECK,60.1,60.1,1.974375821287779,1
1583-IHQZE,YES,MALE,0,NO,NO,12,YES,YES,FIBER OPTIC,NO,YES,YES,YES,YES,YES,MONTH-TO-MONTH,YES,MAILED CHECK,112.95,1384.75,3.7105781865965834,1
1585-MQSSU,YES,MALE,0,NO,NO,17,YES,NO,DSL,NO,NO,NO,YES,NO,NO,MONTH-TO-MONTH,NO,MAILED CHECK,51.5,900.5,1.6918528252299605,1
1587-FKLZB,YES,MALE,1,YES,YES,66,YES,YES,FIBER OPTIC,NO,NO,YES,NO,YES,YES,MONTH-TO-MONTH,YES,CREDIT CARD (AUTOMATIC),99.5,6822.15,3.2687253613666227,1
1589-AGTLK,YES,MALE,0,NO,NO,3,YES,NO,DSL,NO,NO,NO,NO,NO,NO,MONTH-TO-MONTH,YES,ELECTRONIC CHECK,45.35,141.5,1.4898160315374507,1
1591-MQJTP,NO,MALE,1,YES,NO,51,YES,YES,FIBER OPTIC,YES,NO,YES,NO,NO,YES,ONE YEAR,YES,BANK TRANSFER (AUTOMATIC),93.65,4839.15,3.0765440210249673,0
1591-NFNLQ,YES,MALE,0,NO,NO,51,YES,YES,FIBER OPTIC,NO,NO,YES,NO,NO,NO,MONTH-TO-MONTH,NO,CREDIT CARD (AUTOMATIC),80.0,4242.35,2.628120893561104,1
1591-XWLGB,NO,FEMALE,0,YES,NO,71,YES,NO,NO,NO,NO,NO,NO,NO,NO,TWO YEAR,NO,CREDIT CARD (AUTOMATIC),19.85,1379.6,0.6521024967148489,0
1596-BBVTG,YES,MALE,0,NO,NO,35,YES,YES,FIBER OPTIC,NO,NO,NO,NO,NO,NO,MONTH-TO-MONTH,NO,CREDIT CARD (AUTOMATIC),75.35,2636.05,2.4753613666228644,1
1596-OQSPS,NO,FEMALE,0,NO,NO,11,YES,NO,DSL,NO,YES,NO,NO,NO,NO,MONTH-TO-MONTH,NO,ELECTRONIC CHECK,51.1,531.15,1.678712220762155,0
1597-FZREH,YES,FEMALE,0,NO,NO,2,YES,NO,DSL,NO,NO,YES,YES,YES,YES,MONTH-TO-MONTH,NO,ELECTRONIC CHECK,76.4,160.8,2.509855453350854,1
1597-LHYNC,YES,FEMALE,1,NO,NO,26,YES,YES,FIBER OPTIC,YES,YES,NO,NO,NO,YES,MONTH-TO-MONTH,YES,ELECTRONIC CHECK,95.0,2497.2,3.1208935611038107,1
1599-EAHXY,NO,MALE,0,YES,YES,60,YES,YES,NO,NO,NO,NO,NO,NO,NO,ONE YEAR,NO,CREDIT CARD (AUTOMATIC),23.95,1506.4,0.7867936925098554,0
1599-MMYRQ,NO,MALE,0,YES,YES,62,YES,NO,FIBER OPTIC,YES,YES,NO,NO,NO,NO,ONE YEAR,YES,CREDIT CARD (AUTOMATIC),81.45,4983.05,2.675755584756899,0
1600-DILPE,NO,FEMALE,0,NO,NO,12,YES,NO,DSL,NO,NO,NO,NO,NO,NO,MONTH-TO-MONTH,YES,BANK TRANSFER (AUTOMATIC),45.0,524.35,1.4783180026281209,0
1602-IJQQE,YES,FEMALE,0,NO,NO,4,YES,YES,FIBER OPTIC,NO,NO,NO,NO,NO,NO,MONTH-TO-MONTH,NO,ELECTRONIC CHECK,75.35,338.1,2.4753613666228644,1
1608-GMEWB,NO,MALE,1,NO,NO,45,YES,YES,FIBER OPTIC,NO,NO,NO,NO,YES,YES,MONTH-TO-MONTH,YES,BANK TRANSFER (AUTOMATIC),93.9,4200.25,3.0847568988173455,0
1612-EOHDH,YES,FEMALE,0,NO,NO,1,YES,NO,DSL,NO,NO,NO,NO,NO,NO,MONTH-TO-MONTH,NO,ELECTRONIC CHECK,45.15,45.15,1.483245729303548,1
1614-JBEBI,NO,FEMALE,0,NO,NO,8,YES,NO,NO,NO,NO,NO,NO,NO,NO,MONTH-TO-MONTH,YES,MAILED CHECK,20.7,137.6,0.6800262812089356,0
1618-CFHME,YES,FEMALE,0,NO,NO,2,YES,YES,FIBER OPTIC,NO,NO,NO,NO,NO,NO,MONTH-TO-MONTH,YES,ELECTRONIC CHECK,75.9,143.35,2.4934296977660972,1
1619-YWUBB,NO,FEMALE,0,YES,NO,68,YES,YES,NO,NO,NO,NO,NO,NO,NO,TWO YEAR,YES,CREDIT CARD (AUTOMATIC),24.95,1614.9,0.8196452036793692,0
1621-YNCJH,NO,FEMALE,0,YES,NO,36,YES,YES,FIBER OPTIC,YES,YES,YES,YES,NO,YES,TWO YEAR,YES,CREDIT CARD (AUTOMATIC),106.05,3834.4,3.483902759526938,0
1622-HSHSF,NO,FEMALE,0,NO,NO,1,YES,NO,NO,NO,NO,NO,NO,NO,NO,MONTH-TO-MONTH,YES,MAILED CHECK,19.55,19.55,0.6422470433639947,0
1623-NLDOT,YES,FEMALE,0,YES,NO,42,NO,NO,DSL,NO,YES,NO,YES,NO,NO,ONE YEAR,NO,MAILED CHECK,33.55,1445.3,1.1021681997371877,1
1624-NALOJ,YES,MALE,1,NO,NO,5,YES,YES,FIBER OPTIC,NO,YES,NO,NO,NO,YES,MONTH-TO-MONTH,YES,ELECTRONIC CHECK,89.8,502.6,2.950065703022339,1
1624-WOIWJ,YES,FEMALE,0,NO,NO,10,YES,NO,FIBER OPTIC,YES,NO,NO,NO,YES,NO,MONTH-TO-MONTH,YES,MAILED CHECK,84.7,832.05,2.7825229960578186,1
1625-JAIIY,YES,FEMALE,0,YES,YES,68,YES,YES,FIBER OPTIC,NO,NO,NO,NO,YES,NO,ONE YEAR,YES,ELECTRONIC CHECK,83.0,5685.8,2.726675427069645,1
1626-ERCMM,YES,MALE,1,YES,NO,20,YES,YES,FIBER OPTIC,NO,NO,NO,NO,YES,YES,MONTH-TO-MONTH,YES,ELECTRONIC CHECK,94.55,1899.65,3.1061103810775292,1
1627-AFWVJ,NO,FEMALE,0,NO,NO,29,YES,NO,NO,NO,NO,NO,NO,NO,NO,TWO YEAR,NO,MAILED CHECK,19.4,554.25,0.6373193166885676,0
1628-BIZYP,NO,MALE,0,NO,NO,1,YES,NO,FIBER OPTIC,NO,YES,NO,NO,NO,YES,MONTH-TO-MONTH,YES,ELECTRONIC CHECK,85.0,85.0,2.7923784494086727,0
1629-DQQVB,NO,FEMALE,0,NO,NO,14,YES,NO,DSL,YES,NO,NO,NO,NO,NO,MONTH-TO-MONTH,NO,BANK TRANSFER (AUTOMATIC),50.1,709.5,1.6458607095926412,0
1635-FJFCC,NO,FEMALE,0,NO,NO,5,YES,NO,DSL,NO,NO,NO,NO,NO,NO,MONTH-TO-MONTH,YES,CREDIT CARD (AUTOMATIC),44.05,202.15,1.4471090670170825,0
1635-HDGFT,NO,FEMALE,0,NO,YES,19,YES,NO,NO,NO,NO,NO,NO,NO,NO,TWO YEAR,NO,MAILED CHECK,20.5,398.55,0.6734559789750328,0
1635-NZATJ,NO,MALE,1,YES,NO,71,YES,YES,NO,NO,NO,NO,NO,NO,NO,TWO YEAR,NO,CREDIT CARD (AUTOMATIC),25.45,1789.65,0.8360709592641261,0
1636-NTNCO,NO,MALE,1,NO,NO,4,NO,NO,DSL,NO,YES,NO,NO,YES,YES,MONTH-TO-MONTH,YES,CREDIT CARD (AUTOMATIC),50.95,207.35,1.673784494086728,0
1640-PLFMP,NO,FEMALE,0,NO,NO,1,YES,NO,FIBER OPTIC,NO,NO,NO,NO,NO,NO,MONTH-TO-MONTH,YES,ELECTRONIC CHECK,70.25,70.25,2.307818659658344,0
1641-BYBTK,NO,MALE,0,NO,YES,6,YES,NO,NO,NO,NO,NO,NO,NO,NO,MONTH-TO-MONTH,YES,MAILED CHECK,20.2,98.35,0.6636005256241787,0
1641-RQDAY,NO,FEMALE,1,YES,YES,32,YES,YES,FIBER OPTIC,NO,YES,NO,NO,YES,YES,MONTH-TO-MONTH,YES,ELECTRONIC CHECK,100.4,3217.65,3.298291721419185,0
1642-HMARX,NO,FEMALE,0,YES,NO,68,YES,YES,DSL,YES,YES,YES,YES,YES,YES,TWO YEAR,YES,ELECTRONIC CHECK,91.7,6424.7,3.012483574244415,0
1644-IRKSF,YES,FEMALE,0,YES,YES,33,YES,NO,FIBER OPTIC,NO,NO,YES,NO,YES,YES,ONE YEAR,YES,ELECTRONIC CHECK,93.8,3124.5,3.081471747700394,1
1656-DRSMG,NO,FEMALE,0,NO,NO,63,YES,YES,FIBER OPTIC,NO,YES,YES,YES,YES,YES,MONTH-TO-MONTH,YES,CREDIT CARD (AUTOMATIC),109.85,7002.95,3.6087385019710903,0
1657-DYMBM,NO,MALE,0,YES,NO,53,YES,NO,NO,NO,NO,NO,NO,NO,NO,TWO YEAR,NO,CREDIT CARD (AUTOMATIC),19.9,1110.05,0.6537450722733245,0
1658-BYGOY,YES,MALE,1,NO,NO,18,YES,YES,FIBER OPTIC,NO,NO,NO,NO,YES,YES,MONTH-TO-MONTH,YES,ELECTRONIC CHECK,95.45,1752.55,3.135676741130092,1
1658-TJVOA,NO,FEMALE,1,NO,NO,6,YES,NO,FIBER OPTIC,YES,NO,NO,NO,NO,NO,MONTH-TO-MONTH,YES,ELECTRONIC CHECK,74.1,450.9,2.434296977660972,0
1658-XUHBX,NO,FEMALE,1,YES,YES,59,YES,YES,FIBER OPTIC,NO,NO,YES,NO,NO,YES,MONTH-TO-MONTH,YES,CREDIT CARD (AUTOMATIC),88.75,5348.65,2.9155716162943492,0
1660-HSOOQ,YES,MALE,0,NO,NO,1,YES,NO,DSL,NO,NO,YES,NO,NO,NO,MONTH-TO-MONTH,YES,MAILED CHECK,49.65,49.65,1.63107752956636,1
1661-CZBAU,NO,MALE,0,NO,NO,48,YES,YES,DSL,YES,NO,NO,YES,NO,YES,ONE YEAR,YES,BANK TRANSFER (AUTOMATIC),70.95,3629.2,2.3308147174770038,0
1663-MHLHE,NO,MALE,0,NO,NO,1,YES,NO,NO,NO,NO,NO,NO,NO,NO,MONTH-TO-MONTH,NO,MAILED CHECK,19.2,19.2,0.6307490144546649,0
1666-JXLKU,NO,FEMALE,0,NO,NO,37,YES,YES,FIBER OPTIC,NO,NO,YES,NO,YES,YES,MONTH-TO-MONTH,YES,ELECTRONIC CHECK,100.05,3810.55,3.286793692509855,0
1666-JZPZT,NO,MALE,0,NO,NO,27,YES,YES,DSL,NO,NO,NO,NO,NO,NO,MONTH-TO-MONTH,NO,MAILED CHECK,49.0,1291.35,1.609724047306176,0
1670-SVOWZ,YES,FEMALE,0,YES,YES,14,YES,NO,FIBER OPTIC,NO,YES,NO,YES,NO,YES,MONTH-TO-MONTH,YES,CREDIT CARD (AUTOMATIC),89.65,1208.35,2.945137976346912,1
1676-MQAOA,NO,MALE,0,NO,NO,72,YES,NO,DSL,YES,YES,YES,YES,YES,NO,TWO YEAR,YES,BANK TRANSFER (AUTOMATIC),75.1,5336.35,2.4671484888304858,0
1678-FYZOW,YES,FEMALE,0,NO,NO,3,YES,NO,FIBER OPTIC,NO,NO,NO,NO,YES,NO,MONTH-TO-MONTH,YES,ELECTRONIC CHECK,79.4,244.65,2.6084099868593955,1
1679-JRFBR,NO,FEMALE,0,YES,YES,70,YES,YES,FIBER OPTIC,YES,YES,YES,NO,YES,YES,ONE YEAR,YES,CREDIT CARD (AUTOMATIC),108.15,7930.55,3.5528909329829172,0
1680-VDCWW,NO,MALE,0,YES,NO,12,YES,NO,NO,NO,NO,NO,NO,NO,NO,ONE YEAR,NO,BANK TRANSFER (AUTOMATIC),19.8,202.25,0.6504599211563732,0
1682-VCOIO,NO,MALE,0,NO,NO,23,YES,NO,NO,NO,NO,NO,NO,NO,NO,ONE YEAR,NO,MAILED CHECK,20.45,481.1,0.6718134034165572,0
1684-FLBGS,NO,FEMALE,0,YES,YES,23,YES,YES,DSL,NO,YES,NO,YES,YES,NO,MONTH-TO-MONTH,YES,CREDIT CARD (AUTOMATIC),69.5,1652.1,2.283180026281209,0
1685-BQULA,NO,FEMALE,0,NO,NO,40,YES,YES,FIBER OPTIC,NO,YES,YES,NO,YES,NO,MONTH-TO-MONTH,YES,BANK TRANSFER (AUTOMATIC),93.4,3756.4,3.0683311432325886,0
1685-VAYJF,NO,MALE,0,NO,NO,11,YES,NO,DSL,NO,NO,NO,NO,NO,NO,MONTH-TO-MONTH,NO,CREDIT CARD (AUTOMATIC),45.2,492.0,1.4848883048620236,0
1686-STUHN,NO,MALE,0,NO,NO,42,YES,NO,NO,NO,NO,NO,NO,NO,NO,ONE YEAR,NO,BANK TRANSFER (AUTOMATIC),19.8,849.9,0.6504599211563732,0
1689-MRZQR,YES,MALE,0,YES,YES,34,YES,NO,FIBER OPTIC,NO,NO,NO,NO,YES,NO,MONTH-TO-MONTH,NO,ELECTRONIC CHECK,78.3,2564.3,2.5722733245729303,1
1689-YQBYY,NO,FEMALE,0,NO,YES,12,YES,YES,FIBER OPTIC,NO,NO,NO,NO,NO,NO,MONTH-TO-MONTH,YES,ELECTRONIC CHECK,76.6,893.0,2.5164257555847565,0
1696-HXOWK,NO,FEMALE,0,YES,NO,71,YES,YES,FIBER OPTIC,YES,YES,NO,NO,YES,NO,ONE YEAR,NO,MAILED CHECK,95.65,6856.95,3.142247043363995,0
1696-MZVAU,NO,MALE,0,YES,YES,39,NO,NO,DSL,NO,NO,NO,NO,NO,NO,ONE YEAR,YES,CREDIT CARD (AUTOMATIC),25.25,947.75,0.8295006570302234,0
1697-BCSHV,NO,FEMALE,0,YES,YES,58,YES,YES,DSL,NO,YES,NO,NO,YES,NO,MONTH-TO-MONTH,YES,BANK TRANSFER (AUTOMATIC),66.8,3970.4,2.1944809461235213,0
1697-LYYYX,NO,FEMALE,0,YES,YES,61,YES,NO,NO,NO,NO,NO,NO,NO,NO,ONE YEAR,NO,CREDIT CARD (AUTOMATIC),19.1,1143.8,0.6274638633377135,0
1697-NVVGY,NO,MALE,1,YES,NO,19,YES,NO,DSL,YES,NO,YES,NO,YES,NO,MONTH-TO-MONTH,NO,BANK TRANSFER (AUTOMATIC),66.4,1286.05,2.181340341655716,0
1698-XFZCI,NO,MALE,0,NO,NO,61,YES,YES,FIBER OPTIC,YES,YES,YES,NO,YES,YES,ONE YEAR,YES,ELECTRONIC CHECK,107.75,6521.9,3.5397503285151117,0
1699-HPSBG,YES,MALE,0,NO,NO,12,YES,NO,DSL,NO,NO,NO,YES,YES,NO,ONE YEAR,YES,ELECTRONIC CHECK,59.8,727.8,1.964520367936925,1
1699-TLDLZ,NO,FEMALE,0,YES,YES,16,YES,NO,NO,NO,NO,NO,NO,NO,NO,TWO YEAR,NO,MAILED CHECK,19.7,301.55,0.6471747700394218,0
1699-UOTXU,NO,MALE,0,NO,NO,60,YES,NO,DSL,YES,YES,YES,NO,NO,NO,TWO YEAR,NO,ELECTRONIC CHECK,61.4,3638.25,2.0170827858081473,0
1702-CCFNJ,NO,MALE,0,YES,NO,52,YES,YES,DSL,NO,YES,NO,YES,NO,NO,MONTH-TO-MONTH,NO,BANK TRANSFER (AUTOMATIC),61.35,3169.55,2.0154402102496713,0
1703-MGIAB,NO,FEMALE,0,NO,NO,17,YES,YES,DSL,NO,NO,YES,YES,YES,NO,MONTH-TO-MONTH,YES,MAILED CHECK,69.0,1108.0,2.266754270696452,0
1704-NRWYE,YES,FEMALE,1,NO,NO,9,YES,NO,FIBER OPTIC,NO,NO,NO,NO,YES,NO,MONTH-TO-MONTH,YES,ELECTRONIC CHECK,80.85,751.65,2.6560446780551903,1
1705-GUHPV,NO,FEMALE,0,NO,NO,63,YES,YES,NO,NO,NO,NO,NO,NO,NO,TWO YEAR,NO,MAILED CHECK,24.2,1618.2,0.7950065703022339,0
1707-HABPF,NO,FEMALE,1,NO,NO,46,YES,NO,FIBER OPTIC,NO,YES,YES,NO,YES,NO,ONE YEAR,YES,BANK TRANSFER (AUTOMATIC),91.3,4126.35,2.9993429697766096,0
1708-PBBOA,NO,FEMALE,0,NO,NO,42,NO,NO,DSL,YES,YES,YES,YES,NO,YES,ONE YEAR,YES,ELECTRONIC CHECK,54.75,2348.45,1.7986202365308803,0
1709-EJDOX,NO,FEMALE,0,YES,YES,47,YES,NO,NO,NO,NO,NO,NO,NO,NO,TWO YEAR,NO,MAILED CHECK,19.75,948.9,0.6488173455978975,0
1710-RCXUS,NO,MALE,0,YES,NO,51,YES,YES,FIBER OPTIC,NO,YES,NO,NO,NO,YES,ONE YEAR,YES,CREDIT CARD (AUTOMATIC),90.35,4614.55,2.9681340341655713,0
1716-LSAMB,NO,MALE,0,YES,YES,45,YES,NO,DSL,YES,NO,NO,YES,NO,NO,TWO YEAR,NO,BANK TRANSFER (AUTOMATIC),54.65,2553.7,1.795335085413929,0
1722-LDZJS,NO,MALE,0,YES,YES,53,YES,NO,NO,NO,NO,NO,NO,NO,NO,ONE YEAR,NO,CREDIT CARD (AUTOMATIC),20.2,1068.15,0.6636005256241787,0
1723-HKXJQ,YES,MALE,0,NO,NO,42,YES,YES,FIBER OPTIC,NO,YES,NO,NO,YES,YES,MONTH-TO-MONTH,YES,ELECTRONIC CHECK,101.75,4273.45,3.342641261498029,1
1724-BQUHA,YES,MALE,1,NO,NO,5,YES,NO,FIBER OPTIC,NO,NO,NO,NO,YES,YES,MONTH-TO-MONTH,YES,ELECTRONIC CHECK,89.5,477.7,2.940210249671485,1
1724-IQWNM,NO,MALE,0,NO,YES,1,YES,NO,NO,NO,NO,NO,NO,NO,NO,MONTH-TO-MONTH,YES,MAILED CHECK,19.3,19.3,0.6340341655716163,0
1725-IQNIY,YES,MALE,0,YES,NO,54,YES,NO,FIBER OPTIC,YES,YES,YES,YES,YES,YES,TWO YEAR,NO,BANK TRANSFER (AUTOMATIC),109.75,6110.2,3.6054533508541393,1
1725-MIMXW,YES,MALE,0,NO,YES,1,YES,NO,NO,NO,NO,NO,NO,NO,NO,MONTH-TO-MONTH,YES,MAILED CHECK,19.45,19.45,0.6389618922470434,1
1728-BQDMA,NO,FEMALE,0,NO,NO,2,YES,NO,DSL,NO,NO,NO,NO,NO,NO,MONTH-TO-MONTH,NO,ELECTRONIC CHECK,44.45,82.7,1.4602496714848883,0
1728-CXQBE,NO,MALE,1,YES,NO,64,YES,YES,FIBER OPTIC,NO,YES,YES,NO,NO,YES,MONTH-TO-MONTH,YES,ELECTRONIC CHECK,94.25,6081.4,3.096254927726675,0
1729-VLAZJ,NO,FEMALE,0,NO,YES,10,NO,NO,DSL,YES,YES,NO,YES,NO,NO,ONE YEAR,NO,MAILED CHECK,40.25,411.45,1.3222733245729303,0
1730-VFMWO,NO,FEMALE,0,YES,NO,34,YES,NO,DSL,NO,NO,NO,YES,NO,NO,MONTH-TO-MONTH,NO,BANK TRANSFER (AUTOMATIC),50.2,1815.3,1.6491458607095926,0
1730-ZMAME,NO,FEMALE,1,NO,NO,32,YES,NO,FIBER OPTIC,NO,NO,NO,NO,NO,YES,MONTH-TO-MONTH,YES,ELECTRONIC CHECK,79.5,2665.0,2.611695137976347,0
1731-TVIUK,YES,FEMALE,0,NO,NO,4,YES,YES,FIBER OPTIC,NO,YES,NO,YES,NO,YES,MONTH-TO-MONTH,YES,ELECTRONIC CHECK,93.5,362.2,3.07161629434954,1
1732-FEKLD,NO,FEMALE,0,NO,NO,54,YES,YES,FIBER OPTIC,NO,YES,YES,NO,YES,NO,ONE YEAR,YES,BANK TRANSFER (AUTOMATIC),94.75,5121.75,3.112680683311432,0
1732-VHUBQ,YES,FEMALE,1,YES,YES,47,YES,NO,FIBER OPTIC,NO,NO,NO,NO,NO,NO,MONTH-TO-MONTH,NO,BANK TRANSFER (AUTOMATIC),70.55,3309.25,2.3176741130091982,1
1734-ZMNTZ,NO,FEMALE,0,YES,YES,11,YES,YES,NO,NO,NO,NO,NO,NO,NO,TWO YEAR,NO,MAILED CHECK,25.0,300.7,0.8212877792378449,0
1735-XMJVH,NO,MALE,0,YES,YES,8,YES,NO,NO,NO,NO,NO,NO,NO,NO,MONTH-TO-MONTH,YES,MAILED CHECK,19.35,152.6,0.635676741130092,0
1740-CSDJP,YES,MALE,0,NO,NO,1,NO,NO,DSL,NO,NO,NO,NO,NO,YES,MONTH-TO-MONTH,YES,BANK TRANSFER (AUTOMATIC),35.25,35.25,1.1580157687253614,1
1741-WTPON,NO,MALE,0,YES,YES,56,YES,YES,FIBER OPTIC,YES,YES,YES,YES,YES,YES,TWO YEAR,NO,MAILED CHECK,115.85,6567.9,3.805847568988173,0
1744-JHKYS,NO,FEMALE,0,YES,NO,34,YES,YES,NO,NO,NO,NO,NO,NO,NO,MONTH-TO-MONTH,NO,ELECTRONIC CHECK,24.7,780.2,0.8114323258869908,0
1746-TGTWV,NO,MALE,0,YES,NO,1,YES,NO,FIBER OPTIC,NO,NO,YES,NO,NO,NO,MONTH-TO-MONTH,NO,CREDIT CARD (AUTOMATIC),75.35,75.35,2.4753613666228644,0
1750-CSKKM,YES,MALE,0,NO,YES,9,YES,NO,DSL,NO,NO,NO,NO,YES,NO,MONTH-TO-MONTH,NO,ELECTRONIC CHECK,55.35,449.75,1.8183311432325886,1
1751-NCDLI,NO,MALE,1,YES,NO,46,YES,YES,FIBER OPTIC,NO,NO,YES,NO,YES,YES,MONTH-TO-MONTH,YES,ELECTRONIC CHECK,98.85,4564.9,3.2473718791064385,0
1752-OZXFY,NO,MALE,0,YES,NO,60,YES,NO,DSL,YES,NO,NO,NO,YES,NO,ONE YEAR,YES,MAILED CHECK,59.8,3561.15,1.964520367936925,0
1754-GKYPY,NO,MALE,1,YES,NO,22,YES,NO,FIBER OPTIC,NO,NO,NO,NO,YES,YES,MONTH-TO-MONTH,YES,BANK TRANSFER (AUTOMATIC),89.75,1938.9,2.948423127463863,0
1755-FZQEC,NO,MALE,0,NO,NO,39,YES,NO,NO,NO,NO,NO,NO,NO,NO,ONE YEAR,NO,MAILED CHECK,19.9,791.15,0.6537450722733245,0
1755-RMCXH,NO,MALE,0,YES,YES,2,YES,NO,NO,NO,NO,NO,NO,NO,NO,MONTH-TO-MONTH,NO,MAILED CHECK,20.3,40.25,0.6668856767411301,0
1757-TCATG,NO,MALE,0,YES,YES,35,YES,NO,NO,NO,NO,NO,NO,NO,NO,ONE YEAR,NO,BANK TRANSFER (AUTOMATIC),20.05,746.75,0.6586727989487516,0
1760-CAZHT,NO,MALE,0,NO,YES,25,YES,NO,NO,NO,NO,NO,NO,NO,NO,MONTH-TO-MONTH,NO,MAILED CHECK,20.8,460.2,0.683311432325887,0
1761-AEZZR,YES,MALE,0,NO,NO,1,YES,NO,FIBER OPTIC,NO,NO,NO,NO,YES,NO,MONTH-TO-MONTH,YES,ELECTRONIC CHECK,79.55,79.55,2.6133377135348224,1
1763-KUAAW,NO,FEMALE,1,NO,NO,18,YES,NO,NO,NO,NO,NO,NO,NO,NO,ONE YEAR,NO,BANK TRANSFER (AUTOMATIC),20.35,369.6,0.6685282522996058,0
1763-WQFUK,NO,MALE,0,NO,NO,3,YES,NO,DSL,NO,NO,NO,YES,NO,NO,MONTH-TO-MONTH,YES,MAILED CHECK,50.5,147.75,1.6590013140604467,0
1764-VUUMT,NO,MALE,0,NO,YES,66,YES,NO,NO,NO,NO,NO,NO,NO,NO,TWO YEAR,NO,CREDIT CARD (AUTOMATIC),19.95,1269.1,0.6553876478318003,0
1766-GKNMI,NO,MALE,0,NO,NO,29,YES,YES,FIBER OPTIC,NO,NO,NO,NO,NO,YES,MONTH-TO-MONTH,YES,ELECTRONIC CHECK,84.9,2516.2,2.7890932982917214,0
1767-CJKBA,NO,MALE,0,NO,NO,66,YES,YES,NO,NO,NO,NO,NO,NO,NO,TWO YEAR,NO,MAILED CHECK,25.1,1697.7,0.8245729303547963,0
1767-TGTKO,NO,FEMALE,0,YES,YES,8,YES,NO,DSL,NO,NO,NO,NO,NO,NO,MONTH-TO-MONTH,YES,ELECTRONIC CHECK,45.45,411.75,1.493101182654402,0
1768-HNVGJ,NO,FEMALE,1,NO,NO,45,YES,YES,DSL,YES,NO,NO,YES,NO,YES,MONTH-TO-MONTH,YES,ELECTRONIC CHECK,70.05,3062.45,2.3012483574244413,0
1768-ZAIFU,YES,FEMALE,1,NO,NO,1,NO,NO,DSL,NO,NO,NO,NO,NO,NO,MONTH-TO-MONTH,YES,ELECTRONIC CHECK,25.2,25.2,0.8278580814717477,1
1769-GRUIK,NO,FEMALE,0,NO,NO,18,YES,NO,FIBER OPTIC,NO,NO,NO,NO,NO,NO,MONTH-TO-MONTH,YES,ELECTRONIC CHECK,71.1,1247.75,2.3357424441524306,0
1771-OADNZ,YES,MALE,1,YES,NO,29,YES,YES,FIBER OPTIC,NO,YES,YES,NO,NO,YES,MONTH-TO-MONTH,YES,ELECTRONIC CHECK,95.9,2745.2,3.150459921156373,1
1775-KWJKQ,NO,MALE,0,YES,YES,72,YES,YES,DSL,YES,YES,YES,YES,YES,YES,TWO YEAR,NO,CREDIT CARD (AUTOMATIC),89.85,6562.9,2.9517082785808144,0
1776-SPBWV,NO,FEMALE,0,YES,YES,34,YES,NO,NO,NO,NO,NO,NO,NO,NO,ONE YEAR,YES,BANK TRANSFER (AUTOMATIC),20.1,682.1,0.6603153745072273,0
1777-JYQPJ,NO,MALE,0,NO,NO,2,NO,NO,DSL,NO,NO,NO,NO,NO,NO,MONTH-TO-MONTH,NO,MAILED CHECK,24.3,38.45,0.7982917214191853,0
1779-PWPMG,NO,FEMALE,1,YES,NO,72,YES,YES,FIBER OPTIC,YES,YES,YES,YES,YES,YES,TWO YEAR,YES,BANK TRANSFER (AUTOMATIC),114.65,8333.95,3.766425755584757,0
1784-BXEFA,NO,FEMALE,0,NO,NO,10,YES,NO,NO,NO,NO,NO,NO,NO,NO,MONTH-TO-MONTH,YES,MAILED CHECK,20.55,187.35,0.6750985545335085,0
1784-EZDKJ,NO,MALE,0,YES,NO,51,YES,YES,FIBER OPTIC,NO,YES,YES,NO,YES,YES,ONE YEAR,YES,BANK TRANSFER (AUTOMATIC),106.8,5498.8,3.5085413929040734,0
1785-BPHTP,NO,MALE,0,YES,YES,28,YES,NO,FIBER OPTIC,NO,NO,YES,NO,YES,NO,MONTH-TO-MONTH,NO,ELECTRONIC CHECK,85.45,2289.9,2.807161629434954,0
1790-NESIO,NO,FEMALE,0,NO,NO,13,YES,NO,NO,NO,NO,NO,NO,NO,NO,TWO YEAR,YES,MAILED CHECK,20.4,261.3,0.6701708278580814,0
1791-PQHBB,NO,FEMALE,0,NO,YES,2,YES,NO,DSL,YES,NO,NO,NO,NO,YES,MONTH-TO-MONTH,YES,CREDIT CARD (AUTOMATIC),61.2,125.95,2.0105124835742445,0
1792-UXAFY,YES,FEMALE,1,NO,NO,17,YES,NO,FIBER OPTIC,NO,YES,YES,NO,YES,NO,MONTH-TO-MONTH,YES,ELECTRONIC CHECK,89.15,1496.9,2.928712220762155,1
1794-HBQTJ,YES,FEMALE,0,NO,NO,1,YES,NO,DSL,YES,NO,NO,NO,NO,NO,MONTH-TO-MONTH,YES,CREDIT CARD (AUTOMATIC),48.6,48.6,1.5965834428383705,1
1794-SWWKL,NO,MALE,0,YES,YES,15,YES,YES,DSL,NO,NO,YES,YES,NO,NO,MONTH-TO-MONTH,YES,BANK TRANSFER (AUTOMATIC),59.65,867.1,1.959592641261498,0
1796-JANOW,NO,FEMALE,0,NO,NO,2,YES,NO,NO,NO,NO,NO,NO,NO,NO,MONTH-TO-MONTH,NO,MAILED CHECK,19.95,38.15,0.6553876478318003,0
1803-BGNBD,NO,FEMALE,0,NO,NO,12,YES,NO,DSL,NO,YES,NO,YES,NO,NO,MONTH-TO-MONTH,YES,ELECTRONIC CHECK,54.3,654.5,1.7838370565045991,0
1809-DMJHQ,YES,FEMALE,0,NO,YES,5,YES,NO,DSL,NO,NO,NO,NO,NO,NO,MONTH-TO-MONTH,NO,MAILED CHECK,46.0,221.7,1.5111695137976346,1
1810-BOHSY,NO,MALE,0,YES,NO,51,YES,YES,FIBER OPTIC,YES,YES,NO,NO,NO,YES,ONE YEAR,YES,CREDIT CARD (AUTOMATIC),96.4,4911.05,3.16688567674113,0
1810-MVMAI,NO,MALE,0,YES,YES,30,YES,YES,DSL,YES,YES,YES,YES,NO,NO,MONTH-TO-MONTH,NO,ELECTRONIC CHECK,67.6,2000.2,2.2207621550591323,0
1813-JLKWR,NO,FEMALE,0,YES,YES,64,YES,NO,NO,NO,NO,NO,NO,NO,NO,ONE YEAR,NO,BANK TRANSFER (AUTOMATIC),19.8,1336.65,0.6504599211563732,0
1813-JYWTO,NO,FEMALE,0,YES,NO,72,YES,YES,FIBER OPTIC,YES,NO,NO,NO,NO,NO,TWO YEAR,NO,BANK TRANSFER (AUTOMATIC),80.45,5737.6,2.642904073587385,0
1814-DKOLC,NO,FEMALE,0,NO,NO,5,YES,YES,NO,NO,NO,NO,NO,NO,NO,MONTH-TO-MONTH,NO,MAILED CHECK,25.45,134.75,0.8360709592641261,0
1814-WFGVS,NO,MALE,0,YES,YES,72,NO,NO,DSL,YES,NO,YES,YES,YES,NO,TWO YEAR,NO,MAILED CHECK,48.9,3527.0,1.6064388961892246,0
1816-FLZDK,NO,MALE,0,NO,NO,1,NO,NO,DSL,NO,NO,NO,YES,NO,NO,MONTH-TO-MONTH,NO,MAILED CHECK,29.15,29.15,0.9576215505913271,0
1818-ESQMW,NO,FEMALE,0,NO,NO,27,YES,NO,FIBER OPTIC,NO,NO,YES,YES,NO,YES,MONTH-TO-MONTH,YES,ELECTRONIC CHECK,89.2,2383.6,2.9303547963206307,0
1820-DJFPH,NO,FEMALE,0,YES,YES,72,YES,YES,NO,NO,NO,NO,NO,NO,NO,TWO YEAR,YES,BANK TRANSFER (AUTOMATIC),24.05,1709.15,0.7900788436268068,0
1820-TQVEV,YES,MALE,0,NO,NO,1,YES,NO,FIBER OPTIC,NO,NO,NO,NO,NO,NO,MONTH-TO-MONTH,YES,ELECTRONIC CHECK,69.55,69.55,2.2848226018396844,1
1821-BUCWY,NO,MALE,0,NO,NO,30,YES,NO,DSL,YES,NO,YES,NO,NO,NO,TWO YEAR,YES,MAILED CHECK,55.65,1653.85,1.8281865965834427,0
1830-GGFNM,NO,MALE,0,YES,YES,65,YES,YES,FIBER OPTIC,YES,YES,YES,YES,NO,NO,TWO YEAR,NO,CREDIT CARD (AUTOMATIC),94.55,6078.75,3.1061103810775292,0
1830-IPXVJ,NO,FEMALE,0,YES,YES,61,YES,NO,NO,NO,NO,NO,NO,NO,NO,TWO YEAR,NO,CREDIT CARD (AUTOMATIC),19.75,1311.6,0.6488173455978975,0
1832-PEUTS,NO,MALE,0,YES,YES,62,YES,YES,FIBER OPTIC,NO,NO,YES,NO,YES,NO,TWO YEAR,YES,CREDIT CARD (AUTOMATIC),89.1,5411.65,2.927069645203679,0
1833-TCXKK,NO,MALE,0,YES,NO,45,YES,YES,FIBER OPTIC,NO,YES,YES,NO,YES,YES,MONTH-TO-MONTH,YES,BANK TRANSFER (AUTOMATIC),107.75,4882.8,3.5397503285151117,0
1833-VGRUM,YES,FEMALE,1,NO,NO,1,YES,YES,FIBER OPTIC,NO,NO,NO,NO,NO,NO,MONTH-TO-MONTH,YES,ELECTRONIC CHECK,74.2,74.2,2.437582128777924,1
1834-ABKHQ,NO,FEMALE,0,YES,YES,52,YES,NO,DSL,NO,NO,YES,NO,NO,NO,ONE YEAR,YES,BANK TRANSFER (AUTOMATIC),50.95,2610.65,1.673784494086728,0
1834-WULEG,NO,MALE,0,YES,YES,24,YES,NO,NO,NO,NO,NO,NO,NO,NO,ONE YEAR,NO,MAILED CHECK,20.25,439.75,0.6652431011826544,0
1837-YQUCE,NO,FEMALE,0,NO,NO,70,NO,NO,DSL,YES,NO,YES,YES,YES,YES,TWO YEAR,YES,BANK TRANSFER (AUTOMATIC),58.35,4214.25,1.91688567674113,0
1839-FBNFR,NO,FEMALE,0,YES,YES,39,YES,NO,NO,NO,NO,NO,NO,NO,NO,TWO YEAR,YES,BANK TRANSFER (AUTOMATIC),19.85,854.8,0.6521024967148489,0
1839-UMACK,NO,MALE,0,NO,NO,42,YES,YES,NO,NO,NO,NO,NO,NO,NO,ONE YEAR,NO,ELECTRONIC CHECK,25.05,949.85,0.8229303547963206,0
1840-BIUOG,NO,MALE,0,NO,NO,20,YES,YES,DSL,NO,YES,NO,YES,YES,NO,ONE YEAR,YES,ELECTRONIC CHECK,68.7,1416.2,2.256898817345598,0
1841-YSJGV,NO,MALE,0,YES,NO,72,YES,YES,FIBER OPTIC,YES,YES,NO,YES,YES,YES,TWO YEAR,YES,CREDIT CARD (AUTOMATIC),109.95,7852.4,3.612023653088042,0
1842-EZJMK,YES,MALE,0,YES,YES,50,YES,YES,FIBER OPTIC,NO,YES,NO,YES,YES,YES,MONTH-TO-MONTH,NO,ELECTRONIC CHECK,103.7,5071.05,3.4067017082785807,1
1843-TLSGD,NO,FEMALE,0,YES,YES,13,YES,NO,NO,NO,NO,NO,NO,NO,NO,TWO YEAR,NO,MAILED CHECK,20.85,272.35,0.6849540078843627,0
1845-CSBRZ,NO,FEMALE,1,YES,YES,22,YES,YES,FIBER OPTIC,NO,NO,NO,NO,YES,NO,MONTH-TO-MONTH,NO,BANK TRANSFER (AUTOMATIC),85.35,1961.6,2.8038764783180024,0
1845-ZLLIG,NO,MALE,0,NO,NO,1,YES,NO,DSL,NO,YES,NO,NO,NO,NO,MONTH-TO-MONTH,YES,MAILED CHECK,50.15,50.15,1.6475032851511169,0
1846-XWOQN,YES,FEMALE,1,NO,NO,1,YES,NO,FIBER OPTIC,NO,NO,NO,NO,NO,NO,MONTH-TO-MONTH,YES,ELECTRONIC CHECK,70.15,70.15,2.304533508541393,1
1848-LBZHY,NO,FEMALE,0,YES,NO,7,YES,NO,DSL,YES,NO,NO,NO,NO,NO,MONTH-TO-MONTH,YES,BANK TRANSFER (AUTOMATIC),50.3,355.1,1.652431011826544,0
1849-RJYIG,NO,FEMALE,0,NO,NO,8,YES,NO,DSL,YES,NO,NO,NO,YES,NO,MONTH-TO-MONTH,YES,ELECTRONIC CHECK,60.0,487.75,1.9710906701708277,0
1850-AKQEP,NO,MALE,0,NO,YES,8,YES,NO,NO,NO,NO,NO,NO,NO,NO,MONTH-TO-MONTH,NO,MAILED CHECK,20.35,178.7,0.6685282522996058,0
1852-QSWCD,NO,MALE,0,YES,YES,64,YES,YES,NO,NO,NO,NO,NO,NO,NO,TWO YEAR,YES,MAILED CHECK,24.8,1514.85,0.8147174770039421,0
1852-XEMDW,NO,MALE,0,NO,NO,22,YES,YES,DSL,YES,YES,YES,NO,NO,NO,MONTH-TO-MONTH,NO,MAILED CHECK,65.05,1427.55,2.1369908015768724,0
1853-ARAAQ,NO,FEMALE,0,NO,NO,26,NO,NO,DSL,NO,NO,YES,NO,YES,YES,MONTH-TO-MONTH,YES,CREDIT CARD (AUTOMATIC),50.35,1277.5,1.6540735873850196,0
1853-UDXBW,YES,MALE,0,YES,YES,1,YES,NO,FIBER OPTIC,NO,NO,NO,NO,NO,NO,MONTH-TO-MONTH,YES,ELECTRONIC CHECK,70.0,70.0,2.299605781865966,1
1855-AGAWH,NO,MALE,0,YES,NO,31,YES,NO,FIBER OPTIC,NO,NO,YES,NO,YES,YES,ONE YEAR,YES,ELECTRONIC CHECK,93.8,2939.8,3.081471747700394,0
1855-CFULU,NO,FEMALE,1,NO,NO,4,YES,NO,NO,NO,NO,NO,NO,NO,NO,MONTH-TO-MONTH,NO,MAILED CHECK,20.05,91.45,0.6586727989487516,0
1862-QRWPE,NO,FEMALE,0,YES,YES,48,YES,NO,NO,NO,NO,NO,NO,NO,NO,TWO YEAR,NO,BANK TRANSFER (AUTOMATIC),20.65,1057.0,0.6783837056504598,0
1862-SKORY,YES,FEMALE,1,YES,NO,40,NO,NO,DSL,NO,YES,NO,NO,YES,NO,MONTH-TO-MONTH,YES,ELECTRONIC CHECK,39.3,1637.4,1.291064388961892,1
1866-DIOQZ,NO,FEMALE,0,YES,NO,71,NO,NO,DSL,YES,YES,YES,YES,YES,YES,ONE YEAR,NO,BANK TRANSFER (AUTOMATIC),66.8,4689.15,2.1944809461235213,0
1866-NXPSP,NO,FEMALE,0,NO,NO,36,YES,NO,DSL,YES,YES,YES,YES,NO,YES,ONE YEAR,YES,MAILED CHECK,75.55,2680.15,2.481931668856767,0
1866-OBPNR,NO,MALE,0,YES,YES,1,YES,NO,FIBER OPTIC,NO,YES,NO,NO,NO,NO,MONTH-TO-MONTH,NO,CREDIT CARD (AUTOMATIC),74.6,74.6,2.450722733245729,0
1866-RZZQS,YES,MALE,1,NO,NO,41,YES,YES,FIBER OPTIC,NO,NO,YES,NO,YES,YES,MONTH-TO-MONTH,YES,ELECTRONIC CHECK,98.4,4187.75,3.2325886990801576,1
1866-ZSLJM,NO,MALE,0,NO,NO,21,YES,NO,NO,NO,NO,NO,NO,NO,NO,MONTH-TO-MONTH,NO,CREDIT CARD (AUTOMATIC),20.5,402.85,0.6734559789750328,0
1867-BDVFH,YES,MALE,0,YES,YES,11,YES,YES,FIBER OPTIC,NO,NO,NO,NO,NO,NO,MONTH-TO-MONTH,YES,ELECTRONIC CHECK,74.35,834.2,2.4425098554533506,1
1867-TJHTS,NO,FEMALE,0,NO,NO,58,YES,YES,FIBER OPTIC,YES,NO,NO,NO,NO,NO,MONTH-TO-MONTH,YES,BANK TRANSFER (AUTOMATIC),79.8,4526.85,2.621550591327201,0
1871-MOWRM,YES,MALE,0,YES,NO,12,YES,NO,FIBER OPTIC,YES,NO,NO,YES,NO,NO,MONTH-TO-MONTH,NO,BANK TRANSFER (AUTOMATIC),80.85,866.45,2.6560446780551903,1
1872-EBWSC,NO,FEMALE,0,NO,NO,29,YES,NO,NO,NO,NO,NO,NO,NO,NO,ONE YEAR,NO,MAILED CHECK,20.35,617.35,0.6685282522996058,0
1875-QIVME,YES,FEMALE,0,YES,NO,2,YES,YES,FIBER OPTIC,NO,NO,YES,YES,YES,YES,MONTH-TO-MONTH,YES,ELECTRONIC CHECK,104.4,242.8,3.4296977660972403,1
1877-HKBQX,NO,FEMALE,0,NO,NO,11,YES,NO,DSL,YES,NO,NO,YES,NO,NO,ONE YEAR,YES,MAILED CHECK,54.6,617.85,1.7936925098554533,0
1891-FZYSA,YES,MALE,1,YES,NO,69,YES,YES,FIBER OPTIC,NO,YES,NO,NO,YES,NO,MONTH-TO-MONTH,YES,ELECTRONIC CHECK,89.95,6143.15,2.9549934296977662,1
1891-QRQSA,NO,MALE,1,YES,YES,64,YES,YES,FIBER OPTIC,YES,NO,YES,YES,YES,YES,TWO YEAR,YES,BANK TRANSFER (AUTOMATIC),111.6,7099.0,3.6662286465177396,0
1891-UAWWU,YES,FEMALE,1,YES,NO,20,YES,YES,FIBER OPTIC,NO,NO,YES,NO,YES,NO,MONTH-TO-MONTH,NO,ELECTRONIC CHECK,90.8,1951.0,2.9829172141918527,1
1894-IGFSG,YES,FEMALE,0,NO,NO,22,YES,NO,FIBER OPTIC,NO,NO,NO,NO,YES,YES,MONTH-TO-MONTH,NO,ELECTRONIC CHECK,89.25,1907.85,2.931997371879106,1
1895-QTKDO,NO,FEMALE,0,NO,NO,1,YES,NO,DSL,NO,NO,NO,NO,NO,NO,MONTH-TO-MONTH,NO,CREDIT CARD (AUTOMATIC),43.95,43.95,1.4438239159001314,0
1897-OKVMW,NO,FEMALE,0,YES,YES,64,YES,YES,DSL,YES,YES,YES,YES,YES,YES,TWO YEAR,YES,MAILED CHECK,90.6,5817.45,2.9763469119579495,0
1897-RCFUM,NO,FEMALE,0,YES,YES,39,YES,YES,NO,NO,NO,NO,NO,NO,NO,ONE YEAR,YES,MAILED CHECK,24.2,914.6,0.7950065703022339,0
1898-JSNDC,NO,FEMALE,0,NO,NO,39,YES,NO,DSL,NO,YES,NO,NO,YES,NO,ONE YEAR,YES,CREDIT CARD (AUTOMATIC),58.6,2224.5,1.9250985545335084,0
1899-VXWXM,YES,MALE,0,NO,NO,48,YES,YES,FIBER OPTIC,NO,YES,YES,NO,YES,YES,ONE YEAR,YES,CREDIT CARD (AUTOMATIC),106.1,5082.8,3.4855453350854138,1
1902-XBTFB,YES,MALE,0,NO,YES,22,YES,NO,FIBER OPTIC,NO,YES,YES,NO,YES,NO,MONTH-TO-MONTH,YES,ELECTRONIC CHECK,89.4,2001.5,2.9369250985545334,1
1904-WAJAA,NO,FEMALE,0,YES,YES,24,YES,YES,DSL,YES,YES,YES,NO,NO,NO,TWO YEAR,NO,ELECTRONIC CHECK,64.35,1558.65,2.1139947437582127,0
1905-OEILC,NO,FEMALE,0,NO,NO,1,YES,NO,NO,NO,NO,NO,NO,NO,NO,MONTH-TO-MONTH,NO,MAILED CHECK,19.5,19.5,0.640604467805519,0
1907-UBQFC,YES,MALE,1,NO,NO,10,YES,NO,FIBER OPTIC,NO,YES,NO,NO,NO,NO,MONTH-TO-MONTH,YES,ELECTRONIC CHECK,72.85,688.65,2.39323258869908,1
1907-YLNYW,NO,MALE,0,NO,NO,8,YES,NO,DSL,YES,NO,YES,NO,NO,YES,MONTH-TO-MONTH,YES,ELECTRONIC CHECK,66.7,579.0,2.1911957950065704,0
1910-FMXJM,NO,FEMALE,0,YES,NO,36,YES,NO,FIBER OPTIC,NO,NO,NO,NO,NO,YES,MONTH-TO-MONTH,NO,ELECTRONIC CHECK,80.4,2937.65,2.6412614980289093,0
1915-IOFGU,YES,FEMALE,0,NO,NO,1,YES,NO,FIBER OPTIC,NO,NO,NO,NO,NO,NO,MONTH-TO-MONTH,NO,ELECTRONIC CHECK,70.5,70.5,2.3160315374507228,1
1915-OAKWD,NO,FEMALE,0,NO,YES,16,YES,NO,NO,NO,NO,NO,NO,NO,NO,ONE YEAR,YES,BANK TRANSFER (AUTOMATIC),19.3,360.35,0.6340341655716163,0
1918-ZBFQJ,YES,FEMALE,0,NO,NO,13,YES,NO,FIBER OPTIC,NO,YES,YES,NO,NO,NO,MONTH-TO-MONTH,YES,ELECTRONIC CHECK,79.25,1111.65,2.6034822601839682,1
1919-RTPQD,NO,MALE,0,YES,YES,7,YES,NO,DSL,NO,NO,NO,NO,NO,NO,MONTH-TO-MONTH,NO,ELECTRONIC CHECK,44.75,333.65,1.4701051248357424,0
1921-KYSAY,NO,FEMALE,0,NO,NO,41,YES,YES,DSL,NO,NO,YES,YES,NO,YES,ONE YEAR,YES,ELECTRONIC CHECK,68.6,2877.05,2.253613666228646,0
1925-GMVBW,NO,FEMALE,0,NO,NO,5,YES,NO,NO,NO,NO,NO,NO,NO,NO,MONTH-TO-MONTH,NO,CREDIT CARD (AUTOMATIC),20.55,96.1,0.6750985545335085,0
1925-LFCZZ,NO,MALE,1,NO,NO,55,NO,NO,DSL,NO,NO,YES,NO,YES,YES,ONE YEAR,YES,BANK TRANSFER (AUTOMATIC),50.05,2743.45,1.6442181340341655,0
1925-TIBLE,YES,FEMALE,0,YES,NO,7,YES,YES,FIBER OPTIC,NO,NO,NO,NO,YES,NO,MONTH-TO-MONTH,YES,ELECTRONIC CHECK,86.5,582.5,2.8416557161629434,1
1926-QUZNN,NO,FEMALE,0,YES,NO,72,YES,YES,NO,NO,NO,NO,NO,NO,NO,TWO YEAR,YES,BANK TRANSFER (AUTOMATIC),25.25,1841.2,0.8295006570302234,0
1927-QEWMY,NO,FEMALE,0,YES,NO,72,YES,NO,NO,NO,NO,NO,NO,NO,NO,TWO YEAR,NO,CREDIT CARD (AUTOMATIC),20.5,1502.25,0.6734559789750328,0
1928-BXYIV,NO,MALE,0,NO,NO,1,YES,YES,DSL,YES,YES,NO,NO,NO,NO,MONTH-TO-MONTH,NO,ELECTRONIC CHECK,61.15,61.15,2.0088699080157686,0
1929-ZCBHE,NO,MALE,0,YES,YES,47,NO,NO,DSL,YES,NO,YES,YES,NO,NO,ONE YEAR,NO,ELECTRONIC CHECK,40.3,1794.8,1.3239159001314058,0
1930-BZLHI,NO,MALE,0,NO,NO,21,YES,NO,NO,NO,NO,NO,NO,NO,NO,ONE YEAR,YES,MAILED CHECK,20.35,422.7,0.6685282522996058,0
1930-QPBVZ,NO,MALE,0,YES,YES,68,YES,NO,FIBER OPTIC,YES,YES,NO,YES,NO,YES,TWO YEAR,NO,BANK TRANSFER (AUTOMATIC),95.1,6683.4,3.124178712220762,0
1930-WNXSB,NO,MALE,0,YES,YES,58,YES,NO,FIBER OPTIC,NO,YES,NO,NO,YES,YES,MONTH-TO-MONTH,YES,ELECTRONIC CHECK,92.85,5305.05,3.050262812089356,0
1932-UEDCX,NO,MALE,1,YES,NO,33,YES,YES,FIBER OPTIC,NO,YES,NO,NO,YES,YES,MONTH-TO-MONTH,YES,BANK TRANSFER (AUTOMATIC),100.6,3270.25,3.304862023653088,0
1934-MKPXS,NO,MALE,0,YES,YES,33,YES,NO,NO,NO,NO,NO,NO,NO,NO,ONE YEAR,NO,CREDIT CARD (AUTOMATIC),20.1,620.55,0.6603153745072273,0
1934-SJVJK,YES,MALE,0,NO,NO,1,YES,NO,NO,NO,NO,NO,NO,NO,NO,MONTH-TO-MONTH,NO,MAILED CHECK,20.15,20.15,0.6619579500657029,1
1935-IMVBB,NO,MALE,0,YES,NO,56,YES,NO,FIBER OPTIC,NO,NO,NO,NO,YES,YES,MONTH-TO-MONTH,NO,MAILED CHECK,89.7,4952.95,2.9467805519053876,0
1936-CZAKF,NO,MALE,0,YES,NO,49,NO,NO,DSL,NO,YES,NO,NO,YES,YES,TWO YEAR,NO,CREDIT CARD (AUTOMATIC),49.65,2409.9,1.63107752956636,0
1936-UAFEH,NO,FEMALE,0,NO,NO,68,YES,YES,FIBER OPTIC,YES,YES,NO,YES,YES,YES,TWO YEAR,NO,CREDIT CARD (AUTOMATIC),110.25,7279.35,3.621879106438896,0
1937-OTUKY,NO,FEMALE,0,YES,NO,72,YES,YES,FIBER OPTIC,YES,NO,YES,YES,YES,NO,TWO YEAR,YES,BANK TRANSFER (AUTOMATIC),98.2,7015.9,3.226018396846255,0
1941-HOSAM,NO,MALE,0,YES,YES,1,YES,NO,FIBER OPTIC,NO,NO,NO,NO,YES,YES,MONTH-TO-MONTH,YES,ELECTRONIC CHECK,90.1,90.1,2.9599211563731926,0
1942-OQFRW,NO,MALE,0,NO,NO,1,YES,NO,DSL,NO,NO,NO,NO,NO,NO,MONTH-TO-MONTH,NO,ELECTRONIC CHECK,44.0,44.0,1.445466491458607,0
1945-XISKS,NO,FEMALE,0,YES,NO,67,YES,NO,NO,NO,NO,NO,NO,NO,NO,TWO YEAR,NO,MAILED CHECK,19.65,1335.2,0.645532194480946,0
1950-KSVVJ,NO,FEMALE,0,YES,NO,45,YES,YES,FIBER OPTIC,YES,YES,YES,YES,YES,YES,ONE YEAR,NO,MAILED CHECK,113.3,5032.25,3.722076215505913,0
1951-IEYXM,NO,MALE,0,YES,YES,72,YES,YES,DSL,YES,YES,YES,YES,YES,YES,TWO YEAR,YES,CREDIT CARD (AUTOMATIC),90.6,6441.85,2.9763469119579495,0
1952-DVVSW,NO,FEMALE,0,YES,NO,10,YES,NO,NO,NO,NO,NO,NO,NO,NO,ONE YEAR,NO,MAILED CHECK,20.1,184.4,0.6603153745072273,0
1955-IBMMB,NO,MALE,0,NO,NO,59,YES,NO,NO,NO,NO,NO,NO,NO,NO,TWO YEAR,YES,BANK TRANSFER (AUTOMATIC),20.2,1192.3,0.6636005256241787,0
1956-YIFGE,NO,MALE,0,YES,YES,22,YES,NO,FIBER OPTIC,NO,YES,YES,NO,YES,YES,ONE YEAR,YES,MAILED CHECK,100.05,2090.25,3.286793692509855,0
1958-RNRKS,NO,MALE,0,YES,NO,30,YES,YES,DSL,NO,NO,NO,NO,NO,NO,MONTH-TO-MONTH,NO,ELECTRONIC CHECK,49.9,1441.95,1.6392904073587384,0
1960-UOTYM,NO,MALE,0,YES,YES,52,YES,NO,DSL,YES,YES,YES,NO,YES,YES,TWO YEAR,NO,ELECTRONIC CHECK,79.2,4016.3,2.6018396846254928,0
1960-UYCNN,NO,MALE,0,NO,NO,10,YES,YES,FIBER OPTIC,NO,YES,YES,NO,NO,YES,MONTH-TO-MONTH,YES,ELECTRONIC CHECK,95.25,1021.55,3.129106438896189,0
1963-SVUCV,YES,MALE,0,NO,NO,1,YES,NO,DSL,NO,NO,NO,NO,NO,NO,MONTH-TO-MONTH,NO,ELECTRONIC CHECK,45.3,45.3,1.4881734559789748,1
1963-VAUKV,YES,FEMALE,0,NO,NO,1,YES,NO,NO,NO,NO,NO,NO,NO,NO,MONTH-TO-MONTH,NO,MAILED CHECK,20.4,20.4,0.6701708278580814,1
1964-SVLEA,NO,MALE,0,NO,NO,20,YES,NO,NO,NO,NO,NO,NO,NO,NO,ONE YEAR,YES,MAILED CHECK,19.7,415.9,0.6471747700394218,0
1965-AKTSX,YES,FEMALE,1,NO,NO,14,YES,YES,FIBER OPTIC,NO,YES,NO,NO,NO,NO,MONTH-TO-MONTH,YES,ELECTRONIC CHECK,78.95,1101.85,2.5936268068331145,1
1965-DDBWU,YES,MALE,0,NO,NO,16,YES,YES,FIBER OPTIC,NO,NO,NO,YES,NO,YES,MONTH-TO-MONTH,YES,CREDIT CARD (AUTOMATIC),89.05,1448.6,2.9254270696452034,1
1970-KKFWL,NO,FEMALE,0,NO,NO,35,YES,YES,NO,NO,NO,NO,NO,NO,NO,TWO YEAR,NO,BANK TRANSFER (AUTOMATIC),23.3,797.1,0.7654402102496715,0
1971-DTCZB,NO,FEMALE,0,YES,NO,72,YES,YES,DSL,YES,YES,YES,YES,YES,YES,TWO YEAR,YES,BANK TRANSFER (AUTOMATIC),90.95,6468.6,2.98784494086728,0
1972-XMUWV,NO,FEMALE,0,YES,NO,65,YES,NO,DSL,NO,NO,NO,YES,YES,NO,TWO YEAR,YES,CREDIT CARD (AUTOMATIC),59.8,3808.2,1.964520367936925,0
1976-AZZPJ,NO,MALE,0,YES,NO,7,NO,NO,DSL,YES,YES,NO,NO,NO,NO,MONTH-TO-MONTH,NO,MAILED CHECK,34.2,256.6,1.123521681997372,0
1976-CFOCS,YES,FEMALE,1,YES,NO,1,YES,NO,DSL,NO,NO,NO,NO,NO,NO,MONTH-TO-MONTH,NO,ELECTRONIC CHECK,46.0,46.0,1.5111695137976346,1
1977-STDKI,YES,FEMALE,1,NO,NO,1,YES,NO,FIBER OPTIC,NO,YES,NO,NO,NO,NO,MONTH-TO-MONTH,YES,ELECTRONIC CHECK,73.0,73.0,2.3981603153745072,1
1980-KXVPM,YES,FEMALE,1,NO,NO,3,YES,YES,FIBER OPTIC,NO,NO,NO,NO,NO,NO,MONTH-TO-MONTH,YES,CREDIT CARD (AUTOMATIC),75.05,256.25,2.4655059132720103,1
1981-INRFU,YES,FEMALE,0,NO,NO,2,YES,NO,FIBER OPTIC,NO,NO,NO,NO,YES,NO,MONTH-TO-MONTH,YES,ELECTRONIC CHECK,79.75,164.5,2.619908015768725,1
1982-FEBTD,NO,FEMALE,0,YES,YES,23,YES,YES,NO,NO,NO,NO,NO,NO,NO,TWO YEAR,YES,CREDIT CARD (AUTOMATIC),25.6,514.75,0.8409986859395532,0
1984-FCOWB,YES,FEMALE,0,YES,NO,70,YES,YES,FIBER OPTIC,NO,YES,YES,YES,YES,YES,ONE YEAR,YES,ELECTRONIC CHECK,109.5,7674.55,3.5972404730617606,1
1984-GPTEH,NO,FEMALE,0,NO,NO,29,YES,YES,NO,NO,NO,NO,NO,NO,NO,MONTH-TO-MONTH,NO,ELECTRONIC CHECK,25.15,702.0,0.826215505913272,0
1985-MBRYP,NO,FEMALE,0,NO,NO,43,YES,NO,NO,NO,NO,NO,NO,NO,NO,TWO YEAR,YES,BANK TRANSFER (AUTOMATIC),19.65,779.25,0.645532194480946,0
1986-PHGZF,NO,MALE,1,NO,NO,18,YES,YES,DSL,YES,YES,NO,NO,NO,NO,MONTH-TO-MONTH,YES,CREDIT CARD (AUTOMATIC),58.4,964.9,1.9185282522996057,0
1987-AUELQ,NO,FEMALE,0,YES,NO,71,YES,YES,NO,NO,NO,NO,NO,NO,NO,TWO YEAR,NO,CREDIT CARD (AUTOMATIC),25.05,1873.7,0.8229303547963206,0
1989-PRJHP,YES,MALE,1,YES,NO,27,YES,YES,FIBER OPTIC,NO,NO,NO,NO,NO,NO,MONTH-TO-MONTH,YES,ELECTRONIC CHECK,75.5,1893.95,2.4802890932982917,1
1991-VOPLL,NO,FEMALE,0,NO,NO,9,YES,NO,NO,NO,NO,NO,NO,NO,NO,MONTH-TO-MONTH,NO,MAILED CHECK,19.05,157.65,0.6258212877792378,0
1996-DBMUS,NO,FEMALE,1,YES,NO,48,YES,NO,FIBER OPTIC,NO,NO,NO,NO,NO,NO,MONTH-TO-MONTH,YES,BANK TRANSFER (AUTOMATIC),70.65,3545.05,2.32095926412615,0
1998-VHJHK,NO,FEMALE,0,NO,NO,27,YES,NO,NO,NO,NO,NO,NO,NO,NO,ONE YEAR,NO,MAILED CHECK,19.15,501.35,0.6291064388961891,0
2000-DHJUY,NO,FEMALE,1,YES,NO,70,YES,YES,DSL,YES,YES,YES,YES,YES,YES,TWO YEAR,YES,BANK TRANSFER (AUTOMATIC),92.2,6474.45,3.028909329829172,0
2000-MPKCA,NO,FEMALE,0,NO,NO,58,YES,YES,FIBER OPTIC,YES,YES,YES,NO,YES,YES,ONE YEAR,YES,ELECTRONIC CHECK,107.75,6332.75,3.5397503285151117,0
2001-EWBQU,NO,FEMALE,0,NO,NO,60,YES,YES,FIBER OPTIC,NO,YES,YES,NO,YES,YES,TWO YEAR,NO,ELECTRONIC CHECK,104.7,6333.8,3.4395532194480944,0
2001-MCUUW,NO,MALE,0,NO,NO,46,YES,YES,FIBER OPTIC,NO,YES,YES,YES,YES,YES,TWO YEAR,NO,ELECTRONIC CHECK,108.65,4903.2,3.569316688567674,0
2002-MZHWP,YES,FEMALE,0,NO,NO,1,YES,NO,NO,NO,NO,NO,NO,NO,NO,MONTH-TO-MONTH,NO,MAILED CHECK,20.5,20.5,0.6734559789750328,1
2003-CKLOR,YES,MALE,0,NO,NO,66,YES,NO,FIBER OPTIC,NO,YES,YES,NO,YES,YES,MONTH-TO-MONTH,NO,ELECTRONIC CHECK,99.5,6710.5,3.2687253613666227,1
2004-OCQXK,YES,FEMALE,0,NO,NO,1,YES,NO,FIBER OPTIC,NO,NO,NO,NO,NO,YES,MONTH-TO-MONTH,YES,ELECTRONIC CHECK,81.95,81.95,2.692181340341656,1
2005-DWQZJ,NO,FEMALE,0,YES,YES,8,YES,NO,NO,NO,NO,NO,NO,NO,NO,TWO YEAR,NO,MAILED CHECK,19.05,201.7,0.6258212877792378,0
2007-QVGAW,NO,FEMALE,0,YES,YES,68,YES,NO,NO,NO,NO,NO,NO,NO,NO,TWO YEAR,YES,BANK TRANSFER (AUTOMATIC),19.35,1292.65,0.635676741130092,0
2011-TRQYE,YES,MALE,0,NO,NO,18,NO,NO,DSL,NO,YES,YES,NO,NO,NO,MONTH-TO-MONTH,YES,CREDIT CARD (AUTOMATIC),33.5,600.0,1.1005256241787122,1
2012-NWRPA,YES,FEMALE,1,YES,NO,11,YES,YES,FIBER OPTIC,NO,NO,YES,NO,YES,YES,MONTH-TO-MONTH,YES,ELECTRONIC CHECK,99.55,1131.2,3.270367936925098,1
2013-SGDXK,YES,FEMALE,0,NO,NO,1,YES,NO,FIBER OPTIC,NO,YES,NO,NO,YES,NO,MONTH-TO-MONTH,NO,ELECTRONIC CHECK,84.3,84.3,2.769382391590013,1
2014-MKGMH,NO,FEMALE,0,NO,NO,46,YES,YES,FIBER OPTIC,NO,NO,YES,NO,YES,YES,ONE YEAR,YES,ELECTRONIC CHECK,101.1,4674.4,3.321287779237845,0
2017-CCBLH,NO,FEMALE,0,NO,NO,8,YES,NO,NO,NO,NO,NO,NO,NO,NO,TWO YEAR,NO,MAILED CHECK,20.0,141.6,0.657030223390276,0
2018-PZKMU,NO,MALE,0,YES,YES,9,YES,NO,FIBER OPTIC,NO,NO,YES,YES,YES,YES,MONTH-TO-MONTH,NO,ELECTRONIC CHECK,103.1,970.45,3.3869908015768724,0
2018-QKYGT,NO,MALE,0,YES,YES,1,YES,NO,FIBER OPTIC,NO,NO,NO,NO,NO,YES,MONTH-TO-MONTH,YES,ELECTRONIC CHECK,81.05,81.05,2.662614980289093,0
2019-HDCZY,NO,MALE,0,YES,NO,63,YES,YES,FIBER OPTIC,NO,NO,YES,NO,YES,YES,TWO YEAR,NO,ELECTRONIC CHECK,102.6,6296.75,3.3705650459921155,0
2023-VQFDL,NO,MALE,0,NO,NO,18,YES,NO,NO,NO,NO,NO,NO,NO,NO,MONTH-TO-MONTH,NO,ELECTRONIC CHECK,19.0,348.8,0.6241787122207622,0
2024-BASKD,YES,FEMALE,0,NO,NO,1,YES,NO,FIBER OPTIC,NO,NO,YES,NO,NO,NO,MONTH-TO-MONTH,YES,MAILED CHECK,74.6,74.6,2.450722733245729,1
2025-JKFWI,YES,MALE,0,NO,NO,13,YES,YES,FIBER OPTIC,NO,NO,NO,YES,YES,YES,MONTH-TO-MONTH,YES,MAILED CHECK,99.0,1301.7,3.252299605781866,1
2026-TGDHM,YES,FEMALE,0,NO,NO,7,YES,NO,FIBER OPTIC,NO,NO,NO,NO,NO,YES,MONTH-TO-MONTH,YES,ELECTRONIC CHECK,79.3,523.15,2.605124835742444,1
2027-CWDNU,NO,MALE,0,YES,YES,18,YES,NO,FIBER OPTIC,NO,NO,NO,YES,NO,YES,MONTH-TO-MONTH,YES,ELECTRONIC CHECK,85.6,1601.5,2.8120893561103806,0
2027-DNKIV,NO,MALE,0,YES,YES,37,YES,NO,DSL,YES,NO,YES,YES,NO,NO,ONE YEAR,YES,MAILED CHECK,58.75,2203.1,1.9300262812089355,0
2027-FECZV,YES,MALE,0,NO,NO,12,YES,YES,FIBER OPTIC,NO,YES,YES,NO,YES,YES,MONTH-TO-MONTH,YES,ELECTRONIC CHECK,106.7,1253.9,3.505256241787122,1
2027-OAQQC,YES,FEMALE,0,NO,NO,43,NO,NO,DSL,NO,NO,YES,NO,YES,YES,MONTH-TO-MONTH,YES,BANK TRANSFER (AUTOMATIC),49.05,2076.2,1.6113666228646517,1
2027-WKXMW,NO,FEMALE,0,YES,NO,63,YES,YES,FIBER OPTIC,NO,YES,YES,YES,YES,YES,MONTH-TO-MONTH,YES,ELECTRONIC CHECK,108.75,6871.7,3.5726018396846255,0
2030-BTZRO,NO,MALE,0,YES,YES,6,YES,NO,NO,NO,NO,NO,NO,NO,NO,TWO YEAR,YES,CREDIT CARD (AUTOMATIC),20.4,107.6,0.6701708278580814,0
2034-CGRHZ,YES,MALE,1,NO,NO,24,YES,YES,FIBER OPTIC,NO,YES,YES,NO,YES,YES,MONTH-TO-MONTH,YES,CREDIT CARD (AUTOMATIC),102.95,2496.7,3.3820630749014455,1
2034-GDRCN,YES,FEMALE,0,NO,NO,2,YES,NO,FIBER OPTIC,NO,NO,NO,NO,YES,YES,MONTH-TO-MONTH,YES,ELECTRONIC CHECK,90.4,168.2,2.9697766097240472,1
2037-SGXHH,YES,MALE,0,YES,YES,38,YES,YES,FIBER OPTIC,NO,YES,YES,NO,YES,NO,MONTH-TO-MONTH,YES,ELECTRONIC CHECK,94.65,3624.3,3.109395532194481,1
2037-XJFUP,YES,MALE,0,YES,NO,33,YES,NO,FIBER OPTIC,NO,NO,YES,NO,YES,YES,ONE YEAR,YES,ELECTRONIC CHECK,95.8,3036.75,3.1471747700394217,1
2038-LLMLM,NO,FEMALE,0,NO,NO,48,YES,YES,FIBER OPTIC,NO,NO,YES,YES,YES,YES,MONTH-TO-MONTH,YES,ELECTRONIC CHECK,103.85,4946.05,3.4116294349540075,0
2038-OEQZH,NO,MALE,0,NO,NO,4,YES,NO,FIBER OPTIC,NO,NO,YES,NO,NO,YES,MONTH-TO-MONTH,NO,ELECTRONIC CHECK,86.05,308.1,2.826872536136662,0
2038-YSEZE,NO,FEMALE,0,NO,NO,29,YES,YES,DSL,YES,YES,NO,YES,NO,NO,MONTH-TO-MONTH,NO,MAILED CHECK,67.45,1801.1,2.2158344283837055,0
2039-JONDJ,NO,MALE,0,NO,NO,27,YES,NO,DSL,YES,YES,NO,NO,NO,NO,ONE YEAR,NO,BANK TRANSFER (AUTOMATIC),55.45,1477.65,1.8216162943495402,0
2040-LDIWQ,NO,MALE,0,YES,YES,65,YES,YES,DSL,NO,YES,YES,YES,YES,YES,TWO YEAR,YES,BANK TRANSFER (AUTOMATIC),84.2,5324.5,2.7660972404730617,0
2040-OBMLJ,NO,MALE,0,NO,NO,31,YES,YES,FIBER OPTIC,NO,NO,NO,YES,NO,NO,ONE YEAR,NO,CREDIT CARD (AUTOMATIC),81.7,2548.65,2.6839684625492772,0
2040-VZIKE,NO,FEMALE,0,YES,NO,49,YES,YES,FIBER OPTIC,YES,NO,NO,NO,YES,YES,MONTH-TO-MONTH,YES,MAILED CHECK,100.85,4847.35,3.313074901445466,0
2040-XBAVJ,NO,MALE,0,YES,YES,72,YES,YES,FIBER OPTIC,YES,YES,YES,YES,YES,YES,TWO YEAR,NO,BANK TRANSFER (AUTOMATIC),114.45,8100.55,3.759855453350854,0
2041-JIJCI,NO,FEMALE,0,NO,NO,5,YES,YES,DSL,NO,YES,NO,NO,NO,YES,MONTH-TO-MONTH,YES,ELECTRONIC CHECK,64.0,370.25,2.102496714848883,0
2043-WVTQJ,NO,MALE,0,YES,NO,1,YES,NO,DSL,YES,NO,YES,NO,NO,NO,MONTH-TO-MONTH,NO,MAILED CHECK,55.7,55.7,1.8298291721419186,0
2045-BMBTJ,NO,FEMALE,1,NO,NO,33,NO,NO,DSL,YES,YES,YES,NO,YES,YES,MONTH-TO-MONTH,YES,BANK TRANSFER (AUTOMATIC),59.45,1884.65,1.9530223390275954,0
2049-BAFNW,NO,FEMALE,0,NO,NO,1,NO,NO,DSL,NO,NO,YES,YES,NO,NO,MONTH-TO-MONTH,NO,MAILED CHECK,35.9,35.9,1.1793692509855453,0
2050-ONYDQ,NO,FEMALE,0,YES,YES,65,YES,YES,NO,NO,NO,NO,NO,NO,NO,TWO YEAR,NO,CREDIT CARD (AUTOMATIC),26.0,1654.85,0.8541392904073587,0
2054-PJOCK,NO,FEMALE,0,NO,NO,60,YES,YES,DSL,NO,NO,YES,YES,YES,YES,ONE YEAR,NO,CREDIT CARD (AUTOMATIC),80.55,4847.05,2.646189224704336,0
2055-BFOCC,NO,MALE,1,YES,NO,63,YES,NO,DSL,YES,YES,YES,YES,YES,YES,ONE YEAR,YES,BANK TRANSFER (AUTOMATIC),84.0,5329.55,2.759526938239159,0
2055-PDADH,YES,FEMALE,1,NO,NO,3,YES,NO,FIBER OPTIC,NO,NO,NO,NO,NO,NO,MONTH-TO-MONTH,YES,ELECTRONIC CHECK,70.4,204.7,2.3127463863337714,1
2055-SIFSS,NO,FEMALE,1,YES,NO,55,YES,YES,DSL,NO,NO,NO,NO,NO,NO,MONTH-TO-MONTH,NO,BANK TRANSFER (AUTOMATIC),51.65,2838.55,1.6967805519053876,0
2056-EVGZL,NO,MALE,0,YES,YES,68,YES,NO,FIBER OPTIC,NO,YES,YES,YES,YES,YES,ONE YEAR,NO,CREDIT CARD (AUTOMATIC),105.75,7322.5,3.474047306176084,0
2057-BOYKM,NO,FEMALE,1,YES,NO,72,YES,YES,FIBER OPTIC,YES,YES,YES,YES,NO,NO,TWO YEAR,YES,BANK TRANSFER (AUTOMATIC),96.6,6827.5,3.1734559789750327,0
2057-ZBLPD,YES,FEMALE,0,YES,NO,21,YES,YES,FIBER OPTIC,NO,NO,NO,NO,NO,YES,MONTH-TO-MONTH,YES,ELECTRONIC CHECK,86.5,1808.7,2.8416557161629434,1
2058-DCJBE,YES,MALE,0,NO,NO,5,YES,NO,FIBER OPTIC,NO,NO,NO,NO,NO,NO,MONTH-TO-MONTH,YES,ELECTRONIC CHECK,69.75,324.6,2.291392904073587,1
2061-VVFST,NO,FEMALE,0,YES,NO,37,YES,NO,NO,NO,NO,NO,NO,NO,NO,MONTH-TO-MONTH,NO,BANK TRANSFER (AUTOMATIC),19.5,805.2,0.640604467805519,0
2065-MMKGR,NO,FEMALE,0,NO,NO,29,YES,YES,DSL,NO,NO,NO,NO,YES,YES,ONE YEAR,YES,CREDIT CARD (AUTOMATIC),71.0,2080.1,2.3324572930354797,0
2067-QYTCF,NO,FEMALE,0,YES,NO,64,YES,YES,FIBER OPTIC,NO,YES,YES,YES,YES,YES,MONTH-TO-MONTH,YES,ELECTRONIC CHECK,111.15,6953.4,3.6514454664914586,0
2068-WWXQZ,NO,MALE,0,NO,NO,46,YES,NO,NO,NO,NO,NO,NO,NO,NO,TWO YEAR,NO,BANK TRANSFER (AUTOMATIC),20.05,902.0,0.6586727989487516,0
2070-FNEXE,YES,FEMALE,1,NO,NO,7,YES,NO,FIBER OPTIC,YES,NO,NO,NO,NO,NO,MONTH-TO-MONTH,NO,BANK TRANSFER (AUTOMATIC),76.45,503.6,2.5114980289093296,1
2070-XYMFH,NO,FEMALE,1,NO,NO,23,YES,YES,FIBER OPTIC,NO,NO,YES,NO,NO,NO,MONTH-TO-MONTH,YES,MAILED CHECK,79.35,1835.3,2.6067674113009196,0
2072-ZVJJX,NO,MALE,0,YES,NO,68,YES,YES,NO,NO,NO,NO,NO,NO,NO,TWO YEAR,NO,BANK TRANSFER (AUTOMATIC),25.25,1728.2,0.8295006570302234,0
2073-QBVBI,NO,FEMALE,0,YES,NO,41,NO,NO,DSL,NO,YES,NO,YES,NO,NO,ONE YEAR,NO,MAILED CHECK,35.45,1391.65,1.1645860709592641,0
2074-GKOWZ,YES,MALE,0,YES,YES,2,YES,NO,FIBER OPTIC,NO,NO,NO,NO,YES,YES,MONTH-TO-MONTH,YES,BANK TRANSFER (AUTOMATIC),89.55,185.55,2.9418528252299603,1
2074-GUHPQ,NO,FEMALE,0,NO,YES,17,YES,YES,FIBER OPTIC,NO,YES,YES,YES,NO,NO,MONTH-TO-MONTH,YES,CREDIT CARD (AUTOMATIC),92.7,1556.85,3.045335085413929,0
2075-PUEPR,NO,MALE,0,YES,YES,55,YES,NO,NO,NO,NO,NO,NO,NO,NO,TWO YEAR,NO,BANK TRANSFER (AUTOMATIC),19.35,1153.25,0.635676741130092,0
2075-RMJIK,NO,FEMALE,0,YES,YES,5,YES,NO,DSL,YES,NO,NO,NO,NO,NO,MONTH-TO-MONTH,YES,MAILED CHECK,49.4,232.55,1.6228646517739815,0
2077-DDHJK,NO,FEMALE,0,YES,NO,68,YES,YES,DSL,YES,YES,YES,YES,NO,NO,TWO YEAR,NO,CREDIT CARD (AUTOMATIC),70.9,4911.35,2.3291721419185283,0
2077-MPJQO,NO,MALE,1,YES,NO,7,YES,YES,FIBER OPTIC,NO,NO,NO,NO,NO,NO,MONTH-TO-MONTH,YES,ELECTRONIC CHECK,75.4,533.05,2.4770039421813403,0
2079-FBMZK,YES,FEMALE,0,NO,NO,6,YES,NO,FIBER OPTIC,NO,NO,NO,NO,NO,NO,MONTH-TO-MONTH,YES,MAILED CHECK,69.25,418.4,2.2749671484888303,1
2080-CAZNM,NO,FEMALE,1,NO,NO,41,YES,YES,FIBER OPTIC,NO,YES,YES,NO,YES,YES,MONTH-TO-MONTH,YES,ELECTRONIC CHECK,104.4,4133.95,3.4296977660972403,0
2080-GKCWQ,NO,MALE,0,NO,NO,2,YES,NO,FIBER OPTIC,NO,YES,NO,NO,NO,NO,MONTH-TO-MONTH,NO,ELECTRONIC CHECK,74.95,151.75,2.462220762155059,0
2080-SRCDE,NO,FEMALE,0,NO,YES,1,YES,YES,NO,NO,NO,NO,NO,NO,NO,MONTH-TO-MONTH,NO,MAILED CHECK,25.4,25.4,0.8344283837056504,0
2081-KJSQF,NO,MALE,0,NO,NO,1,YES,NO,NO,NO,NO,NO,NO,NO,NO,MONTH-TO-MONTH,YES,MAILED CHECK,20.25,20.25,0.6652431011826544,0
2081-VEYEH,NO,MALE,0,NO,NO,3,YES,NO,FIBER OPTIC,NO,YES,YES,YES,YES,YES,MONTH-TO-MONTH,YES,ELECTRONIC CHECK,107.95,318.6,3.5463206307490145,0
2082-CEFLT,YES,MALE,0,NO,NO,1,YES,NO,DSL,NO,NO,NO,NO,NO,NO,MONTH-TO-MONTH,YES,ELECTRONIC CHECK,45.6,45.6,1.4980289093298291,1
2082-OJVTK,YES,MALE,0,YES,YES,29,YES,YES,FIBER OPTIC,NO,NO,YES,NO,NO,YES,MONTH-TO-MONTH,YES,ELECTRONIC CHECK,89.2,2698.35,2.9303547963206307,1
2085-BOJKI,NO,MALE,0,YES,NO,17,YES,NO,FIBER OPTIC,NO,NO,YES,NO,YES,YES,ONE YEAR,YES,BANK TRANSFER (AUTOMATIC),96.65,1588.25,3.1750985545335086,0
2085-JVGAD,NO,MALE,0,YES,NO,37,YES,NO,NO,NO,NO,NO,NO,NO,NO,MONTH-TO-MONTH,NO,BANK TRANSFER (AUTOMATIC),20.35,697.65,0.6685282522996058,0
2087-QAREY,NO,FEMALE,0,YES,NO,22,YES,NO,DSL,NO,YES,YES,NO,NO,NO,MONTH-TO-MONTH,YES,MAILED CHECK,54.7,1178.75,1.7969776609724049,0
2088-IEBAU,NO,FEMALE,0,NO,NO,68,YES,YES,DSL,YES,YES,YES,YES,YES,YES,TWO YEAR,YES,ELECTRONIC CHECK,88.15,6148.45,2.8958607095926414,0
2091-GPPIQ,NO,FEMALE,0,YES,YES,72,YES,YES,DSL,NO,YES,NO,YES,YES,YES,TWO YEAR,YES,ELECTRONIC CHECK,78.95,5730.15,2.5936268068331145,0
2091-MJTFX,YES,FEMALE,0,YES,YES,30,NO,NO,DSL,NO,NO,NO,YES,YES,YES,MONTH-TO-MONTH,NO,CREDIT CARD (AUTOMATIC),51.2,1561.5,1.6819973718791064,1
2091-RFFBA,YES,FEMALE,1,NO,NO,31,YES,YES,FIBER OPTIC,NO,NO,NO,NO,NO,NO,MONTH-TO-MONTH,YES,ELECTRONIC CHECK,73.9,2217.15,2.4277266754270697,1
2096-XOTMO,NO,FEMALE,0,YES,YES,16,YES,NO,NO,NO,NO,NO,NO,NO,NO,MONTH-TO-MONTH,NO,MAILED CHECK,19.35,275.9,0.635676741130092,0
2097-YVPKN,NO,MALE,0,NO,NO,65,YES,YES,NO,NO,NO,NO,NO,NO,NO,TWO YEAR,NO,MAILED CHECK,25.75,1654.75,0.8459264126149802,0
2100-BDNSN,YES,FEMALE,0,YES,NO,5,YES,YES,DSL,NO,NO,YES,YES,YES,NO,MONTH-TO-MONTH,NO,BANK TRANSFER (AUTOMATIC),67.95,350.3,2.2322601839684624,1
2101-RANCD,NO,FEMALE,0,NO,NO,55,YES,YES,FIBER OPTIC,NO,NO,NO,NO,NO,NO,MONTH-TO-MONTH,YES,ELECTRONIC CHECK,73.1,4144.9,2.401445466491458,0
2103-ZRXFN,NO,MALE,0,NO,NO,1,YES,YES,DSL,NO,NO,NO,NO,NO,NO,MONTH-TO-MONTH,NO,MAILED CHECK,50.75,50.75,1.6672141918528252,0
2105-PHWON,NO,FEMALE,0,YES,NO,33,YES,YES,FIBER OPTIC,NO,NO,YES,YES,NO,YES,MONTH-TO-MONTH,YES,CREDIT CARD (AUTOMATIC),95.0,3008.15,3.1208935611038107,0
2107-FBPTK,NO,FEMALE,1,NO,NO,30,YES,YES,FIBER OPTIC,NO,YES,YES,NO,YES,YES,MONTH-TO-MONTH,YES,ELECTRONIC CHECK,104.1,3121.1,3.419842312746386,0
2108-GLPQB,NO,MALE,0,YES,NO,25,YES,YES,DSL,NO,NO,YES,NO,NO,NO,MONTH-TO-MONTH,NO,CREDIT CARD (AUTOMATIC),55.55,1405.3,1.8249014454664914,0
2108-XWMPY,YES,MALE,0,NO,NO,3,NO,NO,DSL,YES,YES,NO,NO,NO,NO,MONTH-TO-MONTH,YES,MAILED CHECK,35.45,106.85,1.1645860709592641,1
2108-YKQTY,YES,FEMALE,0,NO,NO,4,YES,NO,DSL,NO,YES,NO,NO,NO,NO,MONTH-TO-MONTH,NO,CREDIT CARD (AUTOMATIC),50.7,151.3,1.6655716162943495,1
2111-DWYHN,NO,MALE,0,NO,NO,1,YES,NO,NO,NO,NO,NO,NO,NO,NO,MONTH-TO-MONTH,NO,MAILED CHECK,21.1,21.1,0.6931668856767411,0
2114-MGINA,YES,FEMALE,0,NO,NO,14,YES,NO,FIBER OPTIC,NO,NO,NO,NO,YES,YES,MONTH-TO-MONTH,YES,MAILED CHECK,89.8,1129.1,2.950065703022339,1
2115-BFTIW,YES,MALE,0,NO,NO,25,YES,NO,FIBER OPTIC,NO,NO,NO,NO,NO,NO,MONTH-TO-MONTH,NO,MAILED CHECK,70.95,1767.35,2.3308147174770038,1
2120-SMPEX,NO,MALE,0,NO,NO,25,YES,NO,NO,NO,NO,NO,NO,NO,NO,MONTH-TO-MONTH,YES,MAILED CHECK,20.15,536.35,0.6619579500657029,0
2121-JAFOM,NO,FEMALE,0,YES,NO,72,YES,YES,FIBER OPTIC,YES,YES,YES,YES,YES,YES,TWO YEAR,YES,CREDIT CARD (AUTOMATIC),115.55,8312.4,3.795992115637319,0
2122-SZZZD,NO,MALE,0,NO,NO,44,YES,NO,NO,NO,NO,NO,NO,NO,NO,ONE YEAR,NO,CREDIT CARD (AUTOMATIC),19.5,835.5,0.640604467805519,0
2122-YWVYA,NO,FEMALE,0,NO,NO,18,YES,NO,FIBER OPTIC,YES,NO,NO,NO,NO,NO,MONTH-TO-MONTH,YES,ELECTRONIC CHECK,75.4,1380.4,2.4770039421813403,0
2123-AGEEN,NO,FEMALE,1,NO,NO,7,YES,NO,FIBER OPTIC,NO,NO,YES,NO,YES,NO,MONTH-TO-MONTH,YES,ELECTRONIC CHECK,84.35,609.65,2.7710249671484886,0
2123-VSCOT,NO,FEMALE,0,YES,YES,59,YES,YES,DSL,NO,NO,YES,YES,YES,NO,TWO YEAR,YES,BANK TRANSFER (AUTOMATIC),72.1,4194.85,2.3685939553219444,0
2126-GSEGL,NO,FEMALE,0,YES,NO,70,YES,YES,DSL,NO,YES,YES,YES,YES,YES,TWO YEAR,YES,BANK TRANSFER (AUTOMATIC),84.8,5917.55,2.78580814717477,0
2129-ALKBS,NO,FEMALE,0,YES,YES,40,YES,YES,NO,NO,NO,NO,NO,NO,NO,MONTH-TO-MONTH,YES,ELECTRONIC CHECK,26.2,1077.5,0.8607095926412615,0
2133-TSRRM,NO,FEMALE,0,NO,YES,34,YES,NO,FIBER OPTIC,YES,YES,YES,NO,YES,YES,MONTH-TO-MONTH,YES,BANK TRANSFER (AUTOMATIC),105.35,3688.6,3.460906701708278,0
2135-DQWAQ,NO,FEMALE,0,NO,NO,5,YES,NO,FIBER OPTIC,NO,YES,NO,NO,YES,NO,MONTH-TO-MONTH,YES,MAILED CHECK,85.3,420.45,2.802233902759527,0
2135-RXIHG,YES,MALE,0,NO,NO,1,YES,NO,DSL,NO,NO,NO,NO,NO,NO,MONTH-TO-MONTH,YES,ELECTRONIC CHECK,45.65,45.65,1.4996714848883048,1
2137-DQMEV,NO,MALE,0,YES,YES,68,NO,NO,DSL,YES,YES,NO,NO,YES,NO,ONE YEAR,NO,MAILED CHECK,44.8,2983.65,1.4717477003942179,0
2138-VFAPZ,NO,FEMALE,0,YES,YES,14,YES,NO,NO,NO,NO,NO,NO,NO,NO,TWO YEAR,YES,MAILED CHECK,19.7,263.65,0.6471747700394218,0
2139-FQHLM,NO,MALE,0,NO,NO,19,YES,NO,FIBER OPTIC,NO,NO,YES,YES,YES,NO,MONTH-TO-MONTH,NO,MAILED CHECK,89.95,1682.4,2.9549934296977662,0
2141-RRYGO,YES,FEMALE,0,NO,NO,4,YES,NO,DSL,NO,YES,NO,NO,YES,YES,MONTH-TO-MONTH,YES,BANK TRANSFER (AUTOMATIC),68.65,261.25,2.2552562417871225,1
2143-LJULT,NO,FEMALE,0,YES,NO,67,YES,YES,NO,NO,NO,NO,NO,NO,NO,TWO YEAR,YES,CREDIT CARD (AUTOMATIC),25.25,1733.15,0.8295006570302234,0
2144-BFDSO,NO,FEMALE,1,YES,NO,50,YES,YES,FIBER OPTIC,YES,YES,YES,NO,YES,YES,MONTH-TO-MONTH,NO,BANK TRANSFER (AUTOMATIC),108.75,5431.9,3.5726018396846255,0
2144-ESWKO,NO,MALE,0,NO,NO,43,NO,NO,DSL,YES,NO,YES,NO,NO,NO,ONE YEAR,YES,CREDIT CARD (AUTOMATIC),35.2,1463.7,1.1563731931668857,0
2146-EGVDT,NO,MALE,0,YES,YES,59,YES,NO,NO,NO,NO,NO,NO,NO,NO,TWO YEAR,NO,CREDIT CARD (AUTOMATIC),19.3,1192.7,0.6340341655716163,0
2150-OEGBV,NO,MALE,0,NO,NO,27,YES,NO,NO,NO,NO,NO,NO,NO,NO,ONE YEAR,NO,BANK TRANSFER (AUTOMATIC),20.1,562.6,0.6603153745072273,0
2150-UWTFY,YES,FEMALE,0,YES,YES,22,YES,NO,DSL,YES,YES,YES,NO,NO,NO,MONTH-TO-MONTH,NO,MAILED CHECK,61.15,1422.05,2.0088699080157686,1
2150-WLKUW,NO,FEMALE,0,YES,NO,40,YES,YES,DSL,NO,YES,NO,NO,YES,NO,ONE YEAR,NO,BANK TRANSFER (AUTOMATIC),63.9,2635.0,2.0992115637319317,0
2153-MREFK,YES,FEMALE,0,YES,NO,37,YES,YES,FIBER OPTIC,YES,NO,YES,YES,NO,YES,ONE YEAR,YES,ELECTRONIC CHECK,99.2,3754.6,3.2588699080157686,1
2154-KVJFF,YES,FEMALE,0,NO,NO,15,YES,YES,FIBER OPTIC,NO,YES,NO,NO,NO,NO,MONTH-TO-MONTH,YES,ELECTRONIC CHECK,79.75,1111.85,2.619908015768725,1
2155-AMQRX,NO,FEMALE,0,NO,NO,28,YES,YES,DSL,NO,NO,NO,YES,NO,NO,MONTH-TO-MONTH,YES,CREDIT CARD (AUTOMATIC),54.9,1505.15,1.8035479632063074,0
2157-MXBJS,YES,MALE,0,YES,NO,13,YES,YES,DSL,NO,NO,YES,NO,YES,YES,ONE YEAR,YES,MAILED CHECK,75.3,989.45,2.473718791064389,1
2159-TURXX,NO,MALE,0,NO,NO,5,YES,NO,NO,NO,NO,NO,NO,NO,NO,MONTH-TO-MONTH,NO,CREDIT CARD (AUTOMATIC),20.05,95.55,0.6586727989487516,0
2160-GPFXD,NO,MALE,0,YES,YES,54,YES,YES,DSL,YES,YES,NO,YES,NO,NO,TWO YEAR,YES,CREDIT CARD (AUTOMATIC),65.65,3566.7,2.156701708278581,0
2162-FRZAA,NO,MALE,0,YES,YES,63,NO,NO,DSL,NO,YES,YES,YES,NO,NO,TWO YEAR,NO,BANK TRANSFER (AUTOMATIC),39.35,2395.05,1.292706964520368,0
2164-SOQXL,NO,FEMALE,0,YES,YES,20,YES,NO,NO,NO,NO,NO,NO,NO,NO,MONTH-TO-MONTH,NO,MAILED CHECK,20.05,406.05,0.6586727989487516,0
2165-VOEGB,YES,FEMALE,0,NO,YES,46,YES,NO,FIBER OPTIC,YES,YES,NO,YES,YES,YES,ONE YEAR,YES,BANK TRANSFER (AUTOMATIC),105.2,4822.85,3.4559789750328513,1
2167-FQSTQ,NO,FEMALE,0,YES,NO,72,YES,YES,DSL,YES,YES,YES,YES,YES,YES,TWO YEAR,YES,ELECTRONIC CHECK,92.4,6786.1,3.035479632063075,0
2169-RRLFW,NO,FEMALE,0,YES,NO,71,YES,YES,NO,NO,NO,NO,NO,NO,NO,TWO YEAR,NO,CREDIT CARD (AUTOMATIC),25.6,1888.25,0.8409986859395532,0
2171-UDMFD,NO,MALE,0,YES,YES,32,YES,NO,NO,NO,NO,NO,NO,NO,NO,MONTH-TO-MONTH,YES,CREDIT CARD (AUTOMATIC),19.45,674.55,0.6389618922470434,0
2172-EJXVF,NO,FEMALE,1,NO,NO,71,YES,YES,FIBER OPTIC,NO,YES,YES,NO,YES,YES,ONE YEAR,YES,ELECTRONIC CHECK,105.9,7521.95,3.478975032851511,0
2176-LVPNX,NO,FEMALE,1,NO,NO,71,YES,YES,DSL,YES,YES,YES,YES,YES,YES,TWO YEAR,NO,MAILED CHECK,89.85,6293.45,2.9517082785808144,0
2176-OSJUV,NO,MALE,0,YES,NO,71,YES,YES,DSL,YES,YES,NO,YES,NO,NO,TWO YEAR,NO,BANK TRANSFER (AUTOMATIC),65.15,4681.75,2.140275952693824,0
2178-PMGCJ,NO,MALE,0,NO,NO,22,YES,NO,FIBER OPTIC,NO,NO,NO,NO,NO,NO,MONTH-TO-MONTH,YES,MAILED CHECK,69.7,1490.4,2.2897503285151117,0
2180-DXNEG,YES,FEMALE,0,NO,NO,12,YES,NO,FIBER OPTIC,NO,NO,YES,NO,YES,YES,MONTH-TO-MONTH,YES,ELECTRONIC CHECK,96.0,1062.1,3.1537450722733245,1
2181-TIDSV,NO,MALE,0,YES,YES,68,YES,NO,NO,NO,NO,NO,NO,NO,NO,TWO YEAR,YES,BANK TRANSFER (AUTOMATIC),19.95,1303.25,0.6553876478318003,0
2181-UAESM,NO,MALE,0,NO,NO,2,YES,NO,DSL,YES,NO,YES,NO,NO,NO,MONTH-TO-MONTH,NO,ELECTRONIC CHECK,53.45,119.5,1.7559132720105124,0
2186-QZEYA,NO,FEMALE,1,NO,NO,29,YES,YES,DSL,YES,YES,NO,NO,NO,NO,MONTH-TO-MONTH,YES,BANK TRANSFER (AUTOMATIC),58.55,1718.95,1.9234559789750327,0
2187-LZGPL,YES,FEMALE,0,NO,NO,7,NO,NO,DSL,NO,YES,NO,NO,NO,YES,MONTH-TO-MONTH,YES,CREDIT CARD (AUTOMATIC),40.1,293.3,1.3173455978975033,1
2187-PKZAY,NO,MALE,0,NO,NO,12,YES,NO,FIBER OPTIC,NO,NO,NO,NO,NO,YES,MONTH-TO-MONTH,YES,BANK TRANSFER (AUTOMATIC),79.95,1043.4,2.6264783180026283,0
2188-SXWVT,NO,FEMALE,0,NO,NO,34,YES,NO,DSL,YES,YES,NO,NO,NO,NO,ONE YEAR,NO,MAILED CHECK,55.0,1885.15,1.8068331143232588,0
2189-UXTKY,YES,FEMALE,0,YES,NO,22,YES,YES,DSL,YES,NO,NO,YES,YES,YES,MONTH-TO-MONTH,YES,ELECTRONIC CHECK,79.2,1742.75,2.6018396846254928,1
2189-WWOEW,YES,FEMALE,0,NO,YES,15,YES,NO,FIBER OPTIC,NO,YES,NO,NO,NO,YES,MONTH-TO-MONTH,YES,BANK TRANSFER (AUTOMATIC),85.9,1269.55,2.821944809461235,1
2190-BCXEC,NO,FEMALE,0,YES,NO,40,YES,YES,FIBER OPTIC,NO,NO,NO,YES,NO,NO,MONTH-TO-MONTH,YES,CREDIT CARD (AUTOMATIC),78.85,3126.85,2.5903416557161627,0
2190-PHBHR,NO,FEMALE,0,YES,NO,72,YES,YES,FIBER OPTIC,YES,YES,NO,NO,NO,YES,TWO YEAR,YES,CREDIT CARD (AUTOMATIC),94.45,6921.7,3.1028252299605783,0
2192-CKRLV,NO,FEMALE,0,YES,NO,72,NO,NO,DSL,YES,YES,YES,NO,NO,YES,TWO YEAR,YES,ELECTRONIC CHECK,49.2,3580.95,1.6162943495400788,0
2192-OZITF,NO,FEMALE,0,NO,NO,45,YES,YES,DSL,YES,NO,NO,YES,NO,YES,TWO YEAR,NO,MAILED CHECK,73.55,3349.1,2.4162286465177396,0
2193-SFWQW,NO,MALE,0,YES,YES,72,YES,NO,FIBER OPTIC,YES,YES,YES,YES,YES,YES,TWO YEAR,NO,BANK TRANSFER (AUTOMATIC),111.95,8033.1,3.6777266754270697,0
2194-IIQOF,NO,FEMALE,0,YES,NO,71,YES,YES,DSL,YES,YES,YES,YES,YES,YES,TWO YEAR,NO,CREDIT CARD (AUTOMATIC),89.3,6388.65,2.933639947437582,0
2195-VVRJF,NO,MALE,1,YES,NO,18,YES,NO,DSL,YES,NO,NO,NO,NO,YES,MONTH-TO-MONTH,YES,CREDIT CARD (AUTOMATIC),59.1,1011.05,1.9415243101182653,0
2195-ZRVAX,YES,FEMALE,0,YES,NO,47,YES,NO,FIBER OPTIC,NO,NO,YES,NO,NO,YES,MONTH-TO-MONTH,YES,ELECTRONIC CHECK,85.3,4045.65,2.802233902759527,1
2197-OMWGI,NO,FEMALE,1,YES,YES,68,NO,NO,DSL,NO,YES,YES,NO,YES,YES,TWO YEAR,YES,ELECTRONIC CHECK,53.0,3656.25,1.7411300919842312,0
2200-DSAAL,NO,FEMALE,0,NO,NO,68,YES,YES,DSL,NO,YES,YES,NO,YES,YES,TWO YEAR,YES,ELECTRONIC CHECK,80.65,5330.2,2.649474375821288,0
2202-CUYXZ,YES,MALE,0,NO,NO,1,YES,NO,FIBER OPTIC,NO,NO,YES,NO,YES,NO,MONTH-TO-MONTH,YES,ELECTRONIC CHECK,84.85,84.85,2.7874507227332455,1
2202-OUTMO,NO,FEMALE,0,YES,NO,34,YES,YES,DSL,YES,NO,NO,YES,NO,NO,MONTH-TO-MONTH,YES,BANK TRANSFER (AUTOMATIC),60.85,2003.6,1.9990144546649145,0
2203-GHNWN,NO,FEMALE,0,YES,NO,24,YES,YES,FIBER OPTIC,NO,NO,YES,NO,NO,NO,MONTH-TO-MONTH,YES,MAILED CHECK,79.65,1928.7,2.616622864651774,0
2205-LPVGL,NO,MALE,1,YES,YES,58,YES,YES,FIBER OPTIC,YES,YES,NO,YES,NO,NO,ONE YEAR,YES,BANK TRANSFER (AUTOMATIC),89.85,5125.75,2.9517082785808144,0
2205-YMZZJ,YES,MALE,1,NO,NO,7,YES,YES,FIBER OPTIC,NO,NO,NO,NO,YES,NO,MONTH-TO-MONTH,YES,ELECTRONIC CHECK,84.8,546.95,2.78580814717477,1
2207-NHRJK,YES,MALE,0,NO,NO,1,YES,NO,DSL,NO,YES,NO,NO,NO,NO,MONTH-TO-MONTH,NO,ELECTRONIC CHECK,50.8,50.8,1.6688567674113008,1
2207-OBZNX,YES,MALE,0,NO,NO,7,YES,NO,DSL,YES,NO,NO,NO,NO,NO,MONTH-TO-MONTH,YES,MAILED CHECK,51.0,354.05,1.6754270696452036,1
2207-QPJED,NO,FEMALE,1,YES,NO,37,YES,NO,FIBER OPTIC,NO,NO,YES,YES,YES,NO,MONTH-TO-MONTH,NO,ELECTRONIC CHECK,90.0,3371.75,2.9566360052562417,0
2207-RYYRL,NO,MALE,0,YES,YES,52,YES,YES,NO,NO,NO,NO,NO,NO,NO,TWO YEAR,NO,MAILED CHECK,24.55,1331.05,0.8065045992115637,0
2208-MPXIO,NO,FEMALE,0,YES,YES,45,YES,NO,NO,NO,NO,NO,NO,NO,NO,TWO YEAR,YES,BANK TRANSFER (AUTOMATIC),20.0,886.4,0.657030223390276,0
2208-NKVVH,NO,MALE,0,YES,YES,43,YES,YES,NO,NO,NO,NO,NO,NO,NO,TWO YEAR,NO,MAILED CHECK,24.25,1077.95,0.7966491458607096,0
2208-NQBCT,NO,FEMALE,0,YES,YES,26,YES,NO,FIBER OPTIC,YES,YES,NO,NO,NO,NO,MONTH-TO-MONTH,NO,ELECTRONIC CHECK,81.95,2070.05,2.692181340341656,0
2208-UGTGR,NO,MALE,0,NO,NO,56,YES,YES,FIBER OPTIC,NO,YES,NO,NO,YES,YES,MONTH-TO-MONTH,NO,ELECTRONIC CHECK,98.6,5581.05,3.2391590013140603,0
2209-XADXF,NO,FEMALE,0,NO,NO,1,NO,NO,DSL,NO,NO,NO,NO,NO,NO,MONTH-TO-MONTH,NO,BANK TRANSFER (AUTOMATIC),25.25,25.25,0.8295006570302234,0
2211-RMNHO,NO,FEMALE,0,YES,YES,68,YES,YES,DSL,NO,YES,YES,YES,YES,YES,TWO YEAR,NO,BANK TRANSFER (AUTOMATIC),85.3,5560.0,2.802233902759527,0
2212-LYASK,NO,MALE,0,YES,YES,27,NO,NO,DSL,NO,YES,YES,NO,NO,YES,ONE YEAR,YES,CREDIT CARD (AUTOMATIC),45.85,1246.4,1.5062417871222076,0
2215-ZAFGX,NO,MALE,0,NO,NO,9,YES,YES,FIBER OPTIC,NO,NO,NO,NO,YES,NO,MONTH-TO-MONTH,YES,ELECTRONIC CHECK,85.5,791.7,2.8088042049934296,0
2219-MVUSO,YES,MALE,0,NO,NO,8,YES,NO,DSL,NO,NO,NO,NO,NO,NO,MONTH-TO-MONTH,YES,MAILED CHECK,45.15,438.4,1.483245729303548,1
2220-IAHLS,NO,FEMALE,0,NO,NO,1,YES,NO,NO,NO,NO,NO,NO,NO,NO,MONTH-TO-MONTH,NO,CREDIT CARD (AUTOMATIC),19.4,19.4,0.6373193166885676,0
2223-GDSHL,NO,MALE,0,YES,YES,71,YES,YES,FIBER OPTIC,YES,YES,YES,YES,YES,YES,TWO YEAR,YES,BANK TRANSFER (AUTOMATIC),116.05,8297.5,3.8124178712220758,0
2223-KAGMX,YES,FEMALE,0,NO,NO,15,YES,NO,NO,NO,NO,NO,NO,NO,NO,MONTH-TO-MONTH,NO,BANK TRANSFER (AUTOMATIC),19.4,289.3,0.6373193166885676,1
2225-ZRGSG,YES,FEMALE,0,YES,YES,70,YES,YES,FIBER OPTIC,YES,YES,YES,YES,NO,NO,TWO YEAR,NO,BANK TRANSFER (AUTOMATIC),93.9,6579.05,3.0847568988173455,1
2226-ICFDO,NO,FEMALE,0,YES,YES,72,YES,YES,DSL,YES,NO,YES,YES,YES,YES,TWO YEAR,YES,CREDIT CARD (AUTOMATIC),85.9,6110.75,2.821944809461235,0
2227-JRSJX,NO,FEMALE,0,NO,NO,21,YES,NO,FIBER OPTIC,NO,YES,NO,YES,YES,YES,MONTH-TO-MONTH,YES,BANK TRANSFER (AUTOMATIC),99.15,1956.4,3.257227332457293,0
2228-BZDEE,NO,FEMALE,0,NO,NO,54,YES,NO,NO,NO,NO,NO,NO,NO,NO,TWO YEAR,NO,MAILED CHECK,20.1,1079.45,0.6603153745072273,0
2229-DPMBI,NO,FEMALE,0,YES,YES,8,YES,NO,NO,NO,NO,NO,NO,NO,NO,TWO YEAR,NO,MAILED CHECK,19.5,162.15,0.640604467805519,0
2229-VWQJH,NO,FEMALE,0,NO,NO,24,YES,NO,DSL,NO,NO,YES,NO,NO,NO,MONTH-TO-MONTH,YES,CREDIT CARD (AUTOMATIC),49.3,1233.25,1.6195795006570302,0
2230-XTUWL,NO,FEMALE,0,YES,YES,48,YES,NO,NO,NO,NO,NO,NO,NO,NO,TWO YEAR,NO,MAILED CHECK,19.55,883.35,0.6422470433639947,0
2232-DMLXU,YES,FEMALE,0,YES,NO,1,YES,NO,DSL,NO,NO,NO,NO,YES,NO,MONTH-TO-MONTH,NO,MAILED CHECK,55.2,55.2,1.8134034165571618,1
2233-FAGXV,NO,FEMALE,0,YES,YES,5,YES,YES,NO,NO,NO,NO,NO,NO,NO,MONTH-TO-MONTH,YES,MAILED CHECK,24.3,132.25,0.7982917214191853,0
2233-TXSIU,NO,MALE,0,YES,YES,17,NO,NO,DSL,YES,NO,YES,NO,YES,NO,ONE YEAR,NO,CREDIT CARD (AUTOMATIC),44.45,792.15,1.4602496714848883,0
2234-EOFPT,NO,MALE,0,YES,NO,72,YES,NO,DSL,YES,YES,NO,YES,YES,YES,TWO YEAR,YES,BANK TRANSFER (AUTOMATIC),79.35,5753.25,2.6067674113009196,0
2234-XADUH,NO,FEMALE,0,YES,YES,72,YES,YES,FIBER OPTIC,NO,YES,YES,NO,YES,YES,ONE YEAR,YES,CREDIT CARD (AUTOMATIC),103.2,7362.9,3.3902759526938238,0
2235-DWLJU,NO,FEMALE,1,NO,NO,6,NO,NO,DSL,NO,NO,NO,NO,YES,YES,MONTH-TO-MONTH,YES,ELECTRONIC CHECK,44.4,263.05,1.4586070959264126,0
2235-EZAIK,NO,FEMALE,0,YES,NO,72,YES,YES,DSL,YES,YES,YES,YES,YES,NO,TWO YEAR,NO,CREDIT CARD (AUTOMATIC),79.2,5401.9,2.6018396846254928,0
2235-ZGKPT,YES,FEMALE,0,YES,YES,4,YES,YES,DSL,NO,NO,NO,NO,NO,NO,MONTH-TO-MONTH,NO,MAILED CHECK,50.85,239.55,1.6704993429697765,1
2236-HILPA,NO,MALE,0,YES,YES,62,YES,NO,NO,NO,NO,NO,NO,NO,NO,TWO YEAR,NO,CREDIT CARD (AUTOMATIC),20.65,1218.45,0.6783837056504598,0
2237-ZFSMY,YES,FEMALE,0,NO,NO,39,YES,NO,FIBER OPTIC,YES,NO,YES,YES,YES,NO,ONE YEAR,YES,ELECTRONIC CHECK,95.55,3692.85,3.138961892247043,1
2239-CFOUJ,NO,MALE,0,YES,YES,1,YES,NO,NO,NO,NO,NO,NO,NO,NO,ONE YEAR,NO,MAILED CHECK,20.4,20.4,0.6701708278580814,0
2239-CGBUZ,NO,FEMALE,0,YES,NO,51,YES,NO,DSL,YES,YES,NO,YES,NO,NO,ONE YEAR,YES,BANK TRANSFER (AUTOMATIC),60.5,3145.15,1.9875164257555846,0
2239-JALAW,YES,MALE,0,NO,NO,58,YES,YES,FIBER OPTIC,NO,YES,YES,NO,YES,YES,ONE YEAR,YES,BANK TRANSFER (AUTOMATIC),103.25,6017.65,3.3919185282522997,1
2240-HSJQD,NO,MALE,0,NO,YES,38,YES,YES,FIBER OPTIC,NO,YES,NO,NO,NO,NO,MONTH-TO-MONTH,YES,MAILED CHECK,81.85,3141.7,2.688896189224704,0
2242-MFOTG,NO,MALE,0,NO,NO,33,YES,YES,FIBER OPTIC,YES,NO,NO,NO,NO,NO,ONE YEAR,NO,BANK TRANSFER (AUTOMATIC),80.1,2603.3,2.6314060446780547,0
2243-FNMMI,NO,MALE,0,NO,NO,20,YES,NO,NO,NO,NO,NO,NO,NO,NO,MONTH-TO-MONTH,NO,MAILED CHECK,19.4,415.4,0.6373193166885676,0
2245-ADZFJ,NO,FEMALE,0,YES,YES,31,YES,YES,DSL,NO,YES,NO,YES,YES,YES,TWO YEAR,NO,BANK TRANSFER (AUTOMATIC),80.55,2471.6,2.646189224704336,0
2249-YPRNG,YES,FEMALE,0,YES,YES,20,YES,YES,FIBER OPTIC,NO,YES,YES,NO,YES,YES,MONTH-TO-MONTH,YES,BANK TRANSFER (AUTOMATIC),105.85,2239.65,3.477332457293035,1
2250-IVBWA,NO,MALE,0,YES,YES,64,YES,NO,FIBER OPTIC,YES,YES,NO,NO,NO,NO,MONTH-TO-MONTH,NO,ELECTRONIC CHECK,81.05,5135.35,2.662614980289093,0
2251-PYLPB,NO,MALE,0,YES,NO,72,YES,YES,DSL,YES,YES,YES,YES,NO,YES,TWO YEAR,NO,CREDIT CARD (AUTOMATIC),79.55,5810.9,2.6133377135348224,0
2252-ISRNH,NO,MALE,0,YES,YES,9,YES,YES,FIBER OPTIC,NO,NO,YES,NO,YES,NO,ONE YEAR,YES,ELECTRONIC CHECK,90.35,767.9,2.9681340341655713,0
2252-JHJGE,NO,MALE,0,NO,NO,61,YES,YES,FIBER OPTIC,YES,NO,YES,NO,YES,YES,ONE YEAR,NO,ELECTRONIC CHECK,104.0,6363.45,3.416557161629435,0
2252-NKNSI,NO,MALE,0,NO,YES,52,YES,YES,DSL,YES,YES,NO,YES,YES,YES,TWO YEAR,YES,MAILED CHECK,85.15,4461.85,2.7973061760841,0
2253-KPMNB,NO,FEMALE,0,YES,YES,69,NO,NO,DSL,YES,YES,YES,YES,NO,NO,TWO YEAR,NO,BANK TRANSFER (AUTOMATIC),46.25,3121.4,1.519382391590013,0
2254-DLXRI,NO,FEMALE,0,NO,NO,1,YES,YES,FIBER OPTIC,NO,YES,NO,NO,NO,NO,MONTH-TO-MONTH,YES,MAILED CHECK,79.15,79.15,2.6001971090670173,0
2256-YLYLP,NO,MALE,0,YES,YES,68,YES,NO,DSL,NO,NO,YES,YES,YES,YES,TWO YEAR,YES,BANK TRANSFER (AUTOMATIC),72.95,4953.25,2.3965177398160313,0
2257-BOVXD,NO,MALE,0,YES,NO,14,YES,YES,DSL,NO,NO,NO,YES,YES,NO,MONTH-TO-MONTH,YES,CREDIT CARD (AUTOMATIC),66.6,979.5,2.1879106438896185,0
2259-OUUSZ,NO,MALE,0,NO,NO,7,NO,NO,DSL,NO,NO,YES,YES,NO,NO,ONE YEAR,YES,CREDIT CARD (AUTOMATIC),35.5,249.55,1.1662286465177398,0
2260-USTRB,YES,FEMALE,1,NO,NO,2,YES,NO,FIBER OPTIC,NO,NO,NO,NO,NO,NO,MONTH-TO-MONTH,YES,BANK TRANSFER (AUTOMATIC),70.2,115.95,2.3061760840998686,1
2262-SLNVK,NO,FEMALE,0,NO,NO,1,YES,NO,FIBER OPTIC,NO,NO,NO,NO,NO,NO,MONTH-TO-MONTH,NO,ELECTRONIC CHECK,70.1,70.1,2.302890932982917,0
2263-SFSQZ,NO,MALE,0,YES,YES,51,YES,YES,NO,NO,NO,NO,NO,NO,NO,TWO YEAR,YES,MAILED CHECK,24.95,1222.25,0.8196452036793692,0
2265-CYWIV,YES,FEMALE,1,YES,NO,4,YES,YES,FIBER OPTIC,YES,NO,NO,NO,YES,YES,MONTH-TO-MONTH,YES,ELECTRONIC CHECK,99.6,347.65,3.272010512483574,1
2266-FUBDZ,NO,MALE,0,YES,YES,15,YES,NO,NO,NO,NO,NO,NO,NO,NO,TWO YEAR,NO,MAILED CHECK,19.35,278.85,0.635676741130092,0
2266-SJNAT,NO,FEMALE,0,YES,NO,72,YES,YES,FIBER OPTIC,NO,YES,YES,YES,YES,YES,ONE YEAR,NO,CREDIT CARD (AUTOMATIC),109.15,7789.6,3.585742444152431,0
2267-FPIMA,NO,MALE,0,YES,NO,50,YES,YES,FIBER OPTIC,YES,YES,NO,NO,NO,YES,MONTH-TO-MONTH,YES,CREDIT CARD (AUTOMATIC),94.4,4914.9,3.1011826544021024,0
2267-WTPYD,NO,FEMALE,1,YES,NO,57,YES,YES,FIBER OPTIC,NO,YES,YES,NO,NO,YES,MONTH-TO-MONTH,NO,CREDIT CARD (AUTOMATIC),94.0,5438.95,3.088042049934297,0
2270-CHBFN,NO,FEMALE,0,YES,NO,44,YES,YES,FIBER OPTIC,YES,YES,YES,YES,NO,NO,MONTH-TO-MONTH,YES,CREDIT CARD (AUTOMATIC),95.1,4060.55,3.124178712220762,0
2272-JKMSI,NO,FEMALE,0,YES,YES,62,YES,YES,FIBER OPTIC,NO,YES,YES,YES,YES,YES,ONE YEAR,YES,ELECTRONIC CHECK,110.8,6840.95,3.6399474375821286,0
2272-QAGFO,YES,FEMALE,1,NO,NO,14,YES,YES,FIBER OPTIC,NO,NO,NO,NO,NO,NO,MONTH-TO-MONTH,YES,ELECTRONIC CHECK,74.3,1096.25,2.440867279894875,1
2272-UOINI,NO,FEMALE,0,NO,NO,7,YES,NO,DSL,YES,YES,NO,YES,YES,YES,MONTH-TO-MONTH,YES,ELECTRONIC CHECK,78.5,571.05,2.578843626806833,0
2272-WUSPA,NO,FEMALE,0,YES,NO,72,YES,YES,FIBER OPTIC,YES,YES,YES,NO,YES,YES,TWO YEAR,YES,ELECTRONIC CHECK,110.75,7751.7,3.638304862023653,0
2273-QCKXA,NO,MALE,0,NO,NO,1,YES,NO,DSL,NO,NO,NO,YES,NO,NO,MONTH-TO-MONTH,NO,MAILED CHECK,49.05,49.05,1.6113666228646517,0
2274-XUATA,NO,MALE,1,YES,NO,72,NO,NO,DSL,YES,YES,YES,YES,YES,YES,TWO YEAR,YES,BANK TRANSFER (AUTOMATIC),63.1,4685.55,2.0729303547963207,0
2275-RBYQS,NO,FEMALE,0,NO,NO,1,YES,NO,DSL,NO,NO,NO,NO,NO,NO,MONTH-TO-MONTH,YES,MAILED CHECK,45.4,45.4,1.4914586070959264,0
2276-YDAVZ,YES,FEMALE,0,NO,NO,3,YES,YES,FIBER OPTIC,NO,NO,NO,NO,NO,NO,MONTH-TO-MONTH,YES,CREDIT CARD (AUTOMATIC),75.1,270.7,2.4671484888304858,1
2277-AXSDC,NO,FEMALE,0,NO,NO,32,YES,NO,NO,NO,NO,NO,NO,NO,NO,ONE YEAR,NO,BANK TRANSFER (AUTOMATIC),19.75,624.15,0.6488173455978975,0
2277-BKJKN,NO,FEMALE,1,YES,NO,71,YES,NO,FIBER OPTIC,NO,YES,YES,NO,YES,YES,TWO YEAR,YES,ELECTRONIC CHECK,99.2,7213.75,3.2588699080157686,0
2277-DJJDL,NO,MALE,1,YES,NO,60,YES,YES,FIBER OPTIC,NO,NO,NO,YES,YES,YES,MONTH-TO-MONTH,YES,ELECTRONIC CHECK,99.0,6017.9,3.252299605781866,0
2277-VWCNI,NO,FEMALE,1,NO,NO,4,YES,YES,DSL,NO,NO,NO,NO,NO,NO,MONTH-TO-MONTH,NO,MAILED CHECK,48.75,179.85,1.6015111695137976,0
2279-AXJJK,NO,MALE,0,YES,NO,52,YES,YES,FIBER OPTIC,NO,YES,NO,YES,NO,YES,MONTH-TO-MONTH,YES,CREDIT CARD (AUTOMATIC),95.65,5088.4,3.142247043363995,0
2282-YGNOR,NO,FEMALE,0,NO,NO,29,YES,NO,DSL,YES,NO,YES,YES,NO,NO,ONE YEAR,NO,CREDIT CARD (AUTOMATIC),58.0,1734.5,1.9053876478318001,0
2284-VFLKH,NO,MALE,0,YES,NO,49,YES,NO,FIBER OPTIC,NO,NO,YES,YES,YES,YES,ONE YEAR,YES,CREDIT CARD (AUTOMATIC),99.25,4920.8,3.260512483574244,0
2292-XQWSV,NO,MALE,0,YES,YES,40,NO,NO,DSL,NO,YES,YES,YES,YES,YES,ONE YEAR,NO,MAILED CHECK,60.3,2448.5,1.9809461235216819,0
2293-IJWPS,NO,FEMALE,0,YES,NO,57,YES,YES,FIBER OPTIC,NO,NO,YES,NO,YES,YES,ONE YEAR,YES,CREDIT CARD (AUTOMATIC),100.75,5985.0,3.309789750328515,0
2294-DMMUS,NO,FEMALE,0,YES,YES,62,YES,YES,DSL,NO,NO,NO,NO,YES,YES,MONTH-TO-MONTH,YES,CREDIT CARD (AUTOMATIC),70.45,4300.45,2.314388961892247,0
2294-SALNE,NO,MALE,0,YES,YES,23,YES,NO,FIBER OPTIC,NO,YES,YES,YES,NO,NO,ONE YEAR,NO,MAILED CHECK,86.8,1940.8,2.8515111695137976,0
2296-DKZFP,NO,FEMALE,0,YES,NO,65,YES,NO,DSL,YES,YES,YES,NO,NO,YES,TWO YEAR,NO,BANK TRANSFER (AUTOMATIC),71.0,4386.2,2.3324572930354797,0
2300-RQGOI,NO,FEMALE,0,NO,NO,38,YES,NO,NO,NO,NO,NO,NO,NO,NO,TWO YEAR,NO,MAILED CHECK,20.05,741.5,0.6586727989487516,0
2302-ANTDP,YES,FEMALE,1,YES,NO,48,YES,YES,FIBER OPTIC,YES,YES,YES,YES,YES,YES,MONTH-TO-MONTH,NO,ELECTRONIC CHECK,117.45,5438.9,3.8584099868593955,1
2302-OUZXB,NO,MALE,0,YES,NO,72,YES,YES,DSL,NO,YES,YES,NO,YES,YES,TWO YEAR,NO,BANK TRANSFER (AUTOMATIC),82.15,5784.3,2.6987516425755587,0
2303-PJYHN,NO,FEMALE,0,YES,NO,2,YES,NO,NO,NO,NO,NO,NO,NO,NO,MONTH-TO-MONTH,NO,BANK TRANSFER (AUTOMATIC),19.85,52.0,0.6521024967148489,0
2305-MRGLV,NO,MALE,0,YES,NO,28,YES,NO,FIBER OPTIC,NO,NO,NO,YES,NO,NO,MONTH-TO-MONTH,NO,BANK TRANSFER (AUTOMATIC),76.55,2065.4,2.514783180026281,0
2307-FYNNL,NO,MALE,1,NO,NO,65,YES,YES,FIBER OPTIC,YES,NO,YES,YES,YES,YES,TWO YEAR,YES,ELECTRONIC CHECK,109.05,7108.2,3.582457293035479,0
2308-STERM,NO,FEMALE,0,NO,NO,2,YES,NO,NO,NO,NO,NO,NO,NO,NO,MONTH-TO-MONTH,NO,MAILED CHECK,19.4,61.05,0.6373193166885676,0
2309-OSFEU,YES,MALE,0,NO,NO,10,NO,NO,DSL,NO,NO,NO,NO,NO,YES,MONTH-TO-MONTH,YES,MAILED CHECK,33.9,298.45,1.1136662286465175,1
2311-QYMUQ,YES,FEMALE,0,YES,YES,16,YES,NO,FIBER OPTIC,NO,YES,YES,NO,YES,NO,MONTH-TO-MONTH,YES,CREDIT CARD (AUTOMATIC),89.45,1430.25,2.9385676741130093,1
2314-TNDJQ,NO,FEMALE,0,YES,YES,72,NO,NO,DSL,YES,YES,YES,YES,NO,YES,TWO YEAR,NO,CREDIT CARD (AUTOMATIC),55.65,3880.05,1.8281865965834427,0
2316-ESMLS,NO,FEMALE,0,YES,YES,12,NO,NO,DSL,YES,NO,NO,YES,NO,NO,ONE YEAR,NO,CREDIT CARD (AUTOMATIC),33.15,444.75,1.0890275952693822,0
2320-JRSDE,YES,FEMALE,0,YES,YES,1,YES,NO,NO,NO,NO,NO,NO,NO,NO,MONTH-TO-MONTH,YES,ELECTRONIC CHECK,19.9,19.9,0.6537450722733245,1
2320-SLKMB,NO,FEMALE,0,NO,NO,26,NO,NO,DSL,NO,NO,YES,YES,YES,NO,MONTH-TO-MONTH,YES,CREDIT CARD (AUTOMATIC),44.45,1183.8,1.4602496714848883,0
2320-TZRRH,NO,FEMALE,0,NO,NO,20,YES,NO,NO,NO,NO,NO,NO,NO,NO,ONE YEAR,NO,MAILED CHECK,19.5,403.15,0.640604467805519,0
2320-YKQBO,NO,FEMALE,0,NO,NO,7,YES,NO,NO,NO,NO,NO,NO,NO,NO,MONTH-TO-MONTH,NO,MAILED CHECK,19.3,144.95,0.6340341655716163,0
2321-OMBXY,YES,FEMALE,0,YES,YES,38,YES,NO,DSL,YES,YES,NO,YES,YES,YES,ONE YEAR,NO,CREDIT CARD (AUTOMATIC),80.3,3058.65,2.637976346911958,1
2322-VCZHZ,NO,MALE,1,YES,NO,23,YES,NO,FIBER OPTIC,YES,YES,NO,NO,NO,YES,MONTH-TO-MONTH,YES,ELECTRONIC CHECK,90.0,2024.1,2.9566360052562417,0
2323-ARSVR,NO,MALE,0,YES,NO,67,YES,NO,FIBER OPTIC,YES,YES,YES,YES,YES,YES,TWO YEAR,YES,ELECTRONIC CHECK,111.05,7321.05,3.648160315374507,0
2324-AALNO,NO,FEMALE,0,NO,NO,48,YES,YES,NO,NO,NO,NO,NO,NO,NO,ONE YEAR,NO,BANK TRANSFER (AUTOMATIC),24.55,1203.95,0.8065045992115637,0
2324-EFHVG,NO,MALE,0,NO,NO,64,YES,YES,FIBER OPTIC,NO,YES,YES,NO,YES,YES,TWO YEAR,YES,BANK TRANSFER (AUTOMATIC),104.4,6692.65,3.4296977660972403,0
2325-NBPZG,NO,FEMALE,0,NO,NO,3,YES,NO,FIBER OPTIC,YES,NO,NO,NO,NO,NO,MONTH-TO-MONTH,YES,ELECTRONIC CHECK,74.55,233.65,2.4490801576872534,0
2325-WINES,NO,FEMALE,0,NO,NO,32,YES,YES,FIBER OPTIC,NO,YES,YES,NO,YES,YES,ONE YEAR,YES,CREDIT CARD (AUTOMATIC),104.05,3416.85,3.4181997371879103,0
2325-ZUSFD,YES,FEMALE,0,YES,YES,57,YES,NO,DSL,YES,NO,NO,NO,YES,YES,ONE YEAR,YES,BANK TRANSFER (AUTOMATIC),70.1,3913.3,2.302890932982917,1
2330-PQGDQ,NO,MALE,0,YES,YES,51,YES,YES,FIBER OPTIC,NO,YES,NO,YES,NO,NO,ONE YEAR,NO,BANK TRANSFER (AUTOMATIC),84.2,4299.75,2.7660972404730617,0
2332-EFBJY,YES,MALE,0,NO,NO,16,YES,NO,NO,NO,NO,NO,NO,NO,NO,MONTH-TO-MONTH,YES,MAILED CHECK,19.7,342.4,0.6471747700394218,1
2332-TODQS,NO,FEMALE,0,NO,NO,48,YES,YES,NO,NO,NO,NO,NO,NO,NO,ONE YEAR,NO,CREDIT CARD (AUTOMATIC),25.05,1171.5,0.8229303547963206,0
2333-KWEWW,NO,MALE,0,NO,NO,18,YES,NO,NO,NO,NO,NO,NO,NO,NO,TWO YEAR,NO,CREDIT CARD (AUTOMATIC),20.05,388.6,0.6586727989487516,0
2335-GSODA,NO,MALE,0,NO,YES,23,NO,NO,DSL,YES,NO,YES,YES,NO,NO,TWO YEAR,NO,MAILED CHECK,40.1,857.75,1.3173455978975033,0
2338-BQEZT,NO,FEMALE,0,NO,NO,55,YES,NO,DSL,YES,NO,NO,NO,NO,NO,MONTH-TO-MONTH,YES,CREDIT CARD (AUTOMATIC),50.55,2832.75,1.6606438896189224,0
2342-CKIAO,NO,FEMALE,0,NO,NO,2,YES,NO,NO,NO,NO,NO,NO,NO,NO,MONTH-TO-MONTH,NO,MAILED CHECK,20.3,41.2,0.6668856767411301,0
2344-JMOGN,YES,MALE,0,YES,NO,9,YES,NO,FIBER OPTIC,NO,YES,YES,YES,YES,NO,MONTH-TO-MONTH,YES,MAILED CHECK,94.85,890.6,3.1159658344283834,1
2346-CZYIL,NO,MALE,0,NO,NO,27,YES,NO,NO,NO,NO,NO,NO,NO,NO,TWO YEAR,NO,CREDIT CARD (AUTOMATIC),20.35,531.6,0.6685282522996058,0
2346-DJQTB,NO,FEMALE,0,NO,NO,35,NO,NO,DSL,NO,NO,NO,NO,NO,NO,MONTH-TO-MONTH,NO,ELECTRONIC CHECK,24.15,812.5,0.7933639947437582,0
2346-LOCWC,NO,FEMALE,0,YES,YES,58,YES,NO,NO,NO,NO,NO,NO,NO,NO,TWO YEAR,NO,CREDIT CARD (AUTOMATIC),20.5,1191.4,0.6734559789750328,0
2347-WKKAE,NO,MALE,0,YES,NO,42,YES,YES,FIBER OPTIC,YES,NO,YES,NO,NO,YES,MONTH-TO-MONTH,YES,ELECTRONIC CHECK,94.4,4014.6,3.1011826544021024,0
2348-KCJLT,NO,FEMALE,0,YES,NO,44,YES,NO,DSL,YES,YES,YES,NO,NO,NO,ONE YEAR,YES,MAILED CHECK,61.5,2722.2,2.0203679369250986,0
2351-BKRZW,NO,FEMALE,0,YES,YES,43,YES,NO,DSL,YES,NO,YES,NO,YES,YES,TWO YEAR,NO,BANK TRANSFER (AUTOMATIC),75.2,3254.35,2.4704336399474376,0
2351-RRBUE,NO,FEMALE,0,YES,YES,7,YES,NO,NO,NO,NO,NO,NO,NO,NO,ONE YEAR,NO,MAILED CHECK,20.65,134.05,0.6783837056504598,0
2357-COQEK,YES,FEMALE,1,NO,NO,28,YES,YES,FIBER OPTIC,NO,NO,YES,YES,YES,YES,MONTH-TO-MONTH,YES,ELECTRONIC CHECK,103.3,2890.65,3.393561103810775,1
2359-KLTEK,NO,FEMALE,0,YES,YES,41,YES,NO,FIBER OPTIC,NO,NO,YES,NO,YES,YES,MONTH-TO-MONTH,YES,BANK TRANSFER (AUTOMATIC),94.9,3848.0,3.1176084099868593,0
2359-KMGLI,YES,MALE,0,NO,NO,24,YES,YES,FIBER OPTIC,NO,YES,NO,NO,NO,NO,MONTH-TO-MONTH,YES,ELECTRONIC CHECK,80.25,1861.5,2.636333771353482,1
2359-QWQUL,YES,FEMALE,0,YES,NO,39,YES,NO,FIBER OPTIC,YES,NO,YES,YES,YES,YES,ONE YEAR,YES,CREDIT CARD (AUTOMATIC),104.7,4134.85,3.4395532194480944,1
2360-RDGRO,NO,MALE,0,YES,NO,65,YES,YES,FIBER OPTIC,YES,NO,YES,NO,YES,YES,MONTH-TO-MONTH,YES,ELECTRONIC CHECK,104.25,6812.95,3.4247700394218135,0
2361-FJWNO,NO,MALE,0,NO,NO,40,NO,NO,DSL,NO,YES,NO,YES,NO,NO,ONE YEAR,NO,CREDIT CARD (AUTOMATIC),36.0,1382.9,1.1826544021024967,0
2361-UPSND,NO,FEMALE,0,YES,NO,46,YES,NO,DSL,YES,YES,NO,YES,NO,YES,ONE YEAR,NO,MAILED CHECK,70.6,3231.05,2.3193166885676737,0
2362-IBOOY,YES,MALE,0,NO,NO,36,YES,YES,FIBER OPTIC,NO,NO,NO,NO,NO,YES,MONTH-TO-MONTH,YES,ELECTRONIC CHECK,84.75,3050.15,2.784165571616294,1
2363-BJLSL,NO,MALE,0,NO,NO,62,YES,NO,DSL,NO,YES,YES,YES,YES,YES,MONTH-TO-MONTH,YES,BANK TRANSFER (AUTOMATIC),80.4,4981.15,2.6412614980289093,0
2364-UFROM,NO,MALE,0,NO,NO,30,YES,NO,DSL,YES,YES,NO,YES,YES,NO,ONE YEAR,NO,ELECTRONIC CHECK,70.4,2044.75,2.3127463863337714,0
2368-GAKKQ,NO,FEMALE,0,NO,NO,70,YES,YES,FIBER OPTIC,YES,YES,YES,YES,YES,YES,TWO YEAR,YES,BANK TRANSFER (AUTOMATIC),113.65,7939.25,3.733574244415243,0
2369-FEVNO,NO,MALE,0,NO,NO,1,YES,NO,NO,NO,NO,NO,NO,NO,NO,MONTH-TO-MONTH,YES,MAILED CHECK,19.9,19.9,0.6537450722733245,0
2369-UAPKZ,YES,MALE,0,NO,NO,5,YES,YES,FIBER OPTIC,NO,YES,YES,NO,YES,YES,MONTH-TO-MONTH,NO,MAILED CHECK,104.1,541.9,3.419842312746386,1
2371-JQHZZ,NO,MALE,0,YES,NO,24,YES,YES,FIBER OPTIC,NO,NO,NO,NO,YES,YES,MONTH-TO-MONTH,YES,ELECTRONIC CHECK,93.0,2248.05,3.055190538764783,0
2371-JUNGC,NO,MALE,0,NO,NO,11,YES,NO,NO,NO,NO,NO,NO,NO,NO,MONTH-TO-MONTH,NO,MAILED CHECK,20.25,208.0,0.6652431011826544,0
2371-KFUOG,NO,MALE,0,NO,NO,58,YES,NO,FIBER OPTIC,YES,YES,NO,NO,YES,YES,ONE YEAR,NO,BANK TRANSFER (AUTOMATIC),99.15,5720.95,3.257227332457293,0
2372-HWUHI,YES,MALE,0,NO,NO,2,YES,NO,DSL,NO,NO,NO,NO,NO,NO,MONTH-TO-MONTH,NO,ELECTRONIC CHECK,44.35,81.25,1.4569645203679369,1
2373-NTKOD,NO,MALE,0,NO,NO,8,YES,NO,DSL,NO,NO,NO,NO,YES,YES,MONTH-TO-MONTH,YES,ELECTRONIC CHECK,66.25,546.45,2.176412614980289,0
2378-HTWFW,NO,MALE,1,NO,NO,35,YES,YES,FIBER OPTIC,YES,NO,NO,NO,NO,YES,MONTH-TO-MONTH,NO,CREDIT CARD (AUTOMATIC),91.0,3180.5,2.9894875164257555,0
2378-VTKDH,NO,MALE,1,YES,NO,65,YES,YES,FIBER OPTIC,NO,YES,YES,NO,YES,YES,MONTH-TO-MONTH,YES,ELECTRONIC CHECK,104.35,6578.55,3.4280551905387644,0
2378-YIZKA,NO,FEMALE,0,YES,YES,68,YES,NO,DSL,YES,YES,YES,YES,YES,YES,TWO YEAR,YES,CREDIT CARD (AUTOMATIC),85.0,5607.75,2.7923784494086727,0
2379-ENZGV,YES,MALE,0,NO,NO,6,YES,NO,FIBER OPTIC,NO,YES,NO,NO,YES,NO,MONTH-TO-MONTH,YES,ELECTRONIC CHECK,84.85,523.5,2.7874507227332455,1
2379-GYFLQ,NO,MALE,0,NO,NO,46,YES,YES,FIBER OPTIC,NO,YES,YES,NO,YES,NO,ONE YEAR,YES,CREDIT CARD (AUTOMATIC),94.9,4422.95,3.1176084099868593,0
2380-DAMQP,NO,FEMALE,0,YES,NO,72,YES,YES,FIBER OPTIC,YES,YES,YES,YES,YES,YES,TWO YEAR,NO,ELECTRONIC CHECK,115.15,8349.7,3.782851511169514,0
2382-BCKQJ,YES,FEMALE,0,NO,YES,62,YES,YES,FIBER OPTIC,NO,NO,YES,NO,YES,YES,ONE YEAR,YES,ELECTRONIC CHECK,100.15,6413.65,3.290078843626807,1
2384-OVPSA,NO,FEMALE,1,NO,NO,38,YES,NO,NO,NO,NO,NO,NO,NO,NO,TWO YEAR,NO,MAILED CHECK,20.2,735.9,0.6636005256241787,0
2386-LAHRK,YES,MALE,0,NO,NO,1,YES,NO,DSL,NO,NO,NO,NO,YES,NO,MONTH-TO-MONTH,YES,MAILED CHECK,53.5,53.5,1.757555847568988,1
2386-OWURY,NO,FEMALE,0,NO,NO,58,YES,NO,FIBER OPTIC,NO,NO,NO,YES,YES,YES,MONTH-TO-MONTH,YES,ELECTRONIC CHECK,95.3,5817.7,3.130749014454665,0
2387-KDZQY,NO,MALE,0,NO,NO,17,YES,NO,NO,NO,NO,NO,NO,NO,NO,ONE YEAR,YES,MAILED CHECK,20.1,279.5,0.6603153745072273,0
2388-LAESQ,NO,FEMALE,1,YES,NO,72,YES,YES,FIBER OPTIC,YES,YES,YES,YES,YES,YES,TWO YEAR,YES,BANK TRANSFER (AUTOMATIC),114.85,8317.95,3.772996057818659,0
2391-IPLOP,NO,MALE,0,YES,YES,50,YES,YES,DSL,NO,NO,YES,YES,YES,NO,ONE YEAR,YES,ELECTRONIC CHECK,69.65,3442.15,2.2881077529566363,0
2391-SOORI,YES,MALE,0,NO,YES,4,YES,NO,DSL,YES,NO,NO,NO,NO,NO,MONTH-TO-MONTH,NO,ELECTRONIC CHECK,49.35,219.65,1.6212220762155058,1
2393-DIVAI,NO,FEMALE,0,NO,NO,3,YES,NO,NO,NO,NO,NO,NO,NO,NO,MONTH-TO-MONTH,YES,MAILED CHECK,20.0,61.7,0.657030223390276,0
2397-BRLOM,YES,MALE,1,YES,YES,8,YES,NO,FIBER OPTIC,NO,NO,NO,NO,YES,NO,MONTH-TO-MONTH,YES,CREDIT CARD (AUTOMATIC),80.45,583.45,2.642904073587385,1
2398-YPMUR,YES,FEMALE,1,YES,NO,13,YES,NO,FIBER OPTIC,NO,NO,NO,NO,NO,NO,MONTH-TO-MONTH,YES,ELECTRONIC CHECK,70.15,916.75,2.304533508541393,1
2400-FEQME,NO,MALE,0,YES,YES,55,YES,NO,NO,NO,NO,NO,NO,NO,NO,TWO YEAR,NO,MAILED CHECK,20.5,1177.95,0.6734559789750328,0
2400-XIWIO,NO,FEMALE,0,YES,NO,71,YES,YES,DSL,YES,YES,YES,YES,YES,YES,TWO YEAR,NO,ELECTRONIC CHECK,90.1,6310.9,2.9599211563731926,0
2402-TAIRZ,NO,FEMALE,0,NO,NO,37,YES,NO,FIBER OPTIC,NO,YES,YES,NO,NO,NO,ONE YEAR,NO,ELECTRONIC CHECK,80.05,3019.1,2.6297634691195793,0
2403-BCASL,YES,MALE,1,YES,YES,41,YES,YES,FIBER OPTIC,NO,YES,YES,YES,YES,YES,ONE YEAR,YES,ELECTRONIC CHECK,111.95,4534.9,3.6777266754270697,1
2404-JIBFC,NO,FEMALE,0,YES,YES,55,YES,YES,DSL,YES,NO,YES,YES,YES,YES,TWO YEAR,YES,BANK TRANSFER (AUTOMATIC),85.1,4657.95,2.7956636005256237,0
2405-LBMUW,NO,FEMALE,0,YES,YES,61,NO,NO,DSL,YES,YES,NO,YES,NO,YES,ONE YEAR,YES,BANK TRANSFER (AUTOMATIC),50.7,3088.75,1.6655716162943495,0
2408-PSJVE,NO,MALE,0,YES,YES,44,YES,NO,DSL,NO,YES,YES,YES,NO,NO,MONTH-TO-MONTH,YES,MAILED CHECK,61.9,2924.05,2.033508541392904,0
2408-TZMJL,YES,MALE,0,YES,NO,59,YES,YES,FIBER OPTIC,YES,YES,YES,NO,YES,YES,ONE YEAR,YES,ELECTRONIC CHECK,110.15,6448.05,3.618593955321945,1
2408-WITXK,YES,FEMALE,1,NO,NO,10,NO,NO,DSL,NO,NO,NO,NO,NO,YES,MONTH-TO-MONTH,YES,ELECTRONIC CHECK,34.7,329.8,1.1399474375821288,1
2410-CIYFZ,NO,MALE,0,NO,YES,2,YES,NO,NO,NO,NO,NO,NO,NO,NO,MONTH-TO-MONTH,NO,MAILED CHECK,20.4,42.9,0.6701708278580814,0
2418-TPEUN,NO,FEMALE,0,YES,YES,56,YES,NO,NO,NO,NO,NO,NO,NO,NO,TWO YEAR,YES,CREDIT CARD (AUTOMATIC),19.8,1119.9,0.6504599211563732,0
2419-FSORS,NO,MALE,0,YES,NO,72,YES,YES,FIBER OPTIC,NO,YES,YES,YES,YES,YES,TWO YEAR,YES,ELECTRONIC CHECK,108.4,7719.5,3.561103810775296,0
2424-WVHPL,NO,MALE,1,NO,NO,1,YES,NO,FIBER OPTIC,NO,NO,NO,YES,NO,NO,MONTH-TO-MONTH,NO,ELECTRONIC CHECK,74.7,74.7,2.4540078843626807,0
2428-HYUNX,NO,MALE,1,YES,NO,44,YES,NO,NO,NO,NO,NO,NO,NO,NO,TWO YEAR,YES,CREDIT CARD (AUTOMATIC),19.35,847.25,0.635676741130092,0
2428-ZMCTB,NO,MALE,0,NO,NO,10,YES,NO,NO,NO,NO,NO,NO,NO,NO,MONTH-TO-MONTH,NO,CREDIT CARD (AUTOMATIC),19.75,208.25,0.6488173455978975,0
2429-AYKKO,NO,MALE,0,NO,NO,72,YES,NO,NO,NO,NO,NO,NO,NO,NO,TWO YEAR,NO,BANK TRANSFER (AUTOMATIC),19.85,1434.1,0.6521024967148489,0
2430-RRYUW,NO,MALE,0,NO,NO,66,YES,NO,DSL,YES,YES,NO,NO,NO,NO,ONE YEAR,YES,MAILED CHECK,54.8,3465.7,1.800262812089356,0
2430-USGXP,YES,MALE,0,YES,NO,24,YES,YES,FIBER OPTIC,NO,NO,YES,NO,YES,YES,MONTH-TO-MONTH,YES,ELECTRONIC CHECK,101.05,2391.8,3.319645203679369,1
2432-TFSMK,NO,MALE,0,NO,NO,18,YES,YES,FIBER OPTIC,NO,NO,YES,NO,YES,NO,ONE YEAR,YES,CREDIT CARD (AUTOMATIC),89.6,1633.0,2.9434954007884357,0
2433-KMEAS,YES,MALE,0,NO,NO,22,YES,YES,DSL,YES,NO,NO,NO,NO,NO,MONTH-TO-MONTH,YES,ELECTRONIC CHECK,54.45,1127.35,1.7887647831800264,1
2434-EEVDB,NO,FEMALE,0,YES,NO,64,YES,YES,FIBER OPTIC,YES,NO,YES,NO,YES,NO,TWO YEAR,YES,CREDIT CARD (AUTOMATIC),94.6,5948.7,3.107752956636005,0
2436-QBZFP,NO,FEMALE,0,YES,YES,22,NO,NO,DSL,NO,YES,NO,NO,YES,NO,MONTH-TO-MONTH,NO,ELECTRONIC CHECK,39.2,849.9,1.2877792378449409,0
2439-LYPMQ,NO,MALE,1,YES,NO,38,YES,YES,FIBER OPTIC,NO,YES,YES,NO,YES,YES,MONTH-TO-MONTH,YES,ELECTRONIC CHECK,102.6,4009.2,3.3705650459921155,0
2439-QKJUL,NO,MALE,0,NO,NO,5,YES,NO,NO,NO,NO,NO,NO,NO,NO,MONTH-TO-MONTH,NO,MAILED CHECK,20.25,109.8,0.6652431011826544,0
2446-BEGGB,YES,FEMALE,1,NO,NO,6,YES,YES,FIBER OPTIC,NO,YES,NO,NO,YES,YES,MONTH-TO-MONTH,YES,ELECTRONIC CHECK,98.25,560.6,3.2276609724047303,1
2446-PLQVO,YES,MALE,0,NO,NO,1,YES,NO,FIBER OPTIC,NO,NO,NO,NO,NO,NO,MONTH-TO-MONTH,YES,ELECTRONIC CHECK,70.3,70.3,2.3094612352168196,1
2446-ZKVAF,NO,MALE,0,YES,NO,18,YES,YES,DSL,NO,YES,NO,NO,NO,NO,MONTH-TO-MONTH,NO,CREDIT CARD (AUTOMATIC),56.8,1074.65,1.8659658344283836,0
2450-ZKEED,NO,FEMALE,0,NO,NO,11,YES,NO,DSL,NO,NO,YES,YES,NO,NO,ONE YEAR,NO,BANK TRANSFER (AUTOMATIC),53.8,651.55,1.7674113009198422,0
2451-YMUXS,NO,MALE,1,NO,NO,67,YES,YES,DSL,YES,YES,NO,YES,NO,NO,TWO YEAR,YES,BANK TRANSFER (AUTOMATIC),64.55,4250.1,2.1205650459921155,0
2452-KDRRH,NO,MALE,1,NO,NO,67,YES,YES,FIBER OPTIC,NO,NO,YES,NO,YES,YES,MONTH-TO-MONTH,YES,CREDIT CARD (AUTOMATIC),101.4,6841.05,3.331143232588699,0
2452-MRMZF,NO,FEMALE,1,YES,NO,72,YES,YES,NO,NO,NO,NO,NO,NO,NO,TWO YEAR,YES,CREDIT CARD (AUTOMATIC),25.7,1937.4,0.8442838370565046,0
2452-SNHFZ,NO,FEMALE,0,NO,NO,47,YES,NO,FIBER OPTIC,YES,NO,NO,NO,NO,NO,MONTH-TO-MONTH,NO,CREDIT CARD (AUTOMATIC),75.45,3545.1,2.478646517739816,0
2453-SAFNS,NO,FEMALE,1,NO,NO,54,YES,YES,DSL,NO,YES,NO,YES,YES,NO,ONE YEAR,NO,MAILED CHECK,72.1,3886.05,2.3685939553219444,0
2454-RPBRZ,YES,FEMALE,1,YES,NO,12,YES,YES,FIBER OPTIC,NO,YES,YES,NO,YES,NO,MONTH-TO-MONTH,YES,ELECTRONIC CHECK,98.1,1060.2,3.2227332457293034,1
2455-USLMV,NO,FEMALE,0,NO,NO,31,YES,YES,FIBER OPTIC,YES,NO,YES,NO,NO,NO,MONTH-TO-MONTH,YES,CREDIT CARD (AUTOMATIC),84.75,2613.4,2.784165571616294,0
2458-EOMRE,NO,FEMALE,0,NO,NO,11,YES,NO,DSL,YES,NO,YES,NO,NO,YES,MONTH-TO-MONTH,NO,BANK TRANSFER (AUTOMATIC),64.05,733.95,2.1041392904073586,0
2460-FPSYH,YES,FEMALE,1,NO,NO,40,NO,NO,DSL,YES,YES,NO,NO,YES,YES,MONTH-TO-MONTH,YES,ELECTRONIC CHECK,55.8,2109.35,1.8331143232588698,1
2460-NGXBJ,NO,MALE,1,YES,YES,11,YES,YES,FIBER OPTIC,NO,NO,NO,NO,NO,NO,MONTH-TO-MONTH,YES,CREDIT CARD (AUTOMATIC),75.2,775.3,2.4704336399474376,0
2462-XIIJB,YES,MALE,0,NO,NO,5,YES,YES,FIBER OPTIC,NO,NO,YES,NO,YES,NO,MONTH-TO-MONTH,YES,ELECTRONIC CHECK,92.5,452.7,3.038764783180026,1
2465-BLLEU,NO,MALE,0,NO,NO,1,YES,NO,NO,NO,NO,NO,NO,NO,NO,MONTH-TO-MONTH,YES,MAILED CHECK,19.75,19.75,0.6488173455978975,0
2466-FCCPT,NO,FEMALE,0,YES,YES,20,YES,NO,NO,NO,NO,NO,NO,NO,NO,ONE YEAR,NO,BANK TRANSFER (AUTOMATIC),19.7,395.6,0.6471747700394218,0
2466-NEJOJ,NO,MALE,0,YES,YES,8,YES,NO,NO,NO,NO,NO,NO,NO,NO,MONTH-TO-MONTH,NO,CREDIT CARD (AUTOMATIC),19.65,169.75,0.645532194480946,0
2468-SJFLM,NO,MALE,0,NO,NO,1,YES,NO,FIBER OPTIC,NO,NO,NO,YES,NO,NO,MONTH-TO-MONTH,YES,MAILED CHECK,74.3,74.3,2.440867279894875,0
2469-DTSGX,NO,FEMALE,1,NO,NO,72,YES,YES,FIBER OPTIC,NO,YES,YES,YES,YES,YES,TWO YEAR,NO,ELECTRONIC CHECK,111.65,7943.45,3.6678712220762155,0
2472-OVKUP,YES,MALE,0,YES,NO,6,YES,NO,FIBER OPTIC,NO,YES,YES,NO,NO,YES,MONTH-TO-MONTH,YES,ELECTRONIC CHECK,91.0,531.0,2.9894875164257555,1
2474-BRUCM,YES,MALE,1,YES,NO,40,YES,YES,FIBER OPTIC,YES,NO,NO,NO,YES,YES,MONTH-TO-MONTH,NO,ELECTRONIC CHECK,101.85,4086.3,3.34592641261498,1
2474-LCNUE,NO,FEMALE,0,YES,NO,23,YES,YES,DSL,NO,NO,NO,YES,YES,YES,MONTH-TO-MONTH,YES,CREDIT CARD (AUTOMATIC),73.65,1642.75,2.4195137976346914,0
2475-MROZF,NO,MALE,0,NO,NO,30,YES,YES,FIBER OPTIC,YES,YES,YES,YES,NO,NO,MONTH-TO-MONTH,YES,CREDIT CARD (AUTOMATIC),95.0,2852.4,3.1208935611038107,0
2476-YGEFM,NO,FEMALE,0,NO,NO,29,YES,YES,FIBER OPTIC,NO,NO,NO,NO,NO,NO,MONTH-TO-MONTH,YES,CREDIT CARD (AUTOMATIC),76.0,2215.25,2.4967148488830486,0
2478-EEWWM,NO,MALE,0,YES,NO,59,NO,NO,DSL,NO,NO,NO,NO,YES,YES,MONTH-TO-MONTH,YES,ELECTRONIC CHECK,44.3,2666.75,1.455321944809461,0
2479-BRAMR,YES,MALE,1,YES,NO,41,YES,YES,FIBER OPTIC,YES,NO,YES,NO,NO,NO,MONTH-TO-MONTH,YES,BANK TRANSFER (AUTOMATIC),83.75,3273.55,2.7513140604467803,1
2480-EJWYP,NO,FEMALE,1,YES,NO,58,YES,YES,FIBER OPTIC,NO,YES,NO,NO,YES,YES,ONE YEAR,YES,BANK TRANSFER (AUTOMATIC),97.8,5458.8,3.2128777923784493,0
2480-JZOSN,NO,FEMALE,0,YES,NO,1,YES,NO,NO,NO,NO,NO,NO,NO,NO,MONTH-TO-MONTH,YES,MAILED CHECK,20.65,20.65,0.6783837056504598,0
2480-SQIOB,NO,MALE,0,YES,YES,4,YES,NO,DSL,NO,NO,NO,NO,NO,NO,MONTH-TO-MONTH,NO,ELECTRONIC CHECK,44.8,169.65,1.4717477003942179,0
2481-SBOYW,NO,FEMALE,0,NO,YES,61,YES,YES,NO,NO,NO,NO,NO,NO,NO,TWO YEAR,YES,CREDIT CARD (AUTOMATIC),25.0,1498.35,0.8212877792378449,0
2482-CZGBB,YES,MALE,0,NO,NO,10,YES,NO,FIBER OPTIC,NO,NO,NO,NO,NO,NO,MONTH-TO-MONTH,YES,ELECTRONIC CHECK,70.0,740.0,2.299605781865966,1
2483-XSSMZ,NO,FEMALE,0,NO,NO,39,YES,NO,DSL,YES,NO,NO,NO,NO,NO,ONE YEAR,YES,ELECTRONIC CHECK,47.85,1886.4,1.5719448094612352,0
2484-DGXPZ,YES,FEMALE,0,YES,YES,31,YES,NO,NO,NO,NO,NO,NO,NO,NO,MONTH-TO-MONTH,YES,MAILED CHECK,19.55,658.95,0.6422470433639947,1
2485-ITVKB,YES,FEMALE,0,YES,NO,2,NO,NO,DSL,NO,NO,NO,NO,NO,YES,MONTH-TO-MONTH,YES,ELECTRONIC CHECK,35.1,68.75,1.1530880420499343,1
2486-WYVVE,NO,MALE,0,YES,NO,31,YES,YES,DSL,NO,NO,YES,YES,YES,YES,ONE YEAR,YES,MAILED CHECK,79.3,2484.0,2.605124835742444,0
2495-INZWQ,YES,MALE,0,NO,NO,4,NO,NO,DSL,NO,NO,NO,NO,YES,YES,MONTH-TO-MONTH,YES,ELECTRONIC CHECK,44.55,174.3,1.4635348226018394,1
2495-KZNFB,NO,FEMALE,0,NO,NO,33,YES,YES,FIBER OPTIC,YES,NO,NO,NO,NO,YES,MONTH-TO-MONTH,YES,ELECTRONIC CHECK,90.65,2989.6,2.977989487516426,0
2495-TTHBQ,NO,FEMALE,0,NO,YES,4,YES,NO,NO,NO,NO,NO,NO,NO,NO,ONE YEAR,YES,MAILED CHECK,20.4,84.75,0.6701708278580814,0
2498-XLDZR,NO,FEMALE,0,YES,YES,32,YES,NO,DSL,YES,YES,YES,YES,NO,YES,TWO YEAR,NO,MAILED CHECK,73.6,2316.85,2.417871222076215,0
2499-AJYUA,NO,FEMALE,1,YES,NO,72,YES,YES,FIBER OPTIC,NO,YES,YES,YES,YES,YES,TWO YEAR,YES,CREDIT CARD (AUTOMATIC),110.8,7882.25,3.6399474375821286,0
2501-XWWTZ,NO,MALE,0,NO,NO,11,YES,NO,FIBER OPTIC,NO,NO,NO,NO,NO,NO,MONTH-TO-MONTH,NO,ELECTRONIC CHECK,70.2,760.05,2.3061760840998686,0
2504-DSHIH,NO,MALE,1,YES,NO,23,YES,YES,FIBER OPTIC,NO,NO,NO,NO,NO,YES,MONTH-TO-MONTH,NO,ELECTRONIC CHECK,86.8,1975.85,2.8515111695137976,0
2506-CLAKW,YES,FEMALE,0,NO,NO,6,YES,NO,FIBER OPTIC,YES,YES,YES,YES,NO,YES,MONTH-TO-MONTH,YES,BANK TRANSFER (AUTOMATIC),98.15,567.45,3.2243758212877793,1
2506-TNFCO,YES,FEMALE,1,YES,NO,1,YES,NO,FIBER OPTIC,NO,NO,NO,NO,NO,NO,MONTH-TO-MONTH,YES,ELECTRONIC CHECK,69.55,69.55,2.2848226018396844,1
2507-QZPQS,NO,MALE,0,NO,NO,15,YES,YES,FIBER OPTIC,NO,YES,NO,YES,NO,YES,MONTH-TO-MONTH,NO,ELECTRONIC CHECK,95.7,1451.1,3.1438896189224703,0
2509-TFPJU,NO,MALE,0,YES,NO,72,YES,YES,NO,NO,NO,NO,NO,NO,NO,TWO YEAR,NO,CREDIT CARD (AUTOMATIC),25.75,1864.2,0.8459264126149802,0
2511-ALLCS,NO,FEMALE,0,YES,YES,35,YES,YES,NO,NO,NO,NO,NO,NO,NO,TWO YEAR,NO,BANK TRANSFER (AUTOMATIC),24.3,821.6,0.7982917214191853,0
2511-MORQY,NO,MALE,0,YES,YES,50,YES,YES,DSL,NO,NO,YES,NO,NO,NO,ONE YEAR,NO,BANK TRANSFER (AUTOMATIC),54.9,2614.1,1.8035479632063074,0
2514-GINMM,YES,MALE,0,NO,NO,1,YES,NO,FIBER OPTIC,NO,NO,NO,NO,YES,NO,MONTH-TO-MONTH,YES,ELECTRONIC CHECK,79.5,79.5,2.611695137976347,1
2516-VQRRV,YES,FEMALE,1,NO,NO,2,YES,YES,FIBER OPTIC,NO,NO,NO,NO,NO,NO,MONTH-TO-MONTH,YES,MAILED CHECK,75.45,158.4,2.478646517739816,1
2516-XSJKX,NO,FEMALE,0,YES,YES,41,YES,NO,DSL,YES,YES,NO,YES,YES,YES,TWO YEAR,NO,ELECTRONIC CHECK,78.45,3126.45,2.577201051248357,0
2519-ERQOJ,NO,MALE,1,NO,NO,33,NO,NO,DSL,NO,NO,YES,YES,YES,YES,MONTH-TO-MONTH,YES,ELECTRONIC CHECK,54.6,1803.7,1.7936925098554533,0
2519-FAKOD,YES,MALE,0,NO,YES,38,YES,YES,FIBER OPTIC,NO,NO,YES,NO,YES,YES,MONTH-TO-MONTH,YES,BANK TRANSFER (AUTOMATIC),99.25,3777.15,3.260512483574244,1
2519-LBNQL,NO,MALE,1,YES,NO,60,YES,YES,FIBER OPTIC,NO,YES,YES,NO,YES,YES,ONE YEAR,YES,ELECTRONIC CHECK,104.35,6339.45,3.4280551905387644,0
2519-TWKFS,NO,MALE,0,YES,YES,25,YES,YES,DSL,NO,NO,NO,YES,NO,NO,ONE YEAR,YES,MAILED CHECK,55.1,1466.1,1.8101182654402102,0
2520-SGTTA,NO,FEMALE,0,YES,YES,0,YES,NO,NO,NO,NO,NO,NO,NO,NO,TWO YEAR,NO,MAILED CHECK,20.0,0.0,0.657030223390276,0
2521-NPUZR,NO,MALE,0,YES,NO,70,YES,NO,FIBER OPTIC,YES,YES,YES,YES,NO,YES,TWO YEAR,NO,CREDIT CARD (AUTOMATIC),101.0,7085.5,3.3180026281208934,0
2522-AHJXR,NO,MALE,0,YES,NO,60,YES,YES,FIBER OPTIC,YES,NO,YES,YES,YES,YES,MONTH-TO-MONTH,YES,BANK TRANSFER (AUTOMATIC),109.45,6572.85,3.595597897503285,0
2522-WLNSF,NO,FEMALE,1,YES,NO,34,YES,NO,DSL,NO,NO,YES,YES,YES,NO,ONE YEAR,NO,BANK TRANSFER (AUTOMATIC),64.2,2106.3,2.109067017082786,0
2523-EWWZL,NO,FEMALE,0,YES,NO,27,YES,NO,FIBER OPTIC,NO,YES,NO,NO,NO,NO,MONTH-TO-MONTH,YES,ELECTRONIC CHECK,76.1,2093.4,2.4999999999999996,0
2525-GVKQU,NO,FEMALE,0,NO,NO,60,YES,NO,NO,NO,NO,NO,NO,NO,NO,TWO YEAR,NO,MAILED CHECK,20.6,1093.0,0.6767411300919842,0
2528-HFYZX,YES,MALE,1,YES,NO,17,YES,NO,FIBER OPTIC,NO,YES,NO,NO,NO,NO,MONTH-TO-MONTH,YES,ELECTRONIC CHECK,76.45,1233.4,2.5114980289093296,1
2530-ENDWQ,YES,FEMALE,0,YES,NO,71,YES,YES,FIBER OPTIC,NO,NO,NO,NO,YES,YES,TWO YEAR,YES,BANK TRANSFER (AUTOMATIC),93.7,6585.35,3.0781865965834427,1
2530-FMFXO,NO,MALE,0,YES,YES,56,YES,YES,FIBER OPTIC,NO,NO,YES,YES,YES,YES,TWO YEAR,YES,ELECTRONIC CHECK,103.2,5873.75,3.3902759526938238,0
2533-QVMSK,YES,MALE,0,YES,NO,61,YES,YES,FIBER OPTIC,NO,YES,NO,YES,YES,NO,TWO YEAR,YES,ELECTRONIC CHECK,94.1,5638.3,3.0913272010512483,1
2533-TIBIX,NO,MALE,0,YES,YES,15,NO,NO,DSL,YES,NO,NO,NO,NO,NO,MONTH-TO-MONTH,YES,BANK TRANSFER (AUTOMATIC),30.2,469.65,0.9921156373193166,0
2535-PBCGC,NO,FEMALE,0,YES,NO,70,NO,NO,DSL,YES,YES,YES,YES,YES,YES,TWO YEAR,NO,BANK TRANSFER (AUTOMATIC),64.55,4504.9,2.1205650459921155,0
2538-OIMXF,NO,FEMALE,0,NO,YES,1,NO,NO,DSL,NO,NO,NO,NO,NO,NO,MONTH-TO-MONTH,NO,MAILED CHECK,24.7,24.7,0.8114323258869908,0
2541-YGPKE,NO,MALE,0,YES,YES,42,YES,NO,DSL,YES,NO,NO,YES,NO,YES,ONE YEAR,NO,CREDIT CARD (AUTOMATIC),63.7,2763.35,2.092641261498029,0
2542-HYGIQ,NO,FEMALE,0,NO,NO,1,YES,NO,NO,NO,NO,NO,NO,NO,NO,MONTH-TO-MONTH,NO,CREDIT CARD (AUTOMATIC),19.95,19.95,0.6553876478318003,0
2545-EBUPK,NO,FEMALE,1,NO,NO,2,YES,YES,FIBER OPTIC,NO,NO,NO,NO,NO,YES,MONTH-TO-MONTH,YES,ELECTRONIC CHECK,84.05,186.05,2.7611695137976344,0
2545-LXYVJ,NO,MALE,0,YES,NO,72,YES,NO,NO,NO,NO,NO,NO,NO,NO,TWO YEAR,NO,BANK TRANSFER (AUTOMATIC),20.7,1492.1,0.6800262812089356,0
2546-KZAAT,NO,MALE,0,YES,NO,52,YES,NO,DSL,YES,YES,NO,NO,YES,YES,ONE YEAR,YES,MAILED CHECK,75.4,3865.45,2.4770039421813403,0
2550-AEVRU,NO,FEMALE,0,YES,YES,57,YES,NO,DSL,YES,YES,NO,NO,NO,NO,ONE YEAR,NO,ELECTRONIC CHECK,53.45,3053.0,1.7559132720105124,0
2550-QHZGP,NO,MALE,0,NO,NO,7,YES,NO,NO,NO,NO,NO,NO,NO,NO,ONE YEAR,NO,MAILED CHECK,19.5,128.6,0.640604467805519,0
2558-BUOZZ,NO,MALE,0,NO,NO,47,YES,YES,FIBER OPTIC,YES,YES,NO,NO,YES,NO,ONE YEAR,NO,BANK TRANSFER (AUTOMATIC),94.8,4535.85,3.114323258869908,0
2560-PPCHE,NO,FEMALE,0,NO,NO,65,YES,YES,FIBER OPTIC,NO,YES,NO,YES,YES,YES,ONE YEAR,YES,BANK TRANSFER (AUTOMATIC),105.05,6744.25,3.451051248357424,0
2560-QTSBS,NO,FEMALE,0,YES,YES,72,YES,YES,NO,NO,NO,NO,NO,NO,NO,ONE YEAR,YES,BANK TRANSFER (AUTOMATIC),23.3,1623.15,0.7654402102496715,0
2560-WBWXF,NO,MALE,0,NO,NO,68,YES,YES,NO,NO,NO,NO,NO,NO,NO,TWO YEAR,YES,BANK TRANSFER (AUTOMATIC),24.15,1498.85,0.7933639947437582,0
2565-JSLRY,YES,MALE,0,NO,NO,1,YES,YES,NO,NO,NO,NO,NO,NO,NO,MONTH-TO-MONTH,YES,MAILED CHECK,24.05,24.05,0.7900788436268068,1
2568-BRGYX,YES,MALE,0,NO,NO,4,YES,NO,FIBER OPTIC,NO,NO,NO,NO,NO,NO,MONTH-TO-MONTH,YES,ELECTRONIC CHECK,70.2,237.95,2.3061760840998686,1
2568-OIADY,YES,FEMALE,0,YES,NO,37,YES,YES,FIBER OPTIC,NO,NO,YES,NO,YES,YES,MONTH-TO-MONTH,YES,ELECTRONIC CHECK,99.5,3762.0,3.2687253613666227,1
2569-WGERO,NO,FEMALE,0,NO,NO,72,YES,NO,NO,NO,NO,NO,NO,NO,NO,TWO YEAR,YES,BANK TRANSFER (AUTOMATIC),21.15,1419.4,0.6948094612352167,0
2573-GYRUU,NO,MALE,1,YES,NO,48,YES,YES,FIBER OPTIC,NO,NO,YES,NO,NO,YES,MONTH-TO-MONTH,YES,CREDIT CARD (AUTOMATIC),91.05,4370.75,2.991130091984231,0
2575-GFSOE,YES,FEMALE,0,YES,YES,7,YES,NO,FIBER OPTIC,NO,NO,NO,NO,NO,NO,MONTH-TO-MONTH,YES,ELECTRONIC CHECK,69.0,506.9,2.266754270696452,1
2576-HXMPA,NO,FEMALE,0,NO,NO,1,YES,NO,NO,NO,NO,NO,NO,NO,NO,MONTH-TO-MONTH,NO,CREDIT CARD (AUTOMATIC),19.55,19.55,0.6422470433639947,0
2577-GVSIL,NO,MALE,0,YES,YES,35,YES,YES,DSL,NO,NO,NO,YES,YES,YES,ONE YEAR,YES,BANK TRANSFER (AUTOMATIC),73.45,2661.1,2.4129434954007882,0
2578-JQPHZ,NO,MALE,0,NO,NO,44,YES,NO,FIBER OPTIC,NO,NO,YES,YES,YES,YES,TWO YEAR,NO,BANK TRANSFER (AUTOMATIC),100.1,4378.35,3.288436268068331,0
2580-ASVVY,NO,FEMALE,0,YES,NO,37,NO,NO,DSL,YES,NO,NO,YES,YES,NO,TWO YEAR,NO,ELECTRONIC CHECK,45.4,1593.1,1.4914586070959264,0
2580-ATZSQ,NO,FEMALE,0,YES,YES,65,YES,NO,DSL,YES,YES,YES,NO,NO,NO,ONE YEAR,NO,BANK TRANSFER (AUTOMATIC),61.35,3874.1,2.0154402102496713,0
2581-VKIRT,NO,FEMALE,0,YES,YES,59,YES,YES,DSL,YES,YES,NO,YES,NO,NO,ONE YEAR,NO,MAILED CHECK,65.5,3801.3,2.151773981603154,0
2582-FFFZR,NO,FEMALE,0,NO,NO,22,NO,NO,DSL,NO,NO,YES,NO,YES,YES,MONTH-TO-MONTH,YES,ELECTRONIC CHECK,50.6,1073.3,1.662286465177398,0
2585-KTFRE,NO,MALE,0,NO,YES,1,YES,NO,DSL,YES,YES,NO,YES,NO,YES,MONTH-TO-MONTH,YES,BANK TRANSFER (AUTOMATIC),70.45,70.45,2.314388961892247,0
2586-CWXVV,NO,MALE,0,YES,NO,54,NO,NO,DSL,NO,YES,NO,NO,NO,NO,MONTH-TO-MONTH,NO,ELECTRONIC CHECK,30.4,1621.35,0.9986859395532194,0
2587-EKXTS,NO,MALE,0,NO,NO,44,YES,YES,FIBER OPTIC,YES,YES,YES,NO,YES,YES,MONTH-TO-MONTH,YES,ELECTRONIC CHECK,111.5,4915.15,3.6629434954007882,0
2587-YNLES,NO,FEMALE,0,YES,YES,6,YES,NO,NO,NO,NO,NO,NO,NO,NO,TWO YEAR,NO,MAILED CHECK,20.1,100.35,0.6603153745072273,0
2589-AYCRP,NO,FEMALE,0,NO,NO,50,YES,NO,NO,NO,NO,NO,NO,NO,NO,ONE YEAR,NO,BANK TRANSFER (AUTOMATIC),19.75,989.05,0.6488173455978975,0
2592-HODOV,NO,MALE,0,NO,NO,13,YES,NO,NO,NO,NO,NO,NO,NO,NO,ONE YEAR,NO,CREDIT CARD (AUTOMATIC),19.3,259.65,0.6340341655716163,0
2592-SEIFQ,YES,MALE,0,NO,NO,3,NO,NO,DSL,NO,NO,NO,NO,NO,NO,MONTH-TO-MONTH,NO,ELECTRONIC CHECK,24.75,66.95,0.8130749014454665,1
2592-YKDIF,NO,FEMALE,0,NO,NO,1,YES,NO,NO,NO,NO,NO,NO,NO,NO,MONTH-TO-MONTH,NO,MAILED CHECK,20.35,20.35,0.6685282522996058,0
2595-KIWPV,NO,MALE,0,NO,YES,27,YES,NO,NO,NO,NO,NO,NO,NO,NO,TWO YEAR,NO,CREDIT CARD (AUTOMATIC),19.7,509.3,0.6471747700394218,0
2599-CIPQE,NO,MALE,0,YES,YES,71,YES,NO,FIBER OPTIC,YES,YES,YES,YES,YES,YES,TWO YEAR,NO,CREDIT CARD (AUTOMATIC),109.3,7782.85,3.590670170827858,0
2599-CZABP,NO,MALE,0,YES,NO,14,YES,NO,DSL,NO,NO,NO,NO,NO,NO,ONE YEAR,NO,ELECTRONIC CHECK,44.6,641.25,1.4651773981603153,0
2603-HVKCG,NO,MALE,0,NO,NO,31,YES,NO,FIBER OPTIC,NO,YES,YES,NO,YES,YES,MONTH-TO-MONTH,YES,ELECTRONIC CHECK,101.4,3143.65,3.331143232588699,0
2604-IJPDU,NO,FEMALE,0,YES,NO,20,YES,NO,FIBER OPTIC,YES,YES,NO,YES,YES,NO,MONTH-TO-MONTH,YES,ELECTRONIC CHECK,96.55,1901.65,3.171813403416557,0
2604-XVDAM,NO,FEMALE,0,NO,NO,12,YES,NO,DSL,NO,NO,NO,NO,NO,NO,MONTH-TO-MONTH,NO,BANK TRANSFER (AUTOMATIC),43.8,540.95,1.438896189224704,0
2606-PKWJB,NO,MALE,0,NO,YES,40,NO,NO,DSL,YES,YES,NO,YES,NO,NO,ONE YEAR,NO,MAILED CHECK,40.25,1564.05,1.3222733245729303,0
2606-RMDHZ,YES,MALE,0,NO,NO,6,NO,NO,DSL,NO,YES,NO,NO,NO,NO,MONTH-TO-MONTH,YES,CREDIT CARD (AUTOMATIC),30.5,208.7,1.0019710906701709,1
2607-DHDAK,NO,MALE,0,YES,YES,72,YES,NO,NO,NO,NO,NO,NO,NO,NO,TWO YEAR,YES,CREDIT CARD (AUTOMATIC),19.8,1414.65,0.6504599211563732,0
2607-FBDFF,NO,MALE,0,NO,NO,1,YES,NO,DSL,NO,NO,NO,YES,NO,NO,MONTH-TO-MONTH,NO,CREDIT CARD (AUTOMATIC),49.0,49.0,1.609724047306176,0
2608-BHKFN,YES,FEMALE,0,NO,NO,4,YES,NO,FIBER OPTIC,NO,NO,NO,NO,NO,NO,MONTH-TO-MONTH,YES,CREDIT CARD (AUTOMATIC),70.05,266.9,2.3012483574244413,1
2609-IAICY,YES,FEMALE,0,NO,NO,1,YES,YES,FIBER OPTIC,NO,NO,NO,NO,NO,NO,MONTH-TO-MONTH,YES,ELECTRONIC CHECK,77.15,77.15,2.5344940867279897,1
2612-PHGOX,NO,MALE,0,YES,NO,64,YES,YES,DSL,NO,YES,YES,YES,YES,NO,TWO YEAR,YES,BANK TRANSFER (AUTOMATIC),76.1,4818.8,2.4999999999999996,0
2612-RANWT,YES,FEMALE,0,NO,NO,12,YES,YES,FIBER OPTIC,NO,NO,YES,NO,YES,YES,MONTH-TO-MONTH,YES,BANK TRANSFER (AUTOMATIC),100.15,1164.3,3.290078843626807,1
2612-RRIDN,YES,MALE,0,NO,NO,4,YES,NO,FIBER OPTIC,NO,NO,NO,NO,YES,NO,MONTH-TO-MONTH,YES,ELECTRONIC CHECK,81.0,340.85,2.6609724047306176,1
2615-YVMYX,NO,MALE,1,YES,NO,71,YES,YES,FIBER OPTIC,YES,YES,YES,NO,YES,YES,MONTH-TO-MONTH,YES,ELECTRONIC CHECK,107.5,7713.55,3.531537450722733,0
2616-FLVQC,NO,MALE,0,NO,NO,64,YES,NO,NO,NO,NO,NO,NO,NO,NO,TWO YEAR,NO,MAILED CHECK,19.55,1240.15,0.6422470433639947,0
2616-UUTFK,NO,MALE,0,YES,NO,33,YES,YES,DSL,YES,YES,YES,NO,YES,NO,MONTH-TO-MONTH,YES,BANK TRANSFER (AUTOMATIC),72.75,2447.45,2.3899474375821286,0
2619-WFQWU,YES,FEMALE,0,NO,NO,1,YES,NO,FIBER OPTIC,NO,NO,NO,NO,NO,NO,MONTH-TO-MONTH,YES,MAILED CHECK,70.15,70.15,2.304533508541393,1
2621-UDNLU,NO,FEMALE,0,YES,NO,3,YES,NO,NO,NO,NO,NO,NO,NO,NO,MONTH-TO-MONTH,NO,MAILED CHECK,20.85,72.0,0.6849540078843627,0
2623-DRYAM,NO,FEMALE,0,YES,NO,70,YES,YES,FIBER OPTIC,NO,NO,YES,NO,YES,YES,ONE YEAR,YES,ELECTRONIC CHECK,101.75,7069.3,3.342641261498029,0
2625-TRCZQ,NO,FEMALE,0,YES,NO,51,NO,NO,DSL,NO,YES,NO,NO,YES,YES,MONTH-TO-MONTH,YES,ELECTRONIC CHECK,49.65,2553.35,1.63107752956636,0
2626-URJFX,YES,MALE,0,YES,YES,4,YES,YES,DSL,NO,NO,NO,NO,NO,NO,MONTH-TO-MONTH,YES,ELECTRONIC CHECK,50.9,225.6,1.6721419185282522,1
2626-VEEWG,NO,MALE,0,YES,YES,67,YES,NO,NO,NO,NO,NO,NO,NO,NO,TWO YEAR,YES,CREDIT CARD (AUTOMATIC),19.4,1284.2,0.6373193166885676,0
2632-IVXVF,NO,FEMALE,0,YES,YES,68,YES,YES,FIBER OPTIC,YES,NO,YES,YES,YES,YES,TWO YEAR,NO,CREDIT CARD (AUTOMATIC),111.75,7511.3,3.671156373193167,0
2632-TACXW,NO,FEMALE,0,YES,NO,62,YES,YES,NO,NO,NO,NO,NO,NO,NO,TWO YEAR,NO,BANK TRANSFER (AUTOMATIC),23.65,1416.75,0.7769382391590013,0
2632-UCGVD,YES,MALE,1,YES,NO,66,YES,YES,FIBER OPTIC,NO,NO,NO,YES,YES,YES,MONTH-TO-MONTH,YES,CREDIT CARD (AUTOMATIC),100.05,6871.9,3.286793692509855,1
2634-HCZGT,YES,MALE,1,YES,NO,53,YES,YES,DSL,YES,NO,NO,YES,NO,NO,ONE YEAR,YES,ELECTRONIC CHECK,60.05,3229.65,1.9727332457293034,1
2636-ALXXZ,YES,FEMALE,1,NO,NO,1,YES,NO,FIBER OPTIC,NO,NO,NO,NO,NO,NO,MONTH-TO-MONTH,YES,ELECTRONIC CHECK,69.6,69.6,2.28646517739816,1
2636-OHFMN,YES,MALE,0,YES,NO,4,NO,NO,DSL,NO,YES,NO,NO,YES,YES,MONTH-TO-MONTH,YES,ELECTRONIC CHECK,48.55,201.0,1.5949408672798948,1
2636-SJDOU,NO,MALE,0,NO,NO,64,YES,YES,FIBER OPTIC,YES,YES,NO,NO,NO,NO,ONE YEAR,YES,CREDIT CARD (AUTOMATIC),84.3,5289.05,2.769382391590013,0
2637-FKFSY,NO,FEMALE,0,YES,NO,3,YES,NO,DSL,NO,NO,NO,NO,NO,NO,MONTH-TO-MONTH,YES,MAILED CHECK,46.1,130.15,1.514454664914586,0
2639-UGMAZ,NO,MALE,1,NO,NO,71,NO,NO,DSL,YES,YES,NO,NO,YES,YES,ONE YEAR,YES,ELECTRONIC CHECK,56.45,3985.35,1.854467805519054,0
2640-LYMOV,NO,MALE,0,NO,NO,2,YES,NO,NO,NO,NO,NO,NO,NO,NO,MONTH-TO-MONTH,YES,MAILED CHECK,19.65,38.8,0.645532194480946,0
2640-PMGFL,YES,MALE,0,NO,YES,27,YES,YES,FIBER OPTIC,NO,NO,NO,YES,NO,NO,MONTH-TO-MONTH,YES,ELECTRONIC CHECK,79.5,2180.55,2.611695137976347,1
2642-DTVCO,YES,MALE,1,NO,NO,9,YES,YES,FIBER OPTIC,NO,NO,NO,NO,NO,YES,MONTH-TO-MONTH,YES,ELECTRONIC CHECK,85.05,746.5,2.794021024967148,1
2642-MAWLJ,NO,FEMALE,0,YES,YES,36,YES,NO,NO,NO,NO,NO,NO,NO,NO,TWO YEAR,NO,BANK TRANSFER (AUTOMATIC),20.25,717.95,0.6652431011826544,0
2645-QTLMB,YES,MALE,0,NO,NO,7,YES,NO,FIBER OPTIC,NO,YES,NO,NO,YES,YES,MONTH-TO-MONTH,YES,ELECTRONIC CHECK,94.25,669.0,3.096254927726675,1
2649-HWLYB,NO,MALE,0,YES,NO,65,YES,YES,DSL,YES,NO,YES,YES,NO,YES,TWO YEAR,NO,BANK TRANSFER (AUTOMATIC),76.15,4929.55,2.501642575558476,0
2650-GYRYL,NO,MALE,0,YES,YES,33,YES,NO,NO,NO,NO,NO,NO,NO,NO,ONE YEAR,YES,BANK TRANSFER (AUTOMATIC),19.45,600.25,0.6389618922470434,0
2651-ZCBXV,NO,MALE,0,NO,NO,54,YES,YES,FIBER OPTIC,YES,YES,NO,YES,YES,YES,TWO YEAR,YES,CREDIT CARD (AUTOMATIC),108.0,5760.65,3.54796320630749,0
2654-VBVPB,NO,FEMALE,0,NO,NO,1,YES,NO,NO,NO,NO,NO,NO,NO,NO,MONTH-TO-MONTH,NO,BANK TRANSFER (AUTOMATIC),19.9,19.9,0.6537450722733245,0
2656-FMOKZ,YES,FEMALE,1,NO,NO,15,YES,YES,FIBER OPTIC,NO,NO,NO,NO,NO,NO,MONTH-TO-MONTH,YES,MAILED CHECK,74.45,1145.7,2.445795006570302,1
2656-TABEH,YES,MALE,0,YES,NO,4,YES,YES,FIBER OPTIC,NO,YES,NO,NO,YES,YES,MONTH-TO-MONTH,YES,ELECTRONIC CHECK,100.2,420.2,3.2917214191852824,1
2657-ALMWY,YES,FEMALE,1,YES,NO,26,YES,NO,FIBER OPTIC,NO,YES,NO,NO,NO,YES,MONTH-TO-MONTH,NO,ELECTRONIC CHECK,84.95,2169.75,2.7907358738501973,1
2657-VPXTA,NO,FEMALE,0,YES,YES,10,YES,NO,FIBER OPTIC,NO,NO,NO,NO,YES,YES,MONTH-TO-MONTH,YES,ELECTRONIC CHECK,88.85,929.45,2.9188567674113006,0
2659-VXMWZ,YES,MALE,0,YES,YES,67,YES,YES,FIBER OPTIC,YES,YES,YES,NO,YES,YES,ONE YEAR,YES,ELECTRONIC CHECK,111.3,7482.1,3.6563731931668855,1
2660-EMUBI,YES,MALE,1,NO,NO,10,YES,YES,FIBER OPTIC,NO,NO,NO,NO,YES,YES,MONTH-TO-MONTH,YES,ELECTRONIC CHECK,95.35,898.35,3.1323915900131403,1
2661-GKBTK,NO,MALE,0,YES,YES,60,YES,NO,DSL,NO,YES,NO,YES,YES,YES,TWO YEAR,NO,BANK TRANSFER (AUTOMATIC),76.95,4543.95,2.5279237844940865,0
2662-NNTDK,NO,MALE,0,NO,NO,65,YES,YES,NO,NO,NO,NO,NO,NO,NO,ONE YEAR,NO,CREDIT CARD (AUTOMATIC),24.8,1600.95,0.8147174770039421,0
2664-XJZNO,NO,MALE,0,YES,YES,72,YES,NO,FIBER OPTIC,YES,NO,YES,YES,YES,YES,TWO YEAR,YES,CREDIT CARD (AUTOMATIC),104.9,7559.55,3.446123521681997,0
2665-NPTGL,NO,FEMALE,1,YES,NO,26,YES,YES,FIBER OPTIC,NO,NO,YES,NO,YES,YES,MONTH-TO-MONTH,YES,BANK TRANSFER (AUTOMATIC),98.1,2510.7,3.2227332457293034,0
2667-WYLWJ,YES,FEMALE,0,YES,YES,8,YES,NO,NO,NO,NO,NO,NO,NO,NO,ONE YEAR,YES,MAILED CHECK,19.75,145.0,0.6488173455978975,1
2668-TZSPS,NO,MALE,0,NO,NO,1,YES,NO,NO,NO,NO,NO,NO,NO,NO,MONTH-TO-MONTH,NO,MAILED CHECK,20.45,20.45,0.6718134034165572,0
2669-OIDSD,NO,FEMALE,0,YES,NO,48,YES,NO,FIBER OPTIC,NO,NO,YES,YES,YES,YES,MONTH-TO-MONTH,YES,CREDIT CARD (AUTOMATIC),100.05,4834.0,3.286793692509855,0
2669-QVCRG,NO,FEMALE,0,NO,NO,41,YES,YES,FIBER OPTIC,YES,NO,NO,NO,NO,NO,MONTH-TO-MONTH,YES,CREDIT CARD (AUTOMATIC),81.3,3190.65,2.6708278580814717,0
2672-DZUOY,YES,MALE,0,NO,NO,1,NO,NO,DSL,NO,NO,NO,NO,NO,NO,MONTH-TO-MONTH,YES,ELECTRONIC CHECK,25.15,25.15,0.826215505913272,1
2672-HUYVI,YES,FEMALE,0,NO,NO,6,YES,NO,FIBER OPTIC,NO,NO,NO,NO,YES,YES,MONTH-TO-MONTH,YES,ELECTRONIC CHECK,91.1,455.3,2.9927726675427064,1
2672-OJQZP,NO,FEMALE,0,NO,NO,1,YES,NO,DSL,NO,NO,NO,NO,NO,NO,MONTH-TO-MONTH,NO,MAILED CHECK,44.75,44.75,1.4701051248357424,0
2672-TGEFF,NO,FEMALE,0,YES,YES,37,YES,YES,FIBER OPTIC,NO,YES,NO,NO,YES,NO,MONTH-TO-MONTH,YES,ELECTRONIC CHECK,88.8,3340.55,2.917214191852825,0
2673-CXQEU,NO,FEMALE,1,NO,NO,56,YES,YES,FIBER OPTIC,YES,YES,YES,NO,YES,YES,ONE YEAR,NO,ELECTRONIC CHECK,110.5,6139.5,3.6300919842312744,0
2673-ZALNP,NO,FEMALE,0,NO,NO,7,YES,NO,NO,NO,NO,NO,NO,NO,NO,ONE YEAR,NO,MAILED CHECK,19.9,173.15,0.6537450722733245,0
2674-MIAHT,NO,FEMALE,0,NO,NO,4,YES,YES,FIBER OPTIC,NO,YES,NO,NO,NO,NO,MONTH-TO-MONTH,YES,MAILED CHECK,80.3,324.2,2.637976346911958,0
2674-MLXMN,NO,FEMALE,1,NO,NO,71,YES,YES,FIBER OPTIC,NO,YES,NO,NO,YES,YES,MONTH-TO-MONTH,YES,CREDIT CARD (AUTOMATIC),99.65,6951.15,3.27365308804205,0
2675-DHUTR,NO,MALE,1,YES,NO,58,YES,YES,FIBER OPTIC,NO,YES,NO,NO,YES,YES,MONTH-TO-MONTH,YES,ELECTRONIC CHECK,98.9,5780.7,3.2490144546649145,0
2675-IJRGJ,NO,MALE,0,NO,NO,53,YES,NO,NO,NO,NO,NO,NO,NO,NO,TWO YEAR,NO,BANK TRANSFER (AUTOMATIC),19.65,978.0,0.645532194480946,0
2675-OTVVJ,NO,MALE,1,YES,NO,31,YES,YES,FIBER OPTIC,YES,NO,NO,NO,YES,NO,MONTH-TO-MONTH,NO,ELECTRONIC CHECK,89.45,2807.65,2.9385676741130093,0
2676-ISHSF,NO,MALE,0,NO,NO,1,YES,NO,NO,NO,NO,NO,NO,NO,NO,MONTH-TO-MONTH,NO,MAILED CHECK,20.3,20.3,0.6668856767411301,0
2676-OXPPQ,NO,MALE,0,NO,NO,6,YES,NO,DSL,YES,YES,NO,NO,NO,NO,MONTH-TO-MONTH,YES,BANK TRANSFER (AUTOMATIC),55.7,335.65,1.8298291721419186,0
2676-SSLTO,NO,MALE,0,NO,NO,49,YES,YES,DSL,NO,NO,NO,YES,YES,NO,TWO YEAR,YES,BANK TRANSFER (AUTOMATIC),66.15,3199.0,2.173127463863338,0
2680-XKKNJ,NO,FEMALE,0,NO,NO,8,YES,NO,DSL,YES,YES,NO,YES,NO,NO,ONE YEAR,NO,BANK TRANSFER (AUTOMATIC),58.2,469.25,1.9119579500657031,0
2682-KEVRP,NO,FEMALE,1,NO,NO,22,YES,NO,NO,NO,NO,NO,NO,NO,NO,ONE YEAR,YES,MAILED CHECK,20.05,417.0,0.6586727989487516,0
2683-BPJSO,YES,MALE,0,YES,NO,29,YES,YES,FIBER OPTIC,YES,YES,NO,NO,NO,NO,MONTH-TO-MONTH,YES,ELECTRONIC CHECK,84.45,2467.1,2.7743101182654404,1
2683-JXWQQ,NO,MALE,0,YES,YES,61,NO,NO,DSL,YES,NO,YES,NO,NO,NO,MONTH-TO-MONTH,NO,BANK TRANSFER (AUTOMATIC),33.6,2117.2,1.1038107752956636,0
2684-EIWEO,YES,FEMALE,1,NO,NO,30,YES,YES,FIBER OPTIC,YES,YES,YES,NO,NO,NO,MONTH-TO-MONTH,NO,CREDIT CARD (AUTOMATIC),91.7,2758.15,3.012483574244415,1
2685-SREOM,YES,FEMALE,0,YES,YES,25,YES,YES,FIBER OPTIC,NO,NO,YES,NO,NO,YES,MONTH-TO-MONTH,YES,ELECTRONIC CHECK,89.1,2368.4,2.927069645203679,1
2688-BHGOG,NO,MALE,1,NO,NO,9,YES,NO,FIBER OPTIC,NO,NO,NO,NO,NO,YES,MONTH-TO-MONTH,YES,ELECTRONIC CHECK,79.55,718.55,2.6133377135348224,0
2690-DVRVK,NO,MALE,0,YES,YES,5,YES,NO,NO,NO,NO,NO,NO,NO,NO,ONE YEAR,NO,ELECTRONIC CHECK,20.55,99.45,0.6750985545335085,0
2691-NZETQ,YES,MALE,0,NO,NO,9,YES,YES,FIBER OPTIC,NO,NO,NO,NO,YES,NO,MONTH-TO-MONTH,YES,ELECTRONIC CHECK,85.35,758.6,2.8038764783180024,1
2692-AQCPF,NO,FEMALE,0,YES,NO,65,YES,YES,FIBER OPTIC,NO,YES,YES,YES,YES,YES,ONE YEAR,YES,CREDIT CARD (AUTOMATIC),108.05,7118.9,3.5496057818659654,0
2692-BUCFV,NO,MALE,1,NO,NO,29,YES,NO,FIBER OPTIC,NO,YES,YES,NO,YES,YES,MONTH-TO-MONTH,YES,BANK TRANSFER (AUTOMATIC),101.45,2948.6,3.332785808147175,0
2692-PFYTJ,NO,FEMALE,0,NO,NO,1,YES,YES,NO,NO,NO,NO,NO,NO,NO,MONTH-TO-MONTH,YES,MAILED CHECK,25.75,25.75,0.8459264126149802,0
2694-CIUMO,NO,FEMALE,0,NO,NO,12,YES,YES,FIBER OPTIC,NO,NO,NO,YES,NO,NO,MONTH-TO-MONTH,YES,CREDIT CARD (AUTOMATIC),79.55,958.25,2.6133377135348224,0
2696-ECXKC,NO,FEMALE,0,YES,YES,55,YES,YES,FIBER OPTIC,YES,NO,NO,NO,YES,YES,ONE YEAR,NO,MAILED CHECK,100.9,5448.6,3.314717477003942,0
2696-NARTR,YES,MALE,0,NO,NO,11,YES,NO,FIBER OPTIC,NO,NO,NO,YES,NO,NO,MONTH-TO-MONTH,YES,ELECTRONIC CHECK,73.85,926.25,2.4260840998685937,1
2696-RZVZW,NO,MALE,0,YES,NO,68,YES,YES,NO,NO,NO,NO,NO,NO,NO,TWO YEAR,NO,CREDIT CARD (AUTOMATIC),25.05,1629.2,0.8229303547963206,0
2697-NQBPF,NO,MALE,0,NO,NO,34,YES,YES,FIBER OPTIC,NO,YES,NO,YES,YES,YES,MONTH-TO-MONTH,YES,ELECTRONIC CHECK,105.35,3540.65,3.460906701708278,0
2700-LUEVA,NO,MALE,0,NO,NO,1,YES,NO,NO,NO,NO,NO,NO,NO,NO,MONTH-TO-MONTH,NO,CREDIT CARD (AUTOMATIC),20.75,20.75,0.6816688567674113,0
2703-AMTUL,NO,MALE,0,YES,YES,36,YES,NO,DSL,YES,YES,NO,NO,NO,NO,ONE YEAR,NO,MAILED CHECK,53.65,1939.35,1.7624835742444152,0
2706-QZIHY,NO,FEMALE,0,YES,NO,15,YES,YES,NO,NO,NO,NO,NO,NO,NO,TWO YEAR,NO,MAILED CHECK,25.2,387.9,0.8278580814717477,0
2709-UQGNP,NO,MALE,0,NO,NO,10,YES,NO,DSL,YES,NO,NO,NO,NO,NO,MONTH-TO-MONTH,YES,MAILED CHECK,51.65,524.5,1.6967805519053876,0
2710-WYVXG,NO,FEMALE,0,NO,NO,3,YES,NO,DSL,YES,YES,NO,YES,NO,YES,TWO YEAR,NO,MAILED CHECK,71.1,213.35,2.3357424441524306,0
2712-SYWAY,NO,FEMALE,0,NO,NO,1,YES,YES,NO,NO,NO,NO,NO,NO,NO,MONTH-TO-MONTH,YES,ELECTRONIC CHECK,25.7,25.7,0.8442838370565046,0
2716-GFZOR,NO,MALE,0,YES,NO,43,YES,NO,FIBER OPTIC,YES,YES,YES,NO,NO,NO,MONTH-TO-MONTH,YES,CREDIT CARD (AUTOMATIC),86.1,3551.65,2.8285151116951375,0
2717-HVIZY,NO,FEMALE,0,NO,YES,8,YES,NO,NO,NO,NO,NO,NO,NO,NO,MONTH-TO-MONTH,NO,MAILED CHECK,20.05,163.6,0.6586727989487516,0
2718-GAXQD,YES,FEMALE,1,YES,YES,4,YES,NO,DSL,NO,NO,NO,NO,NO,NO,MONTH-TO-MONTH,NO,ELECTRONIC CHECK,46.0,181.6,1.5111695137976346,1
2718-YSKCS,NO,MALE,0,YES,YES,71,YES,NO,NO,NO,NO,NO,NO,NO,NO,TWO YEAR,YES,BANK TRANSFER (AUTOMATIC),19.6,1387.45,0.6438896189224704,0
2719-BDAQO,YES,MALE,0,NO,NO,17,YES,NO,FIBER OPTIC,YES,NO,NO,NO,YES,YES,MONTH-TO-MONTH,NO,ELECTRONIC CHECK,93.85,1625.65,3.0831143232588696,1
2720-FVBQP,NO,FEMALE,0,YES,YES,6,YES,YES,DSL,NO,NO,NO,NO,NO,NO,MONTH-TO-MONTH,YES,CREDIT CARD (AUTOMATIC),48.95,273.25,1.6080814717477003,0
2720-WGKHP,YES,MALE,1,NO,NO,2,YES,YES,FIBER OPTIC,NO,NO,NO,NO,YES,YES,MONTH-TO-MONTH,YES,ELECTRONIC CHECK,94.0,181.7,3.088042049934297,1
2722-JMONI,YES,FEMALE,1,YES,NO,1,YES,NO,DSL,YES,NO,NO,NO,NO,NO,MONTH-TO-MONTH,YES,ELECTRONIC CHECK,49.55,49.55,1.6277923784494086,1
2722-VOJQL,YES,MALE,0,NO,NO,64,YES,YES,FIBER OPTIC,NO,YES,NO,YES,YES,YES,ONE YEAR,YES,CREDIT CARD (AUTOMATIC),105.65,6903.1,3.4707621550591328,1
2724-FJDYW,NO,MALE,0,NO,YES,39,NO,NO,DSL,NO,NO,YES,YES,YES,YES,ONE YEAR,NO,BANK TRANSFER (AUTOMATIC),54.85,2191.7,1.8019053876478317,0
2725-IWWBA,NO,MALE,0,YES,YES,46,YES,NO,DSL,YES,NO,YES,YES,NO,NO,ONE YEAR,NO,MAILED CHECK,56.9,2560.1,1.869250985545335,0
2725-KXXWT,YES,MALE,0,YES,NO,1,YES,NO,FIBER OPTIC,NO,NO,NO,NO,YES,YES,MONTH-TO-MONTH,YES,ELECTRONIC CHECK,90.75,90.75,2.981274638633377,1
2725-TTRIQ,NO,FEMALE,0,YES,YES,72,YES,YES,DSL,YES,NO,YES,YES,YES,YES,TWO YEAR,YES,BANK TRANSFER (AUTOMATIC),84.2,5986.55,2.7660972404730617,0
2729-VNVAP,NO,FEMALE,0,YES,YES,33,YES,NO,NO,NO,NO,NO,NO,NO,NO,TWO YEAR,NO,CREDIT CARD (AUTOMATIC),19.8,641.35,0.6504599211563732,0
2731-GJRDG,NO,FEMALE,0,NO,NO,32,YES,YES,FIBER OPTIC,YES,NO,YES,YES,YES,YES,ONE YEAR,YES,BANK TRANSFER (AUTOMATIC),109.55,3608.0,3.598883048620236,0
2732-ISEZX,NO,FEMALE,0,NO,NO,5,YES,NO,NO,NO,NO,NO,NO,NO,NO,MONTH-TO-MONTH,YES,MAILED CHECK,20.5,104.3,0.6734559789750328,0
2737-WFVYW,YES,FEMALE,0,NO,NO,2,NO,NO,DSL,NO,NO,NO,NO,YES,YES,MONTH-TO-MONTH,YES,ELECTRONIC CHECK,45.25,85.5,1.4865308804204993,1
2737-YNGYW,YES,FEMALE,0,NO,NO,2,YES,NO,FIBER OPTIC,NO,NO,NO,NO,NO,YES,MONTH-TO-MONTH,NO,ELECTRONIC CHECK,80.55,184.1,2.646189224704336,1
2739-CACDQ,NO,FEMALE,1,NO,NO,17,YES,YES,FIBER OPTIC,NO,NO,YES,NO,NO,NO,MONTH-TO-MONTH,YES,CREDIT CARD (AUTOMATIC),82.65,1470.05,2.7151773981603156,0
2739-CCZMB,NO,MALE,0,NO,YES,5,YES,NO,NO,NO,NO,NO,NO,NO,NO,MONTH-TO-MONTH,NO,CREDIT CARD (AUTOMATIC),20.35,122.0,0.6685282522996058,0
2740-JFBOK,NO,MALE,0,NO,NO,10,YES,YES,NO,NO,NO,NO,NO,NO,NO,MONTH-TO-MONTH,YES,ELECTRONIC CHECK,24.0,226.55,0.7884362680683311,0
2740-TVLFN,NO,MALE,0,NO,NO,1,YES,YES,DSL,NO,NO,NO,NO,NO,NO,MONTH-TO-MONTH,YES,ELECTRONIC CHECK,50.15,50.15,1.6475032851511169,0
2746-DIJLO,NO,FEMALE,0,NO,NO,41,YES,YES,DSL,NO,YES,NO,NO,NO,NO,ONE YEAR,YES,CREDIT CARD (AUTOMATIC),56.3,2364.0,1.8495400788436267,0
2748-MYRVK,YES,FEMALE,0,NO,NO,63,YES,YES,FIBER OPTIC,NO,YES,NO,NO,YES,YES,ONE YEAR,NO,BANK TRANSFER (AUTOMATIC),99.9,6137.0,3.2818659658344282,1
2749-CTKAJ,NO,MALE,0,YES,YES,22,YES,NO,NO,NO,NO,NO,NO,NO,NO,ONE YEAR,NO,MAILED CHECK,20.15,419.9,0.6619579500657029,0
2750-BJLSB,NO,FEMALE,0,NO,NO,47,YES,NO,FIBER OPTIC,YES,NO,YES,YES,YES,YES,ONE YEAR,YES,ELECTRONIC CHECK,103.7,4730.6,3.4067017082785807,0
2753-JMMCV,NO,MALE,0,NO,NO,65,YES,YES,DSL,NO,YES,YES,YES,NO,YES,TWO YEAR,YES,CREDIT CARD (AUTOMATIC),74.2,4805.65,2.437582128777924,0
2754-SDJRD,NO,FEMALE,1,NO,NO,8,YES,YES,FIBER OPTIC,NO,NO,NO,YES,YES,YES,MONTH-TO-MONTH,YES,CREDIT CARD (AUTOMATIC),100.15,908.55,3.290078843626807,0
2754-VDLTR,YES,MALE,0,NO,YES,10,YES,YES,FIBER OPTIC,NO,NO,NO,NO,YES,YES,MONTH-TO-MONTH,NO,ELECTRONIC CHECK,95.2,930.4,3.1274638633377134,1
2754-XBHTB,YES,FEMALE,0,NO,NO,9,YES,NO,FIBER OPTIC,NO,NO,NO,NO,YES,NO,MONTH-TO-MONTH,YES,BANK TRANSFER (AUTOMATIC),77.65,714.15,2.5509198423127466,1
2758-RNWXS,NO,MALE,0,NO,NO,35,YES,NO,FIBER OPTIC,YES,NO,NO,YES,NO,YES,ONE YEAR,YES,ELECTRONIC CHECK,89.2,3251.3,2.9303547963206307,0
2761-OCIAX,YES,MALE,1,NO,NO,2,YES,NO,FIBER OPTIC,NO,YES,NO,NO,NO,NO,MONTH-TO-MONTH,YES,ELECTRONIC CHECK,74.7,165.4,2.4540078843626807,1
2761-XECQW,NO,MALE,1,YES,NO,8,NO,NO,DSL,NO,YES,YES,NO,NO,YES,MONTH-TO-MONTH,YES,MAILED CHECK,43.35,371.4,1.424113009198423,0
2770-NSVDG,NO,MALE,0,YES,NO,24,NO,NO,DSL,NO,NO,YES,NO,NO,NO,MONTH-TO-MONTH,NO,ELECTRONIC CHECK,29.1,688.0,0.9559789750328516,0
2773-MADBQ,NO,FEMALE,0,NO,NO,36,NO,NO,DSL,YES,YES,YES,YES,NO,YES,TWO YEAR,YES,MAILED CHECK,53.1,1901.25,1.7444152431011826,0
2773-OVBPK,NO,MALE,0,YES,NO,67,YES,YES,FIBER OPTIC,NO,YES,YES,YES,YES,YES,TWO YEAR,YES,BANK TRANSFER (AUTOMATIC),111.3,7567.2,3.6563731931668855,0
2774-LVQUS,YES,FEMALE,1,YES,NO,15,YES,YES,FIBER OPTIC,NO,NO,YES,YES,NO,NO,MONTH-TO-MONTH,YES,ELECTRONIC CHECK,83.05,1258.3,2.7283180026281206,1
2775-SEFEE,NO,MALE,0,NO,YES,0,YES,YES,DSL,YES,YES,NO,YES,NO,NO,TWO YEAR,YES,BANK TRANSFER (AUTOMATIC),61.9,0.0,2.033508541392904,0
2777-PHDEI,YES,FEMALE,0,NO,NO,1,YES,NO,FIBER OPTIC,NO,NO,NO,NO,YES,NO,MONTH-TO-MONTH,NO,ELECTRONIC CHECK,78.05,78.05,2.5640604467805517,1
2778-OCLGR,YES,MALE,1,YES,NO,24,NO,NO,DSL,YES,NO,NO,NO,NO,YES,MONTH-TO-MONTH,NO,BANK TRANSFER (AUTOMATIC),39.1,971.3,1.2844940867279895,1
2782-JEEBU,NO,MALE,0,NO,NO,21,NO,NO,DSL,NO,YES,NO,YES,NO,NO,MONTH-TO-MONTH,YES,MAILED CHECK,36.0,780.15,1.1826544021024967,0
2782-LFZVW,NO,FEMALE,0,NO,NO,11,YES,YES,DSL,NO,NO,NO,NO,NO,YES,MONTH-TO-MONTH,YES,MAILED CHECK,58.95,601.6,1.9365965834428385,0
2786-GCDPI,NO,FEMALE,1,NO,NO,50,YES,YES,FIBER OPTIC,NO,NO,YES,YES,YES,YES,MONTH-TO-MONTH,YES,ELECTRONIC CHECK,104.95,5222.35,3.447766097240473,0
2788-CJQAQ,NO,MALE,0,NO,NO,13,YES,NO,NO,NO,NO,NO,NO,NO,NO,ONE YEAR,NO,MAILED CHECK,19.45,270.2,0.6389618922470434,0
2789-CZANW,NO,FEMALE,0,YES,YES,64,YES,YES,FIBER OPTIC,YES,YES,NO,YES,YES,YES,TWO YEAR,NO,BANK TRANSFER (AUTOMATIC),110.3,6997.3,3.6235216819973717,0
2789-HQBOU,NO,MALE,0,NO,NO,3,YES,NO,FIBER OPTIC,NO,NO,NO,NO,NO,YES,MONTH-TO-MONTH,YES,ELECTRONIC CHECK,80.35,253.8,2.6396189224704334,0
2790-XUYMV,NO,MALE,0,NO,YES,71,YES,YES,FIBER OPTIC,YES,YES,NO,NO,NO,NO,ONE YEAR,YES,CREDIT CARD (AUTOMATIC),85.45,6028.95,2.807161629434954,0
2791-SFVEW,NO,FEMALE,0,NO,NO,9,YES,NO,NO,NO,NO,NO,NO,NO,NO,MONTH-TO-MONTH,NO,BANK TRANSFER (AUTOMATIC),20.15,238.15,0.6619579500657029,0
2792-LSHWX,NO,FEMALE,0,NO,NO,1,YES,NO,FIBER OPTIC,YES,YES,NO,YES,NO,NO,MONTH-TO-MONTH,YES,MAILED CHECK,83.4,83.4,2.7398160315374507,0
2792-VPPET,NO,MALE,0,NO,NO,3,YES,NO,NO,NO,NO,NO,NO,NO,NO,MONTH-TO-MONTH,YES,ELECTRONIC CHECK,20.5,76.95,0.6734559789750328,0
2794-XIMMO,YES,MALE,0,YES,NO,53,NO,NO,DSL,NO,YES,YES,YES,YES,YES,ONE YEAR,YES,ELECTRONIC CHECK,60.45,3184.25,1.9858738501971092,1
2796-NNUFI,NO,FEMALE,0,YES,YES,46,YES,NO,NO,NO,NO,NO,NO,NO,NO,TWO YEAR,YES,MAILED CHECK,19.95,927.1,0.6553876478318003,0
2796-UUZZO,NO,MALE,0,YES,YES,63,YES,NO,FIBER OPTIC,NO,YES,YES,NO,NO,NO,MONTH-TO-MONTH,YES,CREDIT CARD (AUTOMATIC),80.3,4896.35,2.637976346911958,0
2798-NYLMZ,NO,MALE,0,YES,NO,71,YES,YES,FIBER OPTIC,YES,NO,YES,YES,YES,YES,TWO YEAR,YES,CREDIT CARD (AUTOMATIC),108.55,7616.0,3.5660315374507223,0
2799-ARNLO,NO,FEMALE,1,YES,NO,5,YES,NO,FIBER OPTIC,NO,NO,NO,NO,NO,NO,MONTH-TO-MONTH,YES,ELECTRONIC CHECK,69.35,341.6,2.2782522996057817,0
2799-TSLAG,NO,FEMALE,0,YES,YES,65,YES,YES,NO,NO,NO,NO,NO,NO,NO,TWO YEAR,YES,BANK TRANSFER (AUTOMATIC),25.3,1748.55,0.831143232588699,0
2800-QQUSO,NO,MALE,0,NO,NO,42,YES,YES,FIBER OPTIC,NO,NO,NO,YES,YES,YES,MONTH-TO-MONTH,YES,ELECTRONIC CHECK,100.3,4222.95,3.2950065703022338,0
2800-VEQXM,NO,FEMALE,0,NO,NO,3,YES,NO,FIBER OPTIC,NO,NO,YES,NO,NO,NO,MONTH-TO-MONTH,YES,MAILED CHECK,74.75,238.1,2.455650459921156,0
2801-NISEI,NO,MALE,0,NO,NO,24,YES,NO,DSL,YES,NO,NO,YES,NO,NO,MONTH-TO-MONTH,NO,ELECTRONIC CHECK,54.95,1348.5,1.8051905387647833,0
2804-ETQDK,NO,MALE,0,NO,YES,66,YES,NO,NO,NO,NO,NO,NO,NO,NO,TWO YEAR,NO,MAILED CHECK,20.55,1357.1,0.6750985545335085,0
2805-AUFQN,NO,FEMALE,0,NO,NO,25,YES,NO,NO,NO,NO,NO,NO,NO,NO,TWO YEAR,NO,CREDIT CARD (AUTOMATIC),19.8,475.2,0.6504599211563732,0
2805-EDJPQ,NO,FEMALE,0,YES,YES,56,YES,YES,FIBER OPTIC,NO,YES,YES,YES,NO,YES,ONE YEAR,YES,CREDIT CARD (AUTOMATIC),99.75,5608.4,3.2769382391590014,0
2806-MLNTI,NO,MALE,1,YES,NO,52,YES,YES,FIBER OPTIC,NO,YES,YES,NO,YES,YES,ONE YEAR,YES,BANK TRANSFER (AUTOMATIC),105.1,5376.4,3.4526938239159,0
2808-CHTDM,NO,FEMALE,0,YES,YES,23,YES,YES,NO,NO,NO,NO,NO,NO,NO,TWO YEAR,NO,MAILED CHECK,25.1,611.45,0.8245729303547963,0
2809-ILCYT,NO,FEMALE,0,YES,NO,25,YES,YES,NO,NO,NO,NO,NO,NO,NO,ONE YEAR,YES,MAILED CHECK,26.8,733.55,0.8804204993429697,0
2809-ZMYOQ,NO,FEMALE,0,NO,NO,32,YES,YES,FIBER OPTIC,NO,NO,YES,NO,YES,YES,MONTH-TO-MONTH,YES,ELECTRONIC CHECK,101.35,3334.9,3.329500657030223,0
2810-FTLEM,YES,FEMALE,0,NO,NO,16,YES,NO,DSL,YES,NO,NO,NO,NO,NO,MONTH-TO-MONTH,YES,ELECTRONIC CHECK,50.15,762.25,1.6475032851511169,1
2811-POVEX,NO,FEMALE,1,YES,YES,23,YES,NO,FIBER OPTIC,NO,YES,YES,NO,NO,YES,MONTH-TO-MONTH,YES,BANK TRANSFER (AUTOMATIC),88.45,2130.55,2.9057161629434956,0
2812-ENYMO,NO,MALE,0,NO,NO,26,NO,NO,DSL,YES,NO,NO,YES,YES,YES,ONE YEAR,NO,CREDIT CARD (AUTOMATIC),54.55,1362.85,1.7920499342969776,0
2812-REYAT,NO,FEMALE,0,YES,NO,49,YES,NO,NO,NO,NO,NO,NO,NO,NO,ONE YEAR,YES,BANK TRANSFER (AUTOMATIC),20.05,923.1,0.6586727989487516,0
2812-SFXMJ,NO,MALE,0,NO,YES,1,YES,NO,NO,NO,NO,NO,NO,NO,NO,MONTH-TO-MONTH,NO,MAILED CHECK,20.05,20.05,0.6586727989487516,0
2815-CPTUL,YES,MALE,1,NO,NO,5,YES,NO,FIBER OPTIC,NO,NO,NO,NO,NO,NO,MONTH-TO-MONTH,YES,MAILED CHECK,70.25,331.9,2.307818659658344,1
2817-LVCPP,NO,FEMALE,0,NO,NO,50,YES,NO,NO,NO,NO,NO,NO,NO,NO,TWO YEAR,NO,CREDIT CARD (AUTOMATIC),19.4,1023.95,0.6373193166885676,0
2817-NTQDO,YES,MALE,0,NO,NO,13,NO,NO,DSL,YES,NO,NO,YES,YES,NO,MONTH-TO-MONTH,YES,CREDIT CARD (AUTOMATIC),45.55,597.0,1.4963863337713532,1
2819-GWENI,NO,FEMALE,0,YES,YES,28,YES,NO,NO,NO,NO,NO,NO,NO,NO,ONE YEAR,NO,MAILED CHECK,19.9,543.0,0.6537450722733245,0
2821-WARNZ,NO,FEMALE,0,NO,YES,49,YES,NO,NO,NO,NO,NO,NO,NO,NO,ONE YEAR,NO,CREDIT CARD (AUTOMATIC),19.45,921.3,0.6389618922470434,0
2823-LKABH,NO,FEMALE,0,NO,NO,18,YES,YES,FIBER OPTIC,NO,NO,YES,YES,NO,YES,MONTH-TO-MONTH,YES,BANK TRANSFER (AUTOMATIC),95.05,1679.4,3.122536136662286,0
2824-DXNKN,NO,FEMALE,0,YES,YES,72,YES,YES,DSL,YES,NO,YES,NO,YES,NO,TWO YEAR,YES,BANK TRANSFER (AUTOMATIC),71.45,5025.85,2.3472404730617606,0
2824-MYYBN,NO,FEMALE,0,YES,YES,37,YES,YES,FIBER OPTIC,NO,NO,NO,NO,YES,YES,MONTH-TO-MONTH,YES,ELECTRONIC CHECK,95.25,3314.15,3.129106438896189,0
2826-DXLQO,NO,MALE,1,YES,NO,7,NO,NO,DSL,YES,NO,NO,NO,NO,NO,MONTH-TO-MONTH,NO,BANK TRANSFER (AUTOMATIC),29.8,220.45,0.9789750328515111,0
2826-UWHIS,NO,MALE,0,YES,NO,45,YES,YES,FIBER OPTIC,NO,YES,NO,NO,NO,NO,MONTH-TO-MONTH,NO,BANK TRANSFER (AUTOMATIC),81.4,3775.85,2.674113009198423,0
2828-SLQPF,NO,MALE,0,NO,NO,19,YES,NO,DSL,NO,NO,NO,NO,NO,NO,MONTH-TO-MONTH,YES,BANK TRANSFER (AUTOMATIC),45.0,865.85,1.4783180026281209,0
2829-HYVZP,NO,MALE,0,NO,NO,29,YES,NO,NO,NO,NO,NO,NO,NO,NO,ONE YEAR,YES,MAILED CHECK,19.8,572.2,0.6504599211563732,0
2830-LEWOA,NO,MALE,0,YES,YES,61,YES,NO,FIBER OPTIC,NO,YES,YES,YES,YES,YES,ONE YEAR,NO,CREDIT CARD (AUTOMATIC),103.9,6449.15,3.4132720105124834,0
2831-EBWRN,NO,MALE,0,NO,NO,4,YES,NO,DSL,NO,NO,NO,NO,NO,NO,MONTH-TO-MONTH,YES,ELECTRONIC CHECK,45.9,199.75,1.5078843626806833,0
2832-KJCRD,NO,FEMALE,0,NO,NO,38,YES,YES,FIBER OPTIC,NO,NO,YES,YES,YES,YES,MONTH-TO-MONTH,YES,ELECTRONIC CHECK,103.65,3988.5,3.405059132720105,0
2832-SCUCO,NO,FEMALE,0,NO,NO,2,YES,NO,NO,NO,NO,NO,NO,NO,NO,MONTH-TO-MONTH,NO,ELECTRONIC CHECK,19.9,57.4,0.6537450722733245,0
2833-SLKDQ,YES,MALE,0,NO,NO,1,YES,NO,DSL,NO,NO,NO,NO,NO,NO,MONTH-TO-MONTH,NO,MAILED CHECK,45.05,45.05,1.4799605781865963,1
2834-JKOOW,NO,FEMALE,0,NO,NO,15,NO,NO,DSL,YES,YES,YES,YES,NO,NO,ONE YEAR,NO,MAILED CHECK,45.9,693.45,1.5078843626806833,0
2834-JRTUA,YES,MALE,0,NO,NO,71,YES,YES,FIBER OPTIC,YES,NO,YES,YES,YES,YES,TWO YEAR,YES,ELECTRONIC CHECK,108.05,7532.15,3.5496057818659654,1
2834-SPCJV,YES,MALE,0,YES,NO,52,YES,NO,FIBER OPTIC,YES,NO,NO,NO,YES,NO,MONTH-TO-MONTH,NO,ELECTRONIC CHECK,84.1,4348.65,2.76281208935611,1
2839-RFSQE,YES,FEMALE,0,NO,NO,2,YES,NO,NO,NO,NO,NO,NO,NO,NO,MONTH-TO-MONTH,NO,MAILED CHECK,20.65,38.7,0.6783837056504598,1
2840-XANRC,YES,MALE,1,YES,NO,24,YES,NO,FIBER OPTIC,NO,NO,YES,NO,YES,YES,MONTH-TO-MONTH,YES,ELECTRONIC CHECK,93.15,2231.05,3.0601182654402104,1
2842-BCQGE,NO,MALE,0,NO,NO,43,YES,YES,FIBER OPTIC,NO,NO,NO,NO,NO,NO,MONTH-TO-MONTH,YES,CREDIT CARD (AUTOMATIC),75.35,3161.4,2.4753613666228644,0
2842-JTCCU,YES,MALE,0,NO,NO,2,YES,NO,DSL,NO,NO,NO,NO,NO,NO,MONTH-TO-MONTH,NO,BANK TRANSFER (AUTOMATIC),46.05,80.35,1.5128120893561103,1
2843-CQMEG,NO,MALE,0,NO,NO,24,YES,NO,DSL,NO,YES,NO,NO,NO,NO,MONTH-TO-MONTH,YES,MAILED CHECK,49.7,1218.25,1.6327201051248357,0
2845-AFFTX,YES,MALE,1,YES,NO,41,YES,YES,FIBER OPTIC,NO,NO,YES,NO,YES,YES,MONTH-TO-MONTH,YES,ELECTRONIC CHECK,99.8,4259.3,3.278580814717477,1
2845-HSJCY,YES,FEMALE,0,YES,YES,14,YES,YES,FIBER OPTIC,NO,NO,YES,NO,NO,YES,MONTH-TO-MONTH,YES,ELECTRONIC CHECK,87.25,1258.6,2.8662943495400786,1
2845-KDHVX,NO,FEMALE,0,YES,NO,64,YES,NO,DSL,NO,YES,YES,YES,NO,YES,TWO YEAR,YES,MAILED CHECK,68.3,4378.8,2.243758212877792,0
2848-YXSMW,NO,MALE,0,YES,YES,72,YES,NO,NO,NO,NO,NO,NO,NO,NO,TWO YEAR,NO,CREDIT CARD (AUTOMATIC),19.4,1363.25,0.6373193166885676,0
2851-MMUTZ,NO,FEMALE,0,NO,NO,27,YES,NO,DSL,NO,YES,NO,YES,NO,NO,MONTH-TO-MONTH,YES,MAILED CHECK,56.15,1439.35,1.8446123521681996,0
2851-STERV,NO,MALE,1,NO,NO,35,YES,NO,DSL,NO,NO,YES,YES,YES,YES,ONE YEAR,YES,ELECTRONIC CHECK,73.0,2471.25,2.3981603153745072,0
2853-CWQFQ,NO,MALE,0,NO,YES,1,YES,NO,DSL,NO,NO,NO,YES,NO,YES,MONTH-TO-MONTH,YES,MAILED CHECK,59.55,59.55,1.9563074901445465,0
2856-HYAPG,YES,FEMALE,0,NO,NO,1,YES,NO,FIBER OPTIC,NO,NO,NO,NO,NO,NO,MONTH-TO-MONTH,NO,ELECTRONIC CHECK,68.65,68.65,2.2552562417871225,1
2856-NNASM,YES,MALE,1,NO,NO,43,YES,NO,FIBER OPTIC,NO,NO,NO,NO,YES,YES,MONTH-TO-MONTH,YES,MAILED CHECK,89.55,3856.75,2.9418528252299603,1
2858-EIMXH,NO,FEMALE,1,YES,NO,53,YES,YES,FIBER OPTIC,NO,NO,NO,NO,YES,YES,ONE YEAR,YES,CREDIT CARD (AUTOMATIC),95.85,5016.25,3.148817345597897,0
2858-MOFSQ,YES,FEMALE,0,NO,YES,17,YES,YES,DSL,NO,NO,YES,NO,NO,NO,ONE YEAR,YES,MAILED CHECK,55.85,937.5,1.8347568988173455,1
2860-RANUS,YES,FEMALE,1,NO,NO,20,YES,YES,FIBER OPTIC,NO,NO,NO,NO,NO,YES,MONTH-TO-MONTH,YES,CREDIT CARD (AUTOMATIC),85.8,1727.5,2.818659658344284,1
2862-JVEOY,NO,MALE,0,NO,NO,6,YES,NO,NO,NO,NO,NO,NO,NO,NO,ONE YEAR,NO,MAILED CHECK,19.15,124.4,0.6291064388961891,0
2862-PFNIK,NO,MALE,0,NO,YES,1,NO,NO,DSL,NO,NO,NO,NO,NO,NO,MONTH-TO-MONTH,YES,ELECTRONIC CHECK,24.7,24.7,0.8114323258869908,0
2863-IMQDR,NO,FEMALE,0,NO,NO,61,YES,YES,DSL,YES,YES,YES,YES,YES,YES,TWO YEAR,NO,ELECTRONIC CHECK,89.65,5308.7,2.945137976346912,0
2865-TCHJW,YES,FEMALE,1,NO,NO,4,YES,YES,FIBER OPTIC,NO,NO,YES,NO,YES,NO,MONTH-TO-MONTH,YES,ELECTRONIC CHECK,89.2,346.2,2.9303547963206307,1
2866-IKBTM,NO,FEMALE,0,NO,NO,1,YES,NO,NO,NO,NO,NO,NO,NO,NO,MONTH-TO-MONTH,NO,MAILED CHECK,19.55,19.55,0.6422470433639947,0
2867-UIMSS,YES,MALE,0,NO,NO,1,YES,NO,FIBER OPTIC,NO,NO,NO,NO,NO,YES,MONTH-TO-MONTH,NO,ELECTRONIC CHECK,80.5,80.5,2.6445466491458607,1
2868-LLSKM,NO,FEMALE,0,YES,YES,68,YES,YES,FIBER OPTIC,NO,YES,NO,YES,NO,NO,ONE YEAR,YES,BANK TRANSFER (AUTOMATIC),83.65,5733.4,2.7480289093298294,0
2868-MZAGQ,YES,MALE,0,NO,NO,1,YES,NO,FIBER OPTIC,NO,NO,NO,NO,NO,YES,MONTH-TO-MONTH,YES,ELECTRONIC CHECK,79.25,79.25,2.6034822601839682,1
2868-SNELZ,YES,FEMALE,0,NO,NO,2,YES,YES,FIBER OPTIC,NO,NO,YES,NO,NO,NO,MONTH-TO-MONTH,NO,MAILED CHECK,80.6,155.8,2.6478318002628116,1
2869-ADAWR,YES,FEMALE,0,NO,NO,45,YES,YES,FIBER OPTIC,NO,YES,NO,NO,YES,NO,MONTH-TO-MONTH,YES,CREDIT CARD (AUTOMATIC),89.3,4016.85,2.933639947437582,1
2873-ZLIWT,YES,FEMALE,0,YES,YES,40,YES,YES,FIBER OPTIC,NO,NO,YES,YES,NO,NO,MONTH-TO-MONTH,YES,ELECTRONIC CHECK,84.85,3303.05,2.7874507227332455,1
2874-YXVVA,NO,FEMALE,0,NO,NO,34,YES,NO,FIBER OPTIC,NO,YES,YES,YES,YES,YES,MONTH-TO-MONTH,YES,ELECTRONIC CHECK,105.1,3634.8,3.4526938239159,0
2876-GZYZC,NO,FEMALE,0,NO,NO,13,YES,YES,FIBER OPTIC,NO,NO,NO,NO,NO,YES,MONTH-TO-MONTH,YES,ELECTRONIC CHECK,85.95,1215.65,2.823587385019711,0
2876-VBBBL,YES,FEMALE,0,NO,NO,1,YES,NO,NO,NO,NO,NO,NO,NO,NO,MONTH-TO-MONTH,YES,MAILED CHECK,20.25,20.25,0.6652431011826544,1
2877-VDUER,NO,FEMALE,0,YES,YES,35,NO,NO,DSL,NO,NO,NO,YES,YES,NO,ONE YEAR,NO,MAILED CHECK,40.9,1383.6,1.3436268068331143,0
2878-DHMIN,NO,MALE,0,YES,YES,35,YES,NO,NO,NO,NO,NO,NO,NO,NO,ONE YEAR,NO,ELECTRONIC CHECK,19.9,666.0,0.6537450722733245,0
2878-RMWXY,NO,MALE,1,YES,NO,72,YES,YES,FIBER OPTIC,YES,YES,YES,NO,NO,YES,TWO YEAR,YES,CREDIT CARD (AUTOMATIC),102.65,7550.3,3.3722076215505914,0
2880-FPNAE,NO,MALE,1,YES,NO,2,YES,NO,FIBER OPTIC,NO,NO,YES,NO,NO,NO,MONTH-TO-MONTH,YES,ELECTRONIC CHECK,74.2,140.1,2.437582128777924,0
2882-DDZPG,NO,FEMALE,0,NO,NO,12,YES,NO,NO,NO,NO,NO,NO,NO,NO,MONTH-TO-MONTH,NO,BANK TRANSFER (AUTOMATIC),19.45,227.45,0.6389618922470434,0
2882-WDTBA,NO,MALE,0,YES,YES,69,YES,NO,DSL,YES,YES,YES,YES,YES,NO,TWO YEAR,YES,BANK TRANSFER (AUTOMATIC),75.75,5388.15,2.48850197109067,0
2883-ILGWO,NO,MALE,1,NO,NO,57,YES,YES,FIBER OPTIC,NO,YES,NO,YES,YES,YES,MONTH-TO-MONTH,YES,BANK TRANSFER (AUTOMATIC),104.9,5913.95,3.446123521681997,0
2884-GBPFB,YES,FEMALE,0,YES,NO,35,YES,NO,FIBER OPTIC,NO,NO,NO,NO,NO,NO,MONTH-TO-MONTH,YES,ELECTRONIC CHECK,70.3,2416.55,2.3094612352168196,1
2885-HIJDH,NO,MALE,0,YES,YES,69,YES,YES,DSL,YES,NO,YES,YES,YES,YES,TWO YEAR,NO,BANK TRANSFER (AUTOMATIC),86.9,6194.1,2.854796320630749,0
2886-KEFUM,YES,FEMALE,0,YES,NO,63,YES,YES,FIBER OPTIC,NO,YES,YES,NO,YES,YES,ONE YEAR,YES,ELECTRONIC CHECK,107.5,6873.75,3.531537450722733,1
2887-JPYLU,NO,FEMALE,0,NO,YES,41,YES,NO,DSL,NO,NO,NO,NO,NO,NO,MONTH-TO-MONTH,NO,BANK TRANSFER (AUTOMATIC),45.2,1841.9,1.4848883048620236,0
2888-ADFAO,NO,FEMALE,0,YES,YES,47,YES,NO,NO,NO,NO,NO,NO,NO,NO,TWO YEAR,YES,BANK TRANSFER (AUTOMATIC),21.3,1041.8,0.6997371879106439,0
2889-FPWRM,YES,MALE,0,YES,NO,72,YES,YES,FIBER OPTIC,YES,YES,YES,YES,YES,YES,ONE YEAR,YES,BANK TRANSFER (AUTOMATIC),117.8,8684.8,3.869908015768725,1
2890-WFBHU,NO,FEMALE,0,NO,NO,59,YES,YES,DSL,YES,YES,YES,YES,NO,YES,ONE YEAR,NO,CREDIT CARD (AUTOMATIC),79.85,4786.1,2.6231931668856765,0
2892-GESUL,NO,FEMALE,0,YES,YES,18,YES,NO,NO,NO,NO,NO,NO,NO,NO,TWO YEAR,NO,MAILED CHECK,19.35,309.25,0.635676741130092,0
2894-QOJRX,YES,FEMALE,0,YES,NO,25,NO,NO,DSL,NO,NO,NO,NO,YES,NO,MONTH-TO-MONTH,YES,BANK TRANSFER (AUTOMATIC),34.0,853.0,1.1169513797634691,1
2896-TBNBE,NO,MALE,0,YES,NO,40,YES,NO,FIBER OPTIC,NO,YES,YES,NO,NO,NO,ONE YEAR,NO,ELECTRONIC CHECK,80.8,3132.75,2.654402102496715,0
2897-DOVND,NO,MALE,0,NO,NO,2,YES,NO,FIBER OPTIC,NO,NO,NO,NO,NO,NO,MONTH-TO-MONTH,YES,ELECTRONIC CHECK,69.8,146.65,2.2930354796320627,0
2898-LSJGD,YES,FEMALE,0,YES,YES,21,NO,NO,DSL,YES,NO,YES,NO,YES,YES,ONE YEAR,YES,ELECTRONIC CHECK,55.95,1157.05,1.838042049934297,1
2898-MRKPI,NO,MALE,0,YES,YES,68,YES,YES,FIBER OPTIC,NO,YES,NO,NO,YES,YES,ONE YEAR,YES,CREDIT CARD (AUTOMATIC),101.05,6770.5,3.319645203679369,0
2900-PHPLN,NO,FEMALE,1,YES,NO,70,YES,NO,NO,NO,NO,NO,NO,NO,NO,TWO YEAR,YES,CREDIT CARD (AUTOMATIC),19.55,1462.05,0.6422470433639947,0
2903-YYTBW,NO,MALE,0,YES,YES,1,YES,NO,DSL,NO,NO,NO,NO,NO,NO,MONTH-TO-MONTH,NO,ELECTRONIC CHECK,44.55,44.55,1.4635348226018394,0
2904-GGUAZ,NO,FEMALE,0,YES,NO,72,YES,YES,FIBER OPTIC,YES,YES,NO,NO,NO,NO,TWO YEAR,YES,BANK TRANSFER (AUTOMATIC),84.05,6052.25,2.7611695137976344,0
2905-KFQUV,NO,FEMALE,0,YES,NO,2,YES,NO,FIBER OPTIC,NO,NO,NO,NO,NO,NO,MONTH-TO-MONTH,YES,CREDIT CARD (AUTOMATIC),70.4,154.8,2.3127463863337714,0
2907-ILJBN,NO,FEMALE,0,YES,YES,11,YES,NO,NO,NO,NO,NO,NO,NO,NO,ONE YEAR,NO,MAILED CHECK,20.6,233.9,0.6767411300919842,0
2908-WGAXL,NO,FEMALE,0,YES,YES,56,YES,YES,NO,NO,NO,NO,NO,NO,NO,TWO YEAR,YES,CREDIT CARD (AUTOMATIC),24.95,1468.9,0.8196452036793692,0
2908-ZTPNF,NO,FEMALE,0,NO,NO,36,NO,NO,DSL,NO,YES,NO,YES,NO,NO,MONTH-TO-MONTH,YES,BANK TRANSFER (AUTOMATIC),34.85,1267.2,1.1448751642575559,0
2911-IJORQ,NO,MALE,0,NO,NO,37,YES,YES,DSL,YES,YES,YES,YES,YES,YES,ONE YEAR,YES,BANK TRANSFER (AUTOMATIC),90.6,3358.65,2.9763469119579495,0
2911-UREFD,YES,FEMALE,0,YES,NO,39,NO,NO,DSL,YES,NO,YES,NO,YES,YES,MONTH-TO-MONTH,NO,ELECTRONIC CHECK,55.9,2184.35,1.8363994743758212,1
2911-WDXMV,NO,MALE,0,NO,YES,18,YES,YES,FIBER OPTIC,NO,NO,YES,NO,NO,NO,MONTH-TO-MONTH,YES,CREDIT CARD (AUTOMATIC),80.55,1406.65,2.646189224704336,0
2916-BQZLN,NO,MALE,0,NO,NO,19,YES,YES,FIBER OPTIC,YES,NO,YES,NO,NO,NO,MONTH-TO-MONTH,YES,ELECTRONIC CHECK,84.75,1651.95,2.784165571616294,0
2919-HBCJO,YES,FEMALE,0,NO,NO,4,YES,NO,FIBER OPTIC,NO,YES,NO,NO,NO,NO,MONTH-TO-MONTH,YES,BANK TRANSFER (AUTOMATIC),76.65,333.6,2.518068331143233,1
2920-RNCEZ,NO,MALE,0,YES,YES,1,YES,NO,FIBER OPTIC,NO,NO,NO,NO,NO,NO,MONTH-TO-MONTH,YES,CREDIT CARD (AUTOMATIC),69.95,69.95,2.29796320630749,0
2921-XWDJH,NO,FEMALE,1,YES,NO,38,YES,NO,FIBER OPTIC,YES,NO,NO,NO,NO,YES,MONTH-TO-MONTH,YES,ELECTRONIC CHECK,83.45,3147.15,2.7414586070959266,0
2923-ARZLG,NO,MALE,0,YES,YES,0,YES,NO,NO,NO,NO,NO,NO,NO,NO,ONE YEAR,YES,MAILED CHECK,19.7,0.0,0.6471747700394218,0
2924-KHUVI,NO,MALE,0,YES,NO,56,YES,YES,FIBER OPTIC,YES,NO,NO,NO,YES,YES,ONE YEAR,YES,ELECTRONIC CHECK,100.55,5514.95,3.303219448094612,0
2925-MXLSX,NO,FEMALE,0,NO,NO,30,YES,YES,DSL,NO,YES,YES,NO,YES,NO,ONE YEAR,YES,CREDIT CARD (AUTOMATIC),68.95,2038.7,2.265111695137976,0
2925-VDZHY,NO,MALE,0,YES,YES,72,YES,YES,DSL,YES,YES,YES,YES,YES,YES,TWO YEAR,NO,CREDIT CARD (AUTOMATIC),88.7,6501.35,2.9139290407358738,0
2926-JEJJC,NO,FEMALE,0,NO,NO,8,YES,NO,NO,NO,NO,NO,NO,NO,NO,ONE YEAR,YES,BANK TRANSFER (AUTOMATIC),20.2,140.95,0.6636005256241787,0
2927-CVULT,NO,FEMALE,0,YES,YES,53,YES,YES,FIBER OPTIC,YES,YES,YES,YES,NO,YES,TWO YEAR,YES,BANK TRANSFER (AUTOMATIC),104.05,5566.4,3.4181997371879103,0
2927-QRRQV,NO,MALE,0,YES,NO,46,YES,YES,FIBER OPTIC,NO,YES,YES,NO,YES,NO,ONE YEAR,YES,ELECTRONIC CHECK,94.65,4312.5,3.109395532194481,0
2928-HLDBA,NO,FEMALE,0,NO,NO,6,YES,NO,NO,NO,NO,NO,NO,NO,NO,MONTH-TO-MONTH,NO,MAILED CHECK,20.7,112.75,0.6800262812089356,0
2929-ERCFZ,YES,FEMALE,0,YES,YES,8,YES,NO,FIBER OPTIC,NO,NO,YES,NO,YES,YES,MONTH-TO-MONTH,YES,ELECTRONIC CHECK,94.2,777.3,3.0946123521681996,1
2929-QNSRW,YES,FEMALE,0,YES,NO,56,YES,YES,FIBER OPTIC,NO,YES,NO,NO,YES,YES,ONE YEAR,YES,ELECTRONIC CHECK,98.25,5508.35,3.2276609724047303,1
2930-UOTMB,YES,FEMALE,0,NO,NO,31,YES,YES,DSL,YES,NO,YES,YES,NO,NO,MONTH-TO-MONTH,NO,CREDIT CARD (AUTOMATIC),65.25,1994.3,2.143561103810775,1
2931-FSOHN,NO,MALE,1,NO,NO,13,YES,NO,DSL,NO,YES,NO,NO,YES,NO,MONTH-TO-MONTH,YES,ELECTRONIC CHECK,59.9,788.35,1.9678055190538764,0
2931-SVLTV,NO,MALE,0,YES,YES,40,YES,YES,FIBER OPTIC,YES,YES,NO,YES,YES,YES,MONTH-TO-MONTH,YES,CREDIT CARD (AUTOMATIC),110.1,4469.1,3.616951379763469,0
2931-VUVJN,NO,FEMALE,1,YES,NO,59,YES,YES,FIBER OPTIC,YES,YES,YES,YES,NO,NO,ONE YEAR,YES,ELECTRONIC CHECK,94.05,5483.9,3.0896846254927723,0
2931-XIQBR,NO,FEMALE,0,YES,YES,50,YES,NO,FIBER OPTIC,NO,NO,YES,YES,YES,YES,ONE YEAR,NO,MAILED CHECK,103.05,5153.5,3.3853482260183965,0
2933-FILNV,YES,FEMALE,0,YES,YES,2,NO,NO,DSL,NO,NO,NO,NO,NO,NO,MONTH-TO-MONTH,YES,MAILED CHECK,24.4,36.55,0.8015768725361366,1
2933-XEUJM,NO,FEMALE,0,NO,NO,46,YES,YES,DSL,YES,NO,YES,NO,YES,YES,TWO YEAR,NO,MAILED CHECK,79.2,3593.8,2.6018396846254928,0
2937-FTHUR,NO,FEMALE,0,NO,YES,18,YES,YES,DSL,YES,NO,NO,NO,NO,YES,MONTH-TO-MONTH,NO,ELECTRONIC CHECK,64.8,1166.7,2.1287779237844937,0
2946-KIQSP,NO,FEMALE,0,NO,NO,35,NO,NO,DSL,NO,NO,YES,YES,NO,NO,MONTH-TO-MONTH,YES,MAILED CHECK,33.45,1175.85,1.0988830486202366,0
2947-DOMLJ,YES,MALE,0,NO,YES,1,YES,NO,DSL,YES,NO,NO,NO,NO,NO,MONTH-TO-MONTH,NO,MAILED CHECK,50.6,50.6,1.662286465177398,1
2951-QOQTK,YES,MALE,0,NO,YES,4,YES,YES,FIBER OPTIC,NO,NO,NO,YES,NO,NO,MONTH-TO-MONTH,NO,CREDIT CARD (AUTOMATIC),80.8,332.45,2.654402102496715,1
2952-QAYZF,YES,MALE,0,NO,NO,5,YES,YES,FIBER OPTIC,NO,YES,YES,NO,NO,NO,MONTH-TO-MONTH,YES,ELECTRONIC CHECK,85.3,424.15,2.802233902759527,1
2954-PIBKO,NO,FEMALE,0,YES,YES,69,YES,YES,DSL,YES,NO,YES,YES,NO,NO,TWO YEAR,YES,CREDIT CARD (AUTOMATIC),64.15,4254.1,2.1074244415243104,0
2955-BJZHG,YES,MALE,0,YES,YES,17,YES,NO,FIBER OPTIC,NO,NO,NO,NO,YES,NO,MONTH-TO-MONTH,NO,ELECTRONIC CHECK,80.85,1400.85,2.6560446780551903,1
2955-PSXOE,YES,FEMALE,0,NO,NO,1,YES,NO,NO,NO,NO,NO,NO,NO,NO,MONTH-TO-MONTH,YES,BANK TRANSFER (AUTOMATIC),20.2,20.2,0.6636005256241787,1
2956-GGUCQ,YES,MALE,1,YES,NO,24,YES,YES,FIBER OPTIC,YES,NO,NO,NO,NO,NO,MONTH-TO-MONTH,YES,ELECTRONIC CHECK,78.85,1772.25,2.5903416557161627,1
2957-JIRMN,NO,FEMALE,1,NO,NO,62,YES,YES,FIBER OPTIC,NO,NO,NO,NO,YES,NO,ONE YEAR,NO,ELECTRONIC CHECK,84.45,4959.15,2.7743101182654404,0
2957-LOLHO,YES,MALE,0,NO,NO,12,YES,NO,DSL,NO,NO,NO,NO,NO,NO,MONTH-TO-MONTH,YES,BANK TRANSFER (AUTOMATIC),45.4,518.9,1.4914586070959264,1
2958-NHPPS,NO,MALE,0,NO,NO,23,YES,NO,NO,NO,NO,NO,NO,NO,NO,MONTH-TO-MONTH,NO,ELECTRONIC CHECK,20.85,473.9,0.6849540078843627,0
2959-EEXWB,NO,FEMALE,0,YES,YES,45,NO,NO,DSL,YES,NO,NO,NO,YES,YES,MONTH-TO-MONTH,YES,BANK TRANSFER (AUTOMATIC),50.9,2333.85,1.6721419185282522,0
2959-FENLU,NO,FEMALE,0,NO,NO,9,YES,NO,FIBER OPTIC,NO,NO,YES,NO,NO,YES,MONTH-TO-MONTH,YES,CREDIT CARD (AUTOMATIC),85.3,781.4,2.802233902759527,0
2959-MJHIC,YES,MALE,0,YES,NO,4,YES,NO,FIBER OPTIC,NO,NO,NO,NO,YES,NO,MONTH-TO-MONTH,YES,ELECTRONIC CHECK,80.35,307.4,2.6396189224704334,1
2960-NKRSO,NO,MALE,0,NO,NO,24,YES,NO,FIBER OPTIC,NO,YES,YES,YES,NO,NO,MONTH-TO-MONTH,YES,ELECTRONIC CHECK,85.95,2107.15,2.823587385019711,0
2961-VNFKL,NO,FEMALE,0,YES,NO,71,YES,YES,NO,NO,NO,NO,NO,NO,NO,TWO YEAR,YES,CREDIT CARD (AUTOMATIC),25.95,1801.9,0.852496714848883,0
2962-XPMCQ,YES,MALE,0,NO,NO,2,YES,NO,DSL,NO,NO,NO,NO,NO,NO,MONTH-TO-MONTH,YES,ELECTRONIC CHECK,45.15,98.5,1.483245729303548,1
2967-MXRAV,NO,MALE,0,YES,YES,1,YES,NO,NO,NO,NO,NO,NO,NO,NO,ONE YEAR,NO,MAILED CHECK,18.8,18.8,0.6176084099868594,0
2968-SSGAA,YES,FEMALE,0,NO,NO,10,YES,YES,FIBER OPTIC,NO,NO,YES,NO,YES,YES,MONTH-TO-MONTH,YES,ELECTRONIC CHECK,100.6,1060.2,3.304862023653088,1
2969-QWUBZ,NO,FEMALE,0,NO,NO,2,NO,NO,DSL,NO,YES,NO,NO,YES,YES,MONTH-TO-MONTH,NO,ELECTRONIC CHECK,51.4,96.8,1.6885676741130091,0
2969-VAPYH,NO,FEMALE,0,NO,NO,67,YES,NO,DSL,YES,YES,NO,YES,NO,NO,ONE YEAR,NO,CREDIT CARD (AUTOMATIC),60.5,3870.0,1.9875164257555846,0
2969-WGHQO,NO,FEMALE,0,YES,YES,7,YES,NO,DSL,YES,YES,YES,NO,YES,NO,ONE YEAR,NO,ELECTRONIC CHECK,69.45,477.05,2.281537450722733,0
2971-SGAFL,NO,FEMALE,0,NO,NO,13,YES,YES,DSL,YES,NO,YES,NO,YES,YES,MONTH-TO-MONTH,YES,ELECTRONIC CHECK,78.75,995.35,2.5870565045992113,0
2972-YDYUW,NO,FEMALE,0,NO,NO,57,YES,YES,FIBER OPTIC,NO,YES,NO,YES,NO,YES,ONE YEAR,NO,ELECTRONIC CHECK,94.7,5468.95,3.1110381077529565,0
2974-GGUXS,NO,FEMALE,1,YES,NO,36,YES,YES,FIBER OPTIC,NO,YES,NO,NO,YES,NO,MONTH-TO-MONTH,YES,CREDIT CARD (AUTOMATIC),91.95,3301.05,3.020696452036794,0
2977-CEBSX,NO,FEMALE,0,NO,NO,66,YES,YES,DSL,YES,YES,YES,YES,YES,YES,TWO YEAR,YES,CREDIT CARD (AUTOMATIC),90.05,5965.95,2.958278580814717,0
2978-XXSOG,NO,FEMALE,0,NO,NO,22,YES,YES,DSL,YES,NO,NO,YES,NO,NO,MONTH-TO-MONTH,YES,MAILED CHECK,59.05,1253.5,1.9398817345597896,0
2979-SXESE,YES,FEMALE,0,YES,YES,17,YES,YES,FIBER OPTIC,YES,NO,YES,NO,YES,NO,MONTH-TO-MONTH,NO,ELECTRONIC CHECK,94.4,1607.2,3.1011826544021024,1
2982-IHMFT,YES,FEMALE,1,NO,NO,1,YES,YES,FIBER OPTIC,NO,NO,NO,NO,NO,NO,MONTH-TO-MONTH,YES,MAILED CHECK,74.45,74.45,2.445795006570302,1
2982-VPSGI,YES,FEMALE,0,YES,NO,11,YES,YES,FIBER OPTIC,NO,NO,NO,NO,YES,YES,MONTH-TO-MONTH,YES,ELECTRONIC CHECK,94.0,1078.9,3.088042049934297,1
2983-ZANRP,YES,FEMALE,0,YES,YES,2,YES,NO,FIBER OPTIC,NO,YES,NO,NO,NO,NO,MONTH-TO-MONTH,YES,BANK TRANSFER (AUTOMATIC),73.55,145.4,2.4162286465177396,1
2984-AFWNC,NO,FEMALE,0,NO,NO,3,YES,NO,FIBER OPTIC,NO,YES,NO,NO,YES,YES,MONTH-TO-MONTH,NO,ELECTRONIC CHECK,95.4,293.15,3.134034165571616,0
2984-MIIZL,YES,MALE,0,NO,NO,4,YES,NO,FIBER OPTIC,NO,NO,YES,NO,NO,NO,MONTH-TO-MONTH,YES,BANK TRANSFER (AUTOMATIC),74.8,321.9,2.457293035479632,1
2984-RGEYA,NO,FEMALE,0,YES,YES,69,YES,NO,NO,NO,NO,NO,NO,NO,NO,TWO YEAR,NO,BANK TRANSFER (AUTOMATIC),19.75,1375.4,0.6488173455978975,0
2984-TBYKU,NO,MALE,0,YES,YES,72,YES,YES,FIBER OPTIC,YES,YES,YES,YES,NO,YES,TWO YEAR,YES,CREDIT CARD (AUTOMATIC),104.9,7732.65,3.446123521681997,0
2985-FMWYF,NO,FEMALE,0,NO,NO,23,YES,YES,FIBER OPTIC,NO,NO,NO,NO,YES,YES,MONTH-TO-MONTH,YES,ELECTRONIC CHECK,93.5,2341.55,3.07161629434954,0
2985-JUUBZ,NO,MALE,0,YES,YES,40,YES,YES,DSL,NO,NO,YES,NO,YES,YES,MONTH-TO-MONTH,YES,ELECTRONIC CHECK,74.55,3015.75,2.4490801576872534,0
2987-BJXIK,NO,FEMALE,0,NO,NO,70,YES,YES,DSL,YES,YES,YES,NO,YES,YES,TWO YEAR,NO,MAILED CHECK,84.7,5991.05,2.7825229960578186,0
2988-GBIVW,NO,FEMALE,1,YES,NO,70,YES,YES,FIBER OPTIC,YES,NO,NO,NO,NO,YES,MONTH-TO-MONTH,YES,ELECTRONIC CHECK,90.85,6470.1,2.984559789750328,0
2988-PLAHS,NO,FEMALE,0,NO,NO,3,YES,NO,DSL,NO,NO,YES,NO,YES,YES,ONE YEAR,YES,ELECTRONIC CHECK,69.95,220.45,2.29796320630749,0
2988-QRAJY,NO,MALE,0,NO,NO,69,YES,YES,FIBER OPTIC,YES,YES,YES,NO,YES,YES,TWO YEAR,YES,CREDIT CARD (AUTOMATIC),110.05,7430.75,3.615308804204993,0
2990-HWIML,YES,FEMALE,0,NO,NO,6,YES,NO,FIBER OPTIC,NO,NO,NO,NO,YES,YES,MONTH-TO-MONTH,YES,ELECTRONIC CHECK,89.5,573.3,2.940210249671485,1
2990-IAJSV,NO,MALE,0,NO,NO,72,YES,YES,DSL,YES,YES,YES,YES,YES,YES,TWO YEAR,NO,BANK TRANSFER (AUTOMATIC),92.0,6632.75,3.0223390275952693,0
2990-OGYTD,NO,FEMALE,0,YES,NO,67,YES,YES,DSL,NO,YES,YES,YES,YES,YES,TWO YEAR,NO,BANK TRANSFER (AUTOMATIC),86.15,5883.85,2.830157687253614,0
2995-UPRYS,YES,FEMALE,1,YES,NO,40,YES,NO,FIBER OPTIC,NO,YES,NO,YES,YES,YES,ONE YEAR,YES,CREDIT CARD (AUTOMATIC),99.2,4062.2,3.2588699080157686,1
2995-YWTCD,NO,FEMALE,0,YES,YES,19,YES,YES,NO,NO,NO,NO,NO,NO,NO,TWO YEAR,YES,BANK TRANSFER (AUTOMATIC),24.9,467.7,0.8180026281208935,0
2996-XAUVF,NO,MALE,0,NO,NO,70,NO,NO,DSL,NO,NO,NO,YES,NO,YES,TWO YEAR,YES,MAILED CHECK,40.05,2799.75,1.3157030223390274,0
2999-AANRQ,NO,FEMALE,0,NO,NO,21,YES,NO,DSL,YES,YES,NO,YES,YES,NO,TWO YEAR,NO,CREDIT CARD (AUTOMATIC),71.05,1524.85,2.334099868593955,0
3001-CBHLQ,YES,MALE,1,YES,NO,32,YES,YES,FIBER OPTIC,NO,NO,YES,YES,YES,YES,MONTH-TO-MONTH,YES,ELECTRONIC CHECK,104.9,3351.55,3.446123521681997,1
3001-UNBTL,NO,MALE,1,YES,YES,29,YES,YES,FIBER OPTIC,NO,NO,YES,NO,YES,YES,MONTH-TO-MONTH,YES,ELECTRONIC CHECK,103.95,2964.8,3.4149145860709593,0
3002-WQZWT,NO,FEMALE,0,NO,NO,29,YES,YES,FIBER OPTIC,NO,NO,NO,NO,NO,NO,MONTH-TO-MONTH,YES,ELECTRONIC CHECK,74.2,1993.25,2.437582128777924,0
3003-CMDUU,NO,FEMALE,0,YES,NO,25,YES,NO,FIBER OPTIC,NO,NO,NO,YES,YES,YES,MONTH-TO-MONTH,YES,ELECTRONIC CHECK,95.15,2395.7,3.125821287779238,0
3005-NFMTA,YES,MALE,1,NO,NO,55,YES,YES,FIBER OPTIC,YES,NO,NO,NO,YES,YES,MONTH-TO-MONTH,YES,ELECTRONIC CHECK,98.8,5617.75,3.245729303547963,1
3005-TYFRD,NO,FEMALE,0,YES,NO,55,YES,YES,FIBER OPTIC,NO,YES,YES,NO,YES,YES,MONTH-TO-MONTH,YES,CREDIT CARD (AUTOMATIC),103.65,5676.65,3.405059132720105,0
3006-XIMLN,YES,FEMALE,0,NO,YES,2,YES,YES,FIBER OPTIC,NO,NO,NO,NO,YES,YES,MONTH-TO-MONTH,YES,BANK TRANSFER (AUTOMATIC),94.2,193.8,3.0946123521681996,1
3007-FDPEA,NO,FEMALE,0,NO,NO,2,YES,NO,NO,NO,NO,NO,NO,NO,NO,MONTH-TO-MONTH,YES,BANK TRANSFER (AUTOMATIC),20.7,39.85,0.6800262812089356,0
3009-JWMPU,YES,MALE,0,NO,NO,62,YES,YES,FIBER OPTIC,NO,NO,YES,NO,YES,YES,ONE YEAR,YES,ELECTRONIC CHECK,96.75,6125.4,3.1783837056504596,1
3011-WQKSZ,NO,MALE,0,NO,YES,19,YES,NO,NO,NO,NO,NO,NO,NO,NO,MONTH-TO-MONTH,YES,ELECTRONIC CHECK,20.0,377.55,0.657030223390276,0
3012-VFFMN,NO,FEMALE,0,YES,YES,7,YES,NO,NO,NO,NO,NO,NO,NO,NO,MONTH-TO-MONTH,NO,MAILED CHECK,20.65,158.95,0.6783837056504598,0
3014-WJKSM,NO,MALE,0,YES,NO,29,YES,NO,FIBER OPTIC,NO,NO,YES,NO,NO,NO,MONTH-TO-MONTH,YES,CREDIT CARD (AUTOMATIC),75.3,2263.4,2.473718791064389,0
3016-KSVCP,NO,MALE,0,YES,NO,29,NO,NO,DSL,NO,NO,NO,NO,YES,NO,MONTH-TO-MONTH,NO,MAILED CHECK,33.75,1009.25,1.1087385019710907,0
3018-TFTSU,YES,MALE,0,NO,NO,12,YES,NO,FIBER OPTIC,YES,NO,YES,NO,NO,NO,MONTH-TO-MONTH,NO,BANK TRANSFER (AUTOMATIC),81.7,858.6,2.6839684625492772,1
3021-VLNRJ,NO,FEMALE,0,NO,YES,50,YES,NO,DSL,YES,NO,YES,YES,YES,NO,ONE YEAR,YES,CREDIT CARD (AUTOMATIC),70.8,3478.15,2.325886990801577,0
3022-BEXHZ,NO,MALE,0,YES,YES,67,YES,YES,FIBER OPTIC,NO,YES,YES,YES,YES,YES,TWO YEAR,YES,BANK TRANSFER (AUTOMATIC),111.2,7530.8,3.653088042049934,0
3023-GFLBR,YES,FEMALE,0,YES,YES,33,YES,YES,FIBER OPTIC,NO,NO,NO,NO,NO,YES,MONTH-TO-MONTH,NO,CREDIT CARD (AUTOMATIC),86.15,2745.7,2.830157687253614,1
3026-ATZYV,NO,FEMALE,0,YES,YES,37,YES,NO,DSL,YES,YES,NO,NO,YES,YES,ONE YEAR,NO,BANK TRANSFER (AUTOMATIC),75.1,2658.8,2.4671484888304858,0
3027-YNWZU,NO,FEMALE,0,YES,NO,64,YES,YES,NO,NO,NO,NO,NO,NO,NO,TWO YEAR,NO,CREDIT CARD (AUTOMATIC),25.0,1584.8,0.8212877792378449,0
3027-ZTDHO,YES,MALE,0,NO,NO,1,YES,NO,FIBER OPTIC,NO,NO,NO,NO,YES,YES,MONTH-TO-MONTH,YES,ELECTRONIC CHECK,89.9,89.9,2.9533508541392903,1
3030-YDNRM,NO,MALE,0,NO,NO,8,YES,YES,FIBER OPTIC,NO,NO,NO,NO,NO,NO,MONTH-TO-MONTH,YES,ELECTRONIC CHECK,74.85,572.45,2.4589356110381075,0
3030-YZADT,YES,MALE,0,NO,NO,9,YES,NO,DSL,NO,NO,NO,NO,NO,NO,MONTH-TO-MONTH,NO,MAILED CHECK,44.95,431.0,1.4766754270696452,1
3030-ZKIWL,NO,MALE,0,NO,NO,1,YES,NO,NO,NO,NO,NO,NO,NO,NO,MONTH-TO-MONTH,NO,MAILED CHECK,20.05,20.05,0.6586727989487516,0
3034-ZBEQN,YES,FEMALE,0,YES,NO,48,NO,NO,DSL,NO,YES,YES,NO,NO,NO,ONE YEAR,NO,MAILED CHECK,34.7,1604.5,1.1399474375821288,1
3038-PQIUY,NO,FEMALE,0,NO,NO,38,YES,YES,DSL,YES,YES,YES,NO,NO,NO,MONTH-TO-MONTH,YES,BANK TRANSFER (AUTOMATIC),66.15,2522.4,2.173127463863338,0
3039-MJSLN,NO,MALE,0,NO,YES,3,YES,NO,NO,NO,NO,NO,NO,NO,NO,MONTH-TO-MONTH,NO,BANK TRANSFER (AUTOMATIC),20.2,50.6,0.6636005256241787,0
3043-SUDUA,NO,FEMALE,0,NO,NO,32,YES,NO,NO,NO,NO,NO,NO,NO,NO,MONTH-TO-MONTH,NO,BANK TRANSFER (AUTOMATIC),19.9,601.55,0.6537450722733245,0
3043-TYBNO,NO,MALE,0,NO,NO,3,YES,NO,DSL,NO,NO,NO,YES,NO,YES,MONTH-TO-MONTH,NO,MAILED CHECK,60.65,196.9,1.9924441524310117,0
3045-XETSH,YES,FEMALE,0,NO,NO,10,YES,YES,FIBER OPTIC,NO,YES,YES,NO,NO,YES,MONTH-TO-MONTH,YES,ELECTRONIC CHECK,94.85,953.45,3.1159658344283834,1
3049-NDXFL,YES,FEMALE,0,NO,NO,1,YES,YES,FIBER OPTIC,NO,NO,NO,NO,NO,YES,MONTH-TO-MONTH,NO,MAILED CHECK,85.8,85.8,2.818659658344284,1
3049-SOLAY,YES,FEMALE,0,YES,NO,3,YES,YES,FIBER OPTIC,NO,NO,NO,NO,YES,YES,MONTH-TO-MONTH,YES,ELECTRONIC CHECK,95.2,292.85,3.1274638633377134,1
3050-GBUSH,NO,FEMALE,0,NO,NO,3,NO,NO,DSL,NO,NO,NO,NO,YES,NO,MONTH-TO-MONTH,YES,CREDIT CARD (AUTOMATIC),34.8,113.95,1.14323258869908,0
3050-RLLXC,NO,FEMALE,0,YES,YES,56,YES,YES,DSL,YES,YES,YES,YES,YES,NO,TWO YEAR,NO,CREDIT CARD (AUTOMATIC),81.25,4620.4,2.669185282522996,0
3055-MJDSB,NO,MALE,0,NO,NO,9,NO,NO,DSL,NO,NO,NO,NO,NO,NO,MONTH-TO-MONTH,YES,MAILED CHECK,24.6,190.1,0.8081471747700394,0
3055-OYMSE,NO,FEMALE,1,NO,NO,53,YES,NO,FIBER OPTIC,NO,YES,NO,NO,NO,NO,MONTH-TO-MONTH,YES,CREDIT CARD (AUTOMATIC),73.8,4003.85,2.4244415243101183,0
3055-VTCGS,NO,FEMALE,0,NO,NO,63,YES,NO,DSL,NO,NO,YES,NO,NO,YES,ONE YEAR,NO,CREDIT CARD (AUTOMATIC),58.55,3503.5,1.9234559789750327,0
3057-VJJQE,NO,MALE,0,NO,NO,35,YES,YES,DSL,YES,NO,NO,NO,NO,NO,TWO YEAR,NO,MAILED CHECK,55.25,1924.1,1.8150459921156372,0
3058-HJCUY,YES,MALE,0,YES,YES,41,YES,YES,FIBER OPTIC,NO,NO,YES,YES,YES,YES,ONE YEAR,YES,ELECTRONIC CHECK,102.6,4213.35,3.3705650459921155,1
3058-WQDRE,NO,MALE,0,NO,NO,13,NO,NO,DSL,NO,NO,NO,NO,NO,NO,MONTH-TO-MONTH,YES,BANK TRANSFER (AUTOMATIC),25.15,331.85,0.826215505913272,0
3059-NGMXB,NO,MALE,0,YES,YES,14,YES,YES,DSL,YES,YES,NO,NO,NO,YES,MONTH-TO-MONTH,NO,MAILED CHECK,69.2,944.65,2.273324572930355,0
3061-BCKYI,NO,MALE,0,NO,NO,14,YES,NO,NO,NO,NO,NO,NO,NO,NO,MONTH-TO-MONTH,NO,MAILED CHECK,19.9,283.75,0.6537450722733245,0
3062-ICYZQ,NO,FEMALE,0,YES,YES,51,YES,YES,FIBER OPTIC,YES,YES,NO,NO,NO,YES,MONTH-TO-MONTH,YES,ELECTRONIC CHECK,93.8,4539.35,3.081471747700394,0
3063-QFSZL,YES,FEMALE,0,NO,NO,1,YES,NO,DSL,NO,NO,NO,NO,NO,YES,MONTH-TO-MONTH,YES,ELECTRONIC CHECK,55.4,55.4,1.8199737187910643,1
3066-RRJIO,YES,FEMALE,0,NO,NO,1,YES,NO,FIBER OPTIC,NO,NO,NO,NO,NO,NO,MONTH-TO-MONTH,YES,MAILED CHECK,69.95,69.95,2.29796320630749,1
3067-SVMTC,NO,FEMALE,0,YES,NO,68,YES,NO,DSL,YES,NO,NO,YES,NO,NO,ONE YEAR,NO,BANK TRANSFER (AUTOMATIC),55.9,3848.8,1.8363994743758212,0
3068-OMWZA,YES,MALE,1,NO,NO,1,YES,YES,FIBER OPTIC,NO,NO,YES,NO,YES,NO,MONTH-TO-MONTH,YES,ELECTRONIC CHECK,88.8,88.8,2.917214191852825,1
3069-SSVSN,NO,FEMALE,0,NO,NO,1,NO,NO,DSL,NO,NO,NO,NO,NO,NO,ONE YEAR,NO,MAILED CHECK,25.85,25.85,0.8492115637319316,0
3070-BDOQC,NO,FEMALE,0,NO,NO,60,YES,NO,FIBER OPTIC,NO,YES,YES,NO,YES,YES,TWO YEAR,YES,ELECTRONIC CHECK,99.65,5941.05,3.27365308804205,0
3070-DVEYC,YES,MALE,1,NO,NO,7,YES,YES,FIBER OPTIC,NO,NO,NO,NO,NO,NO,MONTH-TO-MONTH,NO,MAILED CHECK,73.75,545.15,2.4227989487516424,1
3070-FNFZQ,NO,FEMALE,0,YES,YES,23,YES,NO,NO,NO,NO,NO,NO,NO,NO,TWO YEAR,NO,BANK TRANSFER (AUTOMATIC),20.4,478.75,0.6701708278580814,0
3071-MVJCD,NO,MALE,0,YES,YES,72,YES,YES,DSL,YES,YES,YES,YES,YES,NO,TWO YEAR,NO,BANK TRANSFER (AUTOMATIC),82.3,5815.15,2.7036793692509855,0
3071-VBYPO,NO,MALE,0,YES,YES,3,YES,NO,FIBER OPTIC,YES,YES,NO,NO,YES,NO,MONTH-TO-MONTH,NO,ELECTRONIC CHECK,89.85,248.4,2.9517082785808144,0
3074-GQWYX,YES,MALE,0,NO,NO,5,YES,YES,FIBER OPTIC,NO,NO,NO,NO,NO,NO,MONTH-TO-MONTH,YES,BANK TRANSFER (AUTOMATIC),75.9,357.75,2.4934296977660972,1
3077-RSNTJ,NO,FEMALE,0,YES,YES,6,YES,NO,NO,NO,NO,NO,NO,NO,NO,MONTH-TO-MONTH,NO,MAILED CHECK,19.7,113.5,0.6471747700394218,0
3078-ZKNTS,NO,FEMALE,0,YES,YES,13,YES,NO,NO,NO,NO,NO,NO,NO,NO,TWO YEAR,YES,BANK TRANSFER (AUTOMATIC),19.75,246.7,0.6488173455978975,0
3079-BCHLN,NO,MALE,0,YES,NO,47,YES,NO,NO,NO,NO,NO,NO,NO,NO,ONE YEAR,NO,BANK TRANSFER (AUTOMATIC),19.9,942.95,0.6537450722733245,0
3082-VQXNH,NO,MALE,0,YES,NO,3,NO,NO,DSL,NO,YES,NO,NO,NO,NO,MONTH-TO-MONTH,NO,CREDIT CARD (AUTOMATIC),29.8,94.4,0.9789750328515111,0
3082-WQRVY,NO,MALE,1,YES,NO,14,YES,NO,NO,NO,NO,NO,NO,NO,NO,ONE YEAR,NO,MAILED CHECK,19.65,228.65,0.645532194480946,0
3082-YVEKW,NO,FEMALE,0,YES,YES,23,YES,YES,DSL,YES,NO,YES,YES,YES,NO,TWO YEAR,YES,BANK TRANSFER (AUTOMATIC),77.15,1759.4,2.5344940867279897,0
3084-DOWLE,NO,FEMALE,0,YES,NO,72,YES,YES,DSL,YES,YES,YES,YES,YES,YES,TWO YEAR,NO,BANK TRANSFER (AUTOMATIC),92.0,6474.4,3.0223390275952693,0
3085-QUOZK,YES,FEMALE,0,NO,NO,1,YES,NO,DSL,NO,NO,NO,NO,NO,NO,MONTH-TO-MONTH,NO,MAILED CHECK,43.95,43.95,1.4438239159001314,1
3086-RUCRN,NO,FEMALE,0,NO,NO,66,YES,YES,FIBER OPTIC,YES,YES,YES,YES,NO,YES,MONTH-TO-MONTH,YES,BANK TRANSFER (AUTOMATIC),103.1,6595.0,3.3869908015768724,0
3088-FVYWK,NO,MALE,0,YES,YES,53,YES,YES,NO,NO,NO,NO,NO,NO,NO,TWO YEAR,NO,CREDIT CARD (AUTOMATIC),25.55,1336.1,0.8393561103810775,0
3088-LHEFH,NO,FEMALE,0,NO,NO,11,YES,YES,FIBER OPTIC,YES,NO,NO,NO,NO,NO,MONTH-TO-MONTH,YES,BANK TRANSFER (AUTOMATIC),79.0,929.3,2.59526938239159,0
3090-HAWSU,YES,MALE,0,NO,NO,61,YES,YES,FIBER OPTIC,YES,NO,YES,YES,YES,YES,TWO YEAR,YES,CREDIT CARD (AUTOMATIC),111.6,6876.05,3.6662286465177396,1
3090-LETTY,NO,MALE,0,NO,YES,2,YES,YES,DSL,YES,YES,NO,NO,NO,NO,MONTH-TO-MONTH,NO,BANK TRANSFER (AUTOMATIC),60.95,134.6,2.002299605781866,0
3090-QFUVD,NO,FEMALE,0,NO,NO,1,YES,NO,NO,NO,NO,NO,NO,NO,NO,MONTH-TO-MONTH,NO,CREDIT CARD (AUTOMATIC),20.3,20.3,0.6668856767411301,0
3091-FYHKI,YES,MALE,0,NO,NO,1,NO,NO,DSL,NO,NO,NO,NO,NO,YES,MONTH-TO-MONTH,YES,ELECTRONIC CHECK,35.45,35.45,1.1645860709592641,1
3092-IGHWF,YES,MALE,0,YES,YES,67,YES,YES,FIBER OPTIC,NO,YES,YES,NO,NO,NO,ONE YEAR,NO,ELECTRONIC CHECK,87.4,5918.8,2.871222076215506,1
3094-JOJAI,NO,MALE,0,NO,NO,18,YES,YES,FIBER OPTIC,NO,NO,NO,NO,NO,NO,MONTH-TO-MONTH,NO,MAILED CHECK,74.15,1387.0,2.4359395532194483,0
3096-GKWEB,NO,MALE,0,YES,NO,18,YES,YES,FIBER OPTIC,NO,NO,NO,NO,YES,YES,MONTH-TO-MONTH,YES,ELECTRONIC CHECK,94.75,1691.9,3.112680683311432,0
3096-IZETN,YES,FEMALE,0,NO,NO,12,YES,NO,FIBER OPTIC,NO,NO,NO,NO,NO,YES,MONTH-TO-MONTH,NO,BANK TRANSFER (AUTOMATIC),78.1,947.3,2.565703022339027,1
3096-JRDSO,YES,FEMALE,1,YES,NO,27,YES,YES,FIBER OPTIC,YES,NO,NO,YES,YES,YES,MONTH-TO-MONTH,YES,BANK TRANSFER (AUTOMATIC),104.3,2867.75,3.426412614980289,1
3096-WPXBT,NO,FEMALE,0,YES,YES,61,YES,YES,FIBER OPTIC,YES,YES,YES,NO,NO,YES,ONE YEAR,YES,CREDIT CARD (AUTOMATIC),100.7,6018.65,3.3081471747700393,0
3096-YXENJ,NO,FEMALE,0,YES,NO,65,YES,YES,FIBER OPTIC,NO,YES,YES,YES,YES,YES,TWO YEAR,YES,BANK TRANSFER (AUTOMATIC),107.65,7082.85,3.5364651773981604,0
3097-FQTVJ,NO,FEMALE,0,NO,NO,41,YES,NO,NO,NO,NO,NO,NO,NO,NO,TWO YEAR,NO,MAILED CHECK,20.0,810.3,0.657030223390276,0
3097-IDVPU,NO,MALE,0,YES,YES,19,YES,YES,DSL,NO,NO,NO,NO,NO,NO,MONTH-TO-MONTH,NO,CREDIT CARD (AUTOMATIC),50.1,910.45,1.6458607095926412,0
3097-NNSPB,YES,FEMALE,0,NO,NO,2,YES,NO,DSL,NO,YES,NO,NO,NO,NO,MONTH-TO-MONTH,YES,CREDIT CARD (AUTOMATIC),49.05,91.1,1.6113666228646517,1
3097-NQYSN,YES,MALE,1,YES,NO,2,YES,YES,FIBER OPTIC,NO,NO,NO,NO,YES,NO,MONTH-TO-MONTH,YES,MAILED CHECK,86.85,156.35,2.853153745072273,1
3097-PYWXL,NO,FEMALE,0,YES,YES,4,YES,NO,NO,NO,NO,NO,NO,NO,NO,MONTH-TO-MONTH,YES,ELECTRONIC CHECK,19.95,82.9,0.6553876478318003,0
3099-OONVS,NO,MALE,0,YES,YES,25,YES,NO,DSL,YES,NO,NO,YES,NO,NO,MONTH-TO-MONTH,NO,ELECTRONIC CHECK,54.3,1296.8,1.7838370565045991,0
3104-OWCGK,YES,MALE,0,YES,YES,60,YES,NO,FIBER OPTIC,NO,YES,YES,NO,YES,NO,ONE YEAR,NO,ELECTRONIC CHECK,90.95,5453.4,2.98784494086728,1
3106-ULWFW,YES,FEMALE,0,YES,NO,8,YES,YES,FIBER OPTIC,NO,NO,NO,NO,NO,YES,MONTH-TO-MONTH,YES,CREDIT CARD (AUTOMATIC),85.2,627.4,2.7989487516425755,1
3108-PCCGG,NO,MALE,1,YES,NO,72,YES,YES,DSL,YES,YES,YES,NO,YES,YES,TWO YEAR,NO,CREDIT CARD (AUTOMATIC),84.45,5899.85,2.7743101182654404,0
3113-IWHLC,NO,MALE,0,NO,NO,5,YES,NO,DSL,YES,NO,YES,NO,NO,NO,MONTH-TO-MONTH,YES,MAILED CHECK,55.8,274.35,1.8331143232588698,0
3115-CZMZD,NO,MALE,0,NO,YES,0,YES,NO,NO,NO,NO,NO,NO,NO,NO,TWO YEAR,NO,MAILED CHECK,20.25,0.0,0.6652431011826544,0
3115-JPJDD,NO,FEMALE,0,YES,NO,59,YES,NO,FIBER OPTIC,YES,NO,YES,NO,NO,NO,ONE YEAR,YES,CREDIT CARD (AUTOMATIC),81.25,4639.45,2.669185282522996,0
3118-UHVVQ,NO,FEMALE,0,YES,NO,68,YES,YES,NO,NO,NO,NO,NO,NO,NO,TWO YEAR,NO,CREDIT CARD (AUTOMATIC),25.8,1911.5,0.8475689881734559,0
3120-FAZKD,NO,MALE,0,YES,YES,54,YES,YES,NO,NO,NO,NO,NO,NO,NO,TWO YEAR,YES,BANK TRANSFER (AUTOMATIC),24.05,1230.9,0.7900788436268068,0
3125-RAHBV,NO,MALE,0,NO,NO,22,YES,NO,NO,NO,NO,NO,NO,NO,NO,ONE YEAR,NO,CREDIT CARD (AUTOMATIC),20.3,467.15,0.6668856767411301,0
3126-WQMGH,NO,FEMALE,0,YES,NO,49,YES,YES,DSL,NO,NO,NO,NO,NO,NO,MONTH-TO-MONTH,YES,CREDIT CARD (AUTOMATIC),52.15,2583.75,1.7132063074901445,0
3128-YOVTD,NO,FEMALE,0,YES,YES,51,YES,NO,FIBER OPTIC,YES,YES,NO,NO,NO,NO,MONTH-TO-MONTH,YES,BANK TRANSFER (AUTOMATIC),79.15,4018.55,2.6001971090670173,0
3129-AAQOU,NO,FEMALE,0,YES,YES,19,YES,YES,NO,NO,NO,NO,NO,NO,NO,TWO YEAR,NO,MAILED CHECK,25.6,485.9,0.8409986859395532,0
3130-ICDUP,NO,FEMALE,0,NO,YES,2,YES,YES,FIBER OPTIC,YES,NO,NO,NO,NO,NO,MONTH-TO-MONTH,NO,CREDIT CARD (AUTOMATIC),80.55,188.1,2.646189224704336,0
3131-NWVFJ,NO,FEMALE,0,YES,YES,14,YES,NO,NO,NO,NO,NO,NO,NO,NO,ONE YEAR,NO,MAILED CHECK,19.55,294.5,0.6422470433639947,0
3132-TVFDZ,YES,MALE,1,YES,NO,57,NO,NO,DSL,NO,NO,NO,NO,YES,YES,MONTH-TO-MONTH,YES,ELECTRONIC CHECK,44.85,2572.95,1.4733902759526938,1
3133-PZNSR,NO,MALE,0,YES,YES,72,YES,YES,FIBER OPTIC,YES,YES,NO,YES,NO,YES,TWO YEAR,YES,CREDIT CARD (AUTOMATIC),97.75,6991.6,3.2112352168199734,0
3134-DSHVC,NO,FEMALE,0,NO,NO,63,YES,YES,FIBER OPTIC,YES,YES,YES,NO,YES,NO,TWO YEAR,NO,CREDIT CARD (AUTOMATIC),98.0,6218.45,3.219448094612352,0
3137-LUPIX,NO,FEMALE,0,NO,NO,4,YES,YES,DSL,NO,NO,NO,YES,YES,NO,MONTH-TO-MONTH,YES,MAILED CHECK,64.4,253.0,2.1156373193166886,0
3137-NYQQI,NO,MALE,0,YES,NO,17,YES,NO,DSL,YES,YES,NO,NO,NO,YES,ONE YEAR,NO,MAILED CHECK,64.8,1175.6,2.1287779237844937,0
3138-BKYAV,YES,MALE,0,NO,NO,6,YES,NO,FIBER OPTIC,NO,YES,NO,NO,YES,NO,MONTH-TO-MONTH,YES,ELECTRONIC CHECK,85.35,489.45,2.8038764783180024,1
3143-ILDAL,YES,MALE,0,NO,NO,56,YES,YES,FIBER OPTIC,NO,YES,NO,YES,NO,YES,MONTH-TO-MONTH,YES,ELECTRONIC CHECK,94.45,5124.6,3.1028252299605783,1
3143-JQEGI,YES,FEMALE,0,YES,YES,13,YES,NO,FIBER OPTIC,NO,NO,NO,NO,YES,YES,MONTH-TO-MONTH,NO,ELECTRONIC CHECK,88.35,1222.8,2.9024310118265437,1
3144-AUDBS,YES,FEMALE,0,YES,NO,6,YES,NO,DSL,NO,NO,NO,YES,NO,NO,MONTH-TO-MONTH,YES,ELECTRONIC CHECK,49.15,270.8,1.614651773981603,1
3144-KMTWZ,NO,MALE,0,YES,NO,71,YES,YES,FIBER OPTIC,NO,YES,YES,NO,NO,YES,MONTH-TO-MONTH,YES,BANK TRANSFER (AUTOMATIC),93.25,6669.45,3.0634034165571613,0
3146-JTQHR,NO,MALE,0,YES,NO,10,YES,NO,NO,NO,NO,NO,NO,NO,NO,ONE YEAR,NO,BANK TRANSFER (AUTOMATIC),19.6,189.45,0.6438896189224704,0
3146-MSEGF,NO,FEMALE,1,YES,YES,72,YES,YES,DSL,YES,YES,YES,YES,YES,YES,TWO YEAR,YES,CREDIT CARD (AUTOMATIC),88.05,6425.65,2.8925755584756896,0
3148-AOIQT,NO,FEMALE,0,YES,NO,69,YES,YES,NO,NO,NO,NO,NO,NO,NO,TWO YEAR,YES,CREDIT CARD (AUTOMATIC),24.95,1718.35,0.8196452036793692,0
3148-BLQJT,YES,MALE,0,NO,NO,1,YES,NO,NO,NO,NO,NO,NO,NO,NO,MONTH-TO-MONTH,NO,MAILED CHECK,20.1,20.1,0.6603153745072273,1
3154-CFSZG,NO,MALE,0,YES,YES,47,YES,NO,FIBER OPTIC,YES,NO,YES,NO,NO,YES,MONTH-TO-MONTH,NO,ELECTRONIC CHECK,90.05,4137.2,2.958278580814717,0
3154-HMWUU,NO,MALE,0,YES,NO,60,YES,NO,NO,NO,NO,NO,NO,NO,NO,TWO YEAR,YES,BANK TRANSFER (AUTOMATIC),20.5,1198.8,0.6734559789750328,0
3156-QLHBO,NO,MALE,0,NO,YES,2,YES,NO,NO,NO,NO,NO,NO,NO,NO,MONTH-TO-MONTH,NO,MAILED CHECK,19.25,48.35,0.6323915900131406,0
3158-MOERK,YES,FEMALE,0,NO,NO,2,YES,YES,FIBER OPTIC,NO,NO,NO,NO,YES,YES,MONTH-TO-MONTH,YES,ELECTRONIC CHECK,96.0,174.8,3.1537450722733245,1
3160-TYXLT,NO,MALE,0,NO,NO,53,NO,NO,DSL,YES,YES,NO,NO,NO,YES,MONTH-TO-MONTH,YES,BANK TRANSFER (AUTOMATIC),46.3,2546.85,1.5210249671484888,0
3161-GETRM,NO,MALE,0,YES,YES,34,YES,YES,FIBER OPTIC,NO,NO,YES,NO,NO,YES,MONTH-TO-MONTH,YES,CREDIT CARD (AUTOMATIC),90.05,3097.0,2.958278580814717,0
3161-ONRWK,NO,MALE,0,YES,YES,60,YES,NO,DSL,YES,YES,YES,YES,NO,NO,ONE YEAR,YES,BANK TRANSFER (AUTOMATIC),65.85,3928.3,2.1632720105124834,0
3162-KKZXO,NO,FEMALE,1,NO,NO,55,YES,YES,FIBER OPTIC,NO,NO,YES,NO,YES,YES,ONE YEAR,YES,ELECTRONIC CHECK,100.15,5409.75,3.290078843626807,0
3162-ZJZFU,NO,MALE,0,YES,YES,53,YES,NO,FIBER OPTIC,NO,YES,NO,YES,YES,NO,MONTH-TO-MONTH,YES,ELECTRONIC CHECK,92.55,4779.45,3.0404073587385017,0
3164-AALRN,YES,MALE,0,NO,NO,5,YES,NO,DSL,NO,NO,YES,NO,YES,YES,ONE YEAR,YES,MAILED CHECK,70.0,347.4,2.299605781865966,1
3164-YAXFY,NO,MALE,0,NO,NO,57,NO,NO,DSL,YES,NO,YES,NO,YES,YES,MONTH-TO-MONTH,YES,ELECTRONIC CHECK,53.75,3196.0,1.7657687253613665,0
3165-HDOEW,YES,MALE,0,YES,YES,1,YES,NO,DSL,NO,NO,NO,NO,NO,NO,MONTH-TO-MONTH,YES,MAILED CHECK,45.85,45.85,1.5062417871222076,1
3166-PNEOF,NO,FEMALE,0,NO,NO,61,YES,YES,DSL,YES,NO,YES,YES,YES,YES,TWO YEAR,NO,CREDIT CARD (AUTOMATIC),86.45,5175.3,2.840013140604468,0
3167-SNQPL,NO,MALE,1,YES,YES,38,YES,YES,FIBER OPTIC,NO,YES,NO,NO,YES,YES,MONTH-TO-MONTH,NO,ELECTRONIC CHECK,101.15,3741.85,3.3229303547963207,0
3170-GWYKC,NO,FEMALE,0,NO,NO,60,YES,NO,FIBER OPTIC,YES,NO,YES,YES,YES,YES,MONTH-TO-MONTH,YES,BANK TRANSFER (AUTOMATIC),104.95,6236.75,3.447766097240473,0
3170-NMYVV,NO,FEMALE,0,YES,YES,50,YES,NO,NO,NO,NO,NO,NO,NO,NO,TWO YEAR,NO,BANK TRANSFER (AUTOMATIC),20.15,930.9,0.6619579500657029,0
3173-NVMPX,NO,FEMALE,0,YES,YES,9,YES,YES,DSL,NO,YES,NO,NO,NO,NO,MONTH-TO-MONTH,YES,MAILED CHECK,55.3,501.2,1.816688567674113,0
3173-WSSUE,NO,FEMALE,0,YES,YES,71,YES,NO,NO,NO,NO,NO,NO,NO,NO,TWO YEAR,NO,CREDIT CARD (AUTOMATIC),19.7,1415.85,0.6471747700394218,0
3174-AKMAS,NO,FEMALE,0,YES,NO,46,YES,NO,DSL,NO,YES,NO,YES,YES,NO,TWO YEAR,YES,CREDIT CARD (AUTOMATIC),64.2,3009.5,2.109067017082786,0
3174-RKMOW,NO,MALE,0,YES,YES,35,YES,YES,FIBER OPTIC,NO,YES,YES,YES,YES,YES,MONTH-TO-MONTH,YES,ELECTRONIC CHECK,109.95,3782.4,3.612023653088042,0
3177-LASXD,YES,FEMALE,0,NO,NO,1,YES,NO,FIBER OPTIC,NO,NO,NO,NO,NO,NO,MONTH-TO-MONTH,NO,ELECTRONIC CHECK,71.35,71.35,2.3439553219448093,1
3178-CIFOT,NO,FEMALE,0,NO,NO,23,YES,NO,NO,NO,NO,NO,NO,NO,NO,ONE YEAR,YES,CREDIT CARD (AUTOMATIC),19.65,478.1,0.645532194480946,0
3178-FESZO,YES,FEMALE,0,NO,NO,1,YES,YES,FIBER OPTIC,NO,YES,NO,NO,YES,YES,MONTH-TO-MONTH,YES,CREDIT CARD (AUTOMATIC),100.25,100.25,3.2933639947437583,1
3179-GBRWV,NO,MALE,1,YES,NO,21,YES,NO,DSL,YES,YES,NO,NO,NO,YES,MONTH-TO-MONTH,YES,BANK TRANSFER (AUTOMATIC),64.95,1339.8,2.133705650459921,0
3181-MIZBN,NO,MALE,0,YES,YES,16,YES,NO,NO,NO,NO,NO,NO,NO,NO,MONTH-TO-MONTH,NO,ELECTRONIC CHECK,19.75,313.4,0.6488173455978975,0
3181-VTHOE,NO,MALE,0,YES,NO,70,NO,NO,DSL,NO,YES,YES,YES,NO,YES,ONE YEAR,YES,BANK TRANSFER (AUTOMATIC),51.05,3635.15,1.6770696452036793,0
3186-AJIEK,NO,MALE,0,NO,NO,66,YES,NO,FIBER OPTIC,YES,NO,YES,YES,YES,YES,TWO YEAR,YES,BANK TRANSFER (AUTOMATIC),105.65,6844.5,3.4707621550591328,0
3186-BAXNB,YES,FEMALE,0,NO,NO,1,YES,NO,FIBER OPTIC,NO,YES,NO,YES,YES,NO,MONTH-TO-MONTH,NO,ELECTRONIC CHECK,91.7,91.7,3.012483574244415,1
3190-FZATL,NO,MALE,0,NO,YES,14,YES,NO,NO,NO,NO,NO,NO,NO,NO,MONTH-TO-MONTH,NO,MAILED CHECK,19.95,268.4,0.6553876478318003,0
3190-ITQXP,NO,FEMALE,0,YES,YES,46,YES,NO,NO,NO,NO,NO,NO,NO,NO,TWO YEAR,NO,BANK TRANSFER (AUTOMATIC),20.25,890.35,0.6652431011826544,0
3190-XFANI,YES,MALE,0,NO,YES,49,YES,YES,FIBER OPTIC,NO,NO,NO,YES,YES,YES,ONE YEAR,YES,BANK TRANSFER (AUTOMATIC),100.6,5069.65,3.304862023653088,1
3191-CSNMG,NO,FEMALE,0,YES,YES,3,YES,NO,FIBER OPTIC,NO,NO,NO,NO,YES,NO,MONTH-TO-MONTH,YES,ELECTRONIC CHECK,80.7,239.45,2.6511169513797634,0
3192-LNKRK,NO,MALE,0,YES,YES,34,YES,NO,FIBER OPTIC,NO,NO,YES,NO,YES,NO,MONTH-TO-MONTH,YES,MAILED CHECK,84.05,2909.95,2.7611695137976344,0
3192-NQECA,YES,MALE,0,YES,NO,68,YES,YES,FIBER OPTIC,NO,YES,YES,YES,YES,YES,TWO YEAR,YES,BANK TRANSFER (AUTOMATIC),110.0,7611.85,3.6136662286465175,1
3194-ORPIK,YES,FEMALE,0,YES,YES,50,YES,YES,FIBER OPTIC,NO,NO,NO,NO,YES,NO,MONTH-TO-MONTH,YES,BANK TRANSFER (AUTOMATIC),84.4,4116.15,2.7726675427069645,1
3195-TQDZX,NO,MALE,0,NO,NO,3,YES,NO,NO,NO,NO,NO,NO,NO,NO,MONTH-TO-MONTH,YES,ELECTRONIC CHECK,20.25,61.45,0.6652431011826544,0
3196-NVXLZ,NO,FEMALE,0,NO,NO,25,YES,YES,FIBER OPTIC,NO,NO,NO,NO,YES,NO,MONTH-TO-MONTH,YES,MAILED CHECK,84.6,2088.05,2.779237844940867,0
3197-ARFOY,NO,FEMALE,1,NO,NO,19,YES,NO,FIBER OPTIC,YES,YES,NO,YES,YES,YES,MONTH-TO-MONTH,YES,MAILED CHECK,105.0,2007.25,3.4494086727989486,0
3197-NNYNB,NO,MALE,0,NO,NO,65,YES,YES,FIBER OPTIC,NO,YES,YES,NO,YES,YES,TWO YEAR,NO,CREDIT CARD (AUTOMATIC),105.1,6631.85,3.4526938239159,0
3198-VELRD,YES,FEMALE,0,YES,YES,3,YES,YES,FIBER OPTIC,NO,NO,NO,NO,NO,YES,MONTH-TO-MONTH,YES,BANK TRANSFER (AUTOMATIC),84.75,264.85,2.784165571616294,1
3199-NPKCN,NO,FEMALE,0,YES,NO,67,YES,YES,FIBER OPTIC,YES,NO,YES,YES,YES,YES,ONE YEAR,YES,ELECTRONIC CHECK,111.25,7511.65,3.65473061760841,0
3199-XGZCY,NO,FEMALE,0,NO,NO,8,YES,YES,FIBER OPTIC,NO,NO,NO,NO,NO,NO,MONTH-TO-MONTH,YES,ELECTRONIC CHECK,75.25,576.7,2.472076215505913,0
3200-MNQTF,NO,MALE,0,YES,NO,67,YES,YES,DSL,YES,YES,YES,YES,NO,NO,TWO YEAR,NO,CREDIT CARD (AUTOMATIC),70.9,4677.1,2.3291721419185283,0
3205-MXZRA,NO,MALE,0,NO,NO,26,YES,NO,DSL,NO,NO,NO,YES,YES,NO,ONE YEAR,NO,CREDIT CARD (AUTOMATIC),59.45,1507.0,1.9530223390275954,0
3207-OYBWH,YES,MALE,1,YES,NO,57,YES,YES,FIBER OPTIC,NO,YES,YES,NO,NO,YES,MONTH-TO-MONTH,YES,BANK TRANSFER (AUTOMATIC),95.25,5427.05,3.129106438896189,1
3208-YPIOE,YES,MALE,0,NO,NO,39,YES,YES,FIBER OPTIC,NO,NO,NO,NO,NO,NO,MONTH-TO-MONTH,NO,ELECTRONIC CHECK,75.25,3017.65,2.472076215505913,1
3209-ZPKFI,NO,MALE,0,YES,YES,47,YES,YES,DSL,NO,YES,NO,NO,NO,NO,MONTH-TO-MONTH,NO,ELECTRONIC CHECK,54.25,2538.2,1.7821944809461234,0
3211-AAPKX,NO,MALE,0,NO,NO,20,YES,YES,FIBER OPTIC,NO,NO,NO,YES,YES,YES,MONTH-TO-MONTH,YES,MAILED CHECK,98.55,2031.95,3.2375164257555844,0
3211-ILJTT,YES,MALE,0,YES,NO,17,YES,NO,FIBER OPTIC,NO,NO,NO,NO,NO,NO,MONTH-TO-MONTH,YES,BANK TRANSFER (AUTOMATIC),70.4,1214.05,2.3127463863337714,1
3212-KXOCR,NO,MALE,0,NO,NO,52,YES,NO,NO,NO,NO,NO,NO,NO,NO,TWO YEAR,NO,BANK TRANSFER (AUTOMATIC),21.0,1107.2,0.6898817345597897,0
3213-VVOLG,NO,MALE,0,YES,YES,0,YES,YES,NO,NO,NO,NO,NO,NO,NO,TWO YEAR,NO,MAILED CHECK,25.35,0.0,0.8327858081471747,0
3214-IYUUQ,NO,FEMALE,0,YES,NO,61,YES,NO,FIBER OPTIC,YES,YES,NO,YES,NO,YES,ONE YEAR,NO,BANK TRANSFER (AUTOMATIC),93.7,5860.7,3.0781865965834427,0
3217-FZDMN,YES,FEMALE,1,NO,NO,8,YES,NO,FIBER OPTIC,NO,NO,YES,NO,YES,YES,MONTH-TO-MONTH,YES,CREDIT CARD (AUTOMATIC),94.45,742.95,3.1028252299605783,1
3219-JQRSL,NO,FEMALE,1,YES,NO,72,YES,YES,DSL,YES,YES,YES,YES,YES,YES,TWO YEAR,NO,CREDIT CARD (AUTOMATIC),89.1,6352.4,2.927069645203679,0
3221-CJMSG,NO,MALE,0,NO,NO,24,YES,NO,DSL,NO,NO,NO,YES,NO,NO,MONTH-TO-MONTH,YES,CREDIT CARD (AUTOMATIC),51.1,1269.6,1.678712220762155,0
3223-DWFIO,NO,MALE,1,NO,NO,4,YES,NO,FIBER OPTIC,NO,NO,NO,NO,NO,NO,MONTH-TO-MONTH,NO,ELECTRONIC CHECK,69.35,261.65,2.2782522996057817,0
3223-WZWJM,YES,MALE,0,NO,NO,26,YES,YES,FIBER OPTIC,NO,NO,NO,NO,NO,YES,MONTH-TO-MONTH,YES,ELECTRONIC CHECK,83.95,2254.2,2.7578843626806835,1
3224-DFQNQ,NO,FEMALE,0,YES,NO,66,YES,YES,FIBER OPTIC,YES,YES,NO,YES,NO,NO,ONE YEAR,NO,ELECTRONIC CHECK,89.0,5898.6,2.923784494086728,0
3227-WLKLI,NO,FEMALE,0,YES,YES,65,YES,YES,DSL,YES,YES,YES,YES,YES,YES,TWO YEAR,NO,BANK TRANSFER (AUTOMATIC),91.55,5963.95,3.007555847568988,0
3229-USWAR,NO,FEMALE,0,NO,NO,34,YES,NO,DSL,YES,NO,YES,YES,YES,YES,ONE YEAR,YES,BANK TRANSFER (AUTOMATIC),79.95,2727.3,2.6264783180026283,0
3230-IUALN,NO,FEMALE,0,YES,YES,45,YES,NO,DSL,YES,NO,YES,YES,YES,YES,TWO YEAR,YES,MAILED CHECK,81.0,3533.6,2.6609724047306176,0
3230-JCNZS,NO,FEMALE,0,YES,YES,71,YES,YES,FIBER OPTIC,YES,YES,YES,NO,YES,NO,TWO YEAR,YES,CREDIT CARD (AUTOMATIC),99.0,7061.65,3.252299605781866,0
3230-WYKIR,YES,MALE,0,NO,NO,18,YES,YES,DSL,NO,NO,YES,YES,YES,YES,ONE YEAR,YES,CREDIT CARD (AUTOMATIC),82.0,1425.45,2.6938239159001314,1
3234-VKACU,NO,MALE,0,NO,NO,2,YES,NO,DSL,NO,NO,NO,YES,YES,YES,MONTH-TO-MONTH,NO,ELECTRONIC CHECK,70.3,132.4,2.3094612352168196,0
3235-ETOOB,YES,MALE,0,YES,NO,8,YES,NO,FIBER OPTIC,YES,NO,NO,NO,NO,NO,MONTH-TO-MONTH,YES,ELECTRONIC CHECK,74.5,609.9,2.447437582128778,1
3237-AJGEH,YES,FEMALE,0,YES,YES,3,NO,NO,DSL,NO,NO,NO,YES,NO,NO,MONTH-TO-MONTH,YES,MAILED CHECK,31.0,95.05,1.0183968462549278,1
3239-TPHPZ,NO,FEMALE,0,YES,NO,12,YES,NO,NO,NO,NO,NO,NO,NO,NO,TWO YEAR,YES,ELECTRONIC CHECK,20.05,264.55,0.6586727989487516,0
3243-ZHOHY,NO,FEMALE,0,NO,NO,16,YES,NO,NO,NO,NO,NO,NO,NO,NO,ONE YEAR,NO,MAILED CHECK,20.1,296.15,0.6603153745072273,0
3244-CQPHU,NO,FEMALE,1,NO,NO,72,YES,YES,FIBER OPTIC,YES,YES,NO,YES,YES,YES,TWO YEAR,YES,BANK TRANSFER (AUTOMATIC),110.1,7746.7,3.616951379763469,0
3244-DCJWY,YES,FEMALE,0,NO,NO,1,YES,NO,FIBER OPTIC,NO,NO,NO,NO,NO,NO,MONTH-TO-MONTH,YES,ELECTRONIC CHECK,70.25,70.25,2.307818659658344,1
3247-MHJKM,NO,MALE,0,NO,NO,1,YES,NO,NO,NO,NO,NO,NO,NO,NO,MONTH-TO-MONTH,NO,MAILED CHECK,20.2,20.2,0.6636005256241787,0
3247-ZVOUO,YES,MALE,1,YES,NO,10,YES,YES,FIBER OPTIC,NO,NO,NO,NO,NO,YES,MONTH-TO-MONTH,NO,ELECTRONIC CHECK,85.55,851.75,2.810446780551905,1
3249-VHRIP,NO,FEMALE,0,NO,NO,62,NO,NO,DSL,NO,YES,YES,NO,NO,YES,TWO YEAR,YES,CREDIT CARD (AUTOMATIC),43.6,2748.7,1.4323258869908015,0
3249-ZPQRG,YES,MALE,0,NO,NO,4,YES,YES,FIBER OPTIC,NO,YES,NO,NO,NO,NO,MONTH-TO-MONTH,NO,ELECTRONIC CHECK,78.45,330.05,2.577201051248357,1
3251-YMVWZ,NO,MALE,0,NO,NO,53,YES,YES,NO,NO,NO,NO,NO,NO,NO,ONE YEAR,NO,BANK TRANSFER (AUTOMATIC),24.05,1301.9,0.7900788436268068,0
3253-HKOKL,NO,FEMALE,0,YES,YES,52,YES,NO,FIBER OPTIC,YES,NO,YES,NO,YES,YES,ONE YEAR,NO,ELECTRONIC CHECK,100.3,5244.45,3.2950065703022338,0
3254-YRILK,YES,MALE,1,NO,NO,19,YES,YES,FIBER OPTIC,NO,YES,NO,NO,YES,NO,MONTH-TO-MONTH,YES,ELECTRONIC CHECK,88.2,1775.8,2.897503285151117,1
3255-GRXMG,NO,MALE,0,NO,YES,18,YES,NO,DSL,NO,NO,NO,NO,NO,NO,MONTH-TO-MONTH,YES,CREDIT CARD (AUTOMATIC),45.65,747.2,1.4996714848883048,0
3256-EZDBI,NO,MALE,1,YES,NO,51,NO,NO,DSL,NO,YES,NO,NO,NO,NO,MONTH-TO-MONTH,YES,CREDIT CARD (AUTOMATIC),29.45,1459.35,0.9674770039421813,0
3258-SANFR,NO,MALE,1,NO,NO,6,YES,NO,DSL,NO,NO,NO,NO,NO,NO,MONTH-TO-MONTH,NO,CREDIT CARD (AUTOMATIC),44.7,276.5,1.4684625492772667,0
3258-SYSWS,NO,MALE,1,NO,NO,72,YES,YES,FIBER OPTIC,YES,YES,YES,YES,YES,YES,TWO YEAR,NO,BANK TRANSFER (AUTOMATIC),113.8,7845.8,3.73850197109067,0
3258-ZKPAI,NO,MALE,0,YES,YES,72,YES,YES,FIBER OPTIC,YES,YES,YES,YES,YES,YES,TWO YEAR,YES,BANK TRANSFER (AUTOMATIC),116.6,8337.45,3.8304862023653086,0
3259-FDWOY,YES,MALE,0,YES,YES,71,YES,YES,FIBER OPTIC,NO,YES,YES,NO,YES,YES,TWO YEAR,YES,BANK TRANSFER (AUTOMATIC),106.0,7723.7,3.4822601839684624,1
3259-KNMRR,NO,MALE,1,NO,NO,57,YES,YES,DSL,NO,YES,YES,NO,YES,YES,TWO YEAR,YES,BANK TRANSFER (AUTOMATIC),79.75,4438.2,2.619908015768725,0
3259-QMXUN,NO,MALE,0,YES,NO,58,YES,YES,DSL,YES,YES,YES,NO,YES,YES,TWO YEAR,YES,ELECTRONIC CHECK,86.1,4890.5,2.8285151116951375,0
3261-CQXOL,NO,FEMALE,0,YES,YES,71,YES,YES,NO,NO,NO,NO,NO,NO,NO,TWO YEAR,NO,BANK TRANSFER (AUTOMATIC),25.45,1813.35,0.8360709592641261,0
3262-EIDHV,NO,FEMALE,0,YES,YES,72,YES,YES,DSL,YES,NO,YES,YES,YES,YES,TWO YEAR,NO,CREDIT CARD (AUTOMATIC),84.7,5893.9,2.7825229960578186,0
3266-FTKHB,NO,MALE,0,NO,NO,17,YES,NO,NO,NO,NO,NO,NO,NO,NO,TWO YEAR,NO,MAILED CHECK,19.15,343.45,0.6291064388961891,0
3269-ATYWD,YES,MALE,1,NO,NO,39,YES,YES,FIBER OPTIC,NO,NO,NO,NO,YES,YES,MONTH-TO-MONTH,YES,BANK TRANSFER (AUTOMATIC),95.65,3759.05,3.142247043363995,1
3272-VUHPV,NO,FEMALE,0,YES,YES,8,YES,NO,DSL,NO,YES,NO,YES,NO,NO,MONTH-TO-MONTH,NO,BANK TRANSFER (AUTOMATIC),56.3,401.5,1.8495400788436267,0
3274-NSDWE,NO,FEMALE,0,NO,NO,68,YES,NO,NO,NO,NO,NO,NO,NO,NO,TWO YEAR,NO,CREDIT CARD (AUTOMATIC),19.6,1441.65,0.6438896189224704,0
3275-RHRNE,NO,MALE,0,YES,YES,28,NO,NO,DSL,NO,YES,YES,YES,YES,YES,ONE YEAR,YES,CREDIT CARD (AUTOMATIC),60.0,1682.05,1.9710906701708277,0
3276-HDUEG,YES,FEMALE,0,NO,NO,1,YES,YES,FIBER OPTIC,NO,NO,NO,NO,NO,NO,MONTH-TO-MONTH,YES,MAILED CHECK,75.05,75.05,2.4655059132720103,1
3278-FSIXX,NO,FEMALE,0,NO,NO,2,YES,NO,DSL,NO,NO,NO,NO,NO,NO,MONTH-TO-MONTH,YES,MAILED CHECK,45.25,74.2,1.4865308804204993,0
3279-DYZQM,NO,MALE,0,YES,YES,71,YES,NO,NO,NO,NO,NO,NO,NO,NO,TWO YEAR,NO,MAILED CHECK,19.45,1378.45,0.6389618922470434,0
3280-MRDOF,NO,MALE,1,NO,NO,30,YES,YES,DSL,NO,NO,YES,YES,YES,NO,TWO YEAR,YES,CREDIT CARD (AUTOMATIC),69.1,2093.9,2.270039421813403,0
3280-NMUVX,NO,MALE,0,YES,YES,34,YES,NO,NO,NO,NO,NO,NO,NO,NO,ONE YEAR,NO,CREDIT CARD (AUTOMATIC),19.6,678.8,0.6438896189224704,0
3282-ZISZV,NO,MALE,0,NO,YES,32,YES,YES,DSL,NO,YES,YES,YES,YES,YES,ONE YEAR,NO,CREDIT CARD (AUTOMATIC),83.7,2633.3,2.749671484888305,0
3283-WCWXT,NO,MALE,0,YES,YES,6,YES,YES,NO,NO,NO,NO,NO,NO,NO,TWO YEAR,NO,MAILED CHECK,25.4,153.3,0.8344283837056504,0
3284-SVCRO,NO,FEMALE,0,YES,NO,45,YES,YES,NO,NO,NO,NO,NO,NO,NO,TWO YEAR,NO,MAILED CHECK,25.5,1121.05,0.8377135348226018,0
3285-UCQVC,YES,FEMALE,0,NO,NO,37,NO,NO,DSL,NO,NO,NO,YES,NO,NO,MONTH-TO-MONTH,NO,CREDIT CARD (AUTOMATIC),28.6,973.55,0.9395532194480947,1
3292-PBZEJ,NO,MALE,1,NO,NO,11,YES,YES,FIBER OPTIC,NO,YES,YES,YES,YES,YES,MONTH-TO-MONTH,YES,ELECTRONIC CHECK,111.4,1183.05,3.6596583442838373,0
3295-YVUSR,NO,MALE,1,NO,NO,2,YES,YES,FIBER OPTIC,NO,NO,NO,NO,NO,NO,MONTH-TO-MONTH,YES,MAILED CHECK,72.6,154.3,2.3850197109067013,0
3296-SILRA,YES,FEMALE,1,YES,NO,1,YES,NO,FIBER OPTIC,NO,YES,NO,NO,NO,NO,MONTH-TO-MONTH,YES,MAILED CHECK,76.4,76.4,2.509855453350854,1
3298-QEICA,NO,FEMALE,0,YES,YES,23,NO,NO,DSL,YES,NO,NO,YES,NO,NO,TWO YEAR,NO,MAILED CHECK,34.6,813.45,1.1366622864651774,0
3301-LSLWQ,NO,FEMALE,0,NO,NO,29,YES,YES,DSL,YES,NO,NO,NO,NO,YES,MONTH-TO-MONTH,YES,ELECTRONIC CHECK,66.1,1912.15,2.1714848883048616,0
3301-VKTGC,NO,MALE,0,YES,YES,68,YES,YES,FIBER OPTIC,YES,YES,NO,NO,NO,NO,ONE YEAR,YES,BANK TRANSFER (AUTOMATIC),85.5,5696.6,2.8088042049934296,0
3307-TLCUD,NO,MALE,0,YES,NO,17,NO,NO,DSL,YES,NO,YES,NO,NO,NO,MONTH-TO-MONTH,NO,MAILED CHECK,34.4,592.75,1.1300919842312744,0
3308-DGHKL,NO,MALE,0,NO,NO,69,YES,NO,NO,NO,NO,NO,NO,NO,NO,TWO YEAR,YES,BANK TRANSFER (AUTOMATIC),19.3,1447.9,0.6340341655716163,0
3308-JSGML,NO,MALE,1,YES,NO,59,NO,NO,DSL,YES,NO,YES,YES,YES,YES,TWO YEAR,YES,CREDIT CARD (AUTOMATIC),64.05,3886.85,2.1041392904073586,0
3308-MHOOC,NO,MALE,0,NO,YES,1,YES,NO,NO,NO,NO,NO,NO,NO,NO,MONTH-TO-MONTH,YES,MAILED CHECK,19.2,19.2,0.6307490144546649,0
3312-UUMZW,NO,MALE,0,YES,NO,32,YES,YES,FIBER OPTIC,NO,YES,NO,NO,YES,YES,MONTH-TO-MONTH,YES,CREDIT CARD (AUTOMATIC),98.85,3145.9,3.2473718791064385,0
3312-ZWLGF,NO,MALE,1,YES,NO,29,YES,YES,FIBER OPTIC,NO,NO,NO,YES,NO,NO,MONTH-TO-MONTH,YES,ELECTRONIC CHECK,79.3,2414.55,2.605124835742444,0
3313-QKNKB,YES,MALE,0,YES,NO,59,YES,YES,FIBER OPTIC,NO,NO,NO,NO,NO,YES,ONE YEAR,NO,ELECTRONIC CHECK,85.55,5084.65,2.810446780551905,1
3315-IKYZQ,NO,MALE,0,YES,YES,28,NO,NO,DSL,YES,NO,YES,YES,YES,NO,ONE YEAR,NO,MAILED CHECK,50.8,1386.8,1.6688567674113008,0
3315-TOTBP,YES,MALE,0,NO,NO,15,YES,YES,FIBER OPTIC,NO,NO,NO,NO,NO,NO,MONTH-TO-MONTH,YES,MAILED CHECK,76.0,1130.85,2.4967148488830486,1
3316-UWXUY,NO,MALE,0,NO,NO,50,YES,NO,FIBER OPTIC,YES,YES,NO,YES,NO,YES,MONTH-TO-MONTH,YES,CREDIT CARD (AUTOMATIC),93.5,4747.5,3.07161629434954,0
3317-HRTNN,YES,FEMALE,1,NO,NO,5,NO,NO,DSL,NO,NO,NO,NO,YES,YES,MONTH-TO-MONTH,NO,ELECTRONIC CHECK,45.7,198.0,1.5013140604467805,1
3317-VLGQT,NO,FEMALE,0,YES,NO,14,YES,NO,FIBER OPTIC,NO,NO,NO,NO,NO,YES,MONTH-TO-MONTH,YES,ELECTRONIC CHECK,78.1,1122.4,2.565703022339027,0
3318-ISQFQ,NO,FEMALE,0,NO,NO,20,YES,NO,NO,NO,NO,NO,NO,NO,NO,MONTH-TO-MONTH,YES,BANK TRANSFER (AUTOMATIC),19.5,413.0,0.640604467805519,0
3318-NMQXL,NO,MALE,0,NO,NO,3,YES,NO,FIBER OPTIC,NO,NO,NO,NO,YES,YES,MONTH-TO-MONTH,YES,ELECTRONIC CHECK,92.0,266.8,3.0223390275952693,0
3318-OSATS,YES,MALE,1,NO,NO,35,YES,YES,FIBER OPTIC,NO,NO,NO,NO,YES,YES,MONTH-TO-MONTH,YES,ELECTRONIC CHECK,95.45,3474.05,3.135676741130092,1
3319-DWOEP,YES,MALE,1,YES,NO,6,YES,NO,FIBER OPTIC,NO,NO,YES,NO,YES,YES,MONTH-TO-MONTH,YES,ELECTRONIC CHECK,95.75,573.75,3.145532194480946,1
3320-VEOYC,NO,MALE,1,NO,NO,14,YES,YES,FIBER OPTIC,NO,NO,NO,NO,YES,YES,MONTH-TO-MONTH,YES,ELECTRONIC CHECK,95.6,1273.3,3.140604467805519,0
3323-CPBWR,NO,MALE,0,NO,NO,23,YES,YES,FIBER OPTIC,NO,NO,YES,YES,YES,NO,MONTH-TO-MONTH,YES,CREDIT CARD (AUTOMATIC),96.9,2085.45,3.183311432325887,0
3324-OIRTO,NO,MALE,0,YES,YES,71,YES,NO,FIBER OPTIC,YES,YES,YES,NO,YES,YES,ONE YEAR,YES,BANK TRANSFER (AUTOMATIC),104.65,7288.4,3.437910643889619,0
3325-FUYCG,YES,MALE,0,YES,YES,28,YES,YES,FIBER OPTIC,YES,YES,NO,NO,YES,YES,ONE YEAR,NO,ELECTRONIC CHECK,106.1,2847.4,3.4855453350854138,1
3327-YBAKM,NO,FEMALE,0,YES,NO,64,YES,NO,FIBER OPTIC,YES,NO,NO,YES,YES,YES,ONE YEAR,YES,MAILED CHECK,96.9,6314.35,3.183311432325887,0
3329-WDIOK,YES,FEMALE,0,NO,NO,3,NO,NO,DSL,NO,YES,NO,NO,YES,YES,MONTH-TO-MONTH,YES,ELECTRONIC CHECK,50.6,155.35,1.662286465177398,1
3331-HQDTW,YES,FEMALE,0,NO,NO,34,YES,YES,FIBER OPTIC,YES,YES,YES,NO,YES,YES,MONTH-TO-MONTH,YES,MAILED CHECK,109.8,3587.25,3.607095926412615,1
3334-CTHOL,YES,FEMALE,0,NO,NO,1,YES,YES,DSL,NO,NO,NO,NO,NO,NO,MONTH-TO-MONTH,YES,BANK TRANSFER (AUTOMATIC),49.95,49.95,1.6409329829172141,1
3336-JORSO,YES,FEMALE,1,NO,NO,33,YES,YES,FIBER OPTIC,NO,YES,YES,YES,YES,YES,MONTH-TO-MONTH,YES,ELECTRONIC CHECK,110.45,3655.45,3.628449408672799,1
3338-CVVEH,NO,MALE,0,NO,NO,12,YES,YES,FIBER OPTIC,NO,NO,NO,NO,YES,YES,MONTH-TO-MONTH,NO,ELECTRONIC CHECK,94.55,1173.55,3.1061103810775292,0
3339-EAQNV,NO,MALE,1,YES,NO,72,YES,YES,FIBER OPTIC,NO,YES,NO,NO,YES,YES,ONE YEAR,YES,CREDIT CARD (AUTOMATIC),97.25,7133.1,3.1948094612352165,0
3340-QBBFM,NO,MALE,1,YES,NO,36,YES,NO,DSL,NO,NO,YES,YES,NO,NO,ONE YEAR,NO,CREDIT CARD (AUTOMATIC),54.1,1992.85,1.7772667542706964,0
3345-JHUEO,NO,MALE,0,NO,NO,4,YES,NO,NO,NO,NO,NO,NO,NO,NO,MONTH-TO-MONTH,YES,ELECTRONIC CHECK,20.2,55.7,0.6636005256241787,0
3345-PBBFH,NO,MALE,0,YES,NO,8,YES,NO,DSL,NO,YES,NO,NO,NO,NO,MONTH-TO-MONTH,YES,BANK TRANSFER (AUTOMATIC),49.55,393.45,1.6277923784494086,0
3346-BRMIS,YES,FEMALE,1,YES,NO,18,NO,NO,DSL,NO,NO,YES,NO,YES,YES,MONTH-TO-MONTH,YES,ELECTRONIC CHECK,48.35,810.7,1.588370565045992,1
3347-YJZZE,NO,MALE,0,YES,YES,29,YES,YES,DSL,NO,YES,YES,NO,YES,YES,MONTH-TO-MONTH,NO,CREDIT CARD (AUTOMATIC),80.1,2211.8,2.6314060446780547,0
3348-CFRNX,YES,FEMALE,0,YES,NO,28,YES,NO,FIBER OPTIC,YES,NO,NO,NO,YES,YES,MONTH-TO-MONTH,YES,MAILED CHECK,92.35,2602.9,3.033837056504599,1
3349-ANQNH,NO,FEMALE,1,NO,NO,59,YES,YES,FIBER OPTIC,NO,NO,YES,NO,YES,YES,ONE YEAR,YES,ELECTRONIC CHECK,99.5,5890.0,3.2687253613666227,0
3351-NGXYI,NO,FEMALE,1,NO,NO,16,YES,YES,DSL,YES,NO,NO,NO,NO,NO,MONTH-TO-MONTH,YES,ELECTRONIC CHECK,54.1,889.0,1.7772667542706964,0
3351-NQLDI,YES,FEMALE,0,YES,YES,67,YES,YES,FIBER OPTIC,YES,NO,NO,YES,NO,YES,ONE YEAR,YES,CREDIT CARD (AUTOMATIC),94.35,6341.45,3.0995400788436265,1
3352-ALMCK,NO,MALE,0,NO,NO,40,YES,YES,FIBER OPTIC,NO,YES,YES,NO,YES,YES,MONTH-TO-MONTH,YES,MAILED CHECK,102.65,4108.15,3.3722076215505914,0
3352-RICWQ,NO,FEMALE,0,YES,YES,9,YES,NO,NO,NO,NO,NO,NO,NO,NO,TWO YEAR,NO,MAILED CHECK,19.75,210.65,0.6488173455978975,0
3354-OADJP,NO,FEMALE,0,NO,NO,8,YES,NO,DSL,YES,NO,NO,YES,NO,NO,ONE YEAR,NO,BANK TRANSFER (AUTOMATIC),54.25,447.75,1.7821944809461234,0
3359-DSRKA,NO,FEMALE,0,YES,YES,58,YES,NO,NO,NO,NO,NO,NO,NO,NO,TWO YEAR,YES,MAILED CHECK,19.85,1158.85,0.6521024967148489,0
3363-DTIVD,NO,MALE,0,YES,YES,71,YES,YES,FIBER OPTIC,YES,NO,YES,NO,YES,YES,TWO YEAR,NO,ELECTRONIC CHECK,105.55,7405.5,3.467477003942181,0
3363-EWLGO,NO,FEMALE,0,NO,NO,5,YES,NO,NO,NO,NO,NO,NO,NO,NO,MONTH-TO-MONTH,NO,MAILED CHECK,19.95,109.6,0.6553876478318003,0
3365-SAIGS,NO,FEMALE,0,NO,NO,17,YES,NO,FIBER OPTIC,NO,YES,NO,NO,YES,NO,MONTH-TO-MONTH,YES,ELECTRONIC CHECK,83.55,1329.15,2.7447437582128775,0
3370-GQEAL,NO,MALE,0,YES,YES,30,YES,YES,FIBER OPTIC,NO,NO,NO,NO,YES,NO,MONTH-TO-MONTH,NO,ELECTRONIC CHECK,85.45,2509.95,2.807161629434954,0
3370-HXOPH,NO,FEMALE,0,NO,NO,3,YES,YES,FIBER OPTIC,NO,NO,NO,NO,NO,NO,MONTH-TO-MONTH,NO,ELECTRONIC CHECK,76.1,257.6,2.4999999999999996,0
3372-CDXFJ,NO,MALE,0,YES,YES,13,YES,YES,NO,NO,NO,NO,NO,NO,NO,ONE YEAR,NO,BANK TRANSFER (AUTOMATIC),24.5,343.6,0.804862023653088,0
3372-KWFBM,YES,MALE,1,NO,NO,16,YES,YES,FIBER OPTIC,NO,NO,NO,NO,YES,NO,MONTH-TO-MONTH,YES,ELECTRONIC CHECK,86.6,1281.0,2.8449408672798944,1
3373-DIUUN,NO,MALE,0,YES,YES,30,YES,NO,NO,NO,NO,NO,NO,NO,NO,TWO YEAR,NO,MAILED CHECK,21.25,711.9,0.6980946123521682,0
3373-YZZYM,NO,MALE,0,YES,YES,1,YES,NO,NO,NO,NO,NO,NO,NO,NO,MONTH-TO-MONTH,NO,MAILED CHECK,19.2,19.2,0.6307490144546649,0
3374-LXDEV,YES,FEMALE,0,NO,NO,13,YES,YES,FIBER OPTIC,NO,YES,YES,YES,NO,NO,MONTH-TO-MONTH,NO,ELECTRONIC CHECK,89.4,1132.35,2.9369250985545334,1
3374-PZLXD,NO,MALE,0,NO,NO,34,YES,NO,NO,NO,NO,NO,NO,NO,NO,MONTH-TO-MONTH,NO,MAILED CHECK,19.7,675.6,0.6471747700394218,0
3374-TTZTK,NO,MALE,0,YES,NO,52,YES,NO,FIBER OPTIC,YES,YES,YES,YES,YES,YES,TWO YEAR,YES,ELECTRONIC CHECK,106.3,5487.0,3.4921156373193165,0
3376-BMGFE,YES,FEMALE,0,NO,NO,4,YES,NO,FIBER OPTIC,NO,NO,NO,NO,NO,NO,MONTH-TO-MONTH,YES,BANK TRANSFER (AUTOMATIC),70.9,273.0,2.3291721419185283,1
3378-AJRAO,NO,MALE,0,YES,YES,44,YES,YES,NO,NO,NO,NO,NO,NO,NO,ONE YEAR,NO,ELECTRONIC CHECK,24.85,1013.6,0.8163600525624178,0
3384-CTMSF,NO,MALE,0,YES,NO,47,YES,YES,FIBER OPTIC,NO,YES,YES,NO,YES,YES,MONTH-TO-MONTH,YES,ELECTRONIC CHECK,104.1,5135.15,3.419842312746386,0
3387-PLKUI,NO,FEMALE,0,YES,YES,13,YES,NO,NO,NO,NO,NO,NO,NO,NO,MONTH-TO-MONTH,NO,MAILED CHECK,18.8,251.25,0.6176084099868594,0
3387-VATUS,YES,MALE,0,NO,NO,5,YES,YES,FIBER OPTIC,NO,NO,NO,NO,YES,YES,MONTH-TO-MONTH,YES,BANK TRANSFER (AUTOMATIC),94.85,462.8,3.1159658344283834,1
3389-KTRXV,NO,FEMALE,0,YES,YES,23,YES,YES,NO,NO,NO,NO,NO,NO,NO,TWO YEAR,NO,MAILED CHECK,23.85,625.65,0.783508541392904,0
3389-YGYAI,YES,FEMALE,1,NO,NO,8,YES,YES,FIBER OPTIC,NO,YES,YES,NO,YES,YES,MONTH-TO-MONTH,YES,ELECTRONIC CHECK,105.5,829.55,3.4658344283837055,1
3391-JSQEW,NO,MALE,0,YES,NO,40,YES,NO,DSL,NO,YES,NO,NO,NO,NO,MONTH-TO-MONTH,YES,MAILED CHECK,50.15,2058.5,1.6475032851511169,0
3392-EHMNK,NO,FEMALE,0,YES,YES,67,YES,YES,FIBER OPTIC,NO,YES,NO,YES,YES,NO,TWO YEAR,NO,CREDIT CARD (AUTOMATIC),94.1,6302.8,3.0913272010512483,0
3393-FMZPV,YES,FEMALE,0,NO,NO,25,YES,YES,FIBER OPTIC,NO,YES,NO,NO,YES,YES,MONTH-TO-MONTH,YES,ELECTRONIC CHECK,100.25,2387.75,3.2933639947437583,1
3396-DKDEL,NO,FEMALE,0,YES,YES,70,YES,YES,FIBER OPTIC,YES,YES,YES,YES,YES,YES,TWO YEAR,YES,CREDIT CARD (AUTOMATIC),115.15,8250.0,3.782851511169514,0
3397-AVTKU,NO,MALE,0,NO,NO,43,YES,NO,DSL,NO,YES,NO,NO,NO,YES,TWO YEAR,YES,ELECTRONIC CHECK,60.0,2548.55,1.9710906701708277,0
3398-FSHON,YES,FEMALE,1,NO,NO,12,YES,YES,FIBER OPTIC,NO,YES,NO,NO,YES,NO,MONTH-TO-MONTH,YES,ELECTRONIC CHECK,91.3,1094.5,2.9993429697766096,1
3398-GCPMU,NO,FEMALE,1,YES,YES,72,YES,YES,DSL,YES,YES,YES,YES,YES,YES,TWO YEAR,YES,CREDIT CARD (AUTOMATIC),89.55,6448.85,2.9418528252299603,0
3398-ZOUAA,YES,MALE,1,YES,NO,21,YES,NO,FIBER OPTIC,NO,NO,NO,NO,NO,NO,MONTH-TO-MONTH,YES,ELECTRONIC CHECK,69.1,1474.75,2.270039421813403,1
3399-BMLVW,NO,MALE,0,YES,YES,51,YES,NO,DSL,YES,YES,NO,YES,NO,NO,TWO YEAR,NO,CREDIT CARD (AUTOMATIC),60.5,3121.45,1.9875164257555846,0
3400-ESFUW,YES,MALE,0,YES,YES,55,YES,NO,DSL,YES,YES,NO,YES,NO,NO,TWO YEAR,NO,BANK TRANSFER (AUTOMATIC),57.55,3046.4,1.890604467805519,1
3401-URHDA,NO,MALE,0,NO,NO,51,YES,YES,DSL,YES,NO,NO,YES,NO,NO,ONE YEAR,NO,CREDIT CARD (AUTOMATIC),59.9,3043.6,1.9678055190538764,0
3402-XRIUO,NO,FEMALE,1,YES,NO,22,YES,YES,DSL,YES,YES,NO,YES,NO,NO,MONTH-TO-MONTH,YES,MAILED CHECK,63.55,1381.8,2.0877135348226017,0
3404-JNXAX,NO,FEMALE,0,YES,YES,51,YES,YES,FIBER OPTIC,NO,NO,NO,YES,NO,NO,MONTH-TO-MONTH,YES,ELECTRONIC CHECK,80.75,4116.9,2.652759526938239,0
3407-JMJQQ,NO,FEMALE,0,YES,YES,71,YES,YES,FIBER OPTIC,YES,YES,YES,NO,YES,YES,TWO YEAR,YES,BANK TRANSFER (AUTOMATIC),109.0,7661.8,3.5808147174770038,0
3407-QGWLG,NO,MALE,0,NO,YES,3,YES,NO,NO,NO,NO,NO,NO,NO,NO,MONTH-TO-MONTH,YES,MAILED CHECK,20.05,75.45,0.6586727989487516,0
3410-MHHUM,NO,FEMALE,0,YES,YES,44,YES,YES,FIBER OPTIC,NO,YES,YES,NO,NO,YES,ONE YEAR,NO,ELECTRONIC CHECK,94.4,4295.35,3.1011826544021024,0
3410-YOQBQ,NO,FEMALE,0,NO,NO,31,YES,NO,DSL,NO,YES,YES,YES,YES,YES,TWO YEAR,NO,MAILED CHECK,79.2,2497.2,2.6018396846254928,0
3411-WLRSQ,NO,FEMALE,1,YES,NO,3,YES,NO,FIBER OPTIC,NO,YES,NO,NO,NO,NO,MONTH-TO-MONTH,YES,BANK TRANSFER (AUTOMATIC),74.6,239.05,2.450722733245729,0
3413-BMNZE,NO,MALE,1,NO,NO,1,YES,NO,DSL,NO,NO,NO,NO,NO,NO,MONTH-TO-MONTH,NO,BANK TRANSFER (AUTOMATIC),45.25,45.25,1.4865308804204993,0
3413-CSSTH,NO,MALE,0,NO,NO,41,YES,YES,DSL,NO,NO,YES,NO,NO,NO,MONTH-TO-MONTH,YES,BANK TRANSFER (AUTOMATIC),55.7,2237.55,1.8298291721419186,0
3413-DHLPB,NO,MALE,0,YES,YES,60,YES,YES,FIBER OPTIC,NO,YES,NO,YES,YES,YES,MONTH-TO-MONTH,YES,BANK TRANSFER (AUTOMATIC),103.75,5969.95,3.4083442838370566,0
3415-TAILE,YES,FEMALE,0,YES,YES,2,YES,NO,DSL,NO,NO,NO,NO,YES,YES,MONTH-TO-MONTH,NO,MAILED CHECK,65.7,134.35,2.1583442838370566,1
3417-TSCIC,NO,MALE,0,NO,NO,29,NO,NO,DSL,NO,NO,NO,NO,NO,NO,ONE YEAR,YES,MAILED CHECK,24.85,788.05,0.8163600525624178,0
3419-SNJJD,YES,FEMALE,1,YES,NO,65,YES,YES,FIBER OPTIC,YES,NO,YES,NO,YES,YES,MONTH-TO-MONTH,NO,BANK TRANSFER (AUTOMATIC),105.25,6786.4,3.4576215505913273,1
3420-YJLQT,NO,FEMALE,0,NO,NO,2,YES,YES,FIBER OPTIC,NO,YES,NO,NO,NO,NO,MONTH-TO-MONTH,NO,ELECTRONIC CHECK,79.55,151.75,2.6133377135348224,0
3420-ZDBMA,NO,MALE,1,NO,NO,5,YES,NO,FIBER OPTIC,NO,NO,NO,NO,NO,NO,MONTH-TO-MONTH,YES,MAILED CHECK,71.45,371.6,2.3472404730617606,0
3422-GALYP,NO,MALE,0,NO,NO,2,YES,YES,FIBER OPTIC,NO,YES,NO,NO,NO,NO,MONTH-TO-MONTH,YES,ELECTRONIC CHECK,79.45,145.15,2.6100525624178714,0
3422-LYEPQ,YES,MALE,0,YES,YES,1,YES,NO,FIBER OPTIC,NO,NO,NO,NO,NO,NO,MONTH-TO-MONTH,YES,ELECTRONIC CHECK,71.0,71.0,2.3324572930354797,1
3422-WJOYD,NO,MALE,0,YES,NO,28,YES,NO,DSL,YES,NO,NO,YES,NO,NO,ONE YEAR,NO,MAILED CHECK,54.35,1426.45,1.7854796320630748,0
3423-HHXAO,NO,FEMALE,0,YES,YES,14,YES,NO,NO,NO,NO,NO,NO,NO,NO,ONE YEAR,YES,MAILED CHECK,19.5,272.0,0.640604467805519,0
3424-NMNBO,YES,MALE,1,YES,NO,58,YES,YES,FIBER OPTIC,YES,YES,YES,NO,YES,YES,ONE YEAR,YES,ELECTRONIC CHECK,108.85,6287.25,3.5758869908015765,1
3426-NIYYL,YES,MALE,0,NO,NO,15,YES,YES,DSL,NO,NO,NO,NO,NO,NO,MONTH-TO-MONTH,NO,ELECTRONIC CHECK,51.55,765.5,1.6934954007884362,1
3427-GGZZI,NO,FEMALE,0,YES,NO,19,YES,YES,FIBER OPTIC,NO,YES,NO,NO,NO,YES,MONTH-TO-MONTH,YES,ELECTRONIC CHECK,89.1,1620.8,2.927069645203679,0
3428-MMGUB,NO,MALE,0,NO,NO,60,YES,YES,FIBER OPTIC,NO,NO,YES,NO,YES,NO,TWO YEAR,YES,ELECTRONIC CHECK,89.55,5231.2,2.9418528252299603,0
3428-XZMAZ,YES,MALE,0,NO,NO,1,YES,NO,FIBER OPTIC,NO,NO,NO,NO,NO,NO,MONTH-TO-MONTH,YES,ELECTRONIC CHECK,69.35,69.35,2.2782522996057817,1
3429-IFLEM,NO,FEMALE,0,NO,NO,71,YES,NO,DSL,YES,YES,YES,YES,YES,NO,TWO YEAR,NO,CREDIT CARD (AUTOMATIC),77.35,5550.1,2.541064388961892,0
3439-GVUSX,NO,MALE,0,NO,NO,1,NO,NO,DSL,NO,NO,NO,NO,NO,NO,MONTH-TO-MONTH,NO,MAILED CHECK,24.4,24.4,0.8015768725361366,0
3440-JPSCL,YES,FEMALE,0,NO,NO,6,YES,NO,FIBER OPTIC,NO,NO,YES,YES,YES,YES,MONTH-TO-MONTH,YES,MAILED CHECK,99.95,547.65,3.283508541392904,1
3441-CGZJH,NO,FEMALE,0,YES,YES,43,NO,NO,DSL,YES,NO,YES,YES,YES,YES,ONE YEAR,YES,CREDIT CARD (AUTOMATIC),60.4,2640.55,1.9842312746386332,0
3442-ZHHCC,NO,MALE,0,NO,NO,68,YES,YES,DSL,YES,YES,YES,NO,NO,YES,ONE YEAR,YES,CREDIT CARD (AUTOMATIC),76.9,5023.0,2.526281208935611,0
3445-HXXGF,YES,MALE,1,YES,NO,58,NO,NO,DSL,NO,YES,YES,NO,NO,YES,MONTH-TO-MONTH,YES,ELECTRONIC CHECK,45.3,2651.2,1.4881734559789748,1
3446-QDSZF,NO,FEMALE,0,NO,NO,4,YES,NO,DSL,NO,NO,NO,NO,YES,NO,MONTH-TO-MONTH,NO,CREDIT CARD (AUTOMATIC),55.5,227.35,1.8232588699080157,0
3450-WXOAT,NO,MALE,0,NO,NO,46,YES,NO,DSL,NO,NO,NO,NO,NO,NO,MONTH-TO-MONTH,YES,CREDIT CARD (AUTOMATIC),45.2,2065.15,1.4848883048620236,0
3451-VAWLI,NO,FEMALE,0,YES,YES,35,YES,NO,NO,NO,NO,NO,NO,NO,NO,TWO YEAR,NO,CREDIT CARD (AUTOMATIC),19.7,730.4,0.6471747700394218,0
3452-ABWRL,NO,MALE,1,NO,NO,47,YES,YES,FIBER OPTIC,NO,NO,NO,NO,YES,NO,MONTH-TO-MONTH,YES,CREDIT CARD (AUTOMATIC),86.05,3865.6,2.826872536136662,0
3452-FLHYD,NO,MALE,0,YES,NO,25,YES,NO,NO,NO,NO,NO,NO,NO,NO,ONE YEAR,YES,BANK TRANSFER (AUTOMATIC),20.95,495.15,0.688239159001314,0
3452-GWUIN,NO,FEMALE,1,YES,NO,19,YES,YES,FIBER OPTIC,NO,NO,NO,NO,YES,YES,MONTH-TO-MONTH,YES,ELECTRONIC CHECK,94.95,1760.25,3.119250985545335,0
3452-SRFEG,NO,MALE,0,NO,NO,49,YES,YES,FIBER OPTIC,NO,NO,NO,NO,NO,NO,MONTH-TO-MONTH,YES,BANK TRANSFER (AUTOMATIC),74.6,3720.35,2.450722733245729,0
3453-RTHJQ,NO,MALE,0,NO,NO,6,YES,NO,FIBER OPTIC,NO,NO,NO,NO,NO,NO,MONTH-TO-MONTH,YES,ELECTRONIC CHECK,69.1,435.0,2.270039421813403,0
3454-JFUBC,NO,MALE,1,NO,NO,68,YES,NO,NO,NO,NO,NO,NO,NO,NO,TWO YEAR,YES,CREDIT CARD (AUTOMATIC),20.0,1396.0,0.657030223390276,0
3457-PQBYH,NO,FEMALE,0,YES,YES,58,YES,NO,NO,NO,NO,NO,NO,NO,NO,TWO YEAR,NO,CREDIT CARD (AUTOMATIC),20.3,1160.75,0.6668856767411301,0
3458-IDMFK,NO,MALE,0,NO,NO,25,YES,NO,NO,NO,NO,NO,NO,NO,NO,TWO YEAR,YES,MAILED CHECK,20.75,499.4,0.6816688567674113,0
3460-TJBWI,NO,MALE,0,YES,YES,24,YES,YES,NO,NO,NO,NO,NO,NO,NO,TWO YEAR,NO,MAILED CHECK,24.2,609.05,0.7950065703022339,0
3462-BJQQA,NO,FEMALE,0,NO,NO,6,YES,YES,FIBER OPTIC,NO,YES,NO,NO,YES,NO,MONTH-TO-MONTH,YES,ELECTRONIC CHECK,89.75,552.65,2.948423127463863,0
3466-BYAVD,NO,MALE,0,YES,YES,15,YES,NO,DSL,NO,YES,YES,YES,NO,YES,MONTH-TO-MONTH,YES,MAILED CHECK,69.5,1071.4,2.283180026281209,0
3466-RITXD,NO,MALE,0,NO,NO,26,YES,YES,FIBER OPTIC,YES,YES,NO,NO,YES,NO,MONTH-TO-MONTH,YES,CREDIT CARD (AUTOMATIC),92.4,2349.8,3.035479632063075,0
3466-WAESX,NO,MALE,0,NO,YES,16,YES,YES,DSL,YES,YES,NO,NO,NO,YES,MONTH-TO-MONTH,YES,ELECTRONIC CHECK,69.1,1083.7,2.270039421813403,0
3468-DRVQJ,NO,FEMALE,0,YES,YES,10,YES,YES,DSL,YES,YES,NO,NO,YES,NO,ONE YEAR,NO,ELECTRONIC CHECK,70.3,676.15,2.3094612352168196,0
3470-BTGQO,NO,MALE,0,NO,YES,21,YES,NO,DSL,NO,NO,NO,NO,NO,NO,MONTH-TO-MONTH,NO,MAILED CHECK,45.65,985.05,1.4996714848883048,0
3470-OBUET,NO,FEMALE,0,YES,YES,67,YES,YES,DSL,YES,YES,NO,YES,YES,NO,TWO YEAR,NO,CREDIT CARD (AUTOMATIC),74.0,4868.4,2.431011826544021,0
3472-OAOOR,NO,MALE,0,YES,YES,19,NO,NO,DSL,YES,YES,NO,NO,NO,NO,MONTH-TO-MONTH,YES,MAILED CHECK,34.95,610.2,1.1481603153745072,0
3472-QPRCH,NO,MALE,0,YES,YES,40,YES,YES,NO,NO,NO,NO,NO,NO,NO,TWO YEAR,NO,CREDIT CARD (AUTOMATIC),25.25,1006.9,0.8295006570302234,0
3473-XIIIT,YES,FEMALE,0,YES,NO,16,YES,YES,FIBER OPTIC,NO,YES,NO,NO,YES,YES,MONTH-TO-MONTH,YES,ELECTRONIC CHECK,100.0,1534.75,3.2851511169513796,1
3474-BAFSJ,NO,MALE,0,YES,NO,57,NO,NO,DSL,NO,YES,YES,YES,YES,YES,TWO YEAR,YES,BANK TRANSFER (AUTOMATIC),57.5,3265.95,1.8889618922470433,0
3481-JHUZH,NO,MALE,0,YES,NO,41,YES,YES,FIBER OPTIC,NO,YES,NO,NO,NO,NO,MONTH-TO-MONTH,YES,ELECTRONIC CHECK,80.25,3439.0,2.636333771353482,0
3482-ABPKK,NO,FEMALE,0,NO,NO,28,YES,NO,DSL,YES,NO,NO,YES,NO,NO,ONE YEAR,NO,MAILED CHECK,54.3,1546.3,1.7838370565045991,0
3486-HOOGQ,NO,FEMALE,0,YES,YES,70,YES,YES,DSL,YES,YES,YES,YES,YES,NO,TWO YEAR,NO,BANK TRANSFER (AUTOMATIC),79.7,5743.3,2.6182654402102497,0
3486-KHMLI,NO,MALE,0,NO,YES,21,YES,YES,NO,NO,NO,NO,NO,NO,NO,MONTH-TO-MONTH,NO,MAILED CHECK,24.7,467.15,0.8114323258869908,0
3486-NPGST,NO,FEMALE,0,NO,NO,36,YES,NO,NO,NO,NO,NO,NO,NO,NO,ONE YEAR,NO,MAILED CHECK,19.55,620.75,0.6422470433639947,0
3487-EARAT,NO,FEMALE,0,YES,YES,70,YES,NO,DSL,YES,YES,YES,YES,NO,YES,ONE YEAR,NO,CREDIT CARD (AUTOMATIC),74.1,5222.3,2.434296977660972,0
3488-PGMQJ,YES,MALE,1,NO,NO,8,YES,NO,FIBER OPTIC,NO,YES,NO,NO,NO,NO,MONTH-TO-MONTH,YES,ELECTRONIC CHECK,74.5,606.55,2.447437582128778,1
3489-HHPFY,NO,FEMALE,0,YES,NO,2,YES,YES,FIBER OPTIC,NO,NO,NO,NO,YES,NO,MONTH-TO-MONTH,YES,ELECTRONIC CHECK,84.05,134.05,2.7611695137976344,0
3489-VSFRD,NO,FEMALE,0,NO,NO,56,YES,NO,DSL,YES,NO,YES,YES,NO,NO,ONE YEAR,YES,CREDIT CARD (AUTOMATIC),60.25,3282.75,1.9793035479632062,0
3494-JCHRQ,YES,MALE,0,NO,NO,1,YES,NO,FIBER OPTIC,NO,NO,NO,NO,NO,NO,MONTH-TO-MONTH,YES,ELECTRONIC CHECK,70.05,70.05,2.3012483574244413,1
3496-LFSZU,NO,MALE,0,YES,NO,4,YES,NO,FIBER OPTIC,NO,NO,NO,NO,NO,NO,MONTH-TO-MONTH,NO,ELECTRONIC CHECK,70.5,294.2,2.3160315374507228,0
3498-LZGQZ,NO,MALE,0,YES,YES,63,YES,NO,NO,NO,NO,NO,NO,NO,NO,TWO YEAR,YES,MAILED CHECK,19.15,1177.05,0.6291064388961891,0
3500-NSDOA,NO,MALE,0,YES,YES,68,YES,YES,DSL,NO,YES,NO,YES,NO,YES,TWO YEAR,NO,CREDIT CARD (AUTOMATIC),70.8,4859.95,2.325886990801577,0
3500-RMZLT,YES,FEMALE,1,NO,NO,15,YES,NO,FIBER OPTIC,YES,NO,YES,YES,NO,YES,MONTH-TO-MONTH,YES,MAILED CHECK,96.3,1426.75,3.1636005256241786,1
3503-TYDAY,NO,FEMALE,0,YES,NO,43,YES,YES,FIBER OPTIC,NO,YES,NO,NO,NO,NO,MONTH-TO-MONTH,NO,ELECTRONIC CHECK,80.45,3398.9,2.642904073587385,0
3506-LCJDC,YES,MALE,0,YES,YES,1,YES,NO,NO,NO,NO,NO,NO,NO,NO,MONTH-TO-MONTH,NO,BANK TRANSFER (AUTOMATIC),19.95,19.95,0.6553876478318003,1
3506-OVLKD,NO,MALE,0,NO,NO,35,YES,YES,NO,NO,NO,NO,NO,NO,NO,ONE YEAR,NO,BANK TRANSFER (AUTOMATIC),26.2,954.9,0.8607095926412615,0
3507-GASNP,NO,MALE,0,NO,YES,60,YES,NO,NO,NO,NO,NO,NO,NO,NO,TWO YEAR,NO,MAILED CHECK,19.95,1189.9,0.6553876478318003,0
3508-CFVZL,NO,FEMALE,0,NO,NO,71,YES,YES,FIBER OPTIC,YES,YES,YES,YES,YES,YES,TWO YEAR,NO,MAILED CHECK,111.3,7985.9,3.6563731931668855,0
3508-VLHCZ,NO,FEMALE,0,YES,YES,71,YES,YES,DSL,YES,YES,YES,YES,YES,YES,TWO YEAR,YES,CREDIT CARD (AUTOMATIC),90.55,6239.05,2.974704336399474,0
3509-GWQGF,NO,MALE,1,NO,NO,24,YES,NO,FIBER OPTIC,NO,NO,NO,NO,NO,NO,MONTH-TO-MONTH,NO,CREDIT CARD (AUTOMATIC),70.0,1732.6,2.299605781865966,0
3511-APPBJ,NO,MALE,0,NO,NO,23,YES,NO,FIBER OPTIC,YES,NO,YES,NO,YES,YES,ONE YEAR,YES,CREDIT CARD (AUTOMATIC),99.95,2292.75,3.283508541392904,0
3511-BFTJW,NO,MALE,0,YES,YES,72,NO,NO,DSL,YES,YES,YES,NO,NO,NO,TWO YEAR,NO,CREDIT CARD (AUTOMATIC),38.5,2763.0,1.2647831800262812,0
3512-IZIKN,YES,FEMALE,0,YES,NO,70,YES,YES,DSL,YES,NO,YES,YES,NO,NO,TWO YEAR,NO,CREDIT CARD (AUTOMATIC),65.3,4759.75,2.1452036793692506,1
3518-FSTWG,NO,MALE,1,YES,NO,72,YES,YES,FIBER OPTIC,YES,YES,YES,NO,YES,YES,TWO YEAR,YES,BANK TRANSFER (AUTOMATIC),109.55,7920.7,3.598883048620236,0
3518-PZXZQ,NO,FEMALE,0,YES,NO,1,YES,NO,DSL,NO,NO,NO,NO,YES,NO,MONTH-TO-MONTH,YES,MAILED CHECK,55.3,55.3,1.816688567674113,0
3519-ZKXGG,YES,FEMALE,0,YES,NO,3,YES,YES,FIBER OPTIC,NO,NO,NO,NO,NO,NO,MONTH-TO-MONTH,YES,ELECTRONIC CHECK,75.85,256.6,2.4917871222076213,1
3520-FJGCV,NO,MALE,0,YES,YES,72,YES,YES,FIBER OPTIC,YES,YES,YES,YES,YES,YES,TWO YEAR,YES,CREDIT CARD (AUTOMATIC),112.6,8126.65,3.6990801576872534,0
3521-HTQTV,NO,MALE,0,NO,NO,34,YES,YES,NO,NO,NO,NO,NO,NO,NO,TWO YEAR,NO,BANK TRANSFER (AUTOMATIC),26.1,980.35,0.8574244415243101,0
3521-MNKLV,NO,MALE,0,NO,NO,24,YES,NO,DSL,NO,NO,YES,NO,NO,NO,MONTH-TO-MONTH,YES,MAILED CHECK,49.7,1167.8,1.6327201051248357,0
3521-SYVOR,YES,FEMALE,0,NO,NO,37,YES,NO,DSL,NO,NO,NO,NO,YES,YES,MONTH-TO-MONTH,YES,ELECTRONIC CHECK,64.75,2345.2,2.1271353482260182,1
3522-CDKHF,NO,FEMALE,0,YES,NO,32,YES,NO,FIBER OPTIC,YES,NO,NO,NO,NO,NO,MONTH-TO-MONTH,YES,BANK TRANSFER (AUTOMATIC),75.5,2324.7,2.4802890932982917,0
3523-BRGUW,NO,MALE,1,NO,NO,26,YES,NO,NO,NO,NO,NO,NO,NO,NO,ONE YEAR,NO,CREDIT CARD (AUTOMATIC),19.3,504.2,0.6340341655716163,0
3523-QRQLL,YES,FEMALE,0,YES,YES,22,YES,NO,DSL,NO,YES,NO,NO,YES,YES,ONE YEAR,YES,BANK TRANSFER (AUTOMATIC),69.5,1498.2,2.283180026281209,1
3524-WQDSG,NO,FEMALE,0,YES,YES,43,YES,YES,FIBER OPTIC,NO,NO,YES,NO,YES,YES,MONTH-TO-MONTH,YES,BANK TRANSFER (AUTOMATIC),99.3,4209.95,3.26215505913272,0
3525-DVKFN,NO,FEMALE,0,NO,NO,17,YES,NO,NO,NO,NO,NO,NO,NO,NO,TWO YEAR,NO,MAILED CHECK,19.4,358.05,0.6373193166885676,0
3528-HFRIQ,NO,MALE,1,YES,NO,71,NO,NO,DSL,NO,YES,YES,NO,YES,YES,MONTH-TO-MONTH,YES,BANK TRANSFER (AUTOMATIC),52.3,3765.05,1.7181340341655715,0
3530-CRZSB,NO,FEMALE,0,NO,NO,7,YES,NO,NO,NO,NO,NO,NO,NO,NO,MONTH-TO-MONTH,NO,MAILED CHECK,20.65,155.9,0.6783837056504598,0
3530-VWVGU,NO,FEMALE,0,YES,YES,22,YES,NO,NO,NO,NO,NO,NO,NO,NO,MONTH-TO-MONTH,NO,MAILED CHECK,19.9,400.3,0.6537450722733245,0
3533-UVMOM,NO,MALE,0,YES,NO,68,YES,NO,DSL,YES,YES,YES,NO,NO,YES,TWO YEAR,NO,BANK TRANSFER (AUTOMATIC),70.95,4741.45,2.3308147174770038,0
3536-IQCTX,YES,MALE,1,YES,NO,32,YES,YES,FIBER OPTIC,NO,NO,NO,NO,NO,YES,MONTH-TO-MONTH,NO,ELECTRONIC CHECK,85.3,2661.1,2.802233902759527,1
3537-HPKQT,NO,FEMALE,0,YES,NO,55,YES,YES,FIBER OPTIC,NO,YES,NO,NO,NO,NO,MONTH-TO-MONTH,YES,CREDIT CARD (AUTOMATIC),77.75,4266.4,2.5542049934296975,0
3537-RYBHH,NO,FEMALE,1,YES,NO,47,YES,YES,DSL,YES,YES,YES,NO,NO,NO,MONTH-TO-MONTH,YES,CREDIT CARD (AUTOMATIC),67.45,3252.0,2.2158344283837055,0
3538-WZPHD,YES,MALE,0,NO,NO,3,NO,NO,DSL,NO,YES,NO,NO,NO,NO,MONTH-TO-MONTH,YES,ELECTRONIC CHECK,29.6,79.45,0.9724047306176085,1
3540-RZJYU,YES,FEMALE,0,NO,NO,15,YES,NO,FIBER OPTIC,YES,NO,NO,NO,YES,NO,MONTH-TO-MONTH,NO,ELECTRONIC CHECK,86.2,1270.2,2.8318002628120893,1
3541-ZNUHK,NO,FEMALE,0,YES,YES,55,YES,YES,FIBER OPTIC,YES,YES,NO,NO,NO,NO,MONTH-TO-MONTH,YES,ELECTRONIC CHECK,85.1,4600.95,2.7956636005256237,0
3544-FBCAS,NO,FEMALE,0,YES,YES,72,YES,YES,DSL,YES,YES,YES,NO,YES,YES,TWO YEAR,YES,CREDIT CARD (AUTOMATIC),83.6,5959.3,2.746386333771353,0
3545-CNWRG,NO,FEMALE,0,YES,YES,49,YES,YES,FIBER OPTIC,NO,YES,NO,NO,YES,YES,MONTH-TO-MONTH,YES,ELECTRONIC CHECK,98.35,4889.2,3.2309461235216816,0
3546-GHEAE,NO,MALE,0,NO,NO,7,YES,NO,NO,NO,NO,NO,NO,NO,NO,TWO YEAR,NO,MAILED CHECK,19.45,165.35,0.6389618922470434,0
3547-LQRIK,NO,FEMALE,0,YES,NO,47,YES,YES,NO,NO,NO,NO,NO,NO,NO,ONE YEAR,NO,ELECTRONIC CHECK,26.9,1250.85,0.8837056504599211,0
3549-ZTMNH,NO,MALE,0,YES,YES,12,YES,YES,NO,NO,NO,NO,NO,NO,NO,TWO YEAR,YES,BANK TRANSFER (AUTOMATIC),24.0,269.65,0.7884362680683311,0
3550-SAHFP,YES,FEMALE,0,NO,NO,33,YES,YES,FIBER OPTIC,NO,NO,NO,NO,NO,YES,MONTH-TO-MONTH,YES,ELECTRONIC CHECK,83.35,2757.85,2.7381734559789748,1
3551-GAEGL,NO,MALE,0,YES,YES,34,NO,NO,DSL,YES,NO,NO,NO,NO,NO,ONE YEAR,NO,BANK TRANSFER (AUTOMATIC),30.4,938.65,0.9986859395532194,0
3551-HUAZH,YES,MALE,1,NO,NO,1,YES,YES,FIBER OPTIC,NO,NO,NO,NO,NO,NO,MONTH-TO-MONTH,YES,ELECTRONIC CHECK,74.4,74.4,2.4441524310118266,1
3552-CTCYF,NO,MALE,0,YES,YES,63,YES,YES,FIBER OPTIC,NO,YES,YES,NO,YES,YES,TWO YEAR,YES,BANK TRANSFER (AUTOMATIC),104.8,6597.25,3.442838370565046,0
3556-BVQGL,NO,FEMALE,0,YES,NO,20,YES,NO,NO,NO,NO,NO,NO,NO,NO,ONE YEAR,YES,MAILED CHECK,20.0,416.45,0.657030223390276,0
3557-HTYWR,NO,FEMALE,0,NO,NO,47,YES,YES,DSL,YES,YES,NO,YES,NO,YES,TWO YEAR,NO,MAILED CHECK,74.05,3496.3,2.4326544021024965,0
3563-SVYLG,NO,MALE,0,YES,YES,68,YES,NO,DSL,YES,YES,YES,YES,NO,NO,TWO YEAR,NO,CREDIT CARD (AUTOMATIC),62.65,4375.8,2.0581471747700393,0
3565-UNOCC,YES,FEMALE,1,YES,NO,29,YES,YES,FIBER OPTIC,NO,NO,YES,NO,YES,YES,MONTH-TO-MONTH,YES,BANK TRANSFER (AUTOMATIC),99.05,2952.85,3.2539421813403413,1
3566-CAAYU,NO,FEMALE,0,YES,YES,64,NO,NO,DSL,NO,YES,YES,YES,NO,YES,TWO YEAR,NO,ELECTRONIC CHECK,49.85,3210.35,1.6376478318002627,0
3566-HJGPK,NO,MALE,0,NO,NO,1,YES,NO,DSL,NO,NO,NO,NO,NO,NO,MONTH-TO-MONTH,YES,MAILED CHECK,45.55,45.55,1.4963863337713532,0
3566-VVORZ,NO,FEMALE,0,YES,NO,12,YES,NO,DSL,NO,NO,NO,NO,NO,NO,MONTH-TO-MONTH,NO,BANK TRANSFER (AUTOMATIC),45.9,505.95,1.5078843626806833,0
3567-PQTSO,NO,MALE,0,YES,YES,53,YES,YES,FIBER OPTIC,NO,YES,YES,NO,YES,YES,ONE YEAR,YES,ELECTRONIC CHECK,105.25,5576.3,3.4576215505913273,0
3569-EDBPQ,NO,FEMALE,0,NO,NO,24,YES,YES,FIBER OPTIC,YES,NO,NO,YES,NO,NO,MONTH-TO-MONTH,YES,ELECTRONIC CHECK,84.35,1938.05,2.7710249671484886,0
3569-JFODW,NO,FEMALE,0,YES,YES,72,YES,YES,DSL,YES,YES,YES,YES,YES,YES,TWO YEAR,NO,CREDIT CARD (AUTOMATIC),90.95,6652.45,2.98784494086728,0
3569-VLDHH,NO,MALE,0,YES,YES,66,YES,NO,DSL,YES,YES,YES,YES,YES,NO,ONE YEAR,YES,ELECTRONIC CHECK,75.1,5013.0,2.4671484888304858,0
3570-YUEKJ,NO,FEMALE,0,NO,NO,42,YES,NO,DSL,NO,YES,NO,NO,NO,NO,MONTH-TO-MONTH,YES,ELECTRONIC CHECK,49.55,2077.95,1.6277923784494086,0
3571-DPYUH,NO,MALE,0,YES,YES,58,YES,YES,FIBER OPTIC,NO,YES,NO,YES,YES,NO,ONE YEAR,YES,CREDIT CARD (AUTOMATIC),94.7,5430.35,3.1110381077529565,0
3571-RFHAR,YES,MALE,0,NO,NO,65,YES,YES,FIBER OPTIC,NO,YES,YES,YES,YES,YES,MONTH-TO-MONTH,YES,ELECTRONIC CHECK,109.15,6941.2,3.585742444152431,1
3572-UOLYZ,NO,FEMALE,0,NO,YES,46,YES,YES,FIBER OPTIC,NO,NO,YES,YES,NO,NO,MONTH-TO-MONTH,YES,BANK TRANSFER (AUTOMATIC),84.8,3958.85,2.78580814717477,0
3572-UUHRS,NO,MALE,0,NO,NO,45,YES,NO,NO,NO,NO,NO,NO,NO,NO,ONE YEAR,NO,BANK TRANSFER (AUTOMATIC),18.85,867.3,0.6192509855453351,0
3577-AMVUX,NO,MALE,0,NO,NO,1,YES,NO,DSL,NO,NO,YES,YES,NO,NO,MONTH-TO-MONTH,NO,MAILED CHECK,55.05,55.05,1.8084756898817345,0
3580-GICBM,NO,FEMALE,0,YES,YES,61,YES,YES,NO,NO,NO,NO,NO,NO,NO,TWO YEAR,YES,MAILED CHECK,24.2,1445.2,0.7950065703022339,0
3580-HYCSP,NO,MALE,0,YES,YES,72,YES,YES,FIBER OPTIC,YES,YES,YES,NO,YES,YES,TWO YEAR,YES,BANK TRANSFER (AUTOMATIC),110.3,7966.9,3.6235216819973717,0
3580-REOAC,YES,MALE,0,NO,NO,10,YES,NO,DSL,NO,NO,NO,NO,NO,NO,MONTH-TO-MONTH,YES,CREDIT CARD (AUTOMATIC),44.85,435.4,1.4733902759526938,1
3583-EKAPL,YES,MALE,0,NO,NO,1,YES,NO,DSL,NO,NO,NO,NO,NO,YES,MONTH-TO-MONTH,YES,ELECTRONIC CHECK,55.0,55.0,1.8068331143232588,1
3583-KRKMD,NO,MALE,0,NO,NO,18,YES,NO,FIBER OPTIC,NO,NO,NO,YES,NO,NO,MONTH-TO-MONTH,YES,BANK TRANSFER (AUTOMATIC),75.9,1373.05,2.4934296977660972,0
3584-WKTTW,NO,MALE,0,YES,NO,51,YES,YES,FIBER OPTIC,YES,NO,YES,YES,YES,YES,ONE YEAR,YES,ELECTRONIC CHECK,111.55,5720.35,3.6645860709592637,0
3585-ISXZP,YES,FEMALE,0,NO,NO,8,YES,YES,FIBER OPTIC,NO,NO,NO,NO,YES,YES,MONTH-TO-MONTH,NO,BANK TRANSFER (AUTOMATIC),95.65,778.1,3.142247043363995,1
3585-YNADK,NO,FEMALE,0,YES,NO,57,YES,YES,DSL,NO,YES,YES,YES,YES,NO,ONE YEAR,NO,BANK TRANSFER (AUTOMATIC),74.6,4368.95,2.450722733245729,0
3587-PMCOY,NO,MALE,0,NO,NO,10,YES,NO,FIBER OPTIC,YES,NO,YES,NO,YES,YES,ONE YEAR,YES,ELECTRONIC CHECK,98.9,1064.95,3.2490144546649145,0
3588-WSTTJ,NO,FEMALE,1,NO,NO,35,YES,YES,FIBER OPTIC,YES,NO,NO,NO,YES,YES,MONTH-TO-MONTH,YES,ELECTRONIC CHECK,99.05,3554.6,3.2539421813403413,0
3589-PPVKW,NO,MALE,0,NO,NO,9,YES,NO,DSL,NO,NO,NO,NO,NO,NO,MONTH-TO-MONTH,YES,MAILED CHECK,44.4,348.15,1.4586070959264126,0
3590-TCXTB,NO,MALE,0,NO,NO,1,YES,NO,NO,NO,NO,NO,NO,NO,NO,MONTH-TO-MONTH,NO,MAILED CHECK,20.35,20.35,0.6685282522996058,0
3594-BDSOA,NO,FEMALE,0,YES,NO,24,YES,NO,NO,NO,NO,NO,NO,NO,NO,ONE YEAR,NO,CREDIT CARD (AUTOMATIC),20.4,482.8,0.6701708278580814,0
3594-IVHJZ,NO,FEMALE,0,NO,NO,2,YES,NO,NO,NO,NO,NO,NO,NO,NO,MONTH-TO-MONTH,YES,MAILED CHECK,20.45,42.45,0.6718134034165572,0
3594-KADLU,NO,MALE,0,YES,NO,3,NO,NO,DSL,YES,NO,NO,YES,NO,NO,MONTH-TO-MONTH,NO,MAILED CHECK,35.1,101.1,1.1530880420499343,0
3594-UVONA,YES,FEMALE,0,NO,NO,35,YES,YES,DSL,YES,NO,YES,YES,YES,YES,ONE YEAR,YES,CREDIT CARD (AUTOMATIC),85.95,3110.1,2.823587385019711,1
3597-MVHJT,NO,FEMALE,0,NO,NO,27,YES,YES,FIBER OPTIC,NO,NO,NO,NO,YES,YES,MONTH-TO-MONTH,YES,BANK TRANSFER (AUTOMATIC),95.6,2595.25,3.140604467805519,0
3597-YASZG,NO,FEMALE,1,YES,NO,70,YES,YES,FIBER OPTIC,NO,YES,NO,YES,YES,YES,TWO YEAR,YES,BANK TRANSFER (AUTOMATIC),104.45,7349.35,3.431340341655716,0
3604-WLABM,NO,FEMALE,0,NO,NO,10,YES,NO,DSL,NO,NO,YES,YES,NO,NO,MONTH-TO-MONTH,NO,ELECTRONIC CHECK,54.25,583.0,1.7821944809461234,0
3605-JISKB,NO,MALE,1,YES,NO,55,YES,YES,DSL,YES,YES,NO,NO,NO,NO,ONE YEAR,NO,CREDIT CARD (AUTOMATIC),60.0,3316.1,1.9710906701708277,0
3606-SBKRY,NO,MALE,0,NO,NO,31,NO,NO,DSL,NO,NO,YES,NO,YES,YES,ONE YEAR,YES,ELECTRONIC CHECK,50.05,1523.4,1.6442181340341655,0
3606-TWKGI,YES,MALE,1,NO,NO,13,YES,YES,FIBER OPTIC,NO,YES,YES,NO,YES,YES,MONTH-TO-MONTH,YES,ELECTRONIC CHECK,106.9,1364.3,3.511826544021025,1
3612-YUNGG,NO,MALE,0,YES,YES,64,YES,YES,FIBER OPTIC,NO,YES,YES,YES,YES,YES,TWO YEAR,YES,CREDIT CARD (AUTOMATIC),109.2,6741.15,3.5873850197109065,0
3612-YVGSJ,NO,FEMALE,0,YES,NO,71,YES,YES,NO,NO,NO,NO,NO,NO,NO,TWO YEAR,YES,CREDIT CARD (AUTOMATIC),24.45,1681.6,0.8032194480946123,0
3617-XLSGQ,NO,FEMALE,0,YES,YES,66,YES,YES,FIBER OPTIC,YES,YES,YES,NO,YES,YES,TWO YEAR,NO,BANK TRANSFER (AUTOMATIC),109.25,7082.5,3.5890275952693824,0
3620-EHIMZ,NO,FEMALE,0,YES,YES,52,YES,NO,NO,NO,NO,NO,NO,NO,NO,TWO YEAR,NO,MAILED CHECK,19.35,1031.7,0.635676741130092,0
3620-MWJNE,NO,MALE,0,NO,NO,2,YES,NO,DSL,YES,NO,NO,YES,NO,NO,MONTH-TO-MONTH,YES,MAILED CHECK,54.45,87.3,1.7887647831800264,0
3621-CEOVK,YES,FEMALE,1,YES,NO,14,YES,YES,FIBER OPTIC,NO,YES,NO,NO,YES,YES,MONTH-TO-MONTH,YES,ELECTRONIC CHECK,100.2,1369.8,3.2917214191852824,1
3621-CHYVB,NO,FEMALE,0,YES,NO,57,NO,NO,DSL,YES,NO,YES,YES,NO,YES,MONTH-TO-MONTH,YES,BANK TRANSFER (AUTOMATIC),49.9,2782.4,1.6392904073587384,0
3623-FQBOX,NO,MALE,0,NO,NO,21,YES,NO,NO,NO,NO,NO,NO,NO,NO,MONTH-TO-MONTH,YES,MAILED CHECK,19.95,416.4,0.6553876478318003,0
3627-FCRDW,YES,FEMALE,0,NO,NO,9,YES,NO,FIBER OPTIC,NO,NO,NO,NO,NO,NO,MONTH-TO-MONTH,NO,ELECTRONIC CHECK,71.0,672.55,2.3324572930354797,1
3627-FHKBK,YES,FEMALE,0,NO,NO,1,YES,NO,FIBER OPTIC,YES,NO,NO,NO,NO,NO,MONTH-TO-MONTH,NO,MAILED CHECK,75.3,75.3,2.473718791064389,1
3629-WEAAM,NO,FEMALE,0,NO,NO,8,YES,NO,DSL,NO,NO,YES,YES,NO,YES,MONTH-TO-MONTH,NO,MAILED CHECK,64.1,504.05,2.105781865965834,0
3629-ZNKXA,NO,MALE,1,NO,NO,17,YES,NO,FIBER OPTIC,NO,YES,YES,NO,YES,YES,MONTH-TO-MONTH,YES,ELECTRONIC CHECK,101.8,1752.45,3.3442838370565044,0
3633-CDBUW,NO,MALE,0,NO,YES,17,YES,NO,DSL,NO,YES,YES,YES,YES,YES,ONE YEAR,NO,ELECTRONIC CHECK,80.85,1445.95,2.6560446780551903,0
3635-JBPSG,NO,FEMALE,0,NO,NO,15,NO,NO,DSL,NO,YES,NO,NO,NO,YES,TWO YEAR,YES,MAILED CHECK,38.8,603.0,1.2746386333771351,0
3635-QQRQD,NO,MALE,0,NO,NO,62,YES,NO,NO,NO,NO,NO,NO,NO,NO,TWO YEAR,YES,CREDIT CARD (AUTOMATIC),20.05,1201.65,0.6586727989487516,0
3638-DIMPH,NO,FEMALE,0,YES,NO,13,YES,NO,DSL,NO,NO,NO,NO,NO,NO,ONE YEAR,NO,ELECTRONIC CHECK,43.8,592.65,1.438896189224704,0
3638-VBZTA,NO,MALE,0,NO,YES,68,YES,YES,DSL,YES,YES,NO,YES,YES,YES,TWO YEAR,YES,BANK TRANSFER (AUTOMATIC),86.5,5882.75,2.8416557161629434,0
3638-WEABW,NO,FEMALE,0,YES,NO,58,YES,YES,DSL,NO,YES,NO,YES,NO,NO,TWO YEAR,YES,CREDIT CARD (AUTOMATIC),59.9,3505.1,1.9678055190538764,0
3639-XJHKQ,NO,FEMALE,0,NO,YES,19,YES,NO,DSL,YES,YES,YES,NO,NO,NO,MONTH-TO-MONTH,YES,ELECTRONIC CHECK,60.6,1297.8,1.990801576872536,0
3640-JQGJG,NO,MALE,0,YES,YES,13,YES,NO,DSL,NO,NO,NO,NO,NO,NO,MONTH-TO-MONTH,NO,BANK TRANSFER (AUTOMATIC),44.8,559.2,1.4717477003942179,0
3640-PHQXK,YES,FEMALE,0,NO,NO,31,YES,YES,FIBER OPTIC,NO,NO,YES,NO,NO,YES,MONTH-TO-MONTH,YES,ELECTRONIC CHECK,89.9,2806.9,2.9533508541392903,1
3642-BYHDO,NO,FEMALE,0,YES,YES,71,YES,NO,NO,NO,NO,NO,NO,NO,NO,TWO YEAR,NO,BANK TRANSFER (AUTOMATIC),19.9,1389.35,0.6537450722733245,0
3642-GKTCT,NO,FEMALE,0,NO,NO,61,YES,YES,FIBER OPTIC,YES,YES,YES,YES,YES,YES,ONE YEAR,YES,MAILED CHECK,115.1,6993.65,3.781208935611038,0
3643-AHCFP,YES,MALE,1,YES,NO,7,YES,YES,FIBER OPTIC,NO,NO,NO,NO,YES,YES,MONTH-TO-MONTH,YES,BANK TRANSFER (AUTOMATIC),95.6,644.35,3.140604467805519,1
3644-QXEHN,NO,MALE,0,YES,YES,13,YES,NO,FIBER OPTIC,NO,NO,YES,NO,YES,YES,MONTH-TO-MONTH,NO,ELECTRONIC CHECK,97.0,1334.45,3.1865965834428382,0
3645-DEYGF,NO,MALE,0,NO,YES,1,YES,NO,NO,NO,NO,NO,NO,NO,NO,MONTH-TO-MONTH,NO,MAILED CHECK,20.75,20.75,0.6816688567674113,0
3646-ITDGM,NO,FEMALE,0,NO,NO,56,YES,NO,NO,NO,NO,NO,NO,NO,NO,TWO YEAR,NO,BANK TRANSFER (AUTOMATIC),19.7,1051.9,0.6471747700394218,0
3647-GMGDH,YES,MALE,0,YES,NO,22,YES,NO,FIBER OPTIC,NO,NO,YES,NO,YES,YES,MONTH-TO-MONTH,YES,CREDIT CARD (AUTOMATIC),94.7,1914.9,3.1110381077529565,1
3648-GZPHF,NO,MALE,0,YES,YES,32,NO,NO,DSL,NO,NO,YES,YES,NO,NO,ONE YEAR,YES,MAILED CHECK,36.25,1151.05,1.1908672798948752,0
3649-JPUGY,NO,MALE,0,NO,NO,72,YES,YES,DSL,NO,YES,YES,YES,YES,YES,TWO YEAR,YES,BANK TRANSFER (AUTOMATIC),88.6,6201.95,2.910643889618922,0
3653-NCRDJ,NO,MALE,0,YES,YES,43,YES,NO,NO,NO,NO,NO,NO,NO,NO,ONE YEAR,YES,MAILED CHECK,19.2,776.25,0.6307490144546649,0
3654-ARMGP,NO,FEMALE,0,NO,NO,61,YES,YES,DSL,NO,YES,YES,YES,YES,YES,TWO YEAR,NO,CREDIT CARD (AUTOMATIC),88.65,5321.25,2.9122864651773983,0
3655-SNQYZ,NO,FEMALE,0,YES,YES,69,YES,YES,FIBER OPTIC,YES,YES,YES,YES,YES,YES,TWO YEAR,NO,CREDIT CARD (AUTOMATIC),113.25,7895.15,3.7204336399474376,0
3656-TKRVZ,YES,FEMALE,0,NO,NO,3,YES,NO,DSL,YES,YES,NO,NO,NO,NO,MONTH-TO-MONTH,NO,ELECTRONIC CHECK,55.35,165.2,1.8183311432325886,1
3657-COGMW,NO,FEMALE,1,NO,NO,52,YES,YES,FIBER OPTIC,YES,YES,YES,NO,YES,YES,MONTH-TO-MONTH,NO,CREDIT CARD (AUTOMATIC),108.1,5839.3,3.5512483574244413,0
3658-KIBGF,YES,FEMALE,0,NO,NO,1,YES,NO,DSL,YES,YES,NO,NO,NO,NO,MONTH-TO-MONTH,YES,ELECTRONIC CHECK,54.9,54.9,1.8035479632063074,1
3658-QQJYD,NO,MALE,0,NO,NO,62,YES,NO,DSL,YES,YES,NO,NO,YES,YES,ONE YEAR,YES,CREDIT CARD (AUTOMATIC),74.3,4698.05,2.440867279894875,0
3662-FXJFO,NO,FEMALE,0,NO,NO,54,YES,NO,NO,NO,NO,NO,NO,NO,NO,TWO YEAR,YES,MAILED CHECK,20.5,1035.7,0.6734559789750328,0
3663-MITLP,YES,FEMALE,0,NO,NO,15,YES,NO,FIBER OPTIC,NO,YES,YES,NO,YES,YES,MONTH-TO-MONTH,YES,ELECTRONIC CHECK,101.25,1457.25,3.326215505913272,1
3665-JATSN,NO,FEMALE,0,NO,NO,19,NO,NO,DSL,NO,YES,NO,NO,NO,YES,MONTH-TO-MONTH,YES,ELECTRONIC CHECK,39.7,710.05,1.3042049934296978,0
3668-QPYBK,YES,MALE,0,NO,NO,2,YES,NO,DSL,YES,YES,NO,NO,NO,NO,MONTH-TO-MONTH,YES,MAILED CHECK,53.85,108.15,1.769053876478318,1
3669-LVWZB,YES,MALE,0,NO,NO,5,NO,NO,DSL,NO,YES,NO,NO,YES,YES,MONTH-TO-MONTH,YES,MAILED CHECK,51.0,305.95,1.6754270696452036,1
3669-OYSJI,YES,MALE,0,NO,NO,1,YES,NO,DSL,NO,NO,NO,NO,NO,NO,MONTH-TO-MONTH,NO,CREDIT CARD (AUTOMATIC),46.2,46.2,1.5177398160315374,1
3669-WHAFY,NO,FEMALE,0,YES,NO,71,YES,YES,FIBER OPTIC,YES,YES,YES,YES,YES,YES,TWO YEAR,YES,CREDIT CARD (AUTOMATIC),115.15,8078.1,3.782851511169514,0
3671-SHRSP,YES,MALE,0,YES,NO,4,YES,NO,FIBER OPTIC,NO,NO,YES,YES,NO,NO,MONTH-TO-MONTH,YES,MAILED CHECK,80.6,319.15,2.6478318002628116,1
3672-YITQD,YES,MALE,1,YES,NO,36,YES,YES,FIBER OPTIC,NO,NO,NO,NO,NO,YES,MONTH-TO-MONTH,YES,ELECTRONIC CHECK,84.1,3021.6,2.76281208935611,1
3675-EQOZA,NO,MALE,0,NO,NO,5,YES,NO,NO,NO,NO,NO,NO,NO,NO,MONTH-TO-MONTH,NO,BANK TRANSFER (AUTOMATIC),20.65,93.55,0.6783837056504598,0
3675-YDUPJ,NO,MALE,0,NO,NO,10,YES,NO,NO,NO,NO,NO,NO,NO,NO,MONTH-TO-MONTH,YES,MAILED CHECK,19.85,193.05,0.6521024967148489,0
3677-IYRBF,YES,FEMALE,1,NO,NO,2,NO,NO,DSL,NO,NO,YES,NO,NO,NO,MONTH-TO-MONTH,YES,ELECTRONIC CHECK,30.4,78.65,0.9986859395532194,1
3677-TNKIO,YES,FEMALE,0,NO,NO,14,YES,NO,FIBER OPTIC,NO,NO,NO,NO,NO,NO,MONTH-TO-MONTH,YES,CREDIT CARD (AUTOMATIC),71.0,914.0,2.3324572930354797,1
3678-MNGZX,NO,MALE,0,YES,YES,68,YES,NO,NO,NO,NO,NO,NO,NO,NO,TWO YEAR,NO,BANK TRANSFER (AUTOMATIC),19.95,1377.7,0.6553876478318003,0
3679-XASPY,NO,FEMALE,0,YES,YES,1,YES,NO,NO,NO,NO,NO,NO,NO,NO,MONTH-TO-MONTH,NO,ELECTRONIC CHECK,19.45,19.45,0.6389618922470434,0
3680-CTHUH,NO,MALE,0,NO,NO,60,YES,YES,FIBER OPTIC,YES,YES,YES,YES,YES,YES,ONE YEAR,YES,CREDIT CARD (AUTOMATIC),116.6,7049.5,3.8304862023653086,0
3682-YEUWS,NO,MALE,0,YES,YES,10,YES,YES,NO,NO,NO,NO,NO,NO,NO,MONTH-TO-MONTH,YES,MAILED CHECK,24.4,253.9,0.8015768725361366,0
3683-QKIUE,YES,FEMALE,0,NO,NO,6,YES,NO,DSL,NO,NO,NO,YES,NO,NO,MONTH-TO-MONTH,YES,BANK TRANSFER (AUTOMATIC),50.8,288.05,1.6688567674113008,1
3685-YLCMQ,YES,MALE,0,NO,NO,58,YES,YES,FIBER OPTIC,NO,NO,YES,YES,YES,YES,ONE YEAR,YES,ELECTRONIC CHECK,104.65,6219.6,3.437910643889619,1
3688-FTHLT,NO,FEMALE,0,NO,NO,16,YES,YES,DSL,NO,NO,NO,NO,NO,YES,MONTH-TO-MONTH,YES,BANK TRANSFER (AUTOMATIC),63.05,1067.05,2.071287779237845,0
3689-MOZGR,NO,FEMALE,0,NO,NO,29,NO,NO,DSL,NO,NO,NO,YES,NO,NO,MONTH-TO-MONTH,YES,ELECTRONIC CHECK,31.2,926.2,1.0249671484888305,0
3692-JHONH,NO,FEMALE,1,YES,NO,52,YES,YES,FIBER OPTIC,NO,YES,YES,NO,YES,YES,ONE YEAR,YES,ELECTRONIC CHECK,106.5,5621.85,3.4986859395532193,0
3694-DELSO,NO,MALE,0,YES,YES,4,NO,NO,DSL,YES,NO,NO,NO,YES,NO,MONTH-TO-MONTH,NO,CREDIT CARD (AUTOMATIC),38.55,156.1,1.2664257555847567,0
3694-GLTJM,NO,FEMALE,0,NO,NO,5,YES,NO,NO,NO,NO,NO,NO,NO,NO,MONTH-TO-MONTH,YES,CREDIT CARD (AUTOMATIC),19.65,92.05,0.645532194480946,0
3696-DFHHB,NO,FEMALE,0,NO,NO,68,YES,YES,NO,NO,NO,NO,NO,NO,NO,TWO YEAR,NO,BANK TRANSFER (AUTOMATIC),25.5,1821.8,0.8377135348226018,0
3696-XRIEN,NO,FEMALE,0,NO,NO,50,YES,YES,DSL,YES,NO,YES,YES,YES,YES,ONE YEAR,YES,CREDIT CARD (AUTOMATIC),82.5,4179.1,2.7102496714848883,0
3701-SFMUH,NO,MALE,0,YES,YES,7,YES,NO,DSL,YES,NO,NO,NO,YES,YES,MONTH-TO-MONTH,NO,CREDIT CARD (AUTOMATIC),69.7,516.15,2.2897503285151117,0
3703-KBKZP,NO,MALE,1,NO,NO,16,YES,YES,FIBER OPTIC,NO,NO,NO,NO,NO,NO,MONTH-TO-MONTH,YES,BANK TRANSFER (AUTOMATIC),74.45,1261.35,2.445795006570302,0
3703-TTEPD,NO,MALE,0,NO,NO,21,YES,NO,DSL,YES,NO,YES,NO,YES,NO,MONTH-TO-MONTH,NO,BANK TRANSFER (AUTOMATIC),65.35,1424.4,2.1468462549277265,0
3703-VAVCL,YES,MALE,0,YES,YES,2,YES,NO,FIBER OPTIC,NO,NO,YES,YES,NO,YES,MONTH-TO-MONTH,NO,CREDIT CARD (AUTOMATIC),90.0,190.05,2.9566360052562417,1
3704-IEAXF,NO,FEMALE,0,YES,YES,72,NO,NO,DSL,NO,YES,NO,YES,YES,YES,TWO YEAR,NO,CREDIT CARD (AUTOMATIC),53.65,3784.0,1.7624835742444152,0
3705-PSNGL,YES,MALE,0,NO,NO,45,YES,NO,NO,NO,NO,NO,NO,NO,NO,ONE YEAR,YES,ELECTRONIC CHECK,20.4,930.45,0.6701708278580814,1
3705-RHRFR,NO,FEMALE,0,YES,NO,69,YES,YES,FIBER OPTIC,YES,NO,NO,NO,YES,YES,TWO YEAR,NO,BANK TRANSFER (AUTOMATIC),99.15,6875.35,3.257227332457293,0
3707-GNWHM,YES,MALE,0,NO,NO,1,YES,YES,FIBER OPTIC,NO,NO,NO,NO,NO,NO,MONTH-TO-MONTH,YES,MAILED CHECK,74.25,74.25,2.4392247043363993,1
3707-LRWZD,YES,FEMALE,0,NO,NO,32,YES,YES,FIBER OPTIC,NO,NO,NO,NO,YES,NO,ONE YEAR,NO,ELECTRONIC CHECK,84.05,2781.85,2.7611695137976344,1
3709-OIJEA,NO,MALE,0,NO,NO,26,YES,NO,FIBER OPTIC,NO,YES,YES,YES,NO,NO,ONE YEAR,YES,ELECTRONIC CHECK,85.2,2184.6,2.7989487516425755,0
3712-PKXZA,NO,MALE,0,YES,NO,61,YES,NO,NO,NO,NO,NO,NO,NO,NO,ONE YEAR,YES,CREDIT CARD (AUTOMATIC),20.55,1252.0,0.6750985545335085,0
3714-JTVOV,YES,FEMALE,1,YES,NO,42,YES,NO,FIBER OPTIC,YES,NO,NO,NO,NO,NO,MONTH-TO-MONTH,YES,CREDIT CARD (AUTOMATIC),74.15,3229.4,2.4359395532194483,1
3714-NTNFO,NO,FEMALE,0,NO,NO,49,YES,YES,FIBER OPTIC,NO,NO,NO,NO,NO,YES,MONTH-TO-MONTH,YES,ELECTRONIC CHECK,84.5,3906.7,2.775952693823916,0
3714-XPXBW,NO,FEMALE,0,NO,NO,37,YES,YES,DSL,YES,YES,YES,YES,YES,NO,MONTH-TO-MONTH,YES,CREDIT CARD (AUTOMATIC),78.9,2976.95,2.5919842312746386,0
3716-BDVDB,YES,MALE,0,NO,NO,1,YES,NO,FIBER OPTIC,NO,NO,NO,NO,NO,NO,MONTH-TO-MONTH,YES,ELECTRONIC CHECK,69.1,69.1,2.270039421813403,1
3716-LRGXK,NO,MALE,0,YES,NO,60,YES,YES,FIBER OPTIC,NO,NO,YES,NO,YES,YES,TWO YEAR,NO,CREDIT CARD (AUTOMATIC),101.15,6067.4,3.3229303547963207,0
3716-UVSPD,NO,MALE,0,NO,NO,1,YES,NO,DSL,NO,NO,NO,YES,NO,NO,MONTH-TO-MONTH,YES,ELECTRONIC CHECK,49.3,49.3,1.6195795006570302,0
3717-FDJFU,NO,MALE,0,NO,YES,5,YES,NO,NO,NO,NO,NO,NO,NO,NO,TWO YEAR,NO,MAILED CHECK,20.45,106.9,0.6718134034165572,0
3717-LNXKW,NO,MALE,0,YES,NO,38,YES,YES,FIBER OPTIC,YES,NO,NO,NO,YES,NO,MONTH-TO-MONTH,NO,BANK TRANSFER (AUTOMATIC),91.7,3479.05,3.012483574244415,0
3717-OEAUQ,NO,MALE,0,NO,NO,2,YES,NO,FIBER OPTIC,NO,NO,NO,NO,NO,NO,MONTH-TO-MONTH,NO,MAILED CHECK,70.7,129.2,2.3226018396846255,0
3717-OFRTN,NO,MALE,0,NO,NO,1,YES,NO,NO,NO,NO,NO,NO,NO,NO,MONTH-TO-MONTH,NO,BANK TRANSFER (AUTOMATIC),19.75,19.75,0.6488173455978975,0
3719-TDVQB,NO,FEMALE,1,YES,NO,54,YES,NO,NO,NO,NO,NO,NO,NO,NO,TWO YEAR,YES,MAILED CHECK,18.95,1031.1,0.6225361366622865,0
3720-DBRWL,NO,MALE,0,YES,NO,51,YES,NO,DSL,YES,YES,YES,YES,YES,YES,TWO YEAR,YES,CREDIT CARD (AUTOMATIC),83.85,4307.1,2.7545992115637317,0
3721-CNEYS,YES,FEMALE,0,NO,NO,2,YES,NO,FIBER OPTIC,NO,NO,NO,NO,NO,NO,MONTH-TO-MONTH,YES,ELECTRONIC CHECK,70.95,137.95,2.3308147174770038,1
3721-CNZHX,NO,MALE,0,NO,NO,15,YES,NO,NO,NO,NO,NO,NO,NO,NO,ONE YEAR,NO,MAILED CHECK,19.8,304.6,0.6504599211563732,0
3721-WKIIL,NO,FEMALE,0,NO,NO,27,YES,NO,NO,NO,NO,NO,NO,NO,NO,TWO YEAR,YES,MAILED CHECK,19.6,561.15,0.6438896189224704,0
3722-WPXTK,YES,MALE,0,NO,NO,1,YES,NO,FIBER OPTIC,NO,NO,NO,NO,YES,YES,MONTH-TO-MONTH,YES,ELECTRONIC CHECK,88.35,88.35,2.9024310118265437,1
3723-BFBGR,NO,MALE,1,NO,NO,24,YES,YES,DSL,NO,YES,NO,NO,NO,NO,MONTH-TO-MONTH,NO,CREDIT CARD (AUTOMATIC),54.8,1291.3,1.800262812089356,0
3724-BSCVH,NO,MALE,0,YES,YES,10,YES,NO,NO,NO,NO,NO,NO,NO,NO,ONE YEAR,NO,MAILED CHECK,20.45,242.4,0.6718134034165572,0
3724-UCSHY,NO,MALE,0,YES,YES,6,YES,NO,NO,NO,NO,NO,NO,NO,NO,MONTH-TO-MONTH,NO,MAILED CHECK,19.55,122.9,0.6422470433639947,0
3726-TBHQT,NO,MALE,0,YES,YES,71,YES,YES,FIBER OPTIC,YES,YES,YES,YES,YES,YES,TWO YEAR,YES,BANK TRANSFER (AUTOMATIC),114.0,8175.9,3.7450722733245727,0
3727-JEZTU,NO,FEMALE,0,NO,NO,1,YES,NO,NO,NO,NO,NO,NO,NO,NO,MONTH-TO-MONTH,NO,MAILED CHECK,20.4,20.4,0.6701708278580814,0
3727-OVPRY,NO,MALE,0,YES,YES,66,YES,YES,NO,NO,NO,NO,NO,NO,NO,ONE YEAR,YES,CREDIT CARD (AUTOMATIC),25.7,1714.55,0.8442838370565046,0
3727-OWVYD,NO,MALE,0,NO,NO,35,YES,NO,DSL,YES,YES,YES,NO,NO,NO,ONE YEAR,NO,MAILED CHECK,61.2,2021.2,2.0105124835742445,0
3727-RJMEO,YES,MALE,0,YES,NO,6,YES,YES,FIBER OPTIC,NO,NO,NO,NO,YES,NO,MONTH-TO-MONTH,YES,ELECTRONIC CHECK,82.85,460.25,2.721747700394218,1
3729-OWRVL,NO,MALE,1,NO,NO,65,YES,YES,FIBER OPTIC,YES,NO,YES,YES,YES,YES,TWO YEAR,YES,ELECTRONIC CHECK,110.35,7246.15,3.625164257555847,0
3733-LSYCE,NO,FEMALE,0,YES,NO,15,YES,NO,FIBER OPTIC,NO,YES,NO,NO,NO,NO,MONTH-TO-MONTH,NO,BANK TRANSFER (AUTOMATIC),75.35,1114.55,2.4753613666228644,0
3733-UOCWF,NO,MALE,1,YES,NO,61,YES,YES,FIBER OPTIC,NO,YES,NO,YES,NO,NO,ONE YEAR,YES,BANK TRANSFER (AUTOMATIC),85.55,5251.75,2.810446780551905,0
3733-ZEECP,NO,MALE,0,YES,YES,22,YES,NO,DSL,NO,NO,NO,YES,NO,NO,MONTH-TO-MONTH,YES,ELECTRONIC CHECK,51.1,1232.9,1.678712220762155,0
3736-BLEPA,NO,MALE,0,NO,NO,28,YES,NO,FIBER OPTIC,NO,YES,NO,YES,YES,NO,ONE YEAR,YES,BANK TRANSFER (AUTOMATIC),91.25,2483.65,2.9977003942181337,0
3737-GCSPV,YES,FEMALE,0,YES,NO,11,YES,YES,FIBER OPTIC,YES,NO,NO,YES,YES,NO,MONTH-TO-MONTH,YES,CREDIT CARD (AUTOMATIC),96.2,1222.05,3.160315374507227,1
3737-XBQDD,NO,MALE,0,NO,NO,24,YES,YES,FIBER OPTIC,NO,YES,YES,NO,NO,NO,MONTH-TO-MONTH,YES,BANK TRANSFER (AUTOMATIC),84.85,2048.8,2.7874507227332455,0
3739-YBWAB,NO,MALE,0,YES,NO,36,NO,NO,DSL,YES,NO,YES,NO,NO,NO,ONE YEAR,NO,MAILED CHECK,35.35,1317.95,1.1613009198423128,0
3740-RLMVT,NO,MALE,1,YES,NO,67,YES,NO,DSL,YES,YES,NO,YES,NO,NO,ONE YEAR,YES,BANK TRANSFER (AUTOMATIC),60.95,4119.4,2.002299605781866,0
3744-ZBHON,NO,FEMALE,0,NO,NO,3,YES,NO,NO,NO,NO,NO,NO,NO,NO,MONTH-TO-MONTH,NO,ELECTRONIC CHECK,20.2,65.95,0.6636005256241787,0
3744-ZRRDZ,YES,MALE,0,NO,NO,21,YES,YES,FIBER OPTIC,NO,YES,NO,NO,NO,NO,MONTH-TO-MONTH,YES,ELECTRONIC CHECK,82.35,1852.85,2.705321944809461,1
3745-HRPHI,NO,MALE,0,YES,YES,66,NO,NO,DSL,NO,NO,YES,YES,YES,YES,TWO YEAR,NO,BANK TRANSFER (AUTOMATIC),54.65,3632.0,1.795335085413929,0
3746-EUBYR,YES,MALE,0,YES,NO,1,YES,YES,FIBER OPTIC,NO,NO,NO,NO,NO,NO,MONTH-TO-MONTH,YES,BANK TRANSFER (AUTOMATIC),74.6,74.6,2.450722733245729,1
3748-FVMZZ,NO,MALE,0,NO,NO,4,NO,NO,DSL,NO,NO,NO,YES,NO,YES,MONTH-TO-MONTH,YES,ELECTRONIC CHECK,40.05,162.45,1.3157030223390274,0
3750-CKVKH,YES,MALE,0,NO,NO,2,YES,NO,FIBER OPTIC,NO,NO,NO,NO,NO,NO,MONTH-TO-MONTH,YES,ELECTRONIC CHECK,67.75,116.65,2.2256898817345596,1
3750-RNQKR,NO,FEMALE,0,NO,NO,12,YES,NO,NO,NO,NO,NO,NO,NO,NO,MONTH-TO-MONTH,NO,MAILED CHECK,19.45,246.25,0.6389618922470434,0
3750-YHRYO,NO,MALE,0,YES,YES,7,YES,NO,NO,NO,NO,NO,NO,NO,NO,ONE YEAR,NO,MAILED CHECK,20.65,150.0,0.6783837056504598,0
3751-KTZEL,YES,FEMALE,0,NO,NO,1,NO,NO,DSL,NO,NO,NO,NO,NO,YES,MONTH-TO-MONTH,NO,MAILED CHECK,35.05,35.05,1.1514454664914584,1
3752-CQSJI,NO,FEMALE,0,YES,YES,13,YES,NO,NO,NO,NO,NO,NO,NO,NO,MONTH-TO-MONTH,YES,MAILED CHECK,20.45,254.5,0.6718134034165572,0
3753-TSEMP,YES,FEMALE,0,YES,NO,15,YES,NO,FIBER OPTIC,NO,NO,NO,NO,YES,YES,MONTH-TO-MONTH,NO,ELECTRONIC CHECK,88.15,1390.6,2.8958607095926414,1
3754-DXMRT,YES,MALE,1,NO,NO,2,YES,NO,DSL,NO,NO,NO,NO,NO,NO,MONTH-TO-MONTH,YES,ELECTRONIC CHECK,44.15,92.65,1.4503942181340341,1
3755-JBMNH,YES,MALE,1,YES,NO,16,YES,NO,FIBER OPTIC,NO,NO,NO,NO,NO,NO,MONTH-TO-MONTH,YES,BANK TRANSFER (AUTOMATIC),71.8,1167.8,2.3587385019710907,1
3756-VNWDH,NO,MALE,1,YES,NO,65,YES,YES,FIBER OPTIC,YES,NO,NO,NO,YES,YES,ONE YEAR,YES,ELECTRONIC CHECK,100.75,6674.65,3.309789750328515,0
3757-NJYBX,YES,MALE,1,YES,NO,32,YES,YES,FIBER OPTIC,NO,YES,YES,NO,YES,YES,MONTH-TO-MONTH,NO,BANK TRANSFER (AUTOMATIC),106.35,3520.75,3.493758212877792,1
3758-CKOQL,NO,FEMALE,0,YES,NO,59,YES,YES,FIBER OPTIC,YES,YES,YES,YES,NO,YES,ONE YEAR,YES,CREDIT CARD (AUTOMATIC),107.0,6152.3,3.515111695137976,0
3761-FLYZI,NO,FEMALE,1,YES,NO,65,YES,YES,FIBER OPTIC,NO,YES,YES,NO,YES,YES,MONTH-TO-MONTH,YES,BANK TRANSFER (AUTOMATIC),108.8,7082.45,3.574244415243101,0
3763-GCZHZ,YES,MALE,0,YES,NO,66,YES,YES,FIBER OPTIC,NO,YES,NO,YES,YES,YES,ONE YEAR,YES,ELECTRONIC CHECK,104.05,6890.0,3.4181997371879103,1
3764-MNMOI,NO,MALE,0,NO,NO,46,YES,NO,NO,NO,NO,NO,NO,NO,NO,TWO YEAR,NO,CREDIT CARD (AUTOMATIC),19.2,908.15,0.6307490144546649,0
3765-JXVKY,YES,FEMALE,0,NO,NO,1,YES,NO,FIBER OPTIC,NO,YES,NO,NO,NO,NO,MONTH-TO-MONTH,YES,ELECTRONIC CHECK,74.7,74.7,2.4540078843626807,1
3766-EJLFL,NO,FEMALE,0,YES,YES,68,YES,YES,FIBER OPTIC,YES,NO,YES,YES,YES,YES,TWO YEAR,YES,BANK TRANSFER (AUTOMATIC),109.05,7508.55,3.582457293035479,0
3768-NLUBH,YES,MALE,1,YES,NO,57,YES,YES,FIBER OPTIC,NO,NO,YES,NO,YES,YES,MONTH-TO-MONTH,NO,ELECTRONIC CHECK,100.6,5746.15,3.304862023653088,1
3768-VHXQO,NO,MALE,0,YES,NO,67,YES,YES,NO,NO,NO,NO,NO,NO,NO,TWO YEAR,NO,CREDIT CARD (AUTOMATIC),24.85,1583.5,0.8163600525624178,0
3769-MHZNV,NO,FEMALE,0,YES,YES,33,YES,NO,NO,NO,NO,NO,NO,NO,NO,TWO YEAR,NO,MAILED CHECK,20.1,670.35,0.6603153745072273,0
3771-PZOBW,NO,MALE,0,NO,NO,20,YES,YES,FIBER OPTIC,NO,NO,YES,NO,YES,NO,MONTH-TO-MONTH,YES,CREDIT CARD (AUTOMATIC),90.7,1781.35,2.9796320630749014,0
3774-VBNXY,NO,FEMALE,0,YES,YES,64,YES,NO,NO,NO,NO,NO,NO,NO,NO,TWO YEAR,NO,MAILED CHECK,20.2,1277.75,0.6636005256241787,0
3776-EKTKM,YES,FEMALE,1,NO,NO,1,NO,NO,DSL,NO,NO,NO,NO,YES,NO,MONTH-TO-MONTH,YES,ELECTRONIC CHECK,36.45,36.45,1.197437582128778,1
3777-XROBG,NO,FEMALE,0,YES,YES,58,YES,NO,NO,NO,NO,NO,NO,NO,NO,TWO YEAR,NO,CREDIT CARD (AUTOMATIC),19.55,1079.65,0.6422470433639947,0
3778-FOAQW,NO,FEMALE,0,YES,NO,24,YES,NO,NO,NO,NO,NO,NO,NO,NO,ONE YEAR,NO,MAILED CHECK,20.15,456.85,0.6619579500657029,0
3779-OSWCF,NO,FEMALE,0,YES,NO,71,YES,YES,DSL,YES,YES,YES,YES,YES,YES,TWO YEAR,NO,CREDIT CARD (AUTOMATIC),93.2,6506.15,3.061760840998686,0
3780-DDGSE,NO,MALE,1,YES,YES,35,YES,NO,DSL,NO,YES,NO,YES,YES,YES,MONTH-TO-MONTH,YES,ELECTRONIC CHECK,76.05,2747.2,2.498357424441524,0
3780-YVMFA,NO,FEMALE,0,YES,YES,8,YES,NO,DSL,NO,NO,NO,YES,YES,YES,MONTH-TO-MONTH,YES,ELECTRONIC CHECK,68.55,564.35,2.2519710906701706,0
3785-KTYSH,NO,MALE,0,NO,NO,53,YES,YES,NO,NO,NO,NO,NO,NO,NO,TWO YEAR,NO,MAILED CHECK,24.6,1279.0,0.8081471747700394,0
3785-NRHYR,NO,MALE,0,NO,NO,1,YES,NO,NO,NO,NO,NO,NO,NO,NO,MONTH-TO-MONTH,NO,MAILED CHECK,19.65,19.65,0.645532194480946,0
3786-WOVKF,NO,FEMALE,1,YES,NO,72,YES,YES,FIBER OPTIC,YES,YES,NO,NO,YES,YES,ONE YEAR,YES,BANK TRANSFER (AUTOMATIC),106.85,7677.4,3.510183968462549,0
3787-TRIAL,NO,MALE,0,YES,YES,21,NO,NO,DSL,NO,NO,NO,NO,NO,NO,MONTH-TO-MONTH,YES,ELECTRONIC CHECK,26.05,565.75,0.8557818659658344,0
3791-LGQCY,YES,FEMALE,1,YES,NO,56,YES,YES,FIBER OPTIC,NO,NO,YES,NO,YES,YES,MONTH-TO-MONTH,YES,BANK TRANSFER (AUTOMATIC),100.65,5688.05,3.306504599211564,1
3793-MMFUH,YES,FEMALE,1,NO,NO,13,YES,YES,FIBER OPTIC,NO,NO,NO,NO,YES,YES,MONTH-TO-MONTH,YES,ELECTRONIC CHECK,95.05,1290.0,3.122536136662286,1
3794-NFNCH,NO,MALE,0,YES,NO,30,YES,NO,DSL,NO,NO,YES,NO,NO,NO,MONTH-TO-MONTH,YES,MAILED CHECK,50.0,1474.9,1.6425755584756898,0
3795-CAWEX,NO,MALE,0,YES,YES,70,YES,YES,FIBER OPTIC,YES,YES,YES,YES,YES,YES,TWO YEAR,YES,CREDIT CARD (AUTOMATIC),116.55,8152.3,3.8288436268068327,0
3795-GWTRD,NO,FEMALE,0,YES,YES,63,YES,NO,DSL,YES,YES,YES,YES,YES,NO,TWO YEAR,NO,CREDIT CARD (AUTOMATIC),75.55,4707.85,2.481931668856767,0
3796-ENZGF,NO,MALE,0,YES,NO,63,YES,YES,DSL,NO,YES,NO,YES,NO,YES,TWO YEAR,NO,MAILED CHECK,67.25,4234.15,2.2092641261498027,0
3797-FKOGQ,NO,MALE,0,NO,YES,11,YES,YES,FIBER OPTIC,NO,NO,NO,NO,NO,YES,MONTH-TO-MONTH,NO,ELECTRONIC CHECK,86.2,893.2,2.8318002628120893,0
3797-VTIDR,YES,MALE,0,YES,NO,1,NO,NO,DSL,NO,NO,NO,NO,NO,NO,MONTH-TO-MONTH,YES,ELECTRONIC CHECK,23.45,23.45,0.7703679369250985,1
3798-EPWRR,NO,FEMALE,1,NO,NO,2,YES,NO,DSL,NO,NO,NO,NO,NO,NO,MONTH-TO-MONTH,NO,ELECTRONIC CHECK,43.95,85.1,1.4438239159001314,0
3799-ISUZQ,YES,MALE,0,YES,YES,7,YES,NO,FIBER OPTIC,NO,NO,NO,NO,NO,NO,MONTH-TO-MONTH,YES,BANK TRANSFER (AUTOMATIC),69.95,529.5,2.29796320630749,1
3800-LYTRK,NO,FEMALE,0,NO,NO,14,YES,NO,DSL,YES,NO,NO,YES,NO,NO,ONE YEAR,NO,MAILED CHECK,55.7,795.15,1.8298291721419186,0
3801-HMYNL,YES,MALE,0,YES,YES,1,YES,NO,FIBER OPTIC,NO,NO,NO,NO,YES,YES,MONTH-TO-MONTH,NO,MAILED CHECK,89.15,89.15,2.928712220762155,1
3803-KMQFW,YES,FEMALE,0,YES,YES,1,YES,NO,NO,NO,NO,NO,NO,NO,NO,MONTH-TO-MONTH,NO,MAILED CHECK,20.55,20.55,0.6750985545335085,1
3804-RVTGV,YES,MALE,0,YES,YES,50,YES,YES,FIBER OPTIC,NO,YES,YES,NO,YES,YES,MONTH-TO-MONTH,YES,BANK TRANSFER (AUTOMATIC),103.85,5017.9,3.4116294349540075,1
3806-DXQOM,YES,FEMALE,0,NO,NO,4,NO,NO,DSL,YES,YES,NO,NO,NO,NO,MONTH-TO-MONTH,YES,ELECTRONIC CHECK,33.65,137.85,1.105453350854139,1
3806-YAZOV,NO,FEMALE,0,NO,NO,3,YES,NO,NO,NO,NO,NO,NO,NO,NO,MONTH-TO-MONTH,NO,MAILED CHECK,18.8,56.0,0.6176084099868594,0
3807-BPOMJ,NO,FEMALE,0,YES,NO,55,YES,NO,FIBER OPTIC,YES,NO,NO,NO,YES,YES,ONE YEAR,YES,ELECTRONIC CHECK,94.75,5276.1,3.112680683311432,0
3807-XHCJH,NO,FEMALE,0,YES,YES,1,YES,NO,NO,NO,NO,NO,NO,NO,NO,MONTH-TO-MONTH,NO,ELECTRONIC CHECK,20.0,20.0,0.657030223390276,0
3808-HFKDE,NO,FEMALE,0,NO,NO,20,YES,NO,DSL,NO,NO,NO,NO,NO,NO,MONTH-TO-MONTH,YES,ELECTRONIC CHECK,44.35,927.15,1.4569645203679369,0
3810-DVDQQ,NO,FEMALE,0,YES,YES,72,YES,YES,FIBER OPTIC,YES,YES,YES,YES,YES,YES,TWO YEAR,YES,BANK TRANSFER (AUTOMATIC),117.6,8308.9,3.8633377135348224,0
3810-PJUHR,NO,MALE,0,YES,YES,70,YES,YES,NO,NO,NO,NO,NO,NO,NO,TWO YEAR,NO,MAILED CHECK,25.35,1715.15,0.8327858081471747,0
3811-VBYBZ,YES,MALE,0,NO,NO,7,YES,YES,FIBER OPTIC,NO,YES,NO,NO,YES,YES,MONTH-TO-MONTH,YES,ELECTRONIC CHECK,99.8,673.25,3.278580814717477,1
3812-LRZIR,NO,FEMALE,0,YES,YES,27,YES,YES,NO,NO,NO,NO,NO,NO,NO,TWO YEAR,NO,ELECTRONIC CHECK,24.5,761.95,0.804862023653088,0
3813-DHBBB,NO,MALE,0,YES,NO,67,NO,NO,DSL,YES,YES,NO,YES,NO,YES,TWO YEAR,YES,BANK TRANSFER (AUTOMATIC),50.95,3521.7,1.673784494086728,0
3814-MLAXC,YES,FEMALE,0,NO,NO,31,YES,YES,FIBER OPTIC,NO,NO,NO,YES,NO,NO,MONTH-TO-MONTH,YES,CREDIT CARD (AUTOMATIC),79.85,2404.15,2.6231931668856765,1
3815-SLMEF,YES,FEMALE,0,NO,NO,3,NO,NO,DSL,YES,NO,NO,YES,NO,NO,MONTH-TO-MONTH,NO,MAILED CHECK,34.25,139.35,1.1251642575558476,1
3823-KYNQY,NO,MALE,0,NO,NO,12,YES,YES,NO,NO,NO,NO,NO,NO,NO,ONE YEAR,NO,CREDIT CARD (AUTOMATIC),24.95,280.4,0.8196452036793692,0
3824-RHKVR,NO,FEMALE,0,NO,NO,17,YES,NO,NO,NO,NO,NO,NO,NO,NO,MONTH-TO-MONTH,NO,CREDIT CARD (AUTOMATIC),19.7,340.35,0.6471747700394218,0
3831-YCPUO,NO,FEMALE,0,YES,YES,72,YES,NO,FIBER OPTIC,YES,YES,YES,YES,YES,YES,TWO YEAR,YES,CREDIT CARD (AUTOMATIC),109.5,7854.9,3.5972404730617606,0
3834-XUIFC,YES,MALE,0,NO,NO,7,YES,YES,FIBER OPTIC,NO,NO,NO,NO,NO,YES,MONTH-TO-MONTH,YES,MAILED CHECK,85.2,602.55,2.7989487516425755,1
3836-FZSDJ,NO,MALE,1,YES,NO,71,YES,YES,NO,NO,NO,NO,NO,NO,NO,TWO YEAR,NO,BANK TRANSFER (AUTOMATIC),24.85,1901.0,0.8163600525624178,0
3838-OZURD,YES,MALE,0,YES,NO,66,YES,YES,FIBER OPTIC,NO,YES,YES,NO,YES,YES,MONTH-TO-MONTH,YES,CREDIT CARD (AUTOMATIC),105.0,7133.25,3.4494086727989486,1
3841-CONLJ,NO,FEMALE,0,YES,NO,1,NO,NO,DSL,NO,NO,NO,NO,NO,YES,MONTH-TO-MONTH,NO,ELECTRONIC CHECK,35.0,35.0,1.149802890932983,0
3841-NFECX,NO,FEMALE,1,YES,NO,71,YES,YES,FIBER OPTIC,YES,YES,YES,YES,NO,NO,TWO YEAR,YES,CREDIT CARD (AUTOMATIC),96.35,6766.95,3.165243101182654,0
3842-IYKUE,YES,FEMALE,0,NO,NO,35,YES,YES,FIBER OPTIC,NO,YES,NO,YES,NO,NO,MONTH-TO-MONTH,NO,CREDIT CARD (AUTOMATIC),85.3,2917.5,2.802233902759527,1
3842-QTGDL,NO,MALE,0,YES,NO,16,YES,NO,FIBER OPTIC,YES,YES,NO,NO,NO,NO,MONTH-TO-MONTH,NO,BANK TRANSFER (AUTOMATIC),80.75,1321.3,2.652759526938239,0
3845-FXCYS,NO,MALE,0,NO,NO,2,YES,NO,NO,NO,NO,NO,NO,NO,NO,MONTH-TO-MONTH,YES,ELECTRONIC CHECK,19.65,31.2,0.645532194480946,0
3845-JHAMY,NO,FEMALE,0,YES,YES,16,NO,NO,DSL,NO,NO,NO,NO,NO,YES,MONTH-TO-MONTH,YES,CREDIT CARD (AUTOMATIC),35.5,552.7,1.1662286465177398,0
3847-BAERP,NO,FEMALE,0,NO,NO,10,YES,NO,NO,NO,NO,NO,NO,NO,NO,MONTH-TO-MONTH,YES,MAILED CHECK,20.9,247.0,0.6865965834428382,0
3850-OKINF,NO,MALE,0,YES,YES,71,YES,YES,DSL,YES,NO,NO,NO,YES,NO,ONE YEAR,YES,ELECTRONIC CHECK,66.2,4692.55,2.1747700394218135,0
3853-LYGAM,NO,MALE,0,NO,NO,17,YES,YES,FIBER OPTIC,NO,NO,YES,YES,NO,YES,MONTH-TO-MONTH,YES,BANK TRANSFER (AUTOMATIC),95.65,1640.0,3.142247043363995,0
3855-ONCAR,NO,FEMALE,0,YES,YES,4,YES,NO,FIBER OPTIC,NO,NO,NO,NO,YES,NO,MONTH-TO-MONTH,YES,MAILED CHECK,78.9,299.75,2.5919842312746386,0
3858-VOBET,YES,MALE,0,NO,NO,23,YES,YES,FIBER OPTIC,NO,NO,NO,NO,NO,NO,MONTH-TO-MONTH,YES,ELECTRONIC CHECK,74.95,1710.45,2.462220762155059,1
3858-XHYJO,NO,FEMALE,0,YES,NO,40,YES,YES,FIBER OPTIC,YES,NO,YES,NO,YES,YES,ONE YEAR,NO,BANK TRANSFER (AUTOMATIC),105.75,4228.55,3.474047306176084,0
3859-CVCET,YES,FEMALE,0,NO,NO,4,YES,NO,DSL,NO,NO,NO,NO,NO,NO,MONTH-TO-MONTH,NO,MAILED CHECK,45.65,191.05,1.4996714848883048,1
3863-IUBJR,YES,MALE,0,YES,YES,12,YES,NO,DSL,NO,NO,NO,NO,NO,YES,ONE YEAR,NO,CREDIT CARD (AUTOMATIC),53.65,696.35,1.7624835742444152,1
3863-QSTYI,NO,MALE,0,NO,NO,59,YES,NO,DSL,NO,NO,YES,YES,YES,NO,MONTH-TO-MONTH,YES,ELECTRONIC CHECK,64.65,3735.45,2.1238501971090673,0
3865-QBWSJ,NO,MALE,1,NO,YES,38,YES,YES,FIBER OPTIC,YES,NO,NO,NO,NO,NO,MONTH-TO-MONTH,YES,MAILED CHECK,80.45,3162.65,2.642904073587385,0
3865-YIOTT,NO,MALE,0,YES,YES,72,YES,YES,FIBER OPTIC,YES,NO,YES,NO,YES,YES,ONE YEAR,YES,BANK TRANSFER (AUTOMATIC),106.1,7848.5,3.4855453350854138,0
3865-ZFZIB,NO,MALE,0,NO,NO,19,YES,NO,NO,NO,NO,NO,NO,NO,NO,TWO YEAR,NO,MAILED CHECK,19.65,358.15,0.645532194480946,0
3865-ZYKAD,NO,MALE,1,YES,NO,69,YES,YES,FIBER OPTIC,YES,YES,NO,NO,NO,NO,MONTH-TO-MONTH,YES,CREDIT CARD (AUTOMATIC),84.9,5785.65,2.7890932982917214,0
3866-MDTUB,YES,FEMALE,0,NO,NO,2,YES,NO,DSL,YES,NO,NO,NO,YES,YES,MONTH-TO-MONTH,YES,ELECTRONIC CHECK,70.75,146.9,2.324244415243101,1
3870-MQAMG,YES,FEMALE,0,YES,NO,54,YES,YES,FIBER OPTIC,NO,YES,YES,YES,YES,YES,ONE YEAR,NO,ELECTRONIC CHECK,110.35,5893.15,3.625164257555847,1
3870-SPZSI,NO,FEMALE,0,YES,YES,70,YES,YES,FIBER OPTIC,YES,YES,YES,YES,YES,YES,TWO YEAR,YES,CREDIT CARD (AUTOMATIC),113.05,7869.05,3.7138633377135344,0
3871-IKPYH,YES,MALE,1,NO,NO,1,YES,NO,FIBER OPTIC,NO,NO,NO,NO,NO,NO,MONTH-TO-MONTH,NO,ELECTRONIC CHECK,69.1,69.1,2.270039421813403,1
3873-NFTGI,NO,MALE,0,NO,NO,14,YES,YES,DSL,NO,YES,NO,NO,NO,NO,MONTH-TO-MONTH,YES,CREDIT CARD (AUTOMATIC),55.5,767.55,1.8232588699080157,0
3873-WOSBC,NO,MALE,0,YES,NO,67,YES,YES,NO,NO,NO,NO,NO,NO,NO,TWO YEAR,NO,CREDIT CARD (AUTOMATIC),25.6,1784.9,0.8409986859395532,0
3874-EQOEP,YES,MALE,0,NO,NO,7,YES,YES,FIBER OPTIC,NO,NO,NO,NO,YES,YES,MONTH-TO-MONTH,NO,MAILED CHECK,95.0,655.5,3.1208935611038107,1
3877-JRJIP,YES,MALE,0,NO,NO,1,YES,YES,DSL,NO,NO,NO,NO,YES,NO,MONTH-TO-MONTH,YES,ELECTRONIC CHECK,59.85,59.85,1.9661629434954007,1
3878-AVSOQ,NO,FEMALE,1,NO,NO,1,YES,NO,FIBER OPTIC,NO,NO,NO,NO,NO,NO,MONTH-TO-MONTH,YES,ELECTRONIC CHECK,71.25,71.25,2.340670170827858,0
3882-IYOIJ,NO,FEMALE,0,YES,YES,60,YES,YES,FIBER OPTIC,YES,YES,YES,YES,YES,YES,TWO YEAR,NO,CREDIT CARD (AUTOMATIC),115.25,6758.45,3.786136662286465,0
3884-HCSWG,YES,FEMALE,0,NO,NO,17,YES,NO,FIBER OPTIC,NO,NO,NO,NO,NO,NO,MONTH-TO-MONTH,YES,ELECTRONIC CHECK,70.0,1144.5,2.299605781865966,1
3884-UEBXB,NO,FEMALE,0,YES,YES,67,NO,NO,DSL,YES,YES,NO,NO,NO,NO,TWO YEAR,NO,BANK TRANSFER (AUTOMATIC),36.15,2434.45,1.1875821287779238,0
3886-CERTZ,YES,FEMALE,0,YES,NO,72,YES,YES,FIBER OPTIC,NO,YES,YES,YES,YES,YES,ONE YEAR,YES,ELECTRONIC CHECK,109.25,8109.8,3.5890275952693824,1
3887-PBQAO,NO,FEMALE,0,YES,YES,45,YES,YES,NO,NO,NO,NO,NO,NO,NO,ONE YEAR,YES,CREDIT CARD (AUTOMATIC),25.9,1216.6,0.8508541392904073,0
3889-VWBID,NO,MALE,0,YES,YES,68,YES,NO,DSL,YES,YES,NO,YES,YES,YES,TWO YEAR,NO,BANK TRANSFER (AUTOMATIC),82.85,5776.45,2.721747700394218,0
3890-RTCMS,NO,MALE,0,NO,NO,16,YES,NO,DSL,NO,NO,NO,YES,NO,NO,MONTH-TO-MONTH,YES,MAILED CHECK,49.45,799.0,1.6245072273324572,0
3891-NLXJB,NO,MALE,0,NO,NO,37,NO,NO,DSL,YES,YES,NO,YES,NO,NO,TWO YEAR,YES,MAILED CHECK,40.55,1390.85,1.3321287779237843,0
3891-PUQOD,YES,FEMALE,0,NO,YES,1,YES,NO,DSL,NO,NO,YES,NO,NO,YES,MONTH-TO-MONTH,NO,ELECTRONIC CHECK,59.2,59.2,1.944809461235217,1
3892-NXAZG,NO,MALE,0,YES,YES,72,YES,YES,FIBER OPTIC,YES,YES,YES,YES,YES,YES,TWO YEAR,YES,CREDIT CARD (AUTOMATIC),114.05,8289.2,3.746714848883048,0
3893-JRNFS,NO,MALE,0,NO,NO,68,NO,NO,DSL,NO,NO,YES,NO,NO,YES,MONTH-TO-MONTH,YES,BANK TRANSFER (AUTOMATIC),39.9,2796.35,1.3107752956636005,0
3896-RCYYE,NO,FEMALE,0,NO,NO,67,NO,NO,DSL,NO,NO,YES,YES,YES,YES,MONTH-TO-MONTH,YES,CREDIT CARD (AUTOMATIC),53.4,3579.15,1.7542706964520367,0
3896-ZVNET,NO,FEMALE,0,YES,YES,24,YES,YES,NO,NO,NO,NO,NO,NO,NO,TWO YEAR,NO,MAILED CHECK,24.7,571.75,0.8114323258869908,0
3898-BSJYF,NO,FEMALE,0,NO,YES,10,YES,YES,DSL,YES,NO,YES,YES,NO,YES,ONE YEAR,NO,CREDIT CARD (AUTOMATIC),73.55,693.3,2.4162286465177396,0
3898-GUYTS,NO,FEMALE,1,NO,NO,45,YES,YES,FIBER OPTIC,YES,YES,NO,YES,YES,NO,MONTH-TO-MONTH,YES,ELECTRONIC CHECK,97.05,4385.05,3.1882391590013137,0
3900-AQPHZ,YES,FEMALE,0,NO,NO,1,YES,NO,NO,NO,NO,NO,NO,NO,NO,MONTH-TO-MONTH,NO,MAILED CHECK,19.9,19.9,0.6537450722733245,1
3902-FOIGH,YES,MALE,1,YES,NO,12,YES,YES,FIBER OPTIC,NO,YES,NO,NO,YES,YES,MONTH-TO-MONTH,YES,ELECTRONIC CHECK,101.35,1218.55,3.329500657030223,1
3902-MIVLE,NO,MALE,0,YES,YES,63,YES,YES,DSL,YES,NO,YES,YES,NO,YES,TWO YEAR,NO,MAILED CHECK,75.7,4676.7,2.4868593955321945,0
3904-UKFRE,NO,MALE,0,NO,NO,4,YES,YES,FIBER OPTIC,YES,NO,NO,NO,NO,NO,MONTH-TO-MONTH,YES,ELECTRONIC CHECK,80.1,336.15,2.6314060446780547,0
3908-BLSYF,YES,FEMALE,0,NO,NO,6,YES,NO,FIBER OPTIC,NO,NO,YES,NO,NO,YES,MONTH-TO-MONTH,NO,ELECTRONIC CHECK,83.9,497.55,2.7562417871222076,1
3908-MKIMJ,NO,MALE,1,YES,NO,68,NO,NO,DSL,YES,YES,YES,NO,NO,NO,TWO YEAR,YES,ELECTRONIC CHECK,41.95,2965.75,1.3781208935611038,0
3910-MRQOY,NO,FEMALE,0,YES,NO,72,YES,NO,NO,NO,NO,NO,NO,NO,NO,TWO YEAR,NO,BANK TRANSFER (AUTOMATIC),19.4,1496.45,0.6373193166885676,0
3911-RSNHI,NO,FEMALE,0,YES,NO,71,NO,NO,DSL,NO,YES,YES,YES,YES,YES,TWO YEAR,YES,CREDIT CARD (AUTOMATIC),61.4,4310.35,2.0170827858081473,0
3913-FCUUW,NO,FEMALE,0,YES,YES,72,YES,YES,DSL,YES,YES,YES,YES,NO,NO,TWO YEAR,YES,BANK TRANSFER (AUTOMATIC),70.45,5165.7,2.314388961892247,0
3913-RDSJZ,NO,FEMALE,0,YES,NO,64,YES,YES,NO,NO,NO,NO,NO,NO,NO,TWO YEAR,NO,MAILED CHECK,25.55,1714.95,0.8393561103810775,0
3914-FDRHP,NO,MALE,0,NO,NO,9,YES,NO,FIBER OPTIC,NO,NO,NO,YES,YES,NO,MONTH-TO-MONTH,NO,ELECTRONIC CHECK,86.25,770.5,2.8334428383705648,0
3915-ODIYG,NO,MALE,1,NO,NO,60,YES,YES,DSL,YES,YES,NO,NO,NO,YES,ONE YEAR,YES,ELECTRONIC CHECK,71.75,4374.55,2.357095926412615,0
3916-NRPAP,NO,MALE,0,NO,NO,3,YES,NO,FIBER OPTIC,NO,NO,YES,NO,NO,YES,MONTH-TO-MONTH,NO,CREDIT CARD (AUTOMATIC),85.7,256.75,2.8153745072273324,0
3920-HIHMQ,NO,FEMALE,0,NO,YES,26,YES,YES,DSL,NO,NO,NO,NO,NO,NO,MONTH-TO-MONTH,YES,MAILED CHECK,49.5,1265.65,1.626149802890933,0
3923-CSIHK,YES,FEMALE,1,YES,NO,50,YES,NO,FIBER OPTIC,NO,NO,NO,NO,NO,NO,MONTH-TO-MONTH,YES,ELECTRONIC CHECK,71.05,3444.85,2.334099868593955,1
3926-CUQZX,YES,MALE,0,NO,NO,1,YES,NO,DSL,NO,NO,NO,NO,NO,NO,MONTH-TO-MONTH,YES,BANK TRANSFER (AUTOMATIC),45.1,45.1,1.4816031537450722,1
3926-YZVVX,NO,FEMALE,0,NO,NO,41,YES,NO,DSL,NO,NO,NO,YES,NO,NO,ONE YEAR,NO,BANK TRANSFER (AUTOMATIC),50.05,2029.05,1.6442181340341655,0
3927-NLNRY,YES,MALE,0,YES,NO,53,YES,NO,FIBER OPTIC,NO,YES,NO,NO,YES,YES,ONE YEAR,YES,BANK TRANSFER (AUTOMATIC),94.25,4867.95,3.096254927726675,1
3930-ZGWVE,NO,MALE,0,NO,NO,1,YES,NO,NO,NO,NO,NO,NO,NO,NO,MONTH-TO-MONTH,NO,MAILED CHECK,19.75,19.75,0.6488173455978975,0
3932-CMDTD,YES,FEMALE,0,NO,NO,4,YES,NO,FIBER OPTIC,NO,YES,YES,YES,YES,YES,ONE YEAR,YES,ELECTRONIC CHECK,105.65,443.9,3.4707621550591328,1
3932-IJWDZ,NO,MALE,0,NO,NO,45,YES,YES,FIBER OPTIC,NO,NO,YES,YES,YES,YES,MONTH-TO-MONTH,YES,BANK TRANSFER (AUTOMATIC),103.65,4747.85,3.405059132720105,0
3933-DQPWX,NO,FEMALE,0,NO,NO,50,NO,NO,DSL,NO,YES,YES,YES,NO,NO,TWO YEAR,NO,CREDIT CARD (AUTOMATIC),39.7,1932.75,1.3042049934296978,0
3934-HXCFZ,YES,MALE,0,YES,NO,23,YES,YES,FIBER OPTIC,YES,YES,YES,NO,YES,NO,MONTH-TO-MONTH,YES,ELECTRONIC CHECK,99.25,2186.4,3.260512483574244,1
3935-TBRZZ,NO,MALE,0,YES,YES,44,YES,YES,NO,NO,NO,NO,NO,NO,NO,ONE YEAR,NO,MAILED CHECK,25.7,1110.5,0.8442838370565046,0
3936-QQFLL,NO,MALE,0,NO,NO,2,YES,NO,NO,NO,NO,NO,NO,NO,NO,MONTH-TO-MONTH,NO,MAILED CHECK,19.75,39.3,0.6488173455978975,0
3938-YFPXD,NO,MALE,0,NO,NO,72,YES,YES,DSL,YES,NO,YES,YES,YES,YES,TWO YEAR,NO,CREDIT CARD (AUTOMATIC),84.3,5997.1,2.769382391590013,0
3941-XTSKM,NO,MALE,0,YES,YES,42,NO,NO,DSL,NO,YES,YES,NO,NO,YES,ONE YEAR,YES,CREDIT CARD (AUTOMATIC),45.1,2049.05,1.4816031537450722,0
3943-KDREE,YES,FEMALE,0,NO,NO,26,YES,YES,FIBER OPTIC,NO,NO,NO,NO,NO,NO,MONTH-TO-MONTH,YES,BANK TRANSFER (AUTOMATIC),74.95,1834.95,2.462220762155059,1
3945-GFWQL,YES,FEMALE,0,NO,YES,12,YES,NO,DSL,NO,NO,NO,NO,NO,NO,MONTH-TO-MONTH,YES,ELECTRONIC CHECK,44.55,480.6,1.4635348226018394,1
3946-JEWRQ,NO,MALE,0,YES,NO,47,YES,YES,FIBER OPTIC,NO,NO,NO,NO,YES,YES,ONE YEAR,YES,CREDIT CARD (AUTOMATIC),95.2,4563.0,3.1274638633377134,0
3946-MHCZW,YES,MALE,0,NO,NO,1,YES,NO,DSL,NO,NO,YES,NO,NO,NO,MONTH-TO-MONTH,NO,MAILED CHECK,50.9,50.9,1.6721419185282522,1
3948-FVVRP,NO,MALE,0,YES,YES,9,YES,NO,DSL,NO,YES,NO,YES,NO,NO,MONTH-TO-MONTH,NO,MAILED CHECK,54.8,452.8,1.800262812089356,0
3948-KXDUF,NO,MALE,0,NO,NO,66,YES,YES,DSL,YES,YES,YES,YES,NO,NO,TWO YEAR,NO,BANK TRANSFER (AUTOMATIC),68.75,4447.55,2.2585413929040734,0
3948-XHGNA,YES,MALE,0,NO,NO,24,YES,NO,DSL,YES,NO,NO,NO,NO,NO,MONTH-TO-MONTH,YES,BANK TRANSFER (AUTOMATIC),49.55,1210.4,1.6277923784494086,1
3950-VPYJB,NO,MALE,0,YES,YES,57,YES,NO,DSL,YES,YES,NO,YES,NO,NO,ONE YEAR,NO,MAILED CHECK,59.6,3509.4,1.9579500657030222,0
3951-NJCVI,NO,FEMALE,1,YES,NO,42,YES,YES,FIBER OPTIC,NO,NO,NO,NO,YES,YES,MONTH-TO-MONTH,YES,ELECTRONIC CHECK,95.05,3944.5,3.122536136662286,0
3955-JBZZM,NO,MALE,0,NO,NO,20,YES,NO,FIBER OPTIC,NO,NO,NO,NO,YES,NO,MONTH-TO-MONTH,NO,ELECTRONIC CHECK,78.8,1641.3,2.5886990801576872,0
3956-CJUST,NO,FEMALE,1,NO,NO,23,YES,NO,FIBER OPTIC,YES,NO,NO,NO,NO,NO,MONTH-TO-MONTH,YES,BANK TRANSFER (AUTOMATIC),75.4,1643.55,2.4770039421813403,0
3956-MGXOG,NO,FEMALE,0,NO,NO,28,YES,NO,FIBER OPTIC,NO,NO,NO,NO,NO,YES,MONTH-TO-MONTH,YES,ELECTRONIC CHECK,80.6,2244.95,2.6478318002628116,0
3957-HHLMR,NO,FEMALE,0,YES,YES,70,YES,YES,DSL,YES,NO,NO,NO,NO,YES,ONE YEAR,NO,BANK TRANSFER (AUTOMATIC),65.2,4543.15,2.1419185282522997,0
3957-LXOLK,YES,FEMALE,1,NO,NO,28,YES,YES,FIBER OPTIC,NO,YES,YES,NO,YES,YES,MONTH-TO-MONTH,YES,ELECTRONIC CHECK,106.15,3152.5,3.4871879106438897,1
3957-SQXML,NO,FEMALE,0,YES,YES,34,YES,YES,NO,NO,NO,NO,NO,NO,NO,TWO YEAR,NO,CREDIT CARD (AUTOMATIC),24.95,894.3,0.8196452036793692,0
3961-SXAXY,NO,MALE,0,NO,NO,1,YES,NO,DSL,NO,NO,NO,NO,NO,NO,MONTH-TO-MONTH,YES,BANK TRANSFER (AUTOMATIC),44.05,44.05,1.4471090670170825,0
3963-RYFNS,NO,FEMALE,0,NO,NO,72,YES,YES,FIBER OPTIC,YES,YES,YES,YES,YES,YES,TWO YEAR,YES,BANK TRANSFER (AUTOMATIC),116.45,8013.55,3.8255584756898817,0
3966-HRMZA,NO,FEMALE,1,NO,NO,3,YES,NO,FIBER OPTIC,NO,NO,YES,NO,NO,NO,MONTH-TO-MONTH,NO,MAILED CHECK,75.05,202.9,2.4655059132720103,0
3967-KXAPS,NO,MALE,0,YES,NO,72,YES,YES,DSL,YES,YES,YES,YES,YES,YES,TWO YEAR,NO,CREDIT CARD (AUTOMATIC),92.3,6719.9,3.0321944809461234,0
3967-VQOGC,NO,FEMALE,0,YES,YES,67,YES,YES,NO,NO,NO,NO,NO,NO,NO,TWO YEAR,YES,MAILED CHECK,24.9,1680.25,0.8180026281208935,0
3969-GYXEL,NO,FEMALE,0,NO,NO,11,YES,NO,FIBER OPTIC,YES,NO,NO,NO,NO,NO,MONTH-TO-MONTH,NO,ELECTRONIC CHECK,76.4,838.7,2.509855453350854,0
3969-JQABI,NO,FEMALE,0,YES,NO,58,YES,NO,DSL,YES,YES,NO,NO,YES,NO,MONTH-TO-MONTH,YES,CREDIT CARD (AUTOMATIC),65.25,3791.6,2.143561103810775,0
3970-XGJDU,NO,FEMALE,0,NO,NO,62,YES,NO,NO,NO,NO,NO,NO,NO,NO,TWO YEAR,YES,CREDIT CARD (AUTOMATIC),19.2,1123.65,0.6307490144546649,0
3973-SKMLN,NO,MALE,0,NO,NO,71,YES,NO,NO,NO,NO,NO,NO,NO,NO,TWO YEAR,YES,CREDIT CARD (AUTOMATIC),19.9,1355.1,0.6537450722733245,0
3976-BWUCK,YES,FEMALE,0,YES,NO,30,YES,YES,FIBER OPTIC,NO,YES,NO,YES,YES,NO,MONTH-TO-MONTH,YES,CREDIT CARD (AUTOMATIC),94.1,2804.45,3.0913272010512483,1
3976-HXHCE,NO,MALE,0,NO,NO,72,YES,NO,NO,NO,NO,NO,NO,NO,NO,TWO YEAR,NO,BANK TRANSFER (AUTOMATIC),19.3,1414.8,0.6340341655716163,0
3976-NLDEZ,NO,MALE,0,NO,NO,1,YES,NO,NO,NO,NO,NO,NO,NO,NO,MONTH-TO-MONTH,NO,MAILED CHECK,20.6,20.6,0.6767411300919842,0
3977-QCRSL,NO,FEMALE,0,NO,NO,5,YES,NO,NO,NO,NO,NO,NO,NO,NO,MONTH-TO-MONTH,NO,MAILED CHECK,20.15,117.95,0.6619579500657029,0
3978-YNKDD,NO,MALE,0,NO,YES,19,YES,NO,NO,NO,NO,NO,NO,NO,NO,TWO YEAR,NO,CREDIT CARD (AUTOMATIC),20.85,467.5,0.6849540078843627,0
3981-QSVQI,NO,MALE,0,NO,NO,8,YES,NO,NO,NO,NO,NO,NO,NO,NO,MONTH-TO-MONTH,YES,BANK TRANSFER (AUTOMATIC),19.7,168.9,0.6471747700394218,0
3982-DQLUS,NO,MALE,1,YES,YES,65,YES,YES,FIBER OPTIC,YES,YES,NO,NO,NO,NO,MONTH-TO-MONTH,YES,ELECTRONIC CHECK,85.75,5688.45,2.817017082785808,0
3982-JGSFD,NO,MALE,0,NO,NO,36,YES,NO,NO,NO,NO,NO,NO,NO,NO,ONE YEAR,YES,CREDIT CARD (AUTOMATIC),20.35,695.85,0.6685282522996058,0
3982-XWFZQ,YES,FEMALE,0,YES,NO,42,YES,YES,DSL,NO,NO,NO,NO,NO,NO,MONTH-TO-MONTH,YES,ELECTRONIC CHECK,50.25,2203.65,1.6507884362680683,1
3985-HOYPM,NO,MALE,0,NO,NO,26,YES,NO,NO,NO,NO,NO,NO,NO,NO,ONE YEAR,NO,MAILED CHECK,19.4,525.55,0.6373193166885676,0
3987-KQDDU,NO,MALE,0,NO,NO,9,YES,NO,FIBER OPTIC,YES,NO,NO,NO,NO,NO,MONTH-TO-MONTH,NO,ELECTRONIC CHECK,75.6,661.55,2.4835742444152427,0
3988-RQIXO,YES,FEMALE,1,NO,NO,1,YES,NO,FIBER OPTIC,NO,NO,NO,NO,YES,YES,MONTH-TO-MONTH,YES,ELECTRONIC CHECK,91.3,91.3,2.9993429697766096,1
3990-QYKBE,YES,MALE,1,YES,NO,37,YES,YES,FIBER OPTIC,NO,NO,NO,NO,YES,YES,MONTH-TO-MONTH,YES,ELECTRONIC CHECK,92.5,3473.4,3.038764783180026,1
3992-YWPKO,YES,FEMALE,0,NO,NO,6,YES,YES,FIBER OPTIC,NO,YES,YES,YES,YES,YES,MONTH-TO-MONTH,YES,CREDIT CARD (AUTOMATIC),109.9,669.45,3.6103810775295666,1
3995-WFCSM,NO,FEMALE,0,NO,NO,2,YES,NO,DSL,NO,NO,YES,NO,NO,YES,MONTH-TO-MONTH,NO,ELECTRONIC CHECK,60.85,111.4,1.9990144546649145,0
3996-ZNWYK,NO,MALE,1,YES,YES,71,YES,NO,NO,NO,NO,NO,NO,NO,NO,TWO YEAR,NO,CREDIT CARD (AUTOMATIC),19.8,1388.45,0.6504599211563732,0
3999-QGRJH,YES,MALE,1,NO,NO,8,YES,NO,FIBER OPTIC,NO,NO,NO,NO,NO,NO,MONTH-TO-MONTH,YES,ELECTRONIC CHECK,69.7,560.85,2.2897503285151117,1
3999-WRNGR,NO,FEMALE,0,YES,YES,60,NO,NO,DSL,NO,YES,NO,NO,YES,YES,MONTH-TO-MONTH,YES,ELECTRONIC CHECK,49.75,3069.45,1.6343626806833114,0
4000-VGMQP,NO,MALE,0,YES,YES,38,YES,YES,DSL,NO,YES,YES,NO,YES,YES,ONE YEAR,NO,CREDIT CARD (AUTOMATIC),78.95,2862.55,2.5936268068331145,0
4001-TSBTV,NO,FEMALE,0,YES,YES,58,YES,NO,FIBER OPTIC,NO,YES,YES,NO,YES,NO,MONTH-TO-MONTH,YES,ELECTRONIC CHECK,91.55,5511.65,3.007555847568988,0
4002-BQWPQ,NO,MALE,0,NO,NO,25,YES,YES,DSL,YES,YES,YES,YES,NO,YES,MONTH-TO-MONTH,NO,BANK TRANSFER (AUTOMATIC),81.75,2028.8,2.6856110381077527,0
4003-FUSHP,NO,MALE,0,NO,NO,19,YES,NO,DSL,NO,NO,NO,YES,YES,NO,MONTH-TO-MONTH,YES,CREDIT CARD (AUTOMATIC),61.55,1093.2,2.022010512483574,0
4003-OCTMP,NO,FEMALE,0,YES,NO,31,YES,NO,DSL,YES,NO,NO,YES,NO,YES,ONE YEAR,YES,ELECTRONIC CHECK,64.0,1910.75,2.102496714848883,0
4006-HKYHO,NO,MALE,0,NO,NO,63,YES,NO,DSL,YES,YES,YES,YES,YES,YES,TWO YEAR,YES,BANK TRANSFER (AUTOMATIC),86.7,5309.5,2.848226018396846,0
4007-NHVHI,NO,FEMALE,1,NO,NO,56,YES,YES,FIBER OPTIC,YES,YES,NO,NO,NO,YES,MONTH-TO-MONTH,YES,ELECTRONIC CHECK,96.85,5219.65,3.181668856767411,0
4009-ALQFH,YES,FEMALE,0,NO,NO,25,YES,NO,FIBER OPTIC,NO,YES,YES,NO,YES,YES,MONTH-TO-MONTH,YES,ELECTRONIC CHECK,99.5,2369.05,3.2687253613666227,1
4010-YLMVT,NO,FEMALE,0,NO,NO,56,YES,YES,FIBER OPTIC,YES,YES,NO,NO,YES,YES,MONTH-TO-MONTH,YES,CREDIT CARD (AUTOMATIC),106.6,5893.95,3.5019710906701706,0
4011-ARPHK,NO,MALE,0,NO,NO,27,YES,NO,DSL,YES,NO,NO,NO,NO,NO,MONTH-TO-MONTH,NO,MAILED CHECK,50.35,1411.35,1.6540735873850196,0
4012-YCFAI,NO,MALE,0,YES,NO,60,YES,NO,DSL,YES,YES,NO,YES,NO,NO,TWO YEAR,YES,MAILED CHECK,61.35,3766.2,2.0154402102496713,0
4012-ZTHBR,NO,FEMALE,0,YES,YES,21,YES,NO,DSL,NO,NO,NO,NO,NO,NO,MONTH-TO-MONTH,YES,ELECTRONIC CHECK,44.95,926.25,1.4766754270696452,0
4013-GUXND,NO,MALE,0,NO,NO,1,YES,NO,NO,NO,NO,NO,NO,NO,NO,MONTH-TO-MONTH,NO,MAILED CHECK,20.8,20.8,0.683311432325887,0
4013-TLDHQ,YES,MALE,0,NO,NO,19,YES,NO,FIBER OPTIC,NO,YES,YES,NO,NO,NO,MONTH-TO-MONTH,YES,ELECTRONIC CHECK,78.25,1490.95,2.5706307490144544,1
4013-UBXWQ,YES,FEMALE,0,NO,NO,7,YES,YES,DSL,NO,NO,NO,YES,YES,YES,MONTH-TO-MONTH,YES,ELECTRONIC CHECK,74.65,521.1,2.4523653088042052,1
4016-BJKTZ,NO,FEMALE,0,NO,NO,25,YES,YES,FIBER OPTIC,NO,YES,YES,YES,YES,YES,TWO YEAR,NO,ELECTRONIC CHECK,108.9,2809.05,3.577529566360053,0
4018-KJYUY,NO,MALE,0,NO,YES,22,YES,NO,NO,NO,NO,NO,NO,NO,NO,MONTH-TO-MONTH,NO,CREDIT CARD (AUTOMATIC),20.15,432.5,0.6619579500657029,0
4018-PPNDW,NO,FEMALE,0,YES,YES,61,YES,YES,NO,NO,NO,NO,NO,NO,NO,TWO YEAR,YES,MAILED CHECK,24.1,1551.6,0.7917214191852825,0
4020-KIUDI,NO,MALE,0,YES,YES,6,YES,NO,NO,NO,NO,NO,NO,NO,NO,MONTH-TO-MONTH,NO,CREDIT CARD (AUTOMATIC),19.85,138.85,0.6521024967148489,0
4021-RQSNY,YES,MALE,1,YES,NO,29,YES,YES,FIBER OPTIC,NO,NO,YES,NO,YES,YES,MONTH-TO-MONTH,YES,ELECTRONIC CHECK,98.5,3004.15,3.235873850197109,1
4023-RTIQM,NO,FEMALE,1,YES,NO,31,NO,NO,DSL,YES,YES,YES,NO,NO,YES,ONE YEAR,YES,CREDIT CARD (AUTOMATIC),50.4,1580.1,1.6557161629434953,0
4024-CSNBY,NO,FEMALE,0,YES,NO,72,YES,YES,FIBER OPTIC,YES,YES,YES,YES,NO,NO,TWO YEAR,YES,BANK TRANSFER (AUTOMATIC),94.25,6849.75,3.096254927726675,0
4026-SKKHW,NO,MALE,0,NO,NO,3,YES,NO,DSL,NO,NO,NO,YES,NO,NO,MONTH-TO-MONTH,YES,MAILED CHECK,50.25,152.3,1.6507884362680683,0
4029-HPFVY,NO,MALE,0,NO,NO,3,YES,NO,FIBER OPTIC,NO,NO,NO,NO,NO,NO,MONTH-TO-MONTH,YES,MAILED CHECK,70.3,220.4,2.3094612352168196,0
4030-VPZBD,YES,FEMALE,0,NO,NO,2,NO,NO,DSL,NO,NO,NO,YES,NO,NO,MONTH-TO-MONTH,YES,ELECTRONIC CHECK,30.9,59.05,1.0151116951379762,1
4032-RMHCI,NO,FEMALE,0,YES,YES,41,NO,NO,DSL,YES,NO,YES,NO,NO,NO,ONE YEAR,NO,CREDIT CARD (AUTOMATIC),35.4,1412.4,1.1629434954007885,0
4039-HEUNW,YES,MALE,1,YES,NO,36,YES,YES,FIBER OPTIC,NO,YES,NO,NO,YES,YES,MONTH-TO-MONTH,YES,ELECTRONIC CHECK,96.5,3436.1,3.1701708278580814,1
4039-PIMHX,NO,MALE,1,YES,NO,49,YES,NO,DSL,NO,YES,NO,NO,NO,NO,TWO YEAR,NO,MAILED CHECK,49.8,2398.4,1.636005256241787,0
4043-MKDTV,NO,MALE,0,YES,NO,71,YES,NO,FIBER OPTIC,NO,YES,YES,YES,YES,YES,TWO YEAR,YES,ELECTRONIC CHECK,105.25,7291.75,3.4576215505913273,0
4049-ZPALD,NO,FEMALE,0,YES,NO,64,YES,NO,FIBER OPTIC,YES,NO,YES,NO,YES,YES,TWO YEAR,YES,BANK TRANSFER (AUTOMATIC),99.0,6375.8,3.252299605781866,0
4054-CUMIA,NO,FEMALE,0,YES,YES,18,YES,NO,NO,NO,NO,NO,NO,NO,NO,MONTH-TO-MONTH,YES,MAILED CHECK,20.25,401.95,0.6652431011826544,0
4056-QHXHZ,NO,FEMALE,0,YES,YES,72,YES,YES,FIBER OPTIC,YES,NO,YES,YES,YES,YES,TWO YEAR,NO,MAILED CHECK,107.45,7576.7,3.5298948751642576,0
4057-FKCZK,NO,MALE,0,YES,YES,58,YES,YES,FIBER OPTIC,NO,NO,NO,NO,YES,NO,TWO YEAR,NO,BANK TRANSFER (AUTOMATIC),82.5,4828.05,2.7102496714848883,0
4059-IIEBK,NO,FEMALE,0,NO,NO,7,YES,YES,FIBER OPTIC,NO,YES,NO,NO,NO,NO,MONTH-TO-MONTH,YES,BANK TRANSFER (AUTOMATIC),78.55,522.95,2.5804862023653086,0
4060-LDNLU,NO,MALE,0,NO,NO,7,YES,YES,FIBER OPTIC,NO,NO,NO,NO,YES,YES,MONTH-TO-MONTH,NO,ELECTRONIC CHECK,96.2,639.7,3.160315374507227,0
4061-UKJWL,NO,MALE,0,NO,NO,3,YES,NO,DSL,NO,NO,NO,NO,NO,NO,MONTH-TO-MONTH,NO,MAILED CHECK,45.45,141.7,1.493101182654402,0
4062-HBMOS,NO,MALE,0,NO,NO,52,YES,YES,FIBER OPTIC,NO,YES,YES,NO,YES,YES,MONTH-TO-MONTH,YES,ELECTRONIC CHECK,103.05,5364.8,3.3853482260183965,0
4063-EIKNQ,NO,MALE,0,YES,YES,11,YES,NO,NO,NO,NO,NO,NO,NO,NO,MONTH-TO-MONTH,NO,BANK TRANSFER (AUTOMATIC),20.95,267.35,0.688239159001314,0
4065-JJAVA,NO,FEMALE,0,NO,NO,1,YES,NO,DSL,NO,YES,NO,NO,NO,NO,MONTH-TO-MONTH,NO,ELECTRONIC CHECK,49.5,49.5,1.626149802890933,0
4067-HLYQI,NO,FEMALE,0,NO,NO,33,YES,NO,FIBER OPTIC,NO,NO,NO,NO,NO,NO,MONTH-TO-MONTH,YES,BANK TRANSFER (AUTOMATIC),70.4,2406.1,2.3127463863337714,0
4070-OKWVH,NO,FEMALE,0,YES,NO,52,YES,YES,FIBER OPTIC,NO,YES,YES,NO,YES,NO,MONTH-TO-MONTH,NO,BANK TRANSFER (AUTOMATIC),94.6,5025.8,3.107752956636005,0
4072-IPYLT,NO,FEMALE,0,YES,YES,36,YES,NO,DSL,YES,NO,NO,NO,NO,NO,MONTH-TO-MONTH,NO,CREDIT CARD (AUTOMATIC),51.05,1815.0,1.6770696452036793,0
4074-SJFFA,YES,FEMALE,0,NO,NO,1,YES,NO,DSL,NO,NO,NO,NO,NO,YES,MONTH-TO-MONTH,YES,MAILED CHECK,54.75,54.75,1.7986202365308803,1
4075-JFPGR,NO,FEMALE,0,YES,NO,51,YES,NO,FIBER OPTIC,YES,YES,YES,NO,YES,NO,ONE YEAR,YES,ELECTRONIC CHECK,93.5,4619.55,3.07161629434954,0
4075-WKNIU,NO,FEMALE,0,YES,YES,0,YES,YES,DSL,NO,YES,YES,YES,YES,NO,TWO YEAR,NO,MAILED CHECK,73.35,0.0,2.409658344283837,0
4077-CROMM,YES,FEMALE,0,YES,YES,31,YES,YES,FIBER OPTIC,NO,NO,YES,YES,YES,YES,MONTH-TO-MONTH,YES,ELECTRONIC CHECK,104.2,3243.45,3.4231274638633375,1
4077-HWUYD,NO,MALE,0,YES,YES,72,YES,YES,DSL,YES,YES,YES,YES,YES,YES,TWO YEAR,YES,BANK TRANSFER (AUTOMATIC),87.55,6463.15,2.8761498028909327,0
4078-SAYYN,YES,FEMALE,0,NO,NO,11,YES,YES,FIBER OPTIC,NO,NO,YES,NO,YES,YES,MONTH-TO-MONTH,YES,ELECTRONIC CHECK,100.75,1129.75,3.309789750328515,1
4079-ULGFR,NO,MALE,0,NO,NO,16,YES,NO,NO,NO,NO,NO,NO,NO,NO,MONTH-TO-MONTH,NO,MAILED CHECK,20.0,275.7,0.657030223390276,0
4079-VTGLK,NO,MALE,1,YES,NO,30,YES,YES,DSL,NO,NO,YES,NO,YES,YES,TWO YEAR,NO,ELECTRONIC CHECK,74.85,2181.75,2.4589356110381075,0
4079-WWQQQ,NO,MALE,0,NO,NO,72,NO,NO,DSL,YES,YES,YES,YES,YES,YES,TWO YEAR,YES,BANK TRANSFER (AUTOMATIC),65.55,4807.45,2.1534165571616293,0
4080-IIARD,NO,FEMALE,0,YES,NO,13,YES,YES,DSL,YES,YES,NO,YES,YES,NO,MONTH-TO-MONTH,YES,ELECTRONIC CHECK,76.2,981.45,2.5032851511169514,0
4080-OGPJL,YES,FEMALE,0,NO,NO,8,YES,YES,DSL,YES,NO,NO,YES,NO,YES,MONTH-TO-MONTH,NO,ELECTRONIC CHECK,71.15,563.65,2.337385019710907,1
4081-DYXAV,YES,FEMALE,0,NO,NO,19,NO,NO,DSL,NO,NO,NO,NO,YES,YES,ONE YEAR,YES,CREDIT CARD (AUTOMATIC),44.85,893.55,1.4733902759526938,1
4083-BFNYK,NO,FEMALE,1,YES,NO,38,YES,YES,FIBER OPTIC,YES,YES,NO,NO,NO,YES,ONE YEAR,NO,CREDIT CARD (AUTOMATIC),95.0,3591.25,3.1208935611038107,0
4083-EUGRJ,YES,MALE,0,NO,NO,9,YES,NO,NO,NO,NO,NO,NO,NO,NO,MONTH-TO-MONTH,NO,MAILED CHECK,20.25,178.5,0.6652431011826544,1
4086-ATNFV,NO,FEMALE,0,YES,YES,34,YES,NO,DSL,YES,YES,YES,NO,NO,NO,ONE YEAR,YES,MAILED CHECK,60.8,2042.05,1.9973718791064388,0
4086-WITJG,NO,MALE,0,YES,YES,71,YES,NO,NO,NO,NO,NO,NO,NO,NO,TWO YEAR,NO,CREDIT CARD (AUTOMATIC),19.7,1301.1,0.6471747700394218,0
4086-YQSNZ,YES,FEMALE,1,YES,NO,3,YES,NO,FIBER OPTIC,NO,NO,NO,NO,YES,NO,MONTH-TO-MONTH,YES,ELECTRONIC CHECK,80.4,224.05,2.6412614980289093,1
4088-YLDSU,YES,MALE,0,YES,NO,55,YES,YES,FIBER OPTIC,NO,NO,YES,YES,YES,YES,ONE YEAR,YES,ELECTRONIC CHECK,104.15,5743.05,3.421484888304862,1
4090-KPJIP,NO,FEMALE,0,NO,NO,3,YES,YES,FIBER OPTIC,NO,NO,NO,NO,NO,NO,MONTH-TO-MONTH,YES,ELECTRONIC CHECK,74.95,212.4,2.462220762155059,0
4091-TVOCN,NO,MALE,0,NO,YES,48,YES,YES,DSL,YES,NO,YES,NO,YES,YES,ONE YEAR,YES,CREDIT CARD (AUTOMATIC),78.75,3682.45,2.5870565045992113,0
4092-OFQZS,NO,MALE,0,YES,NO,20,YES,NO,NO,NO,NO,NO,NO,NO,NO,ONE YEAR,NO,MAILED CHECK,20.65,417.5,0.6783837056504598,0
4094-NSEDU,YES,FEMALE,1,NO,NO,21,YES,YES,FIBER OPTIC,NO,NO,NO,NO,YES,YES,MONTH-TO-MONTH,YES,ELECTRONIC CHECK,94.25,1973.75,3.096254927726675,1
4097-YODCF,NO,MALE,0,NO,YES,34,YES,YES,FIBER OPTIC,YES,YES,NO,NO,YES,YES,ONE YEAR,YES,ELECTRONIC CHECK,103.8,3470.8,3.409986859395532,0
4098-NAUKP,NO,MALE,1,YES,YES,68,YES,YES,FIBER OPTIC,NO,YES,YES,NO,NO,NO,MONTH-TO-MONTH,YES,ELECTRONIC CHECK,84.65,5683.6,2.780880420499343,0
4102-HLENU,NO,FEMALE,0,YES,NO,67,YES,YES,DSL,YES,YES,YES,NO,NO,NO,TWO YEAR,NO,MAILED CHECK,65.65,4322.85,2.156701708278581,0
4102-OQUPX,YES,MALE,1,YES,NO,1,YES,YES,FIBER OPTIC,NO,NO,NO,NO,NO,NO,MONTH-TO-MONTH,YES,ELECTRONIC CHECK,74.4,74.4,2.4441524310118266,1
4104-PVRPS,NO,MALE,0,YES,NO,24,YES,NO,DSL,YES,NO,NO,YES,NO,NO,MONTH-TO-MONTH,NO,MAILED CHECK,53.6,1315.35,1.7608409986859395,0
4106-HADHQ,YES,MALE,0,YES,YES,39,YES,NO,DSL,YES,NO,YES,YES,YES,YES,ONE YEAR,NO,CREDIT CARD (AUTOMATIC),80.0,3182.95,2.628120893561104,1
4109-CYRBD,NO,MALE,1,YES,NO,29,YES,YES,DSL,NO,NO,NO,NO,NO,NO,MONTH-TO-MONTH,YES,ELECTRONIC CHECK,51.6,1442.0,1.6951379763469119,0
4110-PFEUZ,YES,FEMALE,0,NO,NO,1,YES,NO,FIBER OPTIC,NO,NO,NO,NO,NO,NO,MONTH-TO-MONTH,NO,MAILED CHECK,69.55,69.55,2.2848226018396844,1
4111-BNXIF,NO,FEMALE,0,YES,YES,67,NO,NO,DSL,NO,YES,YES,YES,YES,YES,TWO YEAR,YES,ELECTRONIC CHECK,59.55,4103.9,1.9563074901445465,0
4112-LUEIZ,YES,MALE,0,NO,NO,10,YES,NO,FIBER OPTIC,NO,NO,NO,NO,YES,YES,MONTH-TO-MONTH,YES,ELECTRONIC CHECK,89.5,863.1,2.940210249671485,1
4114-QMKVN,NO,FEMALE,0,YES,YES,56,YES,YES,DSL,YES,YES,NO,NO,NO,YES,ONE YEAR,NO,BANK TRANSFER (AUTOMATIC),68.75,3815.4,2.2585413929040734,0
4115-BNPJY,NO,MALE,0,YES,YES,29,YES,NO,DSL,NO,NO,YES,YES,YES,YES,TWO YEAR,NO,MAILED CHECK,75.55,2054.4,2.481931668856767,0
4115-NZRKS,NO,FEMALE,1,NO,NO,7,YES,NO,FIBER OPTIC,NO,NO,NO,NO,YES,YES,MONTH-TO-MONTH,YES,ELECTRONIC CHECK,89.15,574.35,2.928712220762155,0
4115-UMJFQ,NO,MALE,0,NO,NO,69,NO,NO,DSL,NO,YES,YES,NO,NO,NO,ONE YEAR,YES,BANK TRANSFER (AUTOMATIC),35.75,2492.25,1.1744415243101183,0
4116-IQRFR,NO,MALE,0,YES,YES,4,YES,YES,NO,NO,NO,NO,NO,NO,NO,ONE YEAR,NO,CREDIT CARD (AUTOMATIC),24.1,73.1,0.7917214191852825,0
4116-TZAQJ,YES,FEMALE,0,NO,NO,9,YES,NO,FIBER OPTIC,YES,NO,NO,NO,NO,NO,MONTH-TO-MONTH,YES,CREDIT CARD (AUTOMATIC),74.25,639.65,2.4392247043363993,1
4118-CEVPF,NO,FEMALE,1,NO,NO,35,YES,YES,FIBER OPTIC,YES,YES,YES,YES,YES,YES,ONE YEAR,YES,BANK TRANSFER (AUTOMATIC),110.8,3836.3,3.6399474375821286,0
4119-ZYPZY,NO,MALE,1,NO,NO,71,YES,YES,FIBER OPTIC,NO,YES,NO,YES,YES,YES,TWO YEAR,YES,ELECTRONIC CHECK,106.8,7623.2,3.5085413929040734,0
4121-AGSIN,NO,FEMALE,0,YES,YES,58,YES,YES,NO,NO,NO,NO,NO,NO,NO,ONE YEAR,YES,CREDIT CARD (AUTOMATIC),24.5,1497.9,0.804862023653088,0
4123-DVHPH,NO,MALE,0,YES,NO,9,YES,YES,FIBER OPTIC,YES,NO,NO,NO,NO,YES,MONTH-TO-MONTH,YES,ELECTRONIC CHECK,88.05,801.3,2.8925755584756896,0
4123-FCVCB,NO,FEMALE,0,NO,NO,12,YES,YES,DSL,NO,NO,NO,YES,YES,YES,ONE YEAR,YES,MAILED CHECK,75.85,854.45,2.4917871222076213,0
4124-MMETB,YES,MALE,0,NO,NO,22,YES,YES,FIBER OPTIC,NO,NO,NO,NO,YES,YES,MONTH-TO-MONTH,YES,CREDIT CARD (AUTOMATIC),94.65,2104.55,3.109395532194481,1
4128-ETESU,NO,FEMALE,1,YES,NO,47,YES,YES,FIBER OPTIC,NO,NO,YES,NO,YES,YES,MONTH-TO-MONTH,NO,ELECTRONIC CHECK,99.7,4747.2,3.2752956636005255,0
4129-LYCOI,NO,FEMALE,0,NO,YES,67,YES,YES,FIBER OPTIC,NO,YES,NO,YES,YES,YES,TWO YEAR,YES,ELECTRONIC CHECK,104.0,7039.05,3.416557161629435,0
4130-MZLCC,NO,FEMALE,0,NO,NO,5,YES,NO,DSL,NO,YES,NO,NO,NO,NO,MONTH-TO-MONTH,NO,BANK TRANSFER (AUTOMATIC),50.55,244.75,1.6606438896189224,0
4132-KALRO,NO,FEMALE,0,NO,NO,4,YES,YES,FIBER OPTIC,NO,NO,NO,YES,YES,YES,MONTH-TO-MONTH,YES,MAILED CHECK,100.85,399.25,3.313074901445466,0
4132-POCZS,NO,MALE,0,YES,NO,52,NO,NO,DSL,YES,NO,NO,NO,NO,YES,MONTH-TO-MONTH,YES,ELECTRONIC CHECK,39.9,2020.9,1.3107752956636005,0
4134-BSXLX,NO,MALE,0,YES,NO,28,YES,NO,DSL,YES,YES,NO,YES,NO,NO,MONTH-TO-MONTH,NO,MAILED CHECK,60.9,1785.65,2.0006570302233904,0
4135-FRWKJ,NO,FEMALE,1,YES,YES,55,YES,YES,DSL,YES,NO,YES,YES,YES,NO,ONE YEAR,NO,ELECTRONIC CHECK,76.25,4154.55,2.504927726675427,0
4137-BTIKL,NO,MALE,0,NO,NO,2,YES,YES,FIBER OPTIC,YES,NO,NO,NO,NO,YES,MONTH-TO-MONTH,NO,MAILED CHECK,90.75,174.75,2.981274638633377,0
4137-JOPHL,NO,FEMALE,0,NO,NO,50,YES,NO,FIBER OPTIC,NO,NO,YES,YES,NO,YES,TWO YEAR,YES,BANK TRANSFER (AUTOMATIC),89.7,4304.5,2.9467805519053876,0
4138-NAXED,NO,MALE,0,NO,NO,51,YES,YES,FIBER OPTIC,NO,YES,NO,NO,NO,NO,MONTH-TO-MONTH,NO,BANK TRANSFER (AUTOMATIC),81.0,4085.75,2.6609724047306176,0
4139-DETXS,NO,FEMALE,0,YES,YES,72,NO,NO,DSL,YES,YES,YES,YES,YES,YES,TWO YEAR,NO,BANK TRANSFER (AUTOMATIC),64.45,4528.0,2.117279894875164,0
4139-JPIAM,NO,MALE,0,NO,NO,51,NO,NO,DSL,YES,NO,NO,YES,NO,YES,MONTH-TO-MONTH,YES,CREDIT CARD (AUTOMATIC),44.45,2181.55,1.4602496714848883,0
4139-SUGLD,YES,MALE,0,YES,YES,31,NO,NO,DSL,YES,NO,NO,YES,NO,NO,MONTH-TO-MONTH,NO,BANK TRANSFER (AUTOMATIC),35.4,1077.5,1.1629434954007885,1
4140-MUHUG,YES,FEMALE,1,NO,NO,3,YES,NO,FIBER OPTIC,NO,NO,YES,NO,YES,NO,MONTH-TO-MONTH,YES,ELECTRONIC CHECK,86.85,220.95,2.853153745072273,1
4140-WJAWW,YES,FEMALE,0,NO,NO,5,YES,NO,NO,NO,NO,NO,NO,NO,NO,MONTH-TO-MONTH,NO,CREDIT CARD (AUTOMATIC),19.85,108.05,0.6521024967148489,1
4143-HHPMK,YES,MALE,0,NO,NO,52,YES,NO,FIBER OPTIC,NO,YES,NO,NO,NO,YES,MONTH-TO-MONTH,YES,ELECTRONIC CHECK,85.35,4338.6,2.8038764783180024,1
4143-OOBWZ,YES,MALE,0,YES,NO,5,YES,YES,FIBER OPTIC,NO,YES,NO,NO,NO,NO,MONTH-TO-MONTH,YES,ELECTRONIC CHECK,81.3,416.3,2.6708278580814717,1
4145-UQXUQ,YES,FEMALE,1,NO,NO,8,YES,NO,FIBER OPTIC,NO,NO,YES,NO,YES,YES,MONTH-TO-MONTH,YES,ELECTRONIC CHECK,92.1,729.95,3.0256241787122207,1
4146-SVFUD,NO,MALE,0,NO,NO,1,YES,NO,DSL,NO,NO,NO,NO,NO,NO,MONTH-TO-MONTH,NO,MAILED CHECK,44.6,44.6,1.4651773981603153,0
4154-AQUGT,YES,MALE,1,YES,NO,13,YES,NO,FIBER OPTIC,NO,YES,NO,YES,NO,YES,MONTH-TO-MONTH,YES,BANK TRANSFER (AUTOMATIC),89.05,1169.35,2.9254270696452034,1
4159-NAAIX,NO,FEMALE,0,NO,NO,63,YES,YES,FIBER OPTIC,NO,YES,NO,NO,YES,YES,TWO YEAR,NO,BANK TRANSFER (AUTOMATIC),97.45,6253.0,3.2013797634691197,0
4160-AMJTL,YES,FEMALE,1,NO,NO,8,YES,NO,NO,NO,NO,NO,NO,NO,NO,MONTH-TO-MONTH,NO,ELECTRONIC CHECK,19.65,164.3,0.645532194480946,1
4163-HFTUK,NO,MALE,0,NO,NO,51,YES,NO,NO,NO,NO,NO,NO,NO,NO,ONE YEAR,NO,ELECTRONIC CHECK,19.1,1007.8,0.6274638633377135,0
4163-KIUHY,NO,MALE,0,NO,NO,35,YES,YES,NO,NO,NO,NO,NO,NO,NO,MONTH-TO-MONTH,YES,ELECTRONIC CHECK,25.6,901.25,0.8409986859395532,0
4163-NCJAK,NO,FEMALE,0,YES,NO,46,YES,YES,NO,NO,NO,NO,NO,NO,NO,ONE YEAR,YES,BANK TRANSFER (AUTOMATIC),24.45,1066.15,0.8032194480946123,0
4174-LPGTI,YES,FEMALE,0,YES,YES,41,YES,NO,DSL,NO,YES,NO,YES,NO,YES,ONE YEAR,YES,BANK TRANSFER (AUTOMATIC),66.5,2728.6,2.1846254927726676,1
4176-FXYBO,NO,MALE,0,YES,NO,54,YES,YES,FIBER OPTIC,YES,YES,YES,NO,YES,YES,MONTH-TO-MONTH,NO,ELECTRONIC CHECK,109.55,6118.95,3.598883048620236,0
4176-RELJR,NO,MALE,1,NO,NO,67,YES,YES,NO,NO,NO,NO,NO,NO,NO,TWO YEAR,NO,CREDIT CARD (AUTOMATIC),25.1,1672.15,0.8245729303547963,0
4177-JPDFU,NO,MALE,0,NO,NO,12,NO,NO,DSL,NO,YES,NO,YES,NO,NO,MONTH-TO-MONTH,NO,MAILED CHECK,34.0,442.45,1.1169513797634691,0
4178-EGMON,NO,MALE,0,YES,NO,70,YES,YES,FIBER OPTIC,YES,YES,NO,YES,NO,NO,TWO YEAR,YES,CREDIT CARD (AUTOMATIC),88.0,5986.45,2.890932982917214,0
4182-BGSIQ,NO,FEMALE,0,YES,YES,10,YES,NO,NO,NO,NO,NO,NO,NO,NO,MONTH-TO-MONTH,YES,BANK TRANSFER (AUTOMATIC),19.8,196.75,0.6504599211563732,0
4183-MYFRB,NO,FEMALE,0,NO,NO,21,YES,NO,FIBER OPTIC,NO,YES,YES,NO,NO,YES,MONTH-TO-MONTH,YES,ELECTRONIC CHECK,90.05,1862.9,2.958278580814717,0
4183-WCSEP,YES,MALE,0,NO,NO,31,YES,NO,FIBER OPTIC,NO,YES,NO,YES,NO,NO,MONTH-TO-MONTH,YES,ELECTRONIC CHECK,78.45,2435.15,2.577201051248357,1
4184-TJFAN,YES,FEMALE,1,YES,YES,3,YES,NO,FIBER OPTIC,YES,NO,NO,YES,YES,NO,MONTH-TO-MONTH,YES,MAILED CHECK,88.3,273.75,2.9007884362680683,1
4184-VODJZ,NO,MALE,0,YES,YES,63,YES,YES,FIBER OPTIC,NO,YES,NO,NO,NO,YES,ONE YEAR,YES,ELECTRONIC CHECK,91.35,5764.7,3.000985545335085,0
4186-ZBUEW,NO,FEMALE,0,NO,NO,36,YES,YES,DSL,NO,YES,NO,YES,NO,YES,ONE YEAR,YES,MAILED CHECK,70.7,2511.95,2.3226018396846255,0
4187-CINZD,YES,FEMALE,1,NO,NO,46,YES,NO,FIBER OPTIC,NO,YES,NO,NO,YES,YES,ONE YEAR,NO,CREDIT CARD (AUTOMATIC),95.25,4424.2,3.129106438896189,1
4188-FRABG,NO,MALE,0,YES,NO,57,YES,YES,FIBER OPTIC,YES,YES,YES,YES,YES,NO,MONTH-TO-MONTH,YES,ELECTRONIC CHECK,103.05,5925.75,3.3853482260183965,0
4188-PCPIG,NO,FEMALE,0,YES,NO,57,YES,NO,DSL,YES,YES,NO,YES,YES,NO,TWO YEAR,YES,CREDIT CARD (AUTOMATIC),70.35,4124.65,2.3111038107752955,0
4189-NAKJS,NO,MALE,0,NO,NO,26,YES,YES,DSL,NO,NO,NO,NO,NO,NO,ONE YEAR,YES,CREDIT CARD (AUTOMATIC),51.55,1295.4,1.6934954007884362,0
4190-MFLUW,YES,FEMALE,0,YES,YES,10,YES,NO,DSL,NO,NO,YES,YES,NO,NO,MONTH-TO-MONTH,NO,CREDIT CARD (AUTOMATIC),55.2,528.35,1.8134034165571618,1
4191-XOVOM,NO,MALE,0,NO,NO,63,YES,YES,FIBER OPTIC,NO,YES,NO,YES,YES,YES,MONTH-TO-MONTH,NO,ELECTRONIC CHECK,105.4,6713.2,3.462549277266754,0
4192-GORJT,YES,MALE,0,YES,NO,5,YES,NO,FIBER OPTIC,NO,NO,YES,NO,YES,YES,MONTH-TO-MONTH,YES,ELECTRONIC CHECK,94.45,498.1,3.1028252299605783,1
4193-IBKSW,NO,MALE,0,YES,YES,72,YES,YES,NO,NO,NO,NO,NO,NO,NO,TWO YEAR,NO,BANK TRANSFER (AUTOMATIC),24.75,1769.6,0.8130749014454665,0
4193-ORFCL,YES,FEMALE,1,NO,NO,1,YES,NO,DSL,NO,NO,NO,NO,NO,NO,MONTH-TO-MONTH,NO,MAILED CHECK,45.1,45.1,1.4816031537450722,1
4194-FJARJ,NO,FEMALE,0,YES,YES,54,YES,YES,DSL,YES,NO,NO,YES,NO,NO,TWO YEAR,NO,BANK TRANSFER (AUTOMATIC),60.0,3273.95,1.9710906701708277,0
4194-WHFCB,NO,FEMALE,0,YES,YES,59,YES,YES,FIBER OPTIC,NO,YES,NO,YES,NO,YES,MONTH-TO-MONTH,YES,BANK TRANSFER (AUTOMATIC),96.65,5580.8,3.1750985545335086,0
4195-NZGTA,NO,FEMALE,0,NO,NO,1,NO,NO,DSL,NO,NO,NO,NO,NO,NO,MONTH-TO-MONTH,NO,ELECTRONIC CHECK,25.25,25.25,0.8295006570302234,0
4195-PNGZS,NO,MALE,0,YES,YES,69,YES,YES,NO,NO,NO,NO,NO,NO,NO,TWO YEAR,NO,BANK TRANSFER (AUTOMATIC),24.45,1718.2,0.8032194480946123,0
4195-SMMNX,YES,MALE,0,NO,NO,2,YES,NO,NO,NO,NO,NO,NO,NO,NO,MONTH-TO-MONTH,NO,MAILED CHECK,20.35,33.2,0.6685282522996058,1
4198-VFOEA,NO,FEMALE,0,NO,NO,12,NO,NO,DSL,YES,NO,NO,YES,NO,NO,ONE YEAR,YES,MAILED CHECK,33.6,435.45,1.1038107752956636,0
4199-QHJNM,NO,MALE,1,YES,NO,67,YES,YES,FIBER OPTIC,NO,YES,NO,YES,YES,YES,TWO YEAR,NO,BANK TRANSFER (AUTOMATIC),102.9,6989.7,3.3804204993429696,0
4201-JMNGR,YES,FEMALE,1,NO,NO,1,YES,NO,DSL,YES,NO,YES,NO,NO,NO,MONTH-TO-MONTH,YES,ELECTRONIC CHECK,55.8,55.8,1.8331143232588698,1
4203-QGNZA,NO,FEMALE,0,NO,YES,28,YES,NO,NO,NO,NO,NO,NO,NO,NO,MONTH-TO-MONTH,NO,MAILED CHECK,20.25,535.35,0.6652431011826544,0
4208-UFFGW,YES,MALE,1,NO,NO,2,YES,NO,DSL,NO,NO,NO,NO,NO,NO,MONTH-TO-MONTH,NO,MAILED CHECK,44.95,85.15,1.4766754270696452,1
4210-QFJMF,YES,FEMALE,0,NO,NO,4,YES,NO,FIBER OPTIC,NO,NO,NO,NO,NO,YES,MONTH-TO-MONTH,YES,ELECTRONIC CHECK,79.15,317.25,2.6001971090670173,1
4211-MMAZN,YES,MALE,0,NO,NO,1,YES,NO,NO,NO,NO,NO,NO,NO,NO,MONTH-TO-MONTH,NO,MAILED CHECK,20.25,20.25,0.6652431011826544,1
4213-HKBJO,NO,FEMALE,0,NO,NO,33,YES,YES,NO,NO,NO,NO,NO,NO,NO,TWO YEAR,NO,CREDIT CARD (AUTOMATIC),25.7,826.1,0.8442838370565046,0
4220-TINQT,NO,FEMALE,0,YES,NO,61,YES,YES,FIBER OPTIC,NO,NO,YES,YES,YES,YES,MONTH-TO-MONTH,YES,ELECTRONIC CHECK,106.35,6751.35,3.493758212877792,0
4223-BKEOR,NO,FEMALE,0,NO,YES,21,YES,NO,DSL,YES,NO,YES,NO,NO,YES,ONE YEAR,NO,MAILED CHECK,64.85,1336.8,2.1304204993429696,0
4223-WOZCM,NO,MALE,1,NO,NO,2,YES,NO,DSL,NO,NO,YES,NO,NO,NO,MONTH-TO-MONTH,NO,MAILED CHECK,49.95,107.1,1.6409329829172141,0
4226-KKDON,NO,MALE,0,NO,NO,8,YES,NO,DSL,NO,YES,NO,YES,YES,NO,MONTH-TO-MONTH,YES,ELECTRONIC CHECK,66.65,520.95,2.189553219448095,0
4227-OJHAL,NO,FEMALE,0,YES,YES,68,YES,YES,DSL,YES,YES,YES,NO,YES,NO,ONE YEAR,YES,CREDIT CARD (AUTOMATIC),73.0,5163.0,2.3981603153745072,0
4228-ZGYUW,YES,MALE,0,NO,NO,4,YES,YES,FIBER OPTIC,NO,YES,NO,NO,NO,YES,MONTH-TO-MONTH,YES,ELECTRONIC CHECK,90.05,368.1,2.958278580814717,1
4229-CZMLL,YES,MALE,0,NO,NO,6,YES,YES,FIBER OPTIC,NO,NO,NO,NO,NO,NO,MONTH-TO-MONTH,YES,ELECTRONIC CHECK,74.9,469.8,2.4605781865965834,1
4231-LZUYM,NO,FEMALE,0,YES,NO,72,YES,YES,NO,NO,NO,NO,NO,NO,NO,TWO YEAR,NO,BANK TRANSFER (AUTOMATIC),25.65,1887.0,0.8426412614980289,0
4232-JGKIY,NO,MALE,0,NO,NO,1,YES,NO,NO,NO,NO,NO,NO,NO,NO,MONTH-TO-MONTH,NO,ELECTRONIC CHECK,19.2,19.2,0.6307490144546649,0
4234-XTNEA,NO,MALE,0,NO,NO,2,YES,NO,FIBER OPTIC,NO,NO,NO,NO,YES,NO,MONTH-TO-MONTH,YES,ELECTRONIC CHECK,79.95,174.45,2.6264783180026283,0
4236-UJPWO,NO,FEMALE,0,NO,NO,2,NO,NO,DSL,NO,NO,NO,NO,NO,NO,MONTH-TO-MONTH,NO,ELECTRONIC CHECK,24.5,46.4,0.804862023653088,0
4236-XPXAV,YES,FEMALE,0,YES,YES,5,YES,NO,FIBER OPTIC,NO,YES,NO,YES,YES,YES,MONTH-TO-MONTH,YES,MAILED CHECK,99.15,465.05,3.257227332457293,1
4237-CLSMM,NO,MALE,0,YES,NO,2,YES,NO,NO,NO,NO,NO,NO,NO,NO,MONTH-TO-MONTH,NO,MAILED CHECK,20.0,38.0,0.657030223390276,0
4237-RLAQD,YES,MALE,0,NO,NO,1,YES,NO,DSL,NO,NO,NO,NO,NO,NO,MONTH-TO-MONTH,YES,MAILED CHECK,45.85,45.85,1.5062417871222076,1
4238-HFHSN,NO,MALE,1,YES,NO,61,YES,YES,FIBER OPTIC,NO,YES,NO,NO,NO,NO,MONTH-TO-MONTH,YES,ELECTRONIC CHECK,82.15,4904.85,2.6987516425755587,0
4238-JSSWH,NO,FEMALE,1,YES,NO,35,YES,YES,FIBER OPTIC,NO,NO,YES,NO,YES,YES,MONTH-TO-MONTH,NO,BANK TRANSFER (AUTOMATIC),102.05,3452.55,3.3524967148488827,0
4248-HCETZ,YES,MALE,1,YES,NO,30,YES,NO,FIBER OPTIC,NO,YES,YES,NO,NO,NO,MONTH-TO-MONTH,YES,MAILED CHECK,79.65,2365.15,2.616622864651774,1
4248-QPAVC,YES,FEMALE,1,YES,NO,17,YES,YES,FIBER OPTIC,YES,NO,YES,NO,NO,NO,MONTH-TO-MONTH,YES,BANK TRANSFER (AUTOMATIC),85.35,1463.45,2.8038764783180024,1
4250-FDVOU,YES,FEMALE,0,NO,NO,6,YES,NO,DSL,YES,YES,NO,NO,NO,NO,MONTH-TO-MONTH,NO,ELECTRONIC CHECK,56.25,389.1,1.847897503285151,1
4250-WAROZ,NO,MALE,1,YES,YES,60,YES,YES,FIBER OPTIC,YES,YES,NO,NO,NO,YES,MONTH-TO-MONTH,YES,ELECTRONIC CHECK,93.25,5774.55,3.0634034165571613,0
4250-ZBWLV,YES,MALE,0,NO,NO,68,YES,YES,FIBER OPTIC,NO,YES,YES,YES,YES,YES,ONE YEAR,NO,ELECTRONIC CHECK,108.45,7176.55,3.5627463863337714,1
4254-QPEDE,NO,FEMALE,0,YES,NO,52,NO,NO,DSL,YES,YES,YES,YES,YES,YES,TWO YEAR,NO,CREDIT CARD (AUTOMATIC),66.25,3330.1,2.176412614980289,0
4255-DDUOU,YES,FEMALE,0,YES,YES,1,YES,NO,NO,NO,NO,NO,NO,NO,NO,MONTH-TO-MONTH,YES,MAILED CHECK,20.5,20.5,0.6734559789750328,1
4256-ZWTZI,NO,FEMALE,0,NO,YES,5,YES,NO,DSL,NO,NO,NO,YES,NO,NO,MONTH-TO-MONTH,YES,MAILED CHECK,51.0,286.8,1.6754270696452036,0
4257-GAESD,NO,FEMALE,0,NO,NO,6,NO,NO,DSL,NO,NO,NO,NO,YES,YES,MONTH-TO-MONTH,NO,CREDIT CARD (AUTOMATIC),45.0,298.7,1.4783180026281209,0
4273-MBHYA,NO,FEMALE,0,NO,YES,1,YES,NO,FIBER OPTIC,NO,NO,NO,NO,YES,YES,MONTH-TO-MONTH,YES,ELECTRONIC CHECK,89.35,89.35,2.9352825229960575,0
4274-DRSQT,NO,FEMALE,0,NO,NO,66,YES,YES,FIBER OPTIC,NO,YES,NO,NO,YES,NO,ONE YEAR,YES,BANK TRANSFER (AUTOMATIC),88.9,6000.1,2.9204993429697765,0
4274-OWWYO,YES,MALE,0,NO,NO,1,YES,NO,FIBER OPTIC,NO,YES,NO,NO,NO,NO,MONTH-TO-MONTH,YES,ELECTRONIC CHECK,74.35,74.35,2.4425098554533506,1
4277-BWBML,NO,MALE,0,YES,YES,72,YES,NO,NO,NO,NO,NO,NO,NO,NO,TWO YEAR,NO,BANK TRANSFER (AUTOMATIC),19.95,1322.85,0.6553876478318003,0
4277-PVRAN,YES,FEMALE,0,NO,NO,8,YES,NO,FIBER OPTIC,NO,NO,NO,NO,YES,NO,MONTH-TO-MONTH,YES,BANK TRANSFER (AUTOMATIC),80.1,679.3,2.6314060446780547,1
4277-UDIEF,NO,MALE,0,YES,YES,24,YES,YES,DSL,YES,NO,NO,YES,YES,YES,MONTH-TO-MONTH,NO,BANK TRANSFER (AUTOMATIC),81.0,1923.85,2.6609724047306176,0
4280-DLSHD,NO,MALE,0,YES,NO,8,YES,NO,DSL,NO,YES,YES,NO,NO,NO,MONTH-TO-MONTH,YES,MAILED CHECK,54.75,445.85,1.7986202365308803,0
4282-ACRXS,NO,MALE,1,YES,NO,38,NO,NO,DSL,NO,NO,NO,NO,NO,NO,MONTH-TO-MONTH,YES,ELECTRONIC CHECK,24.85,955.75,0.8163600525624178,0
4282-MSACW,NO,MALE,0,NO,NO,68,YES,YES,FIBER OPTIC,YES,YES,YES,YES,YES,YES,ONE YEAR,YES,CREDIT CARD (AUTOMATIC),117.2,8035.95,3.850197109067017,0
4282-YMKNA,YES,FEMALE,0,NO,NO,9,YES,YES,FIBER OPTIC,NO,NO,NO,NO,NO,NO,MONTH-TO-MONTH,YES,ELECTRONIC CHECK,74.75,706.6,2.455650459921156,1
4283-FUTGF,YES,MALE,1,NO,NO,19,YES,YES,FIBER OPTIC,NO,NO,YES,NO,NO,NO,MONTH-TO-MONTH,YES,ELECTRONIC CHECK,79.85,1471.75,2.6231931668856765,1
4283-IVYCI,NO,MALE,0,NO,NO,9,YES,NO,DSL,YES,NO,NO,YES,NO,YES,MONTH-TO-MONTH,NO,MAILED CHECK,64.95,547.8,2.133705650459921,0
4285-GYRQC,YES,FEMALE,0,YES,NO,7,YES,NO,FIBER OPTIC,NO,NO,YES,NO,YES,NO,MONTH-TO-MONTH,YES,ELECTRONIC CHECK,86.25,587.1,2.8334428383705648,1
4289-DTDKW,YES,MALE,0,YES,NO,40,YES,YES,FIBER OPTIC,NO,YES,NO,NO,YES,YES,MONTH-TO-MONTH,YES,ELECTRONIC CHECK,101.3,4113.1,3.3278580814717476,1
4290-BSXUX,YES,MALE,0,YES,NO,3,YES,YES,FIBER OPTIC,NO,NO,NO,YES,NO,NO,MONTH-TO-MONTH,YES,BANK TRANSFER (AUTOMATIC),79.65,251.75,2.616622864651774,1
4291-HPAXL,NO,MALE,0,NO,YES,1,YES,NO,NO,NO,NO,NO,NO,NO,NO,MONTH-TO-MONTH,NO,MAILED CHECK,19.85,19.85,0.6521024967148489,0
4291-HYEBC,NO,FEMALE,1,YES,YES,28,NO,NO,DSL,NO,YES,NO,NO,NO,YES,ONE YEAR,YES,ELECTRONIC CHECK,39.1,1096.6,1.2844940867279895,0
4291-SHSBH,NO,MALE,0,NO,NO,7,YES,NO,FIBER OPTIC,NO,NO,NO,NO,NO,NO,MONTH-TO-MONTH,YES,ELECTRONIC CHECK,69.55,521.35,2.2848226018396844,0
4291-TPNFG,NO,MALE,0,YES,NO,72,YES,YES,DSL,YES,YES,YES,YES,NO,YES,TWO YEAR,YES,BANK TRANSFER (AUTOMATIC),82.3,5980.55,2.7036793692509855,0
4291-YZODP,NO,FEMALE,0,NO,YES,7,YES,NO,NO,NO,NO,NO,NO,NO,NO,ONE YEAR,NO,MAILED CHECK,20.05,96.8,0.6586727989487516,0
4293-ETKAP,NO,FEMALE,0,YES,YES,65,YES,YES,DSL,NO,YES,NO,YES,YES,YES,TWO YEAR,YES,BANK TRANSFER (AUTOMATIC),79.4,5071.9,2.6084099868593955,0
4295-YURET,NO,FEMALE,1,YES,YES,56,YES,NO,DSL,YES,NO,NO,YES,YES,YES,TWO YEAR,YES,CREDIT CARD (AUTOMATIC),72.6,4084.35,2.3850197109067013,0
4298-OYIFC,NO,MALE,0,YES,NO,15,YES,YES,FIBER OPTIC,NO,NO,YES,YES,YES,YES,MONTH-TO-MONTH,YES,ELECTRONIC CHECK,103.45,1539.8,3.3984888304862024,0
4299-OPXEJ,NO,FEMALE,0,NO,NO,56,YES,NO,NO,NO,NO,NO,NO,NO,NO,TWO YEAR,YES,BANK TRANSFER (AUTOMATIC),19.55,1080.55,0.6422470433639947,0
4299-SIMNS,NO,MALE,0,NO,NO,9,YES,YES,FIBER OPTIC,YES,NO,NO,NO,NO,NO,MONTH-TO-MONTH,YES,ELECTRONIC CHECK,81.15,784.45,2.665900131406045,0
4301-VVZKA,NO,MALE,0,YES,NO,16,YES,YES,FIBER OPTIC,NO,NO,NO,NO,NO,NO,MONTH-TO-MONTH,YES,ELECTRONIC CHECK,75.4,1189.4,2.4770039421813403,0
4302-ZYFEL,NO,MALE,0,YES,YES,69,YES,NO,NO,NO,NO,NO,NO,NO,NO,ONE YEAR,YES,CREDIT CARD (AUTOMATIC),20.55,1403.1,0.6750985545335085,0
4304-TSPVK,NO,FEMALE,0,YES,NO,68,YES,YES,FIBER OPTIC,YES,YES,YES,YES,YES,YES,TWO YEAR,NO,BANK TRANSFER (AUTOMATIC),114.9,7843.55,3.7746386333771356,0
4304-XUMGI,NO,MALE,1,YES,YES,50,YES,YES,DSL,YES,YES,YES,NO,NO,YES,TWO YEAR,YES,BANK TRANSFER (AUTOMATIC),75.15,3822.45,2.468791064388962,0
4307-KTUMW,YES,MALE,0,YES,NO,53,YES,YES,FIBER OPTIC,YES,NO,YES,NO,NO,YES,MONTH-TO-MONTH,NO,ELECTRONIC CHECK,93.9,5029.2,3.0847568988173455,1
4307-KWMXE,NO,MALE,0,NO,NO,10,NO,NO,DSL,NO,YES,NO,YES,NO,NO,MONTH-TO-MONTH,NO,ELECTRONIC CHECK,35.75,389.8,1.1744415243101183,0
4310-KEDTB,NO,FEMALE,0,NO,YES,26,NO,NO,DSL,NO,NO,YES,NO,NO,NO,MONTH-TO-MONTH,YES,MAILED CHECK,29.8,786.5,0.9789750328515111,0
4311-QTTAI,NO,FEMALE,0,NO,NO,16,YES,NO,NO,NO,NO,NO,NO,NO,NO,ONE YEAR,NO,CREDIT CARD (AUTOMATIC),19.35,295.55,0.635676741130092,0
4312-GVYNH,NO,FEMALE,0,YES,NO,70,NO,NO,DSL,YES,NO,YES,YES,NO,YES,TWO YEAR,YES,BANK TRANSFER (AUTOMATIC),49.85,3370.2,1.6376478318002627,0
4312-KFRXN,NO,MALE,0,YES,NO,72,YES,YES,NO,NO,NO,NO,NO,NO,NO,TWO YEAR,NO,MAILED CHECK,25.4,1710.9,0.8344283837056504,0
4315-MURBD,YES,FEMALE,0,NO,NO,12,YES,NO,FIBER OPTIC,YES,NO,NO,YES,YES,YES,MONTH-TO-MONTH,YES,BANK TRANSFER (AUTOMATIC),98.9,1120.95,3.2490144546649145,1
4316-XCSLJ,NO,MALE,0,NO,YES,17,YES,NO,DSL,YES,NO,NO,NO,NO,NO,MONTH-TO-MONTH,YES,MAILED CHECK,50.3,846.8,1.652431011826544,0
4317-VTEOA,YES,MALE,0,NO,NO,1,YES,NO,DSL,NO,YES,NO,NO,NO,NO,MONTH-TO-MONTH,YES,ELECTRONIC CHECK,50.75,50.75,1.6672141918528252,1
4318-RAJVY,NO,FEMALE,0,NO,NO,10,YES,NO,NO,NO,NO,NO,NO,NO,NO,ONE YEAR,YES,MAILED CHECK,19.8,198.25,0.6504599211563732,0
4320-QMLLA,NO,MALE,0,NO,NO,7,YES,NO,DSL,NO,NO,NO,NO,YES,NO,MONTH-TO-MONTH,NO,MAILED CHECK,54.85,370.4,1.8019053876478317,0
4322-RCYMT,YES,MALE,0,YES,YES,68,YES,YES,DSL,NO,YES,YES,YES,NO,YES,ONE YEAR,YES,BANK TRANSFER (AUTOMATIC),75.8,5293.95,2.490144546649146,1
4323-ELYYB,NO,MALE,0,YES,YES,13,YES,NO,NO,NO,NO,NO,NO,NO,NO,ONE YEAR,NO,MAILED CHECK,20.0,218.55,0.657030223390276,0
4323-OHFOW,NO,FEMALE,1,YES,NO,70,YES,YES,FIBER OPTIC,NO,YES,NO,YES,YES,YES,ONE YEAR,YES,BANK TRANSFER (AUTOMATIC),105.55,7195.35,3.467477003942181,0
4323-SADQS,YES,MALE,0,YES,YES,7,NO,NO,DSL,YES,NO,NO,YES,NO,NO,MONTH-TO-MONTH,YES,ELECTRONIC CHECK,34.5,279.25,1.133377135348226,1
4324-AHJKS,NO,FEMALE,0,NO,NO,5,YES,NO,DSL,YES,NO,YES,NO,NO,NO,MONTH-TO-MONTH,NO,CREDIT CARD (AUTOMATIC),55.8,300.4,1.8331143232588698,0
4324-BZCKL,NO,FEMALE,0,YES,YES,10,YES,NO,DSL,NO,YES,YES,NO,NO,NO,MONTH-TO-MONTH,YES,MAILED CHECK,55.55,551.3,1.8249014454664914,0
4325-NFSKC,YES,MALE,1,NO,NO,19,YES,YES,FIBER OPTIC,YES,NO,NO,NO,YES,NO,MONTH-TO-MONTH,YES,ELECTRONIC CHECK,90.6,1660.0,2.9763469119579495,1
4328-VUFWD,NO,FEMALE,0,NO,NO,39,YES,NO,DSL,NO,NO,NO,YES,NO,YES,ONE YEAR,NO,ELECTRONIC CHECK,59.3,2209.15,1.948094612352168,0
4329-YPDDQ,NO,MALE,0,NO,NO,20,YES,NO,FIBER OPTIC,YES,YES,YES,YES,YES,YES,MONTH-TO-MONTH,YES,BANK TRANSFER (AUTOMATIC),108.2,2203.7,3.5545335085413927,0
4332-MUOEZ,NO,MALE,1,YES,YES,20,YES,NO,FIBER OPTIC,YES,NO,YES,YES,NO,YES,ONE YEAR,NO,CREDIT CARD (AUTOMATIC),94.3,1818.3,3.097897503285151,0
4334-HOWRP,NO,MALE,1,YES,NO,72,NO,NO,DSL,YES,YES,YES,YES,YES,YES,TWO YEAR,YES,CREDIT CARD (AUTOMATIC),64.95,4546.0,2.133705650459921,0
4335-BSMJS,NO,FEMALE,0,NO,NO,62,YES,YES,NO,NO,NO,NO,NO,NO,NO,TWO YEAR,YES,CREDIT CARD (AUTOMATIC),25.8,1563.95,0.8475689881734559,0
4335-UPJSI,NO,FEMALE,0,NO,YES,24,YES,NO,NO,NO,NO,NO,NO,NO,NO,TWO YEAR,NO,MAILED CHECK,19.75,498.1,0.6488173455978975,0
4338-EYCER,NO,MALE,0,YES,NO,21,YES,NO,DSL,NO,NO,NO,NO,YES,NO,MONTH-TO-MONTH,NO,BANK TRANSFER (AUTOMATIC),54.6,1125.2,1.7936925098554533,0
4342-HENTK,YES,FEMALE,1,NO,NO,2,YES,NO,FIBER OPTIC,NO,NO,NO,NO,NO,NO,MONTH-TO-MONTH,YES,ELECTRONIC CHECK,70.65,142.35,2.32095926412615,1
4342-HFXWS,NO,FEMALE,0,YES,YES,48,YES,NO,DSL,YES,NO,YES,YES,YES,NO,ONE YEAR,NO,BANK TRANSFER (AUTOMATIC),69.7,3023.65,2.2897503285151117,0
4343-EJVQB,NO,MALE,0,NO,NO,7,YES,NO,FIBER OPTIC,YES,NO,NO,NO,NO,NO,MONTH-TO-MONTH,NO,MAILED CHECK,74.35,533.6,2.4425098554533506,0
4349-GFQHK,YES,MALE,0,NO,NO,1,YES,YES,DSL,NO,NO,YES,NO,NO,NO,MONTH-TO-MONTH,NO,ELECTRONIC CHECK,54.35,54.35,1.7854796320630748,1
4350-ZTLPI,NO,FEMALE,0,YES,NO,53,YES,YES,FIBER OPTIC,NO,YES,YES,YES,YES,YES,ONE YEAR,YES,BANK TRANSFER (AUTOMATIC),108.95,5718.2,3.5791721419185283,0
4351-QLCSU,YES,FEMALE,0,NO,NO,1,YES,NO,DSL,NO,NO,NO,NO,YES,NO,MONTH-TO-MONTH,YES,CREDIT CARD (AUTOMATIC),55.0,55.0,1.8068331143232588,1
4353-HYOJD,NO,FEMALE,0,YES,YES,27,YES,NO,DSL,NO,YES,NO,NO,NO,NO,MONTH-TO-MONTH,NO,MAILED CHECK,49.85,1336.15,1.6376478318002627,0
4355-CVPVS,NO,FEMALE,0,YES,YES,56,YES,NO,FIBER OPTIC,NO,NO,NO,NO,YES,YES,ONE YEAR,NO,BANK TRANSFER (AUTOMATIC),88.9,4968.0,2.9204993429697765,0
4355-HBJHH,YES,MALE,0,YES,YES,67,YES,YES,DSL,YES,NO,YES,NO,YES,YES,TWO YEAR,YES,ELECTRONIC CHECK,79.7,5293.4,2.6182654402102497,1
4359-INNWN,NO,FEMALE,0,NO,NO,17,YES,NO,NO,NO,NO,NO,NO,NO,NO,ONE YEAR,NO,CREDIT CARD (AUTOMATIC),20.05,337.9,0.6586727989487516,0
4360-PNRQB,NO,MALE,0,NO,NO,18,YES,YES,FIBER OPTIC,NO,NO,NO,NO,NO,NO,MONTH-TO-MONTH,YES,BANK TRANSFER (AUTOMATIC),75.6,1395.05,2.4835742444152427,0
4360-QRAVE,NO,MALE,1,NO,NO,37,NO,NO,DSL,NO,YES,YES,NO,NO,NO,MONTH-TO-MONTH,NO,ELECTRONIC CHECK,36.65,1315.0,1.2040078843626807,0
4361-BKAXE,YES,FEMALE,0,NO,NO,41,YES,YES,FIBER OPTIC,YES,YES,YES,YES,YES,YES,MONTH-TO-MONTH,YES,BANK TRANSFER (AUTOMATIC),114.5,4527.45,3.7614980289093296,1
4361-FEBGN,NO,MALE,0,NO,NO,48,YES,NO,NO,NO,NO,NO,NO,NO,NO,TWO YEAR,NO,CREDIT CARD (AUTOMATIC),20.15,982.95,0.6619579500657029,0
4361-JEIVL,YES,MALE,0,NO,YES,1,YES,NO,DSL,NO,NO,NO,NO,NO,NO,MONTH-TO-MONTH,YES,ELECTRONIC CHECK,44.4,44.4,1.4586070959264126,1
4365-MSDYN,NO,MALE,0,YES,NO,8,YES,NO,NO,NO,NO,NO,NO,NO,NO,MONTH-TO-MONTH,YES,BANK TRANSFER (AUTOMATIC),19.55,161.15,0.6422470433639947,0
4366-CTOUZ,NO,FEMALE,0,NO,NO,50,YES,NO,FIBER OPTIC,NO,YES,NO,YES,YES,YES,TWO YEAR,YES,MAILED CHECK,100.2,5038.45,3.2917214191852824,0
4367-NHWMM,NO,FEMALE,0,NO,NO,1,NO,NO,DSL,NO,NO,NO,NO,NO,NO,MONTH-TO-MONTH,YES,MAILED CHECK,24.9,24.9,0.8180026281208935,0
4367-NUYAO,NO,MALE,0,YES,YES,0,YES,YES,NO,NO,NO,NO,NO,NO,NO,TWO YEAR,NO,MAILED CHECK,25.75,0.0,0.8459264126149802,0
4369-HTUIF,YES,MALE,1,NO,NO,6,YES,NO,FIBER OPTIC,YES,NO,NO,NO,YES,NO,MONTH-TO-MONTH,YES,BANK TRANSFER (AUTOMATIC),85.15,503.6,2.7973061760841,1
4369-NYSCF,NO,MALE,0,NO,NO,56,YES,NO,DSL,NO,YES,NO,YES,YES,YES,ONE YEAR,YES,BANK TRANSFER (AUTOMATIC),75.75,4284.65,2.48850197109067,0
4373-MAVJG,YES,FEMALE,0,YES,YES,14,YES,YES,FIBER OPTIC,NO,YES,NO,NO,NO,YES,MONTH-TO-MONTH,YES,BANK TRANSFER (AUTOMATIC),90.9,1259.0,2.986202365308804,1
4373-VVHQL,NO,MALE,0,NO,NO,1,YES,NO,DSL,NO,NO,NO,NO,NO,NO,MONTH-TO-MONTH,YES,ELECTRONIC CHECK,44.75,44.75,1.4701051248357424,0
4374-YMUSQ,NO,MALE,0,NO,NO,34,YES,YES,FIBER OPTIC,YES,YES,YES,YES,YES,YES,ONE YEAR,NO,CREDIT CARD (AUTOMATIC),116.25,3899.05,3.818988173455979,0
4376-KFVRS,NO,MALE,0,YES,YES,72,YES,YES,FIBER OPTIC,YES,YES,YES,YES,YES,YES,TWO YEAR,YES,CREDIT CARD (AUTOMATIC),114.05,8468.2,3.746714848883048,0
4377-VDHYI,NO,MALE,0,YES,YES,32,YES,NO,FIBER OPTIC,YES,YES,NO,NO,NO,YES,ONE YEAR,YES,ELECTRONIC CHECK,90.8,3023.85,2.9829172141918527,0
4378-BZYFP,NO,MALE,0,NO,NO,17,YES,NO,NO,NO,NO,NO,NO,NO,NO,ONE YEAR,YES,MAILED CHECK,20.5,365.8,0.6734559789750328,0
4378-MYPGO,NO,MALE,0,YES,YES,68,YES,NO,FIBER OPTIC,YES,YES,YES,NO,YES,YES,TWO YEAR,YES,BANK TRANSFER (AUTOMATIC),105.25,7173.15,3.4576215505913273,0
4381-MHQDC,NO,FEMALE,0,NO,NO,47,YES,YES,DSL,YES,NO,YES,YES,NO,NO,TWO YEAR,YES,MAILED CHECK,65.0,2879.9,2.135348226018397,0
4385-GZQXV,YES,FEMALE,1,NO,NO,16,YES,NO,FIBER OPTIC,NO,NO,NO,YES,YES,YES,MONTH-TO-MONTH,YES,ELECTRONIC CHECK,94.45,1511.2,3.1028252299605783,1
4385-ZKVNW,NO,MALE,0,YES,YES,44,YES,NO,DSL,NO,YES,NO,YES,NO,NO,MONTH-TO-MONTH,YES,BANK TRANSFER (AUTOMATIC),54.9,2549.1,1.8035479632063074,0
4389-UEFCZ,NO,FEMALE,0,YES,NO,72,YES,YES,FIBER OPTIC,YES,NO,YES,NO,YES,YES,TWO YEAR,YES,ELECTRONIC CHECK,105.5,7544.0,3.4658344283837055,0
4390-KYULV,YES,MALE,0,YES,NO,3,YES,NO,NO,NO,NO,NO,NO,NO,NO,MONTH-TO-MONTH,YES,CREDIT CARD (AUTOMATIC),20.55,51.15,0.6750985545335085,1
4391-LNRXK,NO,MALE,0,NO,NO,22,YES,NO,FIBER OPTIC,NO,YES,YES,YES,NO,YES,MONTH-TO-MONTH,YES,BANK TRANSFER (AUTOMATIC),94.95,2142.8,3.119250985545335,0
4391-RESHN,YES,MALE,0,NO,NO,23,YES,YES,FIBER OPTIC,NO,NO,YES,YES,YES,YES,MONTH-TO-MONTH,YES,MAILED CHECK,104.05,2470.1,3.4181997371879103,1
4393-GEADV,NO,MALE,0,YES,YES,70,YES,YES,FIBER OPTIC,YES,YES,YES,YES,YES,YES,TWO YEAR,NO,CREDIT CARD (AUTOMATIC),114.75,7842.3,3.7697109067017083,0
4393-OBCRR,NO,FEMALE,0,NO,NO,3,YES,NO,NO,NO,NO,NO,NO,NO,NO,ONE YEAR,NO,MAILED CHECK,20.25,71.2,0.6652431011826544,0
4393-RYCRE,NO,MALE,0,NO,NO,44,YES,NO,FIBER OPTIC,YES,YES,YES,NO,YES,YES,ONE YEAR,YES,ELECTRONIC CHECK,106.05,4510.8,3.483902759526938,0
4395-PZMSN,NO,MALE,1,NO,NO,5,YES,NO,FIBER OPTIC,NO,YES,NO,NO,NO,YES,MONTH-TO-MONTH,YES,ELECTRONIC CHECK,85.55,408.5,2.810446780551905,0
4396-KLSEH,NO,MALE,0,NO,NO,4,YES,NO,NO,NO,NO,NO,NO,NO,NO,MONTH-TO-MONTH,YES,ELECTRONIC CHECK,19.85,63.0,0.6521024967148489,0
4397-FRLTA,NO,FEMALE,0,NO,NO,4,YES,NO,NO,NO,NO,NO,NO,NO,NO,MONTH-TO-MONTH,NO,MAILED CHECK,20.15,84.5,0.6619579500657029,0
4398-HSCJH,YES,FEMALE,0,NO,NO,3,YES,YES,DSL,NO,NO,NO,YES,YES,NO,MONTH-TO-MONTH,YES,ELECTRONIC CHECK,63.6,155.65,2.0893561103810776,1
4402-FTBXC,NO,MALE,0,NO,NO,54,YES,NO,FIBER OPTIC,YES,NO,YES,NO,YES,NO,MONTH-TO-MONTH,NO,MAILED CHECK,89.8,4667.0,2.950065703022339,0
4403-BWPAY,NO,MALE,0,NO,NO,14,YES,YES,NO,NO,NO,NO,NO,NO,NO,ONE YEAR,YES,CREDIT CARD (AUTOMATIC),24.8,321.7,0.8147174770039421,0
4404-HIBDJ,YES,FEMALE,0,NO,NO,25,YES,NO,DSL,YES,YES,YES,YES,YES,NO,ONE YEAR,NO,MAILED CHECK,74.3,1863.8,2.440867279894875,1
4412-YLTKF,YES,FEMALE,1,NO,NO,27,YES,YES,FIBER OPTIC,NO,NO,YES,NO,NO,NO,MONTH-TO-MONTH,YES,ELECTRONIC CHECK,78.05,2135.5,2.5640604467805517,1
4415-IJZTP,YES,FEMALE,0,NO,NO,1,YES,YES,FIBER OPTIC,NO,NO,NO,NO,NO,NO,MONTH-TO-MONTH,YES,ELECTRONIC CHECK,74.5,74.5,2.447437582128778,1
4415-WNGVR,NO,FEMALE,1,YES,NO,12,YES,NO,DSL,YES,NO,YES,YES,YES,YES,ONE YEAR,YES,ELECTRONIC CHECK,79.2,943.85,2.6018396846254928,0
4418-LZMSV,NO,MALE,0,YES,YES,13,YES,NO,DSL,NO,YES,YES,YES,NO,NO,MONTH-TO-MONTH,NO,BANK TRANSFER (AUTOMATIC),61.8,750.1,2.0302233902759523,0
4419-UJMUS,NO,MALE,0,YES,YES,69,YES,YES,FIBER OPTIC,NO,NO,NO,YES,YES,YES,TWO YEAR,YES,ELECTRONIC CHECK,99.35,6856.45,3.2637976346911954,0
4422-QVIJA,NO,FEMALE,0,NO,YES,35,YES,YES,DSL,NO,NO,NO,NO,NO,NO,MONTH-TO-MONTH,NO,MAILED CHECK,50.15,1655.35,1.6475032851511169,0
4423-JWZJN,NO,MALE,0,YES,YES,64,YES,YES,FIBER OPTIC,NO,NO,YES,NO,NO,YES,ONE YEAR,NO,CREDIT CARD (AUTOMATIC),90.25,5629.15,2.96484888304862,0
4423-YLHDV,YES,FEMALE,0,YES,NO,21,YES,YES,FIBER OPTIC,YES,NO,YES,NO,YES,YES,MONTH-TO-MONTH,YES,BANK TRANSFER (AUTOMATIC),104.4,2200.25,3.4296977660972403,1
4424-TKOPW,YES,MALE,1,NO,NO,2,YES,YES,FIBER OPTIC,NO,NO,NO,NO,YES,YES,MONTH-TO-MONTH,YES,ELECTRONIC CHECK,93.85,196.75,3.0831143232588696,1
4425-OWHWB,NO,FEMALE,0,NO,NO,20,YES,NO,NO,NO,NO,NO,NO,NO,NO,ONE YEAR,YES,CREDIT CARD (AUTOMATIC),19.35,433.75,0.635676741130092,0
4429-WYGFR,NO,MALE,0,NO,NO,26,YES,NO,DSL,NO,NO,NO,YES,NO,NO,MONTH-TO-MONTH,NO,BANK TRANSFER (AUTOMATIC),49.15,1237.3,1.614651773981603,0
4430-UZIPO,YES,MALE,0,NO,NO,3,NO,NO,DSL,NO,YES,NO,YES,NO,NO,MONTH-TO-MONTH,YES,MAILED CHECK,36.85,108.7,1.2105781865965834,1
4430-YHXGG,NO,FEMALE,0,NO,YES,4,YES,YES,NO,NO,NO,NO,NO,NO,NO,MONTH-TO-MONTH,YES,MAILED CHECK,25.45,84.2,0.8360709592641261,0
4431-EDMIQ,NO,FEMALE,0,YES,YES,7,YES,NO,DSL,YES,YES,YES,YES,YES,NO,MONTH-TO-MONTH,YES,ELECTRONIC CHECK,75.7,554.05,2.4868593955321945,0
4432-ADRLB,YES,MALE,0,NO,NO,2,YES,NO,DSL,NO,NO,NO,NO,NO,NO,MONTH-TO-MONTH,NO,MAILED CHECK,44.65,74.9,1.466819973718791,1
4433-JCGCG,YES,MALE,1,YES,NO,46,YES,YES,FIBER OPTIC,NO,NO,YES,NO,YES,YES,MONTH-TO-MONTH,YES,ELECTRONIC CHECK,101.0,4680.05,3.3180026281208934,1
4439-JMPMT,YES,FEMALE,0,YES,YES,5,YES,NO,FIBER OPTIC,NO,NO,NO,YES,YES,NO,MONTH-TO-MONTH,YES,ELECTRONIC CHECK,85.75,470.95,2.817017082785808,1
4439-YRNVD,NO,FEMALE,0,NO,NO,10,NO,NO,DSL,NO,YES,NO,YES,NO,NO,MONTH-TO-MONTH,NO,ELECTRONIC CHECK,36.25,374.0,1.1908672798948752,0
4441-NIHPT,YES,FEMALE,1,NO,NO,13,YES,NO,FIBER OPTIC,NO,NO,YES,NO,NO,NO,MONTH-TO-MONTH,YES,ELECTRONIC CHECK,74.3,940.35,2.440867279894875,1
4443-EMBNA,NO,FEMALE,0,YES,NO,71,YES,YES,NO,NO,NO,NO,NO,NO,NO,TWO YEAR,NO,BANK TRANSFER (AUTOMATIC),24.75,1836.9,0.8130749014454665,0
4445-KWOKW,NO,FEMALE,0,NO,NO,42,YES,YES,DSL,YES,YES,NO,NO,NO,NO,ONE YEAR,YES,BANK TRANSFER (AUTOMATIC),60.15,2421.6,1.9760183968462548,0
4445-ZJNMU,NO,MALE,0,NO,NO,9,YES,YES,FIBER OPTIC,NO,YES,NO,NO,YES,YES,MONTH-TO-MONTH,YES,CREDIT CARD (AUTOMATIC),99.3,918.75,3.26215505913272,0
4446-BZKHU,YES,MALE,0,YES,NO,61,YES,YES,FIBER OPTIC,NO,YES,YES,NO,YES,YES,MONTH-TO-MONTH,YES,ELECTRONIC CHECK,105.55,6281.45,3.467477003942181,1
4450-DLLMH,NO,MALE,0,NO,NO,2,YES,NO,FIBER OPTIC,NO,NO,NO,NO,NO,NO,MONTH-TO-MONTH,YES,CREDIT CARD (AUTOMATIC),71.3,157.75,2.342312746386334,0
4450-MDZFX,NO,MALE,0,YES,YES,60,YES,YES,FIBER OPTIC,NO,NO,NO,NO,NO,NO,MONTH-TO-MONTH,NO,BANK TRANSFER (AUTOMATIC),74.35,4453.3,2.4425098554533506,0
4450-YOOHP,NO,FEMALE,0,NO,NO,39,NO,NO,DSL,NO,NO,YES,NO,YES,YES,MONTH-TO-MONTH,YES,CREDIT CARD (AUTOMATIC),50.65,1905.4,1.6639290407358738,0
4451-RWASJ,NO,MALE,0,YES,YES,15,YES,NO,NO,NO,NO,NO,NO,NO,NO,ONE YEAR,YES,MAILED CHECK,19.5,239.75,0.640604467805519,0
4452-QIIEB,NO,MALE,0,NO,NO,7,YES,NO,DSL,NO,NO,NO,NO,NO,NO,MONTH-TO-MONTH,NO,MAILED CHECK,43.9,278.4,1.4421813403416557,0
4452-ROHMO,NO,FEMALE,0,NO,NO,15,YES,NO,NO,NO,NO,NO,NO,NO,NO,TWO YEAR,NO,MAILED CHECK,19.6,331.6,0.6438896189224704,0
4455-BFSPD,NO,FEMALE,0,YES,NO,61,YES,YES,FIBER OPTIC,NO,NO,NO,YES,YES,YES,ONE YEAR,NO,BANK TRANSFER (AUTOMATIC),101.15,6383.9,3.3229303547963207,0
4456-RHSNB,NO,FEMALE,0,YES,YES,19,YES,NO,DSL,NO,NO,YES,NO,NO,NO,MONTH-TO-MONTH,YES,BANK TRANSFER (AUTOMATIC),49.6,962.9,1.6294349540078843,0
4458-KVRBJ,NO,MALE,0,NO,NO,59,YES,YES,NO,NO,NO,NO,NO,NO,NO,TWO YEAR,NO,MAILED CHECK,25.0,1510.5,0.8212877792378449,0
4459-BBGHE,NO,MALE,0,NO,YES,30,NO,NO,DSL,NO,NO,NO,NO,YES,YES,MONTH-TO-MONTH,YES,ELECTRONIC CHECK,44.5,1307.8,1.461892247043364,0
4462-CYWMH,NO,MALE,1,YES,NO,62,YES,YES,FIBER OPTIC,NO,YES,NO,NO,NO,YES,MONTH-TO-MONTH,YES,BANK TRANSFER (AUTOMATIC),89.8,5629.55,2.950065703022339,0
4464-JCOLN,YES,MALE,0,YES,YES,2,YES,NO,NO,NO,NO,NO,NO,NO,NO,ONE YEAR,NO,MAILED CHECK,19.85,35.9,0.6521024967148489,1
4465-VDKIQ,NO,FEMALE,0,NO,NO,18,YES,NO,FIBER OPTIC,NO,YES,YES,NO,NO,NO,MONTH-TO-MONTH,NO,ELECTRONIC CHECK,77.8,1358.6,2.5558475689881734,0
4468-KAZHE,NO,FEMALE,1,YES,NO,20,YES,NO,DSL,NO,YES,NO,NO,NO,YES,MONTH-TO-MONTH,YES,ELECTRONIC CHECK,60.0,1259.35,1.9710906701708277,0
4468-YDOVK,NO,MALE,0,NO,YES,5,YES,NO,DSL,NO,NO,NO,YES,NO,NO,MONTH-TO-MONTH,YES,BANK TRANSFER (AUTOMATIC),48.65,235.2,1.5982260183968462,0
4471-KXAUH,YES,FEMALE,0,YES,NO,42,YES,YES,FIBER OPTIC,NO,NO,YES,YES,NO,NO,MONTH-TO-MONTH,YES,ELECTRONIC CHECK,84.3,3588.4,2.769382391590013,1
4472-LVYGI,NO,FEMALE,0,YES,YES,0,NO,NO,DSL,YES,NO,YES,YES,YES,NO,TWO YEAR,YES,BANK TRANSFER (AUTOMATIC),52.55,0.0,1.72634691195795,0
4472-VESGY,NO,FEMALE,0,YES,YES,52,YES,YES,FIBER OPTIC,YES,YES,YES,NO,NO,YES,MONTH-TO-MONTH,NO,BANK TRANSFER (AUTOMATIC),98.15,4993.4,3.2243758212877793,0
4475-NVTLU,NO,MALE,0,YES,YES,45,YES,NO,NO,NO,NO,NO,NO,NO,NO,TWO YEAR,NO,ELECTRONIC CHECK,19.2,903.7,0.6307490144546649,0
4476-OSWTN,NO,MALE,1,YES,NO,69,YES,YES,FIBER OPTIC,YES,NO,YES,YES,YES,YES,ONE YEAR,YES,MAILED CHECK,110.55,7610.1,3.63173455978975,0
4480-MBMLB,NO,FEMALE,0,NO,NO,36,YES,YES,FIBER OPTIC,NO,YES,YES,NO,YES,YES,ONE YEAR,YES,BANK TRANSFER (AUTOMATIC),104.8,3886.45,3.442838370565046,0
4480-QQRHC,NO,FEMALE,1,NO,NO,8,YES,NO,FIBER OPTIC,NO,NO,YES,NO,NO,NO,MONTH-TO-MONTH,YES,BANK TRANSFER (AUTOMATIC),74.05,600.15,2.4326544021024965,0
4482-EWFMI,NO,FEMALE,0,NO,NO,2,YES,NO,FIBER OPTIC,NO,NO,NO,NO,NO,NO,MONTH-TO-MONTH,YES,ELECTRONIC CHECK,69.7,135.2,2.2897503285151117,0
4482-FTFFX,NO,MALE,0,NO,NO,5,YES,NO,DSL,NO,NO,YES,YES,NO,NO,MONTH-TO-MONTH,NO,ELECTRONIC CHECK,56.15,291.45,1.8446123521681996,0
4484-CGXFK,YES,FEMALE,0,NO,NO,3,YES,NO,DSL,NO,NO,NO,NO,NO,YES,MONTH-TO-MONTH,YES,ELECTRONIC CHECK,55.3,196.15,1.816688567674113,1
4484-GLZOU,YES,FEMALE,0,YES,NO,52,YES,YES,FIBER OPTIC,NO,YES,YES,NO,YES,YES,MONTH-TO-MONTH,YES,ELECTRONIC CHECK,105.05,5624.85,3.451051248357424,1
4486-EFAEB,NO,MALE,0,NO,NO,13,YES,NO,NO,NO,NO,NO,NO,NO,NO,MONTH-TO-MONTH,YES,ELECTRONIC CHECK,20.4,251.65,0.6701708278580814,0
4487-ZYJZK,NO,FEMALE,0,YES,YES,38,YES,NO,NO,NO,NO,NO,NO,NO,NO,ONE YEAR,NO,CREDIT CARD (AUTOMATIC),19.6,763.1,0.6438896189224704,0
4488-KQFDT,NO,FEMALE,0,NO,NO,61,YES,YES,FIBER OPTIC,NO,YES,YES,NO,YES,YES,ONE YEAR,YES,ELECTRONIC CHECK,103.95,6423.0,3.4149145860709593,0
4488-PSYCG,YES,MALE,0,NO,NO,16,YES,NO,NO,NO,NO,NO,NO,NO,NO,MONTH-TO-MONTH,NO,BANK TRANSFER (AUTOMATIC),20.25,327.45,0.6652431011826544,1
4489-SNOJF,YES,FEMALE,0,YES,YES,35,YES,YES,DSL,YES,NO,YES,YES,YES,NO,MONTH-TO-MONTH,NO,ELECTRONIC CHECK,72.25,2568.55,2.3735216819973717,1
4495-LHSSK,NO,FEMALE,0,NO,YES,18,YES,YES,DSL,YES,NO,NO,NO,NO,NO,MONTH-TO-MONTH,NO,MAILED CHECK,57.65,992.7,1.8938896189224703,0
4500-HKANN,NO,MALE,0,YES,YES,23,YES,YES,DSL,NO,YES,NO,YES,NO,NO,TWO YEAR,NO,MAILED CHECK,59.7,1414.2,1.9612352168199738,0
4501-EQDRN,YES,FEMALE,0,NO,NO,1,YES,NO,FIBER OPTIC,NO,NO,NO,NO,NO,NO,MONTH-TO-MONTH,NO,BANK TRANSFER (AUTOMATIC),69.7,69.7,2.2897503285151117,1
4501-UYKBC,NO,FEMALE,1,NO,NO,46,YES,YES,DSL,NO,NO,YES,YES,NO,YES,ONE YEAR,YES,CREDIT CARD (AUTOMATIC),69.1,3255.35,2.270039421813403,0
4501-VCPFK,NO,MALE,0,NO,NO,26,NO,NO,DSL,NO,NO,YES,YES,NO,NO,MONTH-TO-MONTH,NO,ELECTRONIC CHECK,35.75,1022.5,1.1744415243101183,0
4503-BDXBD,YES,MALE,0,NO,NO,11,YES,NO,FIBER OPTIC,NO,YES,NO,NO,NO,NO,MONTH-TO-MONTH,NO,ELECTRONIC CHECK,74.95,815.5,2.462220762155059,1
4504-YOULA,NO,FEMALE,0,YES,YES,35,YES,YES,DSL,YES,YES,NO,NO,NO,NO,MONTH-TO-MONTH,YES,CREDIT CARD (AUTOMATIC),59.45,2136.9,1.9530223390275954,0
4505-EXZHB,YES,FEMALE,1,NO,NO,6,YES,NO,FIBER OPTIC,NO,NO,YES,NO,NO,NO,MONTH-TO-MONTH,NO,ELECTRONIC CHECK,74.4,434.1,2.4441524310118266,1
4508-OEBEY,NO,MALE,0,YES,NO,31,YES,NO,DSL,YES,YES,YES,YES,NO,YES,ONE YEAR,YES,CREDIT CARD (AUTOMATIC),75.5,2424.45,2.4802890932982917,0
4510-HIMLV,YES,MALE,0,NO,NO,1,YES,NO,FIBER OPTIC,NO,NO,NO,NO,NO,NO,MONTH-TO-MONTH,YES,ELECTRONIC CHECK,69.8,69.8,2.2930354796320627,1
4510-PYUSH,YES,FEMALE,1,NO,NO,38,YES,NO,DSL,YES,YES,NO,NO,NO,NO,MONTH-TO-MONTH,YES,CREDIT CARD (AUTOMATIC),57.15,2250.65,1.8774638633377134,1
4512-ZUIYL,YES,FEMALE,0,NO,NO,2,YES,NO,FIBER OPTIC,NO,NO,NO,NO,NO,NO,MONTH-TO-MONTH,NO,BANK TRANSFER (AUTOMATIC),70.0,153.05,2.299605781865966,1
4513-CXYIX,NO,FEMALE,1,YES,NO,71,YES,YES,FIBER OPTIC,YES,NO,NO,NO,NO,NO,TWO YEAR,YES,CREDIT CARD (AUTOMATIC),80.7,5676.0,2.6511169513797634,0
4514-GFCFI,YES,FEMALE,1,NO,NO,16,YES,YES,FIBER OPTIC,NO,NO,NO,NO,YES,NO,MONTH-TO-MONTH,YES,ELECTRONIC CHECK,84.75,1350.15,2.784165571616294,1
4518-FZBSX,NO,MALE,0,YES,YES,42,YES,NO,NO,NO,NO,NO,NO,NO,NO,ONE YEAR,NO,MAILED CHECK,20.25,854.9,0.6652431011826544,0
4521-WFJAI,NO,MALE,0,NO,NO,56,YES,YES,NO,NO,NO,NO,NO,NO,NO,TWO YEAR,YES,BANK TRANSFER (AUTOMATIC),25.95,1444.05,0.852496714848883,0
4521-YEEHE,NO,FEMALE,0,YES,NO,18,YES,YES,FIBER OPTIC,NO,NO,NO,YES,YES,NO,MONTH-TO-MONTH,YES,ELECTRONIC CHECK,88.85,1594.75,2.9188567674113006,0
4522-AKYLR,NO,FEMALE,1,NO,NO,13,YES,NO,DSL,NO,YES,YES,NO,NO,NO,MONTH-TO-MONTH,YES,ELECTRONIC CHECK,54.8,731.3,1.800262812089356,0
4522-XRWWI,NO,MALE,0,YES,NO,42,YES,YES,DSL,YES,NO,NO,YES,YES,YES,ONE YEAR,NO,CREDIT CARD (AUTOMATIC),80.45,3375.9,2.642904073587385,0
4523-WXCEF,YES,FEMALE,0,YES,NO,59,YES,YES,FIBER OPTIC,NO,YES,NO,NO,YES,YES,MONTH-TO-MONTH,NO,ELECTRONIC CHECK,101.1,6039.9,3.321287779237845,1
4524-QCSSM,NO,MALE,0,NO,NO,26,NO,NO,DSL,YES,YES,NO,NO,NO,YES,MONTH-TO-MONTH,YES,BANK TRANSFER (AUTOMATIC),44.65,1156.55,1.466819973718791,0
4525-VZCZG,NO,MALE,0,NO,YES,54,YES,NO,FIBER OPTIC,YES,YES,NO,YES,YES,YES,ONE YEAR,YES,ELECTRONIC CHECK,105.85,5826.65,3.477332457293035,0
4526-EXKKN,NO,MALE,0,NO,NO,40,YES,YES,NO,NO,NO,NO,NO,NO,NO,TWO YEAR,YES,MAILED CHECK,24.6,973.95,0.8081471747700394,0
4526-RMTLL,NO,MALE,0,YES,YES,8,YES,YES,DSL,YES,YES,NO,YES,NO,YES,TWO YEAR,YES,CREDIT CARD (AUTOMATIC),76.15,645.8,2.501642575558476,0
4526-ZJJTM,NO,FEMALE,1,YES,NO,25,YES,NO,FIBER OPTIC,NO,YES,YES,NO,NO,YES,MONTH-TO-MONTH,NO,BANK TRANSFER (AUTOMATIC),88.4,2191.15,2.9040735873850196,0
4529-CKBCL,YES,FEMALE,0,NO,NO,2,YES,NO,FIBER OPTIC,NO,NO,NO,NO,YES,NO,MONTH-TO-MONTH,YES,ELECTRONIC CHECK,80.2,146.05,2.6346911957950065,1
4530-NDRKU,NO,FEMALE,0,YES,YES,42,YES,NO,NO,NO,NO,NO,NO,NO,NO,ONE YEAR,YES,ELECTRONIC CHECK,19.05,761.85,0.6258212877792378,0
4531-AUZNK,NO,FEMALE,0,YES,YES,51,YES,YES,FIBER OPTIC,YES,NO,NO,YES,YES,NO,ONE YEAR,YES,MAILED CHECK,95.15,5000.05,3.125821287779238,0
4534-WGCIR,NO,FEMALE,0,YES,YES,58,YES,YES,NO,NO,NO,NO,NO,NO,NO,TWO YEAR,NO,CREDIT CARD (AUTOMATIC),25.15,1509.9,0.826215505913272,0
4536-PLEQY,NO,MALE,0,YES,NO,12,YES,NO,FIBER OPTIC,NO,YES,NO,NO,NO,YES,MONTH-TO-MONTH,YES,CREDIT CARD (AUTOMATIC),85.05,999.8,2.794021024967148,0
4537-CIBHB,NO,FEMALE,0,YES,YES,9,YES,NO,NO,NO,NO,NO,NO,NO,NO,ONE YEAR,NO,MAILED CHECK,20.25,172.35,0.6652431011826544,0
4537-DKTAL,NO,FEMALE,0,NO,NO,2,YES,NO,DSL,NO,NO,NO,NO,NO,NO,MONTH-TO-MONTH,NO,ELECTRONIC CHECK,45.55,84.4,1.4963863337713532,0
4538-WNTMJ,NO,FEMALE,0,YES,YES,46,YES,YES,NO,NO,NO,NO,NO,NO,NO,ONE YEAR,NO,MAILED CHECK,24.95,1165.9,0.8196452036793692,0
4541-RMRLG,YES,MALE,0,NO,NO,7,YES,NO,NO,NO,NO,NO,NO,NO,NO,MONTH-TO-MONTH,NO,ELECTRONIC CHECK,19.25,112.3,0.6323915900131406,1
4544-RXFMG,NO,MALE,0,YES,YES,8,YES,NO,DSL,NO,NO,NO,NO,NO,NO,ONE YEAR,YES,MAILED CHECK,43.45,345.5,1.4273981603153745,0
4546-FOKWR,NO,FEMALE,0,NO,NO,16,YES,YES,FIBER OPTIC,NO,NO,NO,NO,NO,NO,MONTH-TO-MONTH,YES,CREDIT CARD (AUTOMATIC),74.75,1129.35,2.455650459921156,0
4547-FZJWE,NO,MALE,0,YES,YES,55,YES,NO,DSL,YES,NO,NO,NO,NO,YES,ONE YEAR,NO,CREDIT CARD (AUTOMATIC),59.45,3157.0,1.9530223390275954,0
4547-KQRTM,YES,FEMALE,0,NO,NO,10,YES,YES,FIBER OPTIC,NO,YES,NO,NO,NO,NO,MONTH-TO-MONTH,YES,BANK TRANSFER (AUTOMATIC),80.05,830.7,2.6297634691195793,1
4547-LYTDD,YES,FEMALE,0,NO,NO,16,YES,YES,FIBER OPTIC,NO,NO,NO,NO,NO,NO,MONTH-TO-MONTH,NO,ELECTRONIC CHECK,72.65,1194.3,2.3866622864651776,1
4548-SDBKE,YES,FEMALE,0,NO,NO,5,YES,YES,FIBER OPTIC,NO,NO,NO,NO,YES,NO,MONTH-TO-MONTH,YES,ELECTRONIC CHECK,85.2,474.8,2.7989487516425755,1
4549-ZDQYY,NO,FEMALE,0,NO,NO,52,YES,NO,DSL,YES,NO,YES,YES,NO,NO,ONE YEAR,NO,CREDIT CARD (AUTOMATIC),57.95,3042.25,1.9037450722733247,0
4550-EVXNY,YES,FEMALE,0,NO,YES,1,YES,NO,FIBER OPTIC,NO,NO,NO,NO,NO,NO,MONTH-TO-MONTH,YES,ELECTRONIC CHECK,69.65,69.65,2.2881077529566363,1
4550-VBOFE,YES,MALE,1,YES,NO,70,YES,YES,FIBER OPTIC,NO,YES,YES,NO,YES,YES,MONTH-TO-MONTH,YES,ELECTRONIC CHECK,102.95,7101.5,3.3820630749014455,1
4553-DVPZG,NO,FEMALE,0,YES,NO,62,YES,YES,FIBER OPTIC,NO,NO,YES,NO,YES,YES,MONTH-TO-MONTH,YES,ELECTRONIC CHECK,101.35,6164.7,3.329500657030223,0
4554-YGZIH,YES,MALE,1,YES,NO,49,YES,YES,FIBER OPTIC,NO,YES,NO,NO,NO,YES,MONTH-TO-MONTH,NO,CREDIT CARD (AUTOMATIC),90.05,4547.25,2.958278580814717,1
4558-CGYCZ,NO,MALE,0,NO,NO,4,YES,NO,NO,NO,NO,NO,NO,NO,NO,MONTH-TO-MONTH,NO,MAILED CHECK,19.75,78.3,0.6488173455978975,0
4558-FANTW,YES,FEMALE,0,YES,YES,17,YES,NO,FIBER OPTIC,YES,NO,NO,YES,YES,NO,MONTH-TO-MONTH,NO,ELECTRONIC CHECK,91.85,1574.45,3.017411300919842,1
4559-UWIHT,NO,MALE,0,YES,NO,14,YES,YES,FIBER OPTIC,NO,YES,YES,NO,NO,NO,MONTH-TO-MONTH,YES,ELECTRONIC CHECK,82.65,1185.0,2.7151773981603156,0
4560-WQAQW,NO,FEMALE,0,NO,NO,59,YES,YES,DSL,YES,NO,NO,YES,NO,YES,ONE YEAR,NO,BANK TRANSFER (AUTOMATIC),68.7,4070.95,2.256898817345598,0
4565-EVZMJ,NO,FEMALE,0,NO,NO,47,YES,NO,DSL,YES,YES,NO,YES,NO,NO,ONE YEAR,YES,MAILED CHECK,58.9,2813.05,1.9349540078843626,0
4565-NLZBV,NO,FEMALE,0,YES,NO,71,YES,YES,NO,NO,NO,NO,NO,NO,NO,TWO YEAR,YES,BANK TRANSFER (AUTOMATIC),24.65,1710.15,0.8097897503285151,0
4566-GOLUK,YES,MALE,0,YES,YES,47,YES,YES,FIBER OPTIC,NO,NO,YES,YES,YES,YES,MONTH-TO-MONTH,YES,BANK TRANSFER (AUTOMATIC),107.35,5118.95,3.5266097240473058,1
4566-NECEV,NO,MALE,0,NO,NO,5,YES,YES,FIBER OPTIC,NO,YES,YES,NO,NO,YES,MONTH-TO-MONTH,NO,ELECTRONIC CHECK,96.55,500.1,3.171813403416557,0
4566-QVRRW,YES,FEMALE,0,YES,NO,11,YES,NO,DSL,NO,NO,NO,NO,NO,NO,MONTH-TO-MONTH,YES,ELECTRONIC CHECK,44.05,483.7,1.4471090670170825,1
4567-AKPIA,NO,FEMALE,0,YES,YES,41,YES,YES,FIBER OPTIC,NO,YES,YES,YES,YES,YES,ONE YEAR,YES,BANK TRANSFER (AUTOMATIC),109.1,4454.25,3.584099868593955,0
4568-KNYWR,NO,MALE,0,NO,NO,52,YES,NO,DSL,YES,YES,NO,NO,YES,NO,TWO YEAR,YES,CREDIT CARD (AUTOMATIC),63.25,3342.45,2.0778580814717476,0
4568-TTZRT,NO,MALE,0,NO,NO,9,YES,NO,NO,NO,NO,NO,NO,NO,NO,MONTH-TO-MONTH,NO,MAILED CHECK,20.4,181.8,0.6701708278580814,0
4570-QHXHL,NO,FEMALE,0,NO,NO,9,YES,NO,DSL,NO,NO,NO,NO,NO,NO,MONTH-TO-MONTH,YES,ELECTRONIC CHECK,43.75,405.7,1.4372536136662286,0
4572-DVCGN,YES,FEMALE,0,NO,NO,10,YES,NO,FIBER OPTIC,NO,NO,NO,NO,NO,YES,MONTH-TO-MONTH,YES,BANK TRANSFER (AUTOMATIC),80.25,846.0,2.636333771353482,1
4573-JKNAE,NO,MALE,0,NO,YES,12,YES,NO,NO,NO,NO,NO,NO,NO,NO,TWO YEAR,NO,BANK TRANSFER (AUTOMATIC),19.35,212.3,0.635676741130092,0
4576-CSAJH,YES,MALE,0,NO,NO,22,YES,NO,DSL,NO,YES,NO,YES,NO,NO,ONE YEAR,YES,CREDIT CARD (AUTOMATIC),55.15,1193.05,1.8117608409986858,1
4578-PHJYZ,NO,MALE,0,YES,YES,52,YES,NO,DSL,NO,YES,YES,YES,YES,NO,ONE YEAR,YES,ELECTRONIC CHECK,68.75,3482.85,2.2585413929040734,0
4580-TMHJU,YES,FEMALE,0,YES,YES,43,YES,NO,DSL,NO,NO,NO,NO,YES,NO,MONTH-TO-MONTH,NO,ELECTRONIC CHECK,56.15,2499.3,1.8446123521681996,1
4581-LNWUM,NO,FEMALE,0,NO,NO,13,NO,NO,DSL,NO,NO,YES,NO,YES,YES,MONTH-TO-MONTH,NO,ELECTRONIC CHECK,49.15,649.4,1.614651773981603,0
4581-SSPWD,YES,FEMALE,0,NO,NO,3,YES,YES,FIBER OPTIC,NO,NO,NO,NO,NO,NO,MONTH-TO-MONTH,YES,ELECTRONIC CHECK,75.8,246.3,2.490144546649146,1
4583-PARNH,NO,MALE,1,YES,NO,16,YES,NO,FIBER OPTIC,NO,NO,YES,YES,NO,YES,MONTH-TO-MONTH,YES,ELECTRONIC CHECK,91.55,1540.05,3.007555847568988,0
4584-LBNMK,NO,MALE,1,YES,NO,45,YES,YES,NO,NO,NO,NO,NO,NO,NO,ONE YEAR,NO,CREDIT CARD (AUTOMATIC),24.7,1174.35,0.8114323258869908,0
4585-HETAI,YES,FEMALE,0,YES,YES,4,YES,NO,FIBER OPTIC,NO,NO,YES,NO,NO,NO,MONTH-TO-MONTH,YES,ELECTRONIC CHECK,73.75,325.45,2.4227989487516424,1
4587-NUKOX,YES,FEMALE,0,NO,NO,3,YES,NO,FIBER OPTIC,YES,YES,NO,NO,NO,NO,MONTH-TO-MONTH,YES,ELECTRONIC CHECK,79.1,246.5,2.598554533508541,1
4587-VVTOX,YES,FEMALE,0,YES,NO,6,YES,YES,FIBER OPTIC,NO,YES,YES,NO,YES,YES,MONTH-TO-MONTH,YES,ELECTRONIC CHECK,105.3,545.2,3.4592641261498027,1
4588-YBNIB,YES,FEMALE,0,NO,NO,1,YES,NO,NO,NO,NO,NO,NO,NO,NO,MONTH-TO-MONTH,YES,MAILED CHECK,19.6,19.6,0.6438896189224704,1
4589-IUAJB,NO,MALE,0,YES,NO,70,YES,YES,NO,NO,NO,NO,NO,NO,NO,TWO YEAR,NO,BANK TRANSFER (AUTOMATIC),24.25,1724.15,0.7966491458607096,0
4592-IWTJI,YES,FEMALE,0,YES,YES,3,NO,NO,DSL,YES,NO,NO,NO,NO,NO,MONTH-TO-MONTH,NO,CREDIT CARD (AUTOMATIC),29.7,91.7,0.9756898817345597,1
4597-ELFTS,YES,MALE,0,NO,NO,56,YES,YES,NO,NO,NO,NO,NO,NO,NO,ONE YEAR,NO,ELECTRONIC CHECK,24.9,1334.0,0.8180026281208935,1
4597-NUCQV,YES,MALE,1,NO,NO,24,YES,YES,FIBER OPTIC,NO,YES,NO,NO,YES,YES,MONTH-TO-MONTH,YES,ELECTRONIC CHECK,101.25,2440.15,3.326215505913272,1
4598-XLKNJ,YES,FEMALE,1,YES,NO,25,YES,NO,FIBER OPTIC,NO,YES,YES,NO,YES,YES,MONTH-TO-MONTH,YES,ELECTRONIC CHECK,98.5,2514.5,3.235873850197109,1
4598-ZADCK,NO,FEMALE,0,NO,NO,53,NO,NO,DSL,YES,YES,YES,YES,YES,NO,ONE YEAR,YES,ELECTRONIC CHECK,53.6,2879.2,1.7608409986859395,0
4603-JANFB,YES,MALE,0,NO,NO,1,YES,NO,FIBER OPTIC,NO,NO,NO,NO,NO,NO,MONTH-TO-MONTH,YES,ELECTRONIC CHECK,69.85,69.85,2.2946780551905386,1
4607-CHPCA,YES,MALE,0,YES,YES,25,YES,NO,FIBER OPTIC,NO,NO,NO,NO,YES,YES,ONE YEAR,YES,ELECTRONIC CHECK,90.4,2178.6,2.9697766097240472,1
4608-LCIMN,NO,MALE,0,YES,YES,8,YES,NO,DSL,NO,NO,NO,NO,NO,NO,MONTH-TO-MONTH,NO,BANK TRANSFER (AUTOMATIC),44.65,369.15,1.466819973718791,0
4609-KNNWG,NO,FEMALE,0,YES,YES,27,YES,NO,NO,NO,NO,NO,NO,NO,NO,TWO YEAR,NO,MAILED CHECK,19.9,550.1,0.6537450722733245,0
4611-ANLQC,NO,FEMALE,0,YES,NO,60,NO,NO,DSL,YES,YES,YES,NO,NO,YES,ONE YEAR,NO,ELECTRONIC CHECK,50.05,2911.5,1.6442181340341655,0
4612-SSVHJ,NO,FEMALE,1,NO,NO,20,YES,NO,FIBER OPTIC,NO,NO,NO,NO,NO,YES,MONTH-TO-MONTH,YES,ELECTRONIC CHECK,81.45,1671.6,2.675755584756899,0
4612-THJBS,YES,FEMALE,1,NO,NO,56,YES,YES,FIBER OPTIC,NO,YES,YES,NO,YES,YES,ONE YEAR,YES,BANK TRANSFER (AUTOMATIC),104.75,5510.65,3.4411957950065704,1
4614-NUVZD,YES,FEMALE,0,NO,NO,1,YES,NO,FIBER OPTIC,NO,NO,NO,NO,NO,YES,MONTH-TO-MONTH,YES,ELECTRONIC CHECK,81.1,81.1,2.6642575558475685,1
4615-PIVVU,NO,FEMALE,0,NO,NO,42,YES,NO,DSL,NO,NO,YES,YES,NO,YES,TWO YEAR,NO,CREDIT CARD (AUTOMATIC),66.5,2762.75,2.1846254927726676,0
4616-EWBNJ,NO,FEMALE,0,NO,NO,16,YES,NO,NO,NO,NO,NO,NO,NO,NO,ONE YEAR,NO,BANK TRANSFER (AUTOMATIC),20.1,318.6,0.6603153745072273,0
4616-ULAOA,NO,FEMALE,0,YES,YES,65,YES,YES,FIBER OPTIC,NO,YES,YES,YES,YES,YES,TWO YEAR,YES,CREDIT CARD (AUTOMATIC),110.8,7245.9,3.6399474375821286,0
4619-EVPHY,NO,FEMALE,1,YES,NO,20,YES,NO,FIBER OPTIC,NO,NO,NO,NO,YES,YES,ONE YEAR,YES,BANK TRANSFER (AUTOMATIC),91.0,1859.5,2.9894875164257555,0
4622-YNKIJ,NO,MALE,0,NO,NO,33,YES,NO,FIBER OPTIC,YES,NO,NO,YES,YES,NO,TWO YEAR,YES,ELECTRONIC CHECK,88.95,3027.65,2.9221419185282524,0
4623-ZKHLY,NO,MALE,0,YES,NO,22,YES,NO,NO,NO,NO,NO,NO,NO,NO,MONTH-TO-MONTH,YES,BANK TRANSFER (AUTOMATIC),20.45,471.55,0.6718134034165572,0
4625-EWPTF,YES,MALE,0,NO,NO,8,NO,NO,DSL,YES,NO,NO,NO,NO,NO,MONTH-TO-MONTH,YES,ELECTRONIC CHECK,30.45,226.45,1.0003285151116952,1
4625-LAMOB,NO,MALE,0,NO,NO,44,YES,NO,NO,NO,NO,NO,NO,NO,NO,TWO YEAR,NO,CREDIT CARD (AUTOMATIC),20.4,905.55,0.6701708278580814,0
4625-XMOYM,NO,FEMALE,0,YES,YES,72,YES,YES,NO,NO,NO,NO,NO,NO,NO,TWO YEAR,YES,BANK TRANSFER (AUTOMATIC),26.25,1988.05,0.8623521681997371,0
4626-GYCZP,YES,MALE,0,NO,NO,7,YES,YES,FIBER OPTIC,NO,NO,NO,NO,YES,YES,MONTH-TO-MONTH,YES,ELECTRONIC CHECK,93.85,635.6,3.0831143232588696,1
4626-OZDTJ,NO,FEMALE,0,YES,NO,51,YES,YES,DSL,NO,YES,NO,YES,YES,YES,ONE YEAR,YES,CREDIT CARD (AUTOMATIC),78.65,3950.85,2.5837713534822604,0
4627-MIHJH,NO,FEMALE,1,NO,NO,69,YES,YES,FIBER OPTIC,YES,NO,YES,YES,YES,YES,TWO YEAR,NO,CREDIT CARD (AUTOMATIC),110.25,7467.55,3.621879106438896,0
4628-CTTLA,YES,MALE,0,NO,NO,57,NO,NO,DSL,NO,YES,NO,NO,YES,NO,MONTH-TO-MONTH,YES,ELECTRONIC CHECK,39.3,2111.45,1.291064388961892,1
4628-WQCQQ,YES,MALE,0,NO,YES,35,YES,NO,FIBER OPTIC,NO,NO,YES,NO,YES,NO,ONE YEAR,YES,ELECTRONIC CHECK,85.15,3030.6,2.7973061760841,1
4629-NRXKX,YES,FEMALE,0,YES,YES,2,YES,NO,FIBER OPTIC,NO,NO,NO,NO,NO,NO,MONTH-TO-MONTH,NO,ELECTRONIC CHECK,70.4,147.15,2.3127463863337714,1
4631-OACRM,YES,MALE,1,NO,NO,15,YES,NO,FIBER OPTIC,NO,NO,NO,NO,NO,YES,MONTH-TO-MONTH,YES,ELECTRONIC CHECK,79.4,1156.1,2.6084099868593955,1
4632-PAOYU,NO,MALE,0,YES,YES,22,YES,NO,NO,NO,NO,NO,NO,NO,NO,ONE YEAR,NO,MAILED CHECK,19.95,433.5,0.6553876478318003,0
4632-XJMEX,NO,MALE,0,NO,YES,53,YES,NO,DSL,YES,YES,NO,YES,NO,NO,ONE YEAR,NO,CREDIT CARD (AUTOMATIC),62.85,3419.5,2.064717477003942,0
4633-MKHYU,NO,FEMALE,0,NO,NO,9,YES,NO,FIBER OPTIC,NO,NO,NO,NO,YES,YES,MONTH-TO-MONTH,YES,MAILED CHECK,88.4,788.6,2.9040735873850196,0
4634-JLRJT,NO,FEMALE,0,NO,NO,1,YES,NO,NO,NO,NO,NO,NO,NO,NO,MONTH-TO-MONTH,YES,MAILED CHECK,20.35,20.35,0.6685282522996058,0
4635-EJYPD,NO,MALE,0,YES,YES,32,YES,NO,NO,NO,NO,NO,NO,NO,NO,TWO YEAR,NO,MAILED CHECK,18.95,613.95,0.6225361366622865,0
4636-JGAAI,NO,MALE,0,YES,NO,34,YES,YES,FIBER OPTIC,NO,YES,NO,NO,NO,YES,MONTH-TO-MONTH,NO,MAILED CHECK,88.85,3000.25,2.9188567674113006,0
4636-OLWOE,NO,MALE,0,NO,YES,54,YES,NO,DSL,NO,YES,YES,YES,NO,NO,ONE YEAR,YES,ELECTRONIC CHECK,61.0,3283.05,2.0039421813403417,0
4636-QRJKY,YES,FEMALE,0,YES,YES,6,YES,YES,FIBER OPTIC,NO,NO,NO,YES,NO,NO,MONTH-TO-MONTH,YES,ELECTRONIC CHECK,80.5,502.85,2.6445466491458607,1
4636-TVXVG,NO,MALE,0,YES,YES,62,YES,NO,NO,NO,NO,NO,NO,NO,NO,ONE YEAR,NO,BANK TRANSFER (AUTOMATIC),19.95,1244.8,0.6553876478318003,0
4640-UHDOS,YES,FEMALE,0,YES,YES,13,YES,NO,DSL,NO,NO,NO,NO,NO,YES,MONTH-TO-MONTH,NO,ELECTRONIC CHECK,55.95,734.35,1.838042049934297,1
4641-FROLU,NO,FEMALE,0,YES,YES,30,YES,NO,NO,NO,NO,NO,NO,NO,NO,TWO YEAR,NO,MAILED CHECK,19.3,602.9,0.6340341655716163,0
4644-OBGFZ,NO,MALE,0,YES,YES,55,YES,NO,NO,NO,NO,NO,NO,NO,NO,ONE YEAR,NO,MAILED CHECK,19.5,1026.35,0.640604467805519,0
4644-PIZRT,NO,MALE,0,YES,YES,17,YES,YES,DSL,YES,NO,YES,NO,YES,NO,ONE YEAR,YES,BANK TRANSFER (AUTOMATIC),70.35,1201.65,2.3111038107752955,0
4646-QZXTF,NO,FEMALE,0,YES,NO,7,YES,NO,DSL,YES,NO,YES,YES,YES,YES,MONTH-TO-MONTH,NO,BANK TRANSFER (AUTOMATIC),81.25,580.1,2.669185282522996,0
4647-MUZON,NO,FEMALE,0,YES,NO,18,YES,NO,FIBER OPTIC,NO,NO,YES,NO,YES,YES,MONTH-TO-MONTH,YES,CREDIT CARD (AUTOMATIC),95.95,1745.5,3.152102496714849,0
4647-XXZAM,NO,FEMALE,0,YES,YES,6,YES,NO,DSL,NO,NO,NO,NO,NO,NO,MONTH-TO-MONTH,NO,MAILED CHECK,45.5,285.2,1.4947437582128777,0
4648-YPBTM,NO,MALE,0,NO,NO,53,YES,YES,DSL,NO,YES,YES,YES,NO,YES,TWO YEAR,YES,BANK TRANSFER (AUTOMATIC),73.9,3958.25,2.4277266754270697,0
4652-NNHNY,YES,MALE,0,YES,NO,16,YES,YES,FIBER OPTIC,NO,NO,NO,NO,NO,NO,MONTH-TO-MONTH,YES,BANK TRANSFER (AUTOMATIC),73.85,1284.2,2.4260840998685937,1
4652-ODEVH,NO,MALE,0,YES,YES,45,YES,YES,NO,NO,NO,NO,NO,NO,NO,TWO YEAR,NO,MAILED CHECK,24.45,1088.25,0.8032194480946123,0
4654-DLAMQ,NO,FEMALE,1,YES,NO,64,YES,NO,FIBER OPTIC,YES,YES,YES,NO,NO,YES,ONE YEAR,NO,BANK TRANSFER (AUTOMATIC),97.0,6430.9,3.1865965834428382,0
4654-GGUII,NO,FEMALE,0,NO,NO,18,NO,NO,DSL,YES,YES,NO,YES,NO,NO,ONE YEAR,YES,MAILED CHECK,40.2,711.95,1.3206307490144547,0
4654-ULTTN,NO,MALE,0,YES,NO,70,YES,YES,DSL,YES,NO,YES,YES,NO,YES,TWO YEAR,YES,CREDIT CARD (AUTOMATIC),74.8,5315.8,2.457293035479632,0
4656-CAURT,NO,MALE,0,NO,NO,69,YES,YES,NO,NO,NO,NO,NO,NO,NO,TWO YEAR,NO,BANK TRANSFER (AUTOMATIC),23.95,1713.1,0.7867936925098554,0
4657-FWVFY,NO,FEMALE,0,YES,YES,40,YES,YES,FIBER OPTIC,NO,YES,YES,NO,YES,NO,MONTH-TO-MONTH,YES,CREDIT CARD (AUTOMATIC),96.35,3915.4,3.165243101182654,0
4658-HCOHW,YES,FEMALE,0,YES,YES,21,YES,NO,FIBER OPTIC,NO,YES,YES,YES,YES,YES,MONTH-TO-MONTH,YES,ELECTRONIC CHECK,102.8,2110.15,3.3771353482260182,1
4659-NZRUF,YES,FEMALE,0,NO,NO,19,YES,YES,FIBER OPTIC,YES,YES,NO,NO,NO,YES,MONTH-TO-MONTH,YES,ELECTRONIC CHECK,95.15,1789.25,3.125821287779238,1
4660-IRIBM,NO,MALE,0,YES,YES,18,YES,NO,FIBER OPTIC,YES,NO,YES,NO,YES,NO,MONTH-TO-MONTH,YES,MAILED CHECK,87.9,1500.5,2.8876478318002627,0
4661-NJEUX,NO,MALE,0,NO,NO,1,YES,NO,NO,NO,NO,NO,NO,NO,NO,MONTH-TO-MONTH,YES,MAILED CHECK,20.05,20.05,0.6586727989487516,0
4662-EKDPQ,YES,MALE,0,NO,NO,2,YES,YES,DSL,NO,NO,NO,NO,NO,YES,MONTH-TO-MONTH,NO,BANK TRANSFER (AUTOMATIC),62.05,118.3,2.038436268068331,1
4664-NJCMS,NO,FEMALE,0,YES,NO,33,NO,NO,DSL,YES,NO,YES,YES,YES,YES,TWO YEAR,NO,BANK TRANSFER (AUTOMATIC),59.55,2016.3,1.9563074901445465,0
4667-OHGKG,YES,MALE,0,NO,NO,1,YES,NO,NO,NO,NO,NO,NO,NO,NO,MONTH-TO-MONTH,YES,MAILED CHECK,19.3,19.3,0.6340341655716163,1
4667-QONEA,NO,FEMALE,1,YES,YES,60,YES,NO,DSL,YES,YES,YES,YES,NO,YES,ONE YEAR,YES,CREDIT CARD (AUTOMATIC),74.85,4456.35,2.4589356110381075,0
4670-TABXH,NO,MALE,0,YES,NO,72,YES,YES,FIBER OPTIC,NO,YES,YES,YES,YES,YES,TWO YEAR,YES,CREDIT CARD (AUTOMATIC),109.75,7758.9,3.6054533508541393,0
4671-LXRDQ,YES,MALE,0,NO,NO,2,YES,NO,DSL,NO,NO,NO,NO,NO,NO,MONTH-TO-MONTH,YES,MAILED CHECK,45.0,96.45,1.4783180026281209,1
4671-VJLCL,NO,FEMALE,0,NO,NO,63,YES,YES,DSL,YES,YES,YES,YES,YES,NO,TWO YEAR,YES,CREDIT CARD (AUTOMATIC),79.85,4861.45,2.6231931668856765,0
4672-FOTSD,NO,MALE,0,NO,NO,12,YES,YES,DSL,YES,YES,NO,YES,NO,NO,MONTH-TO-MONTH,YES,ELECTRONIC CHECK,67.25,832.3,2.2092641261498027,0
4673-KKSLS,NO,FEMALE,0,NO,NO,31,YES,NO,FIBER OPTIC,YES,NO,YES,YES,NO,NO,MONTH-TO-MONTH,NO,ELECTRONIC CHECK,87.6,2724.25,2.877792378449408,0
4674-HGNUA,NO,MALE,0,YES,YES,71,YES,YES,DSL,YES,YES,YES,YES,YES,YES,TWO YEAR,NO,CREDIT CARD (AUTOMATIC),89.9,6457.15,2.9533508541392903,0
4676-MQUEA,NO,MALE,1,YES,NO,50,YES,YES,FIBER OPTIC,YES,YES,YES,NO,YES,NO,ONE YEAR,YES,BANK TRANSFER (AUTOMATIC),101.9,5265.5,3.347568988173456,0
4676-WLUHT,NO,MALE,0,NO,NO,54,NO,NO,DSL,YES,YES,NO,NO,NO,YES,TWO YEAR,NO,BANK TRANSFER (AUTOMATIC),46.2,2431.95,1.5177398160315374,0
4678-DVQEO,YES,FEMALE,0,NO,NO,1,YES,NO,DSL,NO,NO,NO,YES,NO,NO,MONTH-TO-MONTH,YES,ELECTRONIC CHECK,52.2,52.2,1.7148488830486202,1
4680-KUTAJ,NO,FEMALE,1,NO,NO,11,YES,YES,DSL,YES,NO,NO,NO,NO,NO,MONTH-TO-MONTH,YES,ELECTRONIC CHECK,55.6,580.8,1.826544021024967,0
4682-BLBUC,NO,MALE,0,YES,NO,44,YES,NO,DSL,NO,YES,YES,YES,YES,NO,ONE YEAR,YES,ELECTRONIC CHECK,70.95,3250.45,2.3308147174770038,0
4683-WYDOU,NO,MALE,0,YES,NO,62,YES,YES,FIBER OPTIC,NO,NO,YES,YES,YES,YES,TWO YEAR,YES,BANK TRANSFER (AUTOMATIC),107.6,6912.7,3.5348226018396844,0
4685-ERGHK,NO,MALE,0,NO,NO,57,YES,YES,FIBER OPTIC,NO,NO,NO,NO,YES,NO,ONE YEAR,YES,ELECTRONIC CHECK,86.9,4939.25,2.854796320630749,0
4685-TFLLS,NO,MALE,0,YES,YES,18,YES,NO,NO,NO,NO,NO,NO,NO,NO,ONE YEAR,NO,BANK TRANSFER (AUTOMATIC),19.8,342.3,0.6504599211563732,0
4686-GEFRM,NO,MALE,0,YES,NO,70,YES,YES,FIBER OPTIC,NO,YES,YES,YES,NO,YES,TWO YEAR,YES,BANK TRANSFER (AUTOMATIC),98.7,6858.9,3.2424441524310117,0
4686-UXDML,NO,FEMALE,0,NO,NO,21,YES,YES,FIBER OPTIC,NO,YES,NO,NO,YES,YES,MONTH-TO-MONTH,YES,CREDIT CARD (AUTOMATIC),99.85,1992.55,3.2802233902759523,0
4690-LLKUA,YES,MALE,1,NO,NO,17,YES,NO,DSL,NO,NO,NO,NO,NO,NO,MONTH-TO-MONTH,YES,ELECTRONIC CHECK,45.05,770.6,1.4799605781865963,1
4690-PKDQG,NO,FEMALE,1,YES,NO,42,YES,YES,FIBER OPTIC,NO,YES,YES,NO,YES,NO,MONTH-TO-MONTH,YES,ELECTRONIC CHECK,95.55,3930.6,3.138961892247043,0
4692-NNQRU,NO,FEMALE,0,YES,NO,21,YES,NO,FIBER OPTIC,NO,NO,YES,YES,NO,NO,ONE YEAR,NO,ELECTRONIC CHECK,79.2,1742.45,2.6018396846254928,0
4693-VWVBO,NO,FEMALE,0,NO,NO,3,YES,NO,NO,NO,NO,NO,NO,NO,NO,MONTH-TO-MONTH,NO,ELECTRONIC CHECK,19.55,61.05,0.6422470433639947,0
4694-PHWFW,NO,FEMALE,0,NO,YES,8,YES,NO,NO,NO,NO,NO,NO,NO,NO,MONTH-TO-MONTH,NO,MAILED CHECK,19.95,170.9,0.6553876478318003,0
4695-VADHF,YES,MALE,0,YES,YES,18,YES,NO,DSL,NO,NO,YES,NO,NO,YES,MONTH-TO-MONTH,NO,ELECTRONIC CHECK,57.45,990.85,1.8873193166885678,1
4695-WJZUE,YES,FEMALE,1,NO,NO,2,YES,YES,FIBER OPTIC,NO,NO,YES,NO,NO,YES,MONTH-TO-MONTH,YES,ELECTRONIC CHECK,88.55,179.25,2.9090013140604465,1
4697-LUPSU,NO,MALE,0,YES,YES,2,YES,NO,NO,NO,NO,NO,NO,NO,NO,ONE YEAR,NO,MAILED CHECK,20.2,34.75,0.6636005256241787,0
4698-KVLLG,NO,FEMALE,1,NO,NO,51,YES,NO,NO,NO,NO,NO,NO,NO,NO,TWO YEAR,NO,CREDIT CARD (AUTOMATIC),19.6,967.9,0.6438896189224704,0
4700-UBQMV,NO,MALE,0,YES,YES,21,YES,YES,DSL,YES,NO,NO,NO,YES,YES,ONE YEAR,YES,BANK TRANSFER (AUTOMATIC),75.9,1549.75,2.4934296977660972,0
4701-AHWMW,YES,MALE,0,YES,NO,55,NO,NO,DSL,NO,NO,YES,YES,YES,YES,MONTH-TO-MONTH,YES,BANK TRANSFER (AUTOMATIC),54.55,2978.3,1.7920499342969776,1
4701-LKOZD,NO,FEMALE,0,NO,NO,70,YES,YES,DSL,YES,YES,YES,YES,YES,YES,TWO YEAR,NO,CREDIT CARD (AUTOMATIC),89.75,6367.2,2.948423127463863,0
4701-MLJPN,YES,MALE,0,NO,NO,31,YES,NO,DSL,NO,NO,YES,YES,NO,NO,MONTH-TO-MONTH,YES,ELECTRONIC CHECK,55.25,1715.65,1.8150459921156372,1
4702-HDRKD,NO,MALE,0,NO,NO,67,NO,NO,DSL,YES,NO,YES,YES,YES,NO,ONE YEAR,YES,BANK TRANSFER (AUTOMATIC),49.35,3321.35,1.6212220762155058,0
4702-IOQDC,YES,FEMALE,0,NO,NO,1,YES,NO,FIBER OPTIC,NO,NO,NO,NO,NO,NO,MONTH-TO-MONTH,YES,ELECTRONIC CHECK,70.1,70.1,2.302890932982917,1
4703-MQYKT,NO,MALE,0,NO,NO,21,YES,NO,NO,NO,NO,NO,NO,NO,NO,TWO YEAR,NO,MAILED CHECK,19.6,390.4,0.6438896189224704,0
4704-ERYFC,YES,FEMALE,0,YES,NO,22,YES,NO,FIBER OPTIC,NO,NO,NO,NO,NO,NO,MONTH-TO-MONTH,YES,ELECTRONIC CHECK,69.25,1554.0,2.2749671484888303,1
4706-AXVKM,YES,FEMALE,1,NO,NO,11,YES,YES,FIBER OPTIC,NO,NO,NO,NO,NO,YES,MONTH-TO-MONTH,YES,CREDIT CARD (AUTOMATIC),84.8,906.85,2.78580814717477,1
4706-DGAHW,NO,MALE,1,NO,NO,1,YES,NO,DSL,NO,NO,NO,NO,NO,NO,MONTH-TO-MONTH,NO,ELECTRONIC CHECK,45.2,45.2,1.4848883048620236,0
4707-MAXGU,NO,MALE,0,YES,NO,72,YES,YES,NO,NO,NO,NO,NO,NO,NO,TWO YEAR,NO,CREDIT CARD (AUTOMATIC),25.85,1872.2,0.8492115637319316,0
4707-YNOQA,NO,FEMALE,0,YES,YES,34,YES,YES,NO,NO,NO,NO,NO,NO,NO,ONE YEAR,YES,CREDIT CARD (AUTOMATIC),25.6,917.15,0.8409986859395532,0
4709-LKHYG,NO,FEMALE,0,YES,YES,29,YES,NO,NO,NO,NO,NO,NO,NO,NO,ONE YEAR,NO,ELECTRONIC CHECK,20.0,540.05,0.657030223390276,0
4710-FDUIZ,YES,MALE,0,YES,NO,56,YES,YES,FIBER OPTIC,NO,YES,NO,NO,YES,YES,ONE YEAR,NO,CREDIT CARD (AUTOMATIC),100.3,5614.45,3.2950065703022338,1
4710-NKCAW,NO,MALE,0,YES,YES,5,YES,YES,DSL,YES,YES,NO,YES,NO,NO,MONTH-TO-MONTH,NO,CREDIT CARD (AUTOMATIC),64.4,316.9,2.1156373193166886,0
4712-AUQZO,NO,MALE,0,NO,NO,18,NO,NO,DSL,YES,NO,YES,NO,NO,NO,MONTH-TO-MONTH,NO,MAILED CHECK,33.6,550.35,1.1038107752956636,0
4712-UYOOI,NO,FEMALE,0,YES,YES,20,YES,NO,NO,NO,NO,NO,NO,NO,NO,MONTH-TO-MONTH,NO,ELECTRONIC CHECK,20.0,417.65,0.657030223390276,0
4713-LZDRV,YES,FEMALE,1,NO,NO,2,YES,NO,FIBER OPTIC,NO,NO,NO,NO,NO,YES,MONTH-TO-MONTH,YES,ELECTRONIC CHECK,79.6,195.05,2.614980289093298,1
4713-ZBURT,NO,MALE,0,NO,YES,45,YES,YES,FIBER OPTIC,NO,NO,YES,NO,YES,YES,TWO YEAR,NO,BANK TRANSFER (AUTOMATIC),99.7,4634.35,3.2752956636005255,0
4716-HHKQH,NO,MALE,1,YES,NO,20,YES,YES,FIBER OPTIC,NO,YES,NO,YES,YES,YES,MONTH-TO-MONTH,NO,ELECTRONIC CHECK,107.05,2172.05,3.5167542706964516,0
4716-MRVEN,NO,FEMALE,0,NO,NO,29,YES,NO,NO,NO,NO,NO,NO,NO,NO,ONE YEAR,NO,MAILED CHECK,20.0,599.3,0.657030223390276,0
4717-GHADL,NO,FEMALE,0,NO,NO,50,YES,YES,DSL,NO,YES,NO,YES,YES,YES,TWO YEAR,YES,MAILED CHECK,79.6,4024.2,2.614980289093298,0
4718-DHSMV,NO,FEMALE,0,NO,NO,11,NO,NO,DSL,NO,NO,NO,NO,YES,NO,MONTH-TO-MONTH,YES,MAILED CHECK,35.8,363.15,1.1760840998685937,0
4718-WXBGI,NO,MALE,0,YES,YES,72,YES,YES,DSL,YES,YES,YES,YES,YES,YES,TWO YEAR,YES,CREDIT CARD (AUTOMATIC),91.95,6614.9,3.020696452036794,0
4719-UMSIY,NO,MALE,0,NO,YES,6,YES,NO,NO,NO,NO,NO,NO,NO,NO,MONTH-TO-MONTH,NO,MAILED CHECK,19.65,100.9,0.645532194480946,0
4720-VSTSI,YES,FEMALE,0,NO,NO,44,YES,YES,FIBER OPTIC,NO,YES,YES,NO,NO,NO,MONTH-TO-MONTH,YES,BANK TRANSFER (AUTOMATIC),84.8,3862.55,2.78580814717477,1
4723-BEGSG,NO,MALE,0,YES,NO,72,YES,YES,DSL,YES,NO,YES,YES,YES,YES,TWO YEAR,NO,CREDIT CARD (AUTOMATIC),86.65,6094.25,2.8465834428383707,0
4724-WXVWF,NO,MALE,0,NO,NO,48,YES,YES,FIBER OPTIC,YES,NO,NO,YES,NO,YES,MONTH-TO-MONTH,YES,ELECTRONIC CHECK,95.4,4445.3,3.134034165571616,0
4726-DLWQN,NO,MALE,1,NO,NO,50,YES,YES,DSL,YES,YES,NO,NO,YES,NO,MONTH-TO-MONTH,YES,BANK TRANSFER (AUTOMATIC),70.35,3454.6,2.3111038107752955,0
4727-MCYZG,NO,MALE,0,NO,NO,1,YES,NO,DSL,NO,NO,NO,NO,NO,YES,MONTH-TO-MONTH,NO,MAILED CHECK,55.55,55.55,1.8249014454664914,0
4729-XKASR,YES,MALE,0,NO,YES,1,NO,NO,DSL,NO,NO,NO,NO,NO,NO,MONTH-TO-MONTH,NO,ELECTRONIC CHECK,24.75,24.75,0.8130749014454665,1
4730-AWNAU,NO,MALE,0,YES,YES,36,NO,NO,DSL,YES,NO,YES,YES,YES,YES,ONE YEAR,NO,CREDIT CARD (AUTOMATIC),60.7,2234.55,1.9940867279894876,0
4732-RRJZC,NO,MALE,0,YES,YES,7,YES,NO,NO,NO,NO,NO,NO,NO,NO,MONTH-TO-MONTH,NO,MAILED CHECK,20.25,144.35,0.6652431011826544,0
4735-ASGMA,YES,MALE,0,NO,NO,26,YES,YES,FIBER OPTIC,NO,NO,YES,NO,YES,YES,MONTH-TO-MONTH,YES,ELECTRONIC CHECK,98.35,2515.3,3.2309461235216816,1
4735-BJKOU,NO,FEMALE,0,NO,NO,40,YES,NO,NO,NO,NO,NO,NO,NO,NO,TWO YEAR,NO,MAILED CHECK,20.15,804.85,0.6619579500657029,0
4737-AQCPU,NO,MALE,0,YES,YES,72,YES,YES,DSL,YES,YES,YES,YES,NO,NO,TWO YEAR,NO,CREDIT CARD (AUTOMATIC),72.1,5016.65,2.3685939553219444,0
4737-HOBAX,NO,MALE,0,YES,NO,63,YES,YES,DSL,NO,NO,YES,YES,YES,YES,TWO YEAR,NO,CREDIT CARD (AUTOMATIC),79.8,5034.05,2.621550591327201,0
4741-WWJQZ,NO,FEMALE,0,YES,NO,2,YES,NO,FIBER OPTIC,YES,NO,NO,YES,NO,NO,MONTH-TO-MONTH,YES,ELECTRONIC CHECK,80.15,194.55,2.633048620236531,0
4742-DRORA,NO,MALE,0,YES,YES,60,YES,YES,FIBER OPTIC,YES,NO,YES,NO,YES,NO,ONE YEAR,YES,BANK TRANSFER (AUTOMATIC),95.4,5812.0,3.134034165571616,0
4742-TXUEX,NO,FEMALE,0,YES,YES,47,YES,NO,NO,NO,NO,NO,NO,NO,NO,TWO YEAR,NO,BANK TRANSFER (AUTOMATIC),19.3,890.5,0.6340341655716163,0
4745-LSPLO,YES,MALE,0,NO,NO,1,YES,NO,NO,NO,NO,NO,NO,NO,NO,MONTH-TO-MONTH,NO,MAILED CHECK,20.5,20.5,0.6734559789750328,1
4747-LCAQL,NO,MALE,0,NO,NO,25,YES,NO,DSL,YES,YES,NO,YES,YES,YES,MONTH-TO-MONTH,YES,MAILED CHECK,79.0,1902.0,2.59526938239159,0
4749-OJKQU,NO,FEMALE,0,NO,NO,4,YES,YES,FIBER OPTIC,NO,NO,NO,NO,NO,NO,MONTH-TO-MONTH,YES,ELECTRONIC CHECK,75.65,302.35,2.485216819973719,0
4749-VFKVB,YES,FEMALE,0,NO,NO,1,YES,YES,DSL,NO,NO,NO,NO,NO,NO,MONTH-TO-MONTH,YES,MAILED CHECK,50.1,50.1,1.6458607095926412,1
4750-UKWJK,NO,FEMALE,1,YES,NO,37,YES,NO,NO,NO,NO,NO,NO,NO,NO,ONE YEAR,NO,MAILED CHECK,19.6,727.8,0.6438896189224704,0
4750-ZRXIU,YES,FEMALE,1,NO,NO,4,YES,YES,FIBER OPTIC,NO,NO,NO,NO,NO,YES,MONTH-TO-MONTH,YES,ELECTRONIC CHECK,84.6,360.1,2.779237844940867,1
4751-ERMAN,NO,MALE,0,YES,YES,72,YES,NO,DSL,NO,YES,YES,NO,YES,YES,TWO YEAR,YES,BANK TRANSFER (AUTOMATIC),75.4,5480.25,2.4770039421813403,0
4753-PADAS,NO,FEMALE,0,YES,NO,67,YES,YES,FIBER OPTIC,NO,YES,YES,NO,YES,YES,ONE YEAR,YES,BANK TRANSFER (AUTOMATIC),105.7,6816.95,3.4724047306176082,0
4759-PXTAN,NO,FEMALE,0,YES,NO,59,YES,YES,DSL,NO,YES,NO,YES,YES,YES,ONE YEAR,YES,ELECTRONIC CHECK,80.1,4693.2,2.6314060446780547,0
4759-TRPLW,YES,MALE,0,NO,NO,1,YES,NO,FIBER OPTIC,NO,NO,NO,NO,NO,NO,MONTH-TO-MONTH,NO,ELECTRONIC CHECK,70.4,70.4,2.3127463863337714,1
4760-THGOT,NO,FEMALE,0,YES,NO,43,YES,YES,FIBER OPTIC,YES,YES,NO,NO,NO,YES,MONTH-TO-MONTH,YES,ELECTRONIC CHECK,94.1,4107.3,3.0913272010512483,0
4760-XOHVN,YES,FEMALE,0,YES,YES,1,YES,NO,NO,NO,NO,NO,NO,NO,NO,MONTH-TO-MONTH,NO,MAILED CHECK,19.45,19.45,0.6389618922470434,1
4763-PGDPO,YES,FEMALE,0,NO,NO,4,YES,NO,FIBER OPTIC,NO,NO,NO,NO,NO,NO,MONTH-TO-MONTH,NO,ELECTRONIC CHECK,70.4,281.0,2.3127463863337714,1
4765-OXPPD,YES,FEMALE,0,YES,YES,9,YES,NO,DSL,YES,YES,YES,YES,NO,NO,MONTH-TO-MONTH,NO,MAILED CHECK,65.0,663.05,2.135348226018397,1
4767-HZZHQ,NO,MALE,0,YES,YES,30,YES,NO,FIBER OPTIC,NO,YES,YES,NO,NO,NO,MONTH-TO-MONTH,NO,BANK TRANSFER (AUTOMATIC),82.05,2570.2,2.695466491458607,0
4770-QAZXN,NO,FEMALE,0,NO,NO,13,YES,NO,NO,NO,NO,NO,NO,NO,NO,MONTH-TO-MONTH,NO,CREDIT CARD (AUTOMATIC),19.45,232.1,0.6389618922470434,0
4770-UEZOX,NO,MALE,0,NO,NO,2,YES,NO,FIBER OPTIC,NO,YES,NO,NO,NO,NO,MONTH-TO-MONTH,YES,ELECTRONIC CHECK,74.75,144.8,2.455650459921156,0
4774-HHGGS,NO,MALE,0,YES,NO,30,YES,NO,NO,NO,NO,NO,NO,NO,NO,TWO YEAR,NO,MAILED CHECK,19.05,637.55,0.6258212877792378,0
4776-XSKYQ,NO,FEMALE,0,YES,YES,12,NO,NO,DSL,NO,NO,NO,YES,NO,NO,ONE YEAR,NO,CREDIT CARD (AUTOMATIC),30.25,368.85,0.9937582128777923,0
4778-IZARL,NO,MALE,0,YES,NO,63,YES,NO,FIBER OPTIC,YES,YES,YES,YES,YES,YES,TWO YEAR,YES,CREDIT CARD (AUTOMATIC),110.1,6705.7,3.616951379763469,0
4779-ZGICK,NO,MALE,0,YES,YES,48,YES,YES,NO,NO,NO,NO,NO,NO,NO,TWO YEAR,NO,MAILED CHECK,23.55,1173.35,0.7736530880420499,0
4781-ZXYGU,NO,MALE,0,YES,YES,1,YES,NO,NO,NO,NO,NO,NO,NO,NO,MONTH-TO-MONTH,YES,BANK TRANSFER (AUTOMATIC),20.15,20.15,0.6619579500657029,0
4782-OSFXZ,NO,FEMALE,1,YES,NO,71,YES,YES,DSL,YES,YES,YES,YES,NO,YES,TWO YEAR,YES,BANK TRANSFER (AUTOMATIC),82.7,5831.2,2.716819973718791,0
4785-FCIFB,NO,FEMALE,0,YES,NO,61,YES,YES,NO,NO,NO,NO,NO,NO,NO,TWO YEAR,NO,MAILED CHECK,24.4,1417.9,0.8015768725361366,0
4785-NKHCX,NO,MALE,1,NO,NO,5,YES,NO,NO,NO,NO,NO,NO,NO,NO,MONTH-TO-MONTH,NO,BANK TRANSFER (AUTOMATIC),20.05,94.15,0.6586727989487516,0
4785-QRJHC,YES,MALE,1,YES,NO,46,NO,NO,DSL,NO,YES,YES,YES,YES,YES,ONE YEAR,YES,BANK TRANSFER (AUTOMATIC),59.9,2816.65,1.9678055190538764,1
4786-UKSNZ,YES,MALE,0,NO,NO,1,YES,NO,NO,NO,NO,NO,NO,NO,NO,MONTH-TO-MONTH,NO,MAILED CHECK,20.2,20.2,0.6636005256241787,1
4789-KWMXN,YES,MALE,0,YES,NO,47,YES,YES,FIBER OPTIC,YES,NO,YES,YES,YES,YES,ONE YEAR,YES,CREDIT CARD (AUTOMATIC),110.85,5275.8,3.641590013140604,1
4791-QRGMF,YES,MALE,0,YES,NO,59,YES,YES,FIBER OPTIC,NO,NO,YES,NO,YES,YES,ONE YEAR,YES,BANK TRANSFER (AUTOMATIC),99.5,5961.1,3.2687253613666227,1
4795-KTRTH,YES,FEMALE,1,YES,NO,5,YES,YES,FIBER OPTIC,NO,YES,NO,NO,NO,NO,MONTH-TO-MONTH,YES,ELECTRONIC CHECK,81.0,371.65,2.6609724047306176,1
4795-UXVCJ,NO,MALE,0,NO,NO,26,YES,NO,NO,NO,NO,NO,NO,NO,NO,ONE YEAR,NO,CREDIT CARD (AUTOMATIC),19.8,457.3,0.6504599211563732,0
4795-WRNVT,NO,FEMALE,0,NO,NO,40,YES,NO,DSL,YES,YES,NO,NO,YES,NO,MONTH-TO-MONTH,NO,MAILED CHECK,65.1,2586.0,2.138633377135348,0
4797-AXPXK,YES,FEMALE,0,NO,YES,1,YES,NO,DSL,YES,YES,NO,YES,NO,NO,MONTH-TO-MONTH,YES,ELECTRONIC CHECK,60.0,60.0,1.9710906701708277,1
4797-MIWUM,NO,MALE,0,YES,YES,7,YES,NO,NO,NO,NO,NO,NO,NO,NO,MONTH-TO-MONTH,YES,BANK TRANSFER (AUTOMATIC),20.25,174.7,0.6652431011826544,0
4800-CZMPC,YES,FEMALE,0,YES,YES,48,YES,YES,FIBER OPTIC,YES,YES,NO,NO,YES,YES,ONE YEAR,YES,CREDIT CARD (AUTOMATIC),103.25,5037.55,3.3919185282522997,1
4800-VHZKI,YES,FEMALE,0,NO,NO,1,YES,NO,NO,NO,NO,NO,NO,NO,NO,MONTH-TO-MONTH,YES,MAILED CHECK,19.9,19.9,0.6537450722733245,1
4801-JZAZL,NO,FEMALE,0,YES,YES,11,NO,NO,DSL,YES,NO,NO,NO,NO,NO,MONTH-TO-MONTH,YES,ELECTRONIC CHECK,29.6,346.45,0.9724047306176085,0
4801-KFYKL,NO,MALE,0,NO,YES,8,YES,NO,NO,NO,NO,NO,NO,NO,NO,MONTH-TO-MONTH,NO,BANK TRANSFER (AUTOMATIC),19.45,159.2,0.6389618922470434,0
4803-AXVYP,YES,FEMALE,1,NO,NO,38,YES,YES,FIBER OPTIC,NO,NO,NO,YES,YES,YES,MONTH-TO-MONTH,YES,ELECTRONIC CHECK,99.55,3734.25,3.270367936925098,1
4803-LBYPN,NO,MALE,0,YES,YES,34,YES,NO,NO,NO,NO,NO,NO,NO,NO,MONTH-TO-MONTH,NO,MAILED CHECK,20.8,635.9,0.683311432325887,0
4804-NCPET,NO,MALE,0,YES,YES,19,YES,NO,NO,NO,NO,NO,NO,NO,NO,TWO YEAR,NO,MAILED CHECK,20.2,387.4,0.6636005256241787,0
4806-DXQCE,NO,FEMALE,1,YES,NO,70,YES,YES,FIBER OPTIC,YES,YES,YES,YES,YES,YES,TWO YEAR,YES,ELECTRONIC CHECK,113.65,7714.65,3.733574244415243,0
4806-HIPDW,YES,FEMALE,0,YES,NO,1,YES,NO,FIBER OPTIC,NO,NO,NO,NO,NO,NO,MONTH-TO-MONTH,YES,ELECTRONIC CHECK,68.95,68.95,2.265111695137976,1
4806-KEXQR,YES,MALE,0,NO,NO,4,YES,NO,FIBER OPTIC,NO,NO,NO,NO,NO,YES,MONTH-TO-MONTH,YES,ELECTRONIC CHECK,79.9,324.3,2.6248357424441524,1
4807-IZYOZ,NO,FEMALE,0,NO,NO,51,YES,NO,NO,NO,NO,NO,NO,NO,NO,TWO YEAR,NO,BANK TRANSFER (AUTOMATIC),20.65,1020.75,0.6783837056504598,0
4808-YNLEU,NO,FEMALE,0,YES,NO,35,YES,NO,DSL,YES,NO,NO,NO,YES,NO,ONE YEAR,YES,BANK TRANSFER (AUTOMATIC),62.15,2215.45,2.0417214191852824,0
4811-JBUVU,NO,MALE,0,NO,NO,30,YES,YES,FIBER OPTIC,NO,NO,NO,YES,NO,YES,MONTH-TO-MONTH,YES,CREDIT CARD (AUTOMATIC),89.9,2723.15,2.9533508541392903,0
4813-HQMGZ,NO,FEMALE,0,YES,NO,8,YES,YES,FIBER OPTIC,NO,NO,NO,YES,NO,YES,MONTH-TO-MONTH,YES,ELECTRONIC CHECK,90.25,743.75,2.96484888304862,0
4815-GBTCD,NO,FEMALE,0,YES,NO,4,NO,NO,DSL,NO,NO,NO,NO,NO,NO,MONTH-TO-MONTH,YES,ELECTRONIC CHECK,25.15,99.95,0.826215505913272,0
4815-TUMEQ,NO,FEMALE,0,NO,NO,10,YES,NO,NO,NO,NO,NO,NO,NO,NO,ONE YEAR,YES,MAILED CHECK,19.3,185.2,0.6340341655716163,0
4815-YOSUK,NO,MALE,0,YES,YES,72,YES,YES,FIBER OPTIC,YES,YES,YES,YES,NO,YES,ONE YEAR,YES,CREDIT CARD (AUTOMATIC),104.9,7537.5,3.446123521681997,0
4816-JBHOV,YES,MALE,1,NO,NO,2,YES,NO,DSL,NO,NO,NO,NO,NO,NO,MONTH-TO-MONTH,YES,ELECTRONIC CHECK,44.7,93.7,1.4684625492772667,1
4816-LXZYW,YES,FEMALE,0,NO,NO,23,YES,YES,FIBER OPTIC,NO,YES,NO,NO,NO,NO,MONTH-TO-MONTH,YES,ELECTRONIC CHECK,79.15,1676.95,2.6001971090670173,1
4816-OKWNX,NO,MALE,0,YES,YES,50,YES,NO,FIBER OPTIC,NO,YES,YES,YES,YES,YES,ONE YEAR,YES,BANK TRANSFER (AUTOMATIC),103.4,5236.4,3.3968462549277265,0
4817-KEQSP,NO,FEMALE,0,YES,YES,71,YES,NO,NO,NO,NO,NO,NO,NO,NO,TWO YEAR,NO,BANK TRANSFER (AUTOMATIC),19.85,1326.35,0.6521024967148489,0
4817-QRJSX,YES,FEMALE,0,NO,NO,10,YES,YES,FIBER OPTIC,NO,YES,NO,NO,NO,NO,MONTH-TO-MONTH,YES,CREDIT CARD (AUTOMATIC),81.0,818.05,2.6609724047306176,1
4817-VYYWS,YES,FEMALE,0,NO,NO,30,YES,YES,FIBER OPTIC,NO,YES,NO,NO,YES,YES,MONTH-TO-MONTH,YES,ELECTRONIC CHECK,100.2,2983.8,3.2917214191852824,1
4818-DRBQT,YES,MALE,0,YES,NO,29,YES,YES,FIBER OPTIC,NO,YES,NO,NO,NO,NO,MONTH-TO-MONTH,YES,BANK TRANSFER (AUTOMATIC),80.15,2265.25,2.633048620236531,1
4818-QIUFN,YES,FEMALE,1,NO,NO,20,YES,YES,FIBER OPTIC,YES,NO,NO,NO,NO,NO,MONTH-TO-MONTH,YES,ELECTRONIC CHECK,79.15,1520.9,2.6001971090670173,1
4819-HJPIW,NO,MALE,0,NO,NO,18,NO,NO,DSL,NO,NO,NO,NO,NO,NO,MONTH-TO-MONTH,NO,MAILED CHECK,25.15,476.8,0.826215505913272,0
4821-SJHJV,NO,FEMALE,0,YES,YES,32,YES,YES,FIBER OPTIC,YES,NO,NO,NO,YES,NO,MONTH-TO-MONTH,NO,ELECTRONIC CHECK,89.6,2901.8,2.9434954007884357,0
4821-WQOYN,NO,FEMALE,0,YES,YES,72,YES,NO,NO,NO,NO,NO,NO,NO,NO,TWO YEAR,YES,CREDIT CARD (AUTOMATIC),20.1,1326.25,0.6603153745072273,0
4822-LPTYJ,NO,MALE,0,YES,NO,72,YES,YES,FIBER OPTIC,NO,YES,YES,NO,YES,YES,TWO YEAR,YES,BANK TRANSFER (AUTOMATIC),103.75,7346.2,3.4083442838370566,0
4822-NGOCH,YES,FEMALE,0,NO,NO,13,YES,YES,FIBER OPTIC,NO,YES,YES,NO,NO,NO,MONTH-TO-MONTH,YES,ELECTRONIC CHECK,84.45,1058.6,2.7743101182654404,1
4822-RVYBB,YES,MALE,1,NO,NO,8,YES,YES,FIBER OPTIC,NO,NO,YES,NO,YES,YES,MONTH-TO-MONTH,YES,ELECTRONIC CHECK,100.6,819.4,3.304862023653088,1
4822-YCXMX,YES,MALE,0,NO,NO,25,YES,YES,FIBER OPTIC,NO,NO,NO,NO,NO,YES,MONTH-TO-MONTH,YES,ELECTRONIC CHECK,84.8,2043.45,2.78580814717477,1
4824-GUCBY,NO,FEMALE,1,NO,NO,22,YES,NO,FIBER OPTIC,YES,YES,NO,NO,NO,NO,MONTH-TO-MONTH,NO,ELECTRONIC CHECK,81.7,1820.9,2.6839684625492772,0
4825-FUREZ,NO,MALE,0,YES,NO,42,YES,NO,NO,NO,NO,NO,NO,NO,NO,TWO YEAR,NO,ELECTRONIC CHECK,20.25,835.5,0.6652431011826544,0
4825-XJGDM,NO,FEMALE,0,NO,NO,61,NO,NO,DSL,YES,YES,YES,YES,NO,NO,ONE YEAR,NO,CREDIT CARD (AUTOMATIC),43.7,2696.55,1.435611038107753,0
4826-DXMUP,NO,MALE,0,NO,YES,35,YES,NO,DSL,NO,NO,NO,YES,YES,YES,ONE YEAR,YES,MAILED CHECK,72.1,2495.15,2.3685939553219444,0
4826-TZEVA,NO,FEMALE,0,NO,NO,40,YES,NO,FIBER OPTIC,NO,YES,NO,NO,NO,NO,MONTH-TO-MONTH,NO,CREDIT CARD (AUTOMATIC),74.8,2971.7,2.457293035479632,0
4826-XTSOH,YES,MALE,1,YES,NO,1,YES,YES,FIBER OPTIC,NO,NO,NO,NO,YES,NO,MONTH-TO-MONTH,YES,ELECTRONIC CHECK,86.05,86.05,2.826872536136662,1
4827-DPADN,NO,FEMALE,0,YES,YES,72,YES,YES,DSL,YES,NO,YES,YES,YES,YES,TWO YEAR,YES,BANK TRANSFER (AUTOMATIC),83.3,6042.7,2.7365308804204993,0
4827-LTQRJ,NO,FEMALE,1,YES,YES,66,YES,YES,FIBER OPTIC,YES,YES,NO,YES,YES,YES,ONE YEAR,YES,CREDIT CARD (AUTOMATIC),110.6,7210.85,3.633377135348226,0
4827-USJHP,NO,MALE,0,NO,NO,20,YES,NO,DSL,NO,YES,NO,NO,NO,NO,MONTH-TO-MONTH,YES,MAILED CHECK,51.8,1023.85,1.7017082785808146,0
4828-FAZPK,NO,FEMALE,0,YES,YES,16,YES,YES,FIBER OPTIC,NO,YES,NO,NO,NO,NO,MONTH-TO-MONTH,YES,CREDIT CARD (AUTOMATIC),79.95,1267.95,2.6264783180026283,0
4829-AUOAX,YES,FEMALE,0,NO,NO,46,YES,YES,FIBER OPTIC,NO,NO,NO,NO,YES,YES,MONTH-TO-MONTH,NO,BANK TRANSFER (AUTOMATIC),96.05,4399.5,3.1553876478318,1
4829-ZLJTK,NO,FEMALE,1,YES,NO,72,YES,YES,FIBER OPTIC,YES,YES,YES,NO,YES,YES,TWO YEAR,YES,ELECTRONIC CHECK,112.4,8046.85,3.692509855453351,0
4830-FAXFM,NO,MALE,0,NO,YES,19,YES,YES,NO,NO,NO,NO,NO,NO,NO,MONTH-TO-MONTH,YES,CREDIT CARD (AUTOMATIC),24.1,439.2,0.7917214191852825,0
4831-EOBFE,YES,MALE,0,YES,YES,29,YES,NO,FIBER OPTIC,YES,NO,NO,NO,YES,YES,MONTH-TO-MONTH,NO,CREDIT CARD (AUTOMATIC),94.65,2649.15,3.109395532194481,1
4832-VRBMR,NO,MALE,1,YES,NO,65,YES,YES,FIBER OPTIC,NO,YES,YES,NO,YES,YES,ONE YEAR,YES,BANK TRANSFER (AUTOMATIC),103.15,6792.45,3.3886333771353483,0
4833-QTJNO,NO,MALE,1,YES,NO,67,YES,YES,FIBER OPTIC,YES,YES,NO,NO,NO,NO,MONTH-TO-MONTH,NO,BANK TRANSFER (AUTOMATIC),83.85,5588.8,2.7545992115637317,0
4835-YSJMR,NO,MALE,0,NO,NO,39,YES,NO,DSL,NO,NO,NO,YES,NO,NO,TWO YEAR,YES,BANK TRANSFER (AUTOMATIC),49.8,1971.15,1.636005256241787,0
4836-WNFNO,NO,FEMALE,0,YES,NO,72,YES,YES,NO,NO,NO,NO,NO,NO,NO,TWO YEAR,NO,CREDIT CARD (AUTOMATIC),25.0,1849.2,0.8212877792378449,0
4837-PZTIC,NO,FEMALE,0,NO,NO,47,NO,NO,DSL,YES,NO,YES,YES,NO,NO,TWO YEAR,NO,MAILED CHECK,41.9,1875.25,1.376478318002628,0
4837-QUSFT,NO,FEMALE,0,YES,NO,65,YES,YES,FIBER OPTIC,YES,YES,NO,YES,YES,NO,ONE YEAR,YES,BANK TRANSFER (AUTOMATIC),100.15,6643.5,3.290078843626807,0
4840-ORQXB,NO,FEMALE,1,NO,NO,56,YES,YES,FIBER OPTIC,NO,YES,YES,NO,YES,YES,MONTH-TO-MONTH,NO,ELECTRONIC CHECK,104.75,5841.35,3.4411957950065704,0
4844-JJWUY,YES,FEMALE,1,NO,NO,1,YES,NO,FIBER OPTIC,NO,YES,NO,NO,NO,YES,MONTH-TO-MONTH,YES,ELECTRONIC CHECK,86.0,86.0,2.8252299605781865,1
4846-WHAFZ,YES,FEMALE,1,YES,NO,37,YES,YES,FIBER OPTIC,NO,NO,NO,NO,NO,NO,MONTH-TO-MONTH,YES,ELECTRONIC CHECK,76.5,2868.15,2.5131406044678055,1
4847-QNOKA,YES,FEMALE,0,NO,NO,1,YES,NO,DSL,NO,NO,NO,NO,NO,NO,MONTH-TO-MONTH,YES,BANK TRANSFER (AUTOMATIC),44.9,44.9,1.4750328515111695,1
4847-TAJYI,NO,FEMALE,1,NO,NO,6,YES,NO,FIBER OPTIC,NO,NO,NO,NO,YES,YES,MONTH-TO-MONTH,YES,ELECTRONIC CHECK,89.35,567.8,2.9352825229960575,0
4849-PYRLQ,NO,FEMALE,1,NO,NO,56,YES,YES,DSL,YES,NO,YES,YES,NO,YES,TWO YEAR,NO,BANK TRANSFER (AUTOMATIC),73.25,4054.2,2.4063731931668855,0
4851-BQDNX,NO,MALE,0,YES,YES,40,YES,NO,FIBER OPTIC,NO,NO,YES,NO,YES,NO,ONE YEAR,YES,ELECTRONIC CHECK,85.05,3355.65,2.794021024967148,0
4853-OITSN,NO,MALE,0,YES,NO,5,YES,YES,FIBER OPTIC,YES,NO,NO,NO,NO,YES,MONTH-TO-MONTH,YES,ELECTRONIC CHECK,89.15,413.25,2.928712220762155,0
4853-RULSV,YES,MALE,0,NO,NO,70,YES,YES,FIBER OPTIC,YES,NO,NO,YES,YES,YES,TWO YEAR,YES,CREDIT CARD (AUTOMATIC),104.0,7250.15,3.416557161629435,1
4854-CIDCF,NO,FEMALE,1,NO,NO,3,YES,NO,FIBER OPTIC,NO,NO,YES,NO,NO,NO,MONTH-TO-MONTH,NO,ELECTRONIC CHECK,73.85,196.4,2.4260840998685937,0
4854-SSLTN,NO,MALE,0,YES,YES,2,YES,NO,DSL,YES,YES,NO,YES,NO,NO,TWO YEAR,NO,MAILED CHECK,59.5,130.5,1.9546649145860708,0
4855-SNKMY,YES,FEMALE,0,NO,NO,1,YES,NO,DSL,NO,NO,NO,NO,NO,NO,MONTH-TO-MONTH,YES,ELECTRONIC CHECK,44.1,44.1,1.4487516425755584,1
4859-ZSRDZ,NO,FEMALE,0,YES,YES,58,NO,NO,DSL,NO,NO,YES,YES,YES,YES,TWO YEAR,YES,CREDIT CARD (AUTOMATIC),55.5,3166.9,1.8232588699080157,0
4860-IJUDE,NO,MALE,0,NO,NO,13,YES,NO,FIBER OPTIC,YES,NO,NO,NO,NO,NO,MONTH-TO-MONTH,YES,CREDIT CARD (AUTOMATIC),73.75,956.65,2.4227989487516424,0
4860-YZGZM,NO,MALE,0,NO,NO,10,YES,NO,NO,NO,NO,NO,NO,NO,NO,MONTH-TO-MONTH,NO,ELECTRONIC CHECK,20.0,185.4,0.657030223390276,0
4868-AADLV,NO,MALE,1,YES,YES,66,YES,YES,FIBER OPTIC,YES,YES,YES,YES,YES,YES,ONE YEAR,YES,ELECTRONIC CHECK,116.25,7862.25,3.818988173455979,0
4869-EPIUS,NO,MALE,0,YES,NO,56,YES,NO,FIBER OPTIC,NO,NO,NO,NO,NO,YES,ONE YEAR,YES,ELECTRONIC CHECK,80.9,4557.5,2.657687253613666,0
4871-JTKJF,YES,FEMALE,1,NO,NO,1,YES,NO,FIBER OPTIC,NO,NO,NO,NO,NO,NO,MONTH-TO-MONTH,YES,ELECTRONIC CHECK,69.65,69.65,2.2881077529566363,1
4872-JCVCA,NO,FEMALE,0,YES,NO,71,NO,NO,DSL,YES,YES,YES,YES,NO,NO,TWO YEAR,YES,BANK TRANSFER (AUTOMATIC),47.6,3377.8,1.5637319316688567,0
4872-VXRIL,NO,MALE,0,NO,NO,56,YES,YES,DSL,YES,YES,NO,YES,NO,NO,ONE YEAR,YES,BANK TRANSFER (AUTOMATIC),64.65,3665.55,2.1238501971090673,0
4873-ILOLJ,YES,MALE,0,NO,NO,24,YES,NO,FIBER OPTIC,NO,NO,NO,NO,YES,YES,MONTH-TO-MONTH,YES,ELECTRONIC CHECK,90.35,2238.5,2.9681340341655713,1
4877-EVATK,YES,MALE,0,NO,NO,1,YES,NO,NO,NO,NO,NO,NO,NO,NO,MONTH-TO-MONTH,NO,MAILED CHECK,20.0,20.0,0.657030223390276,1
4877-TSOFF,NO,FEMALE,0,YES,YES,55,YES,YES,DSL,YES,YES,NO,YES,NO,YES,ONE YEAR,YES,BANK TRANSFER (AUTOMATIC),75.75,4264.25,2.48850197109067,0
4878-BUNFV,NO,MALE,0,YES,YES,42,YES,NO,NO,NO,NO,NO,NO,NO,NO,TWO YEAR,NO,MAILED CHECK,20.7,828.85,0.6800262812089356,0
4879-GZLFH,NO,FEMALE,0,YES,YES,42,YES,NO,FIBER OPTIC,NO,NO,YES,NO,YES,YES,MONTH-TO-MONTH,YES,ELECTRONIC CHECK,92.15,3875.4,3.0272667542706966,0
4881-GQJTW,NO,MALE,0,NO,NO,14,YES,NO,NO,NO,NO,NO,NO,NO,NO,MONTH-TO-MONTH,NO,CREDIT CARD (AUTOMATIC),19.6,300.4,0.6438896189224704,0
4881-JVQOD,NO,MALE,1,YES,YES,10,NO,NO,DSL,NO,NO,NO,NO,NO,YES,MONTH-TO-MONTH,YES,BANK TRANSFER (AUTOMATIC),34.55,362.6,1.1350197109067015,0
4883-KCPZJ,NO,FEMALE,0,YES,YES,22,YES,YES,NO,NO,NO,NO,NO,NO,NO,TWO YEAR,NO,CREDIT CARD (AUTOMATIC),25.25,555.4,0.8295006570302234,0
4883-QICIH,YES,MALE,0,YES,YES,32,YES,NO,FIBER OPTIC,NO,NO,NO,NO,NO,NO,MONTH-TO-MONTH,YES,BANK TRANSFER (AUTOMATIC),69.75,2347.9,2.291392904073587,1
4884-LEVMQ,NO,MALE,0,YES,NO,39,YES,NO,NO,NO,NO,NO,NO,NO,NO,TWO YEAR,YES,BANK TRANSFER (AUTOMATIC),20.45,790.0,0.6718134034165572,0
4884-TVUQF,NO,FEMALE,1,NO,NO,57,YES,YES,FIBER OPTIC,YES,NO,YES,YES,NO,YES,TWO YEAR,NO,CREDIT CARD (AUTOMATIC),101.3,5779.6,3.3278580814717476,0
4884-ZTHVF,NO,FEMALE,1,NO,NO,8,YES,NO,FIBER OPTIC,NO,YES,NO,NO,YES,NO,MONTH-TO-MONTH,YES,ELECTRONIC CHECK,87.1,713.6,2.8613666228646513,0
4890-VMUAV,NO,MALE,0,NO,NO,63,YES,YES,DSL,YES,YES,YES,YES,NO,NO,ONE YEAR,NO,ELECTRONIC CHECK,71.5,4576.3,2.3488830486202366,0
4891-NLUBA,NO,FEMALE,0,YES,YES,61,NO,NO,DSL,NO,YES,YES,YES,YES,YES,TWO YEAR,YES,BANK TRANSFER (AUTOMATIC),61.45,3751.15,2.0187253613666227,0
4892-VLANZ,YES,MALE,0,NO,NO,1,YES,NO,NO,NO,NO,NO,NO,NO,NO,MONTH-TO-MONTH,NO,MAILED CHECK,19.8,19.8,0.6504599211563732,1
4893-GYUJU,NO,FEMALE,0,NO,NO,50,YES,NO,NO,NO,NO,NO,NO,NO,NO,ONE YEAR,YES,MAILED CHECK,19.35,1033.0,0.635676741130092,0
4895-TMWIR,YES,MALE,1,YES,NO,11,YES,NO,NO,NO,NO,NO,NO,NO,NO,MONTH-TO-MONTH,NO,MAILED CHECK,19.95,214.75,0.6553876478318003,1
4896-CPRPF,NO,MALE,0,YES,YES,35,YES,YES,NO,NO,NO,NO,NO,NO,NO,TWO YEAR,NO,BANK TRANSFER (AUTOMATIC),25.45,809.25,0.8360709592641261,0
4897-QSUYC,YES,FEMALE,0,NO,NO,1,YES,NO,NO,NO,NO,NO,NO,NO,NO,MONTH-TO-MONTH,YES,MAILED CHECK,20.15,20.15,0.6619579500657029,1
4900-MSOMT,NO,FEMALE,0,YES,YES,72,YES,YES,DSL,YES,YES,YES,YES,YES,NO,TWO YEAR,NO,BANK TRANSFER (AUTOMATIC),80.2,5714.2,2.6346911957950065,0
4902-OHLSK,YES,FEMALE,1,NO,NO,29,YES,YES,FIBER OPTIC,NO,NO,NO,YES,YES,YES,MONTH-TO-MONTH,NO,ELECTRONIC CHECK,98.65,2862.75,3.2408015768725362,1
4903-CNOZC,NO,MALE,0,NO,NO,29,YES,YES,DSL,NO,YES,YES,NO,NO,YES,ONE YEAR,NO,CREDIT CARD (AUTOMATIC),70.9,1964.6,2.3291721419185283,0
4903-UYAVB,YES,MALE,0,YES,NO,5,YES,NO,NO,NO,NO,NO,NO,NO,NO,MONTH-TO-MONTH,NO,MAILED CHECK,19.35,126.05,0.635676741130092,1
4905-JEFDW,YES,MALE,0,NO,NO,11,NO,NO,DSL,NO,NO,YES,NO,YES,NO,ONE YEAR,YES,ELECTRONIC CHECK,41.6,470.6,1.366622864651774,1
4906-ZHGPK,NO,MALE,0,YES,YES,54,YES,YES,DSL,NO,YES,NO,YES,YES,NO,ONE YEAR,YES,ELECTRONIC CHECK,70.7,3770.0,2.3226018396846255,0
4908-XAXAY,NO,FEMALE,1,NO,NO,49,YES,NO,FIBER OPTIC,NO,YES,YES,NO,NO,YES,ONE YEAR,YES,BANK TRANSFER (AUTOMATIC),89.85,4287.2,2.9517082785808144,0
4909-JOUPP,NO,MALE,1,YES,NO,72,YES,YES,FIBER OPTIC,NO,YES,YES,YES,YES,YES,TWO YEAR,NO,CREDIT CARD (AUTOMATIC),109.7,7898.45,3.6038107752956634,0
4910-AQFFX,YES,MALE,0,YES,YES,9,YES,YES,FIBER OPTIC,NO,NO,YES,NO,NO,NO,MONTH-TO-MONTH,YES,BANK TRANSFER (AUTOMATIC),79.35,661.25,2.6067674113009196,1
4910-GMJOT,YES,FEMALE,0,NO,NO,1,YES,YES,FIBER OPTIC,NO,NO,NO,NO,YES,YES,MONTH-TO-MONTH,YES,ELECTRONIC CHECK,94.6,94.6,3.107752956636005,1
4911-BANWH,YES,FEMALE,0,NO,YES,31,YES,YES,FIBER OPTIC,NO,NO,NO,NO,YES,NO,MONTH-TO-MONTH,YES,CREDIT CARD (AUTOMATIC),86.55,2697.4,2.843298291721419,1
4912-PIGUY,NO,FEMALE,0,NO,NO,1,YES,YES,FIBER OPTIC,NO,NO,NO,NO,YES,NO,MONTH-TO-MONTH,YES,ELECTRONIC CHECK,84.6,84.6,2.779237844940867,0
4913-EHYUI,YES,MALE,1,YES,YES,56,YES,YES,FIBER OPTIC,YES,NO,YES,NO,YES,YES,ONE YEAR,YES,BANK TRANSFER (AUTOMATIC),104.55,5794.65,3.434625492772667,1
4915-BFSXL,NO,MALE,0,YES,YES,70,YES,YES,DSL,YES,NO,YES,NO,YES,NO,TWO YEAR,NO,CREDIT CARD (AUTOMATIC),68.95,4858.7,2.265111695137976,0
4918-FYJNT,NO,FEMALE,1,YES,NO,55,YES,YES,FIBER OPTIC,NO,YES,YES,YES,NO,NO,MONTH-TO-MONTH,NO,ELECTRONIC CHECK,90.45,5044.8,2.971419185282523,0
4918-QLLIW,YES,MALE,0,NO,NO,3,YES,NO,DSL,NO,NO,NO,NO,YES,NO,MONTH-TO-MONTH,NO,CREDIT CARD (AUTOMATIC),53.4,188.7,1.7542706964520367,1
4919-IKATY,YES,MALE,0,YES,YES,5,YES,YES,FIBER OPTIC,YES,NO,YES,NO,NO,NO,MONTH-TO-MONTH,YES,ELECTRONIC CHECK,84.5,453.75,2.775952693823916,1
4919-MOAVT,YES,MALE,0,NO,YES,3,YES,NO,FIBER OPTIC,NO,NO,NO,NO,NO,NO,MONTH-TO-MONTH,NO,ELECTRONIC CHECK,69.65,220.1,2.2881077529566363,1
4922-CVPDX,NO,FEMALE,0,YES,NO,26,YES,NO,DSL,NO,YES,YES,NO,YES,YES,TWO YEAR,YES,CREDIT CARD (AUTOMATIC),73.5,1905.7,2.414586070959264,0
4923-ADWXJ,NO,FEMALE,0,NO,NO,25,YES,NO,DSL,NO,YES,NO,YES,NO,YES,MONTH-TO-MONTH,YES,BANK TRANSFER (AUTOMATIC),65.8,1679.65,2.1616294349540075,0
4925-LMHOK,YES,MALE,0,NO,NO,15,YES,YES,DSL,NO,YES,NO,YES,NO,NO,MONTH-TO-MONTH,YES,CREDIT CARD (AUTOMATIC),58.6,939.7,1.9250985545335084,1
4926-UMJZD,NO,FEMALE,0,YES,NO,31,YES,NO,DSL,NO,NO,NO,YES,NO,NO,MONTH-TO-MONTH,YES,MAILED CHECK,49.2,1498.55,1.6162943495400788,0
4927-WWOOZ,NO,MALE,0,YES,NO,2,YES,YES,FIBER OPTIC,NO,NO,YES,NO,YES,NO,MONTH-TO-MONTH,YES,ELECTRONIC CHECK,91.45,171.45,3.004270696452037,0
4929-BSTRX,YES,FEMALE,0,NO,NO,1,YES,NO,DSL,NO,NO,NO,NO,YES,NO,MONTH-TO-MONTH,YES,MAILED CHECK,53.55,53.55,1.7591984231274638,1
4929-ROART,NO,MALE,0,NO,NO,18,YES,YES,DSL,YES,NO,NO,NO,NO,NO,MONTH-TO-MONTH,NO,MAILED CHECK,56.25,969.85,1.847897503285151,0
4929-XIHVW,NO,MALE,1,YES,NO,2,YES,NO,FIBER OPTIC,NO,NO,YES,NO,YES,YES,MONTH-TO-MONTH,YES,CREDIT CARD (AUTOMATIC),95.5,181.65,3.1373193166885676,0
4931-TRZWN,NO,FEMALE,0,NO,NO,13,YES,NO,DSL,YES,NO,NO,NO,YES,YES,MONTH-TO-MONTH,YES,ELECTRONIC CHECK,71.95,923.85,2.3636662286465175,0
4933-BSAIP,NO,FEMALE,0,YES,NO,40,YES,NO,NO,NO,NO,NO,NO,NO,NO,TWO YEAR,NO,MAILED CHECK,19.1,780.1,0.6274638633377135,0
4933-IKULF,NO,FEMALE,1,NO,NO,17,YES,NO,NO,NO,NO,NO,NO,NO,NO,ONE YEAR,NO,MAILED CHECK,20.65,330.6,0.6783837056504598,0
4936-YPJNK,NO,FEMALE,0,NO,NO,10,YES,NO,NO,NO,NO,NO,NO,NO,NO,MONTH-TO-MONTH,YES,MAILED CHECK,19.9,199.45,0.6537450722733245,0
4937-QPZPO,NO,MALE,0,YES,YES,61,YES,YES,FIBER OPTIC,NO,NO,YES,NO,YES,YES,ONE YEAR,YES,ELECTRONIC CHECK,99.9,6241.35,3.2818659658344282,0
4939-KYYPY,NO,MALE,0,NO,NO,27,YES,YES,DSL,NO,NO,YES,YES,NO,NO,MONTH-TO-MONTH,NO,ELECTRONIC CHECK,59.45,1611.65,1.9530223390275954,0
4940-KHCWD,NO,FEMALE,0,YES,NO,60,NO,NO,DSL,YES,YES,NO,YES,NO,NO,TWO YEAR,NO,BANK TRANSFER (AUTOMATIC),37.7,2288.7,1.2385019710906702,0
4942-VZZOM,NO,MALE,0,YES,NO,64,YES,YES,DSL,YES,NO,NO,NO,YES,NO,ONE YEAR,YES,CREDIT CARD (AUTOMATIC),66.15,4392.5,2.173127463863338,0
4945-RVMTE,NO,FEMALE,0,NO,NO,28,YES,NO,DSL,NO,NO,YES,NO,YES,NO,MONTH-TO-MONTH,YES,BANK TRANSFER (AUTOMATIC),59.55,1646.45,1.9563074901445465,0
4946-EDSEW,YES,FEMALE,0,YES,YES,11,YES,NO,NO,NO,NO,NO,NO,NO,NO,MONTH-TO-MONTH,YES,MAILED CHECK,19.25,180.3,0.6323915900131406,1
4947-DSMXK,NO,MALE,0,YES,YES,34,YES,YES,FIBER OPTIC,NO,YES,NO,NO,YES,YES,MONTH-TO-MONTH,YES,BANK TRANSFER (AUTOMATIC),97.7,3410.0,3.209592641261498,0
4948-WBBKL,NO,FEMALE,1,NO,NO,36,YES,YES,FIBER OPTIC,NO,NO,NO,NO,NO,NO,MONTH-TO-MONTH,YES,BANK TRANSFER (AUTOMATIC),74.9,2659.45,2.4605781865965834,0
4950-BDEUX,NO,MALE,0,NO,NO,35,NO,NO,DSL,NO,NO,YES,NO,YES,YES,MONTH-TO-MONTH,NO,ELECTRONIC CHECK,49.2,1701.65,1.6162943495400788,0
4950-HKQTE,NO,FEMALE,0,NO,NO,22,YES,YES,NO,NO,NO,NO,NO,NO,NO,TWO YEAR,NO,MAILED CHECK,26.25,605.9,0.8623521681997371,0
4951-UKAAQ,YES,FEMALE,0,NO,NO,4,YES,YES,FIBER OPTIC,NO,YES,NO,NO,NO,YES,MONTH-TO-MONTH,YES,ELECTRONIC CHECK,88.95,355.2,2.9221419185282524,1
4952-YSOGZ,YES,FEMALE,0,YES,YES,4,YES,YES,FIBER OPTIC,NO,NO,NO,NO,NO,YES,MONTH-TO-MONTH,YES,ELECTRONIC CHECK,85.95,381.3,2.823587385019711,1
4955-VCWBI,NO,FEMALE,0,YES,YES,43,YES,NO,NO,NO,NO,NO,NO,NO,NO,ONE YEAR,NO,MAILED CHECK,20.0,817.95,0.657030223390276,0
4957-SREEC,NO,MALE,0,YES,YES,70,YES,NO,NO,NO,NO,NO,NO,NO,NO,TWO YEAR,NO,CREDIT CARD (AUTOMATIC),20.35,1458.1,0.6685282522996058,0
4957-TIALW,NO,FEMALE,0,NO,YES,15,YES,NO,DSL,YES,YES,YES,YES,NO,NO,ONE YEAR,NO,CREDIT CARD (AUTOMATIC),65.6,1010.0,2.1550591327201047,0
4957-TREIR,NO,MALE,0,NO,NO,3,YES,NO,DSL,YES,NO,NO,YES,YES,NO,MONTH-TO-MONTH,YES,CREDIT CARD (AUTOMATIC),64.4,195.65,2.1156373193166886,0
4958-GZWIY,YES,MALE,0,YES,YES,7,YES,NO,DSL,NO,NO,YES,NO,NO,NO,MONTH-TO-MONTH,NO,ELECTRONIC CHECK,48.7,340.25,1.5998685939553219,1
4958-XCBDQ,YES,MALE,1,NO,NO,35,YES,YES,FIBER OPTIC,NO,NO,YES,NO,YES,YES,MONTH-TO-MONTH,YES,ELECTRONIC CHECK,101.4,3496.3,3.331143232588699,1
4959-JOSRX,YES,FEMALE,0,YES,NO,2,YES,NO,DSL,NO,NO,NO,NO,NO,NO,MONTH-TO-MONTH,YES,CREDIT CARD (AUTOMATIC),44.6,80.55,1.4651773981603153,1
4962-CHQPW,NO,MALE,0,NO,YES,29,YES,NO,NO,NO,NO,NO,NO,NO,NO,ONE YEAR,NO,MAILED CHECK,19.85,535.05,0.6521024967148489,0
4967-WPNCF,NO,MALE,0,NO,NO,72,NO,NO,DSL,YES,YES,YES,YES,YES,YES,TWO YEAR,YES,BANK TRANSFER (AUTOMATIC),63.7,4464.8,2.092641261498029,0
4971-PUYQO,YES,FEMALE,0,NO,NO,27,YES,YES,FIBER OPTIC,NO,NO,NO,NO,YES,YES,MONTH-TO-MONTH,YES,MAILED CHECK,94.55,2724.6,3.1061103810775292,1
4973-MGTON,NO,FEMALE,0,YES,NO,71,YES,NO,DSL,YES,YES,YES,YES,YES,YES,TWO YEAR,YES,CREDIT CARD (AUTOMATIC),84.4,5969.3,2.7726675427069645,0
4973-RLZVI,NO,FEMALE,0,NO,NO,30,YES,NO,DSL,YES,YES,YES,YES,YES,NO,ONE YEAR,NO,CREDIT CARD (AUTOMATIC),74.65,2308.6,2.4523653088042052,0
4976-LNFVV,NO,MALE,1,YES,NO,19,NO,NO,DSL,NO,YES,YES,NO,NO,NO,MONTH-TO-MONTH,YES,CREDIT CARD (AUTOMATIC),34.3,577.15,1.126806833114323,0
4979-HPRFL,NO,MALE,0,YES,YES,56,YES,YES,NO,NO,NO,NO,NO,NO,NO,TWO YEAR,NO,BANK TRANSFER (AUTOMATIC),24.15,1402.25,0.7933639947437582,0
4980-URKXC,NO,MALE,0,YES,NO,36,YES,NO,NO,NO,NO,NO,NO,NO,NO,ONE YEAR,NO,BANK TRANSFER (AUTOMATIC),20.85,720.05,0.6849540078843627,0
4981-FLTMF,NO,FEMALE,0,YES,YES,57,YES,YES,DSL,YES,YES,NO,YES,NO,NO,MONTH-TO-MONTH,NO,BANK TRANSFER (AUTOMATIC),65.2,3687.85,2.1419185282522997,0
4983-CCWMC,NO,MALE,0,NO,NO,3,YES,NO,FIBER OPTIC,NO,NO,NO,NO,NO,NO,MONTH-TO-MONTH,YES,MAILED CHECK,69.6,207.4,2.28646517739816,0
4983-CLMLV,NO,FEMALE,0,YES,NO,52,YES,YES,FIBER OPTIC,NO,YES,NO,YES,YES,YES,MONTH-TO-MONTH,YES,CREDIT CARD (AUTOMATIC),102.7,5138.1,3.373850197109067,0
4986-MXSFP,NO,FEMALE,0,NO,NO,2,YES,NO,NO,NO,NO,NO,NO,NO,NO,MONTH-TO-MONTH,YES,MAILED CHECK,20.0,40.9,0.657030223390276,0
4987-GQWPO,NO,MALE,0,NO,NO,17,NO,NO,DSL,NO,NO,NO,NO,NO,NO,MONTH-TO-MONTH,NO,CREDIT CARD (AUTOMATIC),25.1,382.8,0.8245729303547963,0
4988-IQIGL,YES,MALE,1,NO,NO,1,YES,YES,FIBER OPTIC,NO,NO,NO,NO,NO,NO,MONTH-TO-MONTH,YES,ELECTRONIC CHECK,75.35,75.35,2.4753613666228644,1
4989-LIXVT,NO,MALE,1,NO,NO,68,YES,YES,FIBER OPTIC,NO,YES,YES,NO,NO,YES,MONTH-TO-MONTH,YES,ELECTRONIC CHECK,95.9,6503.2,3.150459921156373,0
4990-ALDGW,NO,MALE,0,NO,NO,57,YES,NO,NO,NO,NO,NO,NO,NO,NO,TWO YEAR,NO,MAILED CHECK,20.75,1118.8,0.6816688567674113,0
4992-LTJNE,NO,MALE,0,YES,YES,72,YES,YES,DSL,YES,NO,NO,NO,NO,NO,TWO YEAR,NO,BANK TRANSFER (AUTOMATIC),55.3,3983.6,1.816688567674113,0
4993-JCRGJ,NO,MALE,0,NO,NO,26,YES,YES,FIBER OPTIC,NO,NO,YES,YES,NO,NO,MONTH-TO-MONTH,YES,MAILED CHECK,84.3,2281.6,2.769382391590013,0
4994-OBRSZ,NO,MALE,0,NO,YES,14,YES,NO,DSL,YES,YES,YES,YES,NO,YES,TWO YEAR,NO,BANK TRANSFER (AUTOMATIC),76.1,1054.8,2.4999999999999996,0
4998-IKFSE,NO,FEMALE,0,NO,NO,30,YES,YES,FIBER OPTIC,NO,NO,YES,NO,YES,YES,MONTH-TO-MONTH,NO,ELECTRONIC CHECK,100.45,3096.9,3.299934296977661,0
4999-IEZLT,NO,MALE,0,NO,NO,66,NO,NO,DSL,NO,NO,NO,YES,NO,NO,ONE YEAR,NO,CREDIT CARD (AUTOMATIC),29.45,1983.15,0.9674770039421813,0
5002-GCQFH,NO,MALE,0,YES,NO,49,YES,YES,FIBER OPTIC,YES,YES,NO,NO,YES,NO,MONTH-TO-MONTH,YES,BANK TRANSFER (AUTOMATIC),93.85,4733.1,3.0831143232588696,0
5003-OKNNK,NO,FEMALE,0,YES,YES,15,YES,NO,NO,NO,NO,NO,NO,NO,NO,ONE YEAR,NO,CREDIT CARD (AUTOMATIC),20.35,335.95,0.6685282522996058,0
5003-XZWWO,NO,MALE,0,YES,NO,71,YES,YES,DSL,NO,YES,YES,YES,YES,YES,TWO YEAR,NO,CREDIT CARD (AUTOMATIC),84.2,5956.85,2.7660972404730617,0
5006-MXVRN,NO,FEMALE,0,NO,NO,39,YES,NO,NO,NO,NO,NO,NO,NO,NO,TWO YEAR,NO,CREDIT CARD (AUTOMATIC),20.7,762.45,0.6800262812089356,0
5010-IPEAQ,NO,FEMALE,0,YES,YES,67,NO,NO,DSL,YES,YES,YES,YES,YES,NO,TWO YEAR,NO,CREDIT CARD (AUTOMATIC),54.2,3623.95,1.780551905387648,0
5012-YSPJJ,NO,MALE,0,YES,YES,31,YES,NO,DSL,NO,NO,YES,YES,NO,NO,MONTH-TO-MONTH,NO,MAILED CHECK,54.35,1647.0,1.7854796320630748,0
5013-SBUIH,YES,FEMALE,0,NO,NO,50,YES,YES,FIBER OPTIC,YES,YES,NO,YES,YES,YES,TWO YEAR,YES,ELECTRONIC CHECK,109.65,5551.15,3.602168199737188,1
5014-GSOUQ,NO,MALE,0,NO,NO,13,YES,NO,NO,NO,NO,NO,NO,NO,NO,TWO YEAR,NO,MAILED CHECK,19.95,243.65,0.6553876478318003,0
5014-WUQMG,NO,MALE,0,YES,YES,47,YES,NO,FIBER OPTIC,YES,YES,YES,NO,NO,YES,ONE YEAR,YES,ELECTRONIC CHECK,96.1,4391.45,3.157030223390276,0
5016-ETTFF,YES,MALE,0,NO,NO,10,NO,NO,DSL,NO,NO,YES,NO,NO,NO,MONTH-TO-MONTH,NO,MAILED CHECK,29.5,255.25,0.969119579500657,1
5016-IBERQ,NO,MALE,0,YES,NO,23,YES,YES,FIBER OPTIC,NO,YES,YES,NO,NO,NO,MONTH-TO-MONTH,NO,ELECTRONIC CHECK,84.25,1968.1,2.767739816031537,0
5016-LIPDW,NO,MALE,0,YES,YES,57,YES,NO,NO,NO,NO,NO,NO,NO,NO,ONE YEAR,NO,MAILED CHECK,19.4,1061.6,0.6373193166885676,0
5018-GWURO,NO,FEMALE,0,YES,NO,56,YES,YES,FIBER OPTIC,NO,NO,NO,NO,YES,NO,MONTH-TO-MONTH,YES,BANK TRANSFER (AUTOMATIC),85.6,4902.8,2.8120893561103806,0
5018-HEKFO,NO,FEMALE,0,NO,NO,10,YES,YES,NO,NO,NO,NO,NO,NO,NO,MONTH-TO-MONTH,YES,MAILED CHECK,24.5,270.15,0.804862023653088,0
5018-LXQQG,NO,FEMALE,0,YES,YES,30,YES,NO,DSL,YES,NO,NO,YES,NO,YES,MONTH-TO-MONTH,NO,BANK TRANSFER (AUTOMATIC),66.3,1923.5,2.1780551905387644,0
5019-GQVCR,NO,MALE,1,NO,NO,43,YES,YES,FIBER OPTIC,NO,NO,NO,NO,YES,NO,MONTH-TO-MONTH,YES,ELECTRONIC CHECK,84.85,3645.6,2.7874507227332455,0
5020-ZSTTY,YES,FEMALE,1,NO,NO,54,YES,YES,DSL,YES,YES,NO,YES,YES,YES,ONE YEAR,NO,BANK TRANSFER (AUTOMATIC),82.45,4350.1,2.708607095926413,1
5022-JNQEQ,NO,FEMALE,0,YES,YES,9,YES,NO,FIBER OPTIC,NO,NO,NO,YES,NO,NO,MONTH-TO-MONTH,YES,ELECTRONIC CHECK,75.85,647.5,2.4917871222076213,0
5022-KVDQT,NO,MALE,0,NO,NO,27,YES,YES,FIBER OPTIC,NO,NO,YES,NO,NO,NO,MONTH-TO-MONTH,YES,ELECTRONIC CHECK,81.3,2272.8,2.6708278580814717,0
5025-GOOKI,NO,FEMALE,0,NO,NO,20,YES,NO,NO,NO,NO,NO,NO,NO,NO,MONTH-TO-MONTH,YES,CREDIT CARD (AUTOMATIC),18.9,347.65,0.6208935611038107,0
5027-QPKTE,YES,MALE,0,YES,NO,7,YES,NO,FIBER OPTIC,NO,NO,NO,NO,NO,NO,MONTH-TO-MONTH,YES,ELECTRONIC CHECK,69.35,451.1,2.2782522996057817,1
5027-XWQHA,YES,MALE,0,NO,NO,6,YES,NO,DSL,NO,NO,NO,NO,NO,NO,MONTH-TO-MONTH,NO,ELECTRONIC CHECK,44.75,270.95,1.4701051248357424,1
5027-YOCXN,NO,MALE,0,YES,YES,51,YES,YES,FIBER OPTIC,YES,YES,NO,YES,YES,YES,ONE YEAR,NO,CREDIT CARD (AUTOMATIC),110.05,5686.4,3.615308804204993,0
5028-GZLDO,YES,MALE,0,NO,NO,2,YES,NO,FIBER OPTIC,NO,NO,NO,NO,NO,NO,MONTH-TO-MONTH,NO,CREDIT CARD (AUTOMATIC),70.7,140.7,2.3226018396846255,1
5028-HTLJB,YES,MALE,1,NO,NO,1,YES,NO,NO,NO,NO,NO,NO,NO,NO,MONTH-TO-MONTH,NO,MAILED CHECK,20.05,20.05,0.6586727989487516,1
5032-MIYKT,NO,FEMALE,0,NO,NO,1,YES,NO,FIBER OPTIC,NO,NO,NO,NO,NO,NO,MONTH-TO-MONTH,YES,MAILED CHECK,70.7,70.7,2.3226018396846255,0
5032-USPKF,NO,FEMALE,0,NO,NO,38,YES,YES,DSL,YES,YES,YES,NO,YES,YES,ONE YEAR,NO,BANK TRANSFER (AUTOMATIC),84.1,3187.65,2.76281208935611,0
5035-BVCXS,NO,MALE,0,NO,NO,11,YES,NO,FIBER OPTIC,NO,YES,NO,NO,NO,NO,MONTH-TO-MONTH,YES,MAILED CHECK,75.9,866.4,2.4934296977660972,0
5035-PGZXH,NO,FEMALE,0,NO,NO,56,YES,YES,FIBER OPTIC,NO,YES,YES,NO,YES,YES,ONE YEAR,YES,ELECTRONIC CHECK,106.8,5914.4,3.5085413929040734,0
5038-ETMLM,NO,FEMALE,0,YES,NO,72,YES,YES,FIBER OPTIC,YES,YES,YES,YES,YES,YES,TWO YEAR,YES,BANK TRANSFER (AUTOMATIC),113.65,8182.75,3.733574244415243,0
5039-LZRQT,NO,FEMALE,0,NO,NO,13,YES,NO,NO,NO,NO,NO,NO,NO,NO,ONE YEAR,NO,MAILED CHECK,20.2,273.25,0.6636005256241787,0
5043-TRZWM,NO,FEMALE,0,NO,NO,1,YES,NO,FIBER OPTIC,NO,NO,YES,NO,NO,NO,MONTH-TO-MONTH,NO,ELECTRONIC CHECK,75.55,75.55,2.481931668856767,0
5044-LRQAQ,NO,FEMALE,0,YES,NO,7,YES,NO,FIBER OPTIC,NO,NO,NO,NO,NO,NO,MONTH-TO-MONTH,YES,BANK TRANSFER (AUTOMATIC),69.2,477.55,2.273324572930355,0
5044-XDPYX,NO,FEMALE,0,YES,NO,51,YES,YES,NO,NO,NO,NO,NO,NO,NO,TWO YEAR,NO,MAILED CHECK,25.5,1281.25,0.8377135348226018,0
5046-NUHWD,NO,FEMALE,1,YES,NO,29,NO,NO,DSL,YES,NO,YES,NO,NO,YES,MONTH-TO-MONTH,YES,ELECTRONIC CHECK,45.0,1228.65,1.4783180026281209,0
5047-LHVLY,YES,MALE,1,NO,YES,1,YES,NO,DSL,NO,NO,YES,NO,NO,NO,MONTH-TO-MONTH,YES,MAILED CHECK,50.15,50.15,1.6475032851511169,1
5049-GLYVG,YES,MALE,0,NO,NO,1,YES,NO,NO,NO,NO,NO,NO,NO,NO,MONTH-TO-MONTH,NO,MAILED CHECK,20.6,20.6,0.6767411300919842,1
5049-MUBWG,NO,MALE,0,NO,NO,26,YES,NO,DSL,YES,NO,NO,YES,YES,YES,ONE YEAR,NO,BANK TRANSFER (AUTOMATIC),75.0,1908.35,2.463863337713535,0
5052-PNLOS,YES,MALE,0,NO,NO,3,YES,YES,FIBER OPTIC,NO,YES,YES,NO,YES,YES,MONTH-TO-MONTH,YES,BANK TRANSFER (AUTOMATIC),105.35,323.25,3.460906701708278,1
5054-IEXZT,YES,MALE,0,NO,YES,1,YES,NO,FIBER OPTIC,NO,YES,NO,NO,NO,NO,MONTH-TO-MONTH,YES,ELECTRONIC CHECK,75.35,75.35,2.4753613666228644,1
5055-BRMNE,NO,FEMALE,0,YES,YES,67,YES,YES,FIBER OPTIC,YES,NO,NO,YES,YES,YES,TWO YEAR,NO,CREDIT CARD (AUTOMATIC),106.7,7009.5,3.505256241787122,0
5055-MGMGF,NO,FEMALE,0,YES,NO,65,YES,YES,FIBER OPTIC,YES,NO,YES,NO,YES,YES,MONTH-TO-MONTH,YES,ELECTRONIC CHECK,105.05,6914.95,3.451051248357424,0
5056-FIMPT,NO,FEMALE,0,NO,YES,43,YES,NO,FIBER OPTIC,YES,YES,NO,YES,YES,YES,ONE YEAR,YES,CREDIT CARD (AUTOMATIC),106.0,4532.3,3.4822601839684624,0
5057-LCOUI,YES,FEMALE,0,NO,NO,39,NO,NO,DSL,NO,NO,YES,NO,YES,YES,MONTH-TO-MONTH,YES,ELECTRONIC CHECK,50.75,2011.4,1.6672141918528252,1
5057-RKGLH,NO,FEMALE,0,YES,YES,9,YES,NO,NO,NO,NO,NO,NO,NO,NO,TWO YEAR,NO,MAILED CHECK,20.35,191.1,0.6685282522996058,0
5060-TQUQN,NO,MALE,0,YES,YES,30,YES,YES,FIBER OPTIC,NO,YES,NO,YES,NO,NO,MONTH-TO-MONTH,YES,BANK TRANSFER (AUTOMATIC),83.55,2570.2,2.7447437582128775,0
5061-PBXFW,NO,FEMALE,0,YES,YES,32,YES,NO,DSL,YES,YES,NO,YES,NO,NO,MONTH-TO-MONTH,NO,BANK TRANSFER (AUTOMATIC),61.4,1864.65,2.0170827858081473,0
5062-CJJKH,NO,MALE,0,YES,YES,25,YES,NO,DSL,NO,YES,YES,NO,NO,NO,ONE YEAR,NO,MAILED CHECK,53.65,1355.45,1.7624835742444152,0
5063-IUOKK,NO,MALE,0,NO,NO,13,YES,NO,NO,NO,NO,NO,NO,NO,NO,TWO YEAR,NO,MAILED CHECK,19.75,265.75,0.6488173455978975,0
5066-GFJMM,NO,FEMALE,0,YES,NO,3,YES,NO,NO,NO,NO,NO,NO,NO,NO,MONTH-TO-MONTH,YES,MAILED CHECK,19.9,45.75,0.6537450722733245,0
5067-DGXLL,NO,MALE,0,NO,NO,2,YES,NO,NO,NO,NO,NO,NO,NO,NO,MONTH-TO-MONTH,NO,MAILED CHECK,20.25,36.8,0.6652431011826544,0
5067-WJEUN,NO,MALE,0,YES,YES,67,YES,NO,DSL,YES,YES,NO,NO,NO,NO,TWO YEAR,YES,BANK TRANSFER (AUTOMATIC),54.2,3838.2,1.780551905387648,0
5067-XJQFU,NO,MALE,1,YES,YES,66,YES,YES,FIBER OPTIC,NO,YES,YES,YES,YES,YES,ONE YEAR,YES,ELECTRONIC CHECK,108.45,7076.35,3.5627463863337714,0
5071-FBJFS,NO,FEMALE,0,YES,YES,4,YES,NO,DSL,YES,NO,NO,NO,NO,NO,MONTH-TO-MONTH,NO,ELECTRONIC CHECK,50.3,217.1,1.652431011826544,0
5073-RZGBK,NO,FEMALE,0,YES,YES,50,YES,YES,DSL,YES,YES,YES,YES,NO,YES,ONE YEAR,YES,BANK TRANSFER (AUTOMATIC),80.05,4042.2,2.6297634691195793,0
5073-WXOYN,YES,FEMALE,0,NO,NO,60,NO,NO,DSL,NO,YES,NO,NO,YES,YES,MONTH-TO-MONTH,YES,ELECTRONIC CHECK,50.8,3027.4,1.6688567674113008,1
5074-FBGHB,NO,MALE,0,NO,NO,64,YES,YES,FIBER OPTIC,NO,NO,YES,YES,YES,YES,ONE YEAR,YES,CREDIT CARD (AUTOMATIC),104.65,6889.8,3.437910643889619,0
5075-JSDKI,NO,FEMALE,0,NO,NO,59,YES,YES,NO,NO,NO,NO,NO,NO,NO,TWO YEAR,NO,ELECTRONIC CHECK,24.45,1493.1,0.8032194480946123,0
5076-YVXCM,NO,MALE,0,NO,NO,51,YES,YES,FIBER OPTIC,NO,NO,NO,NO,NO,YES,MONTH-TO-MONTH,NO,BANK TRANSFER (AUTOMATIC),83.4,4149.45,2.7398160315374507,0
5077-DXTCG,YES,FEMALE,0,NO,NO,1,YES,NO,DSL,NO,NO,NO,NO,NO,NO,MONTH-TO-MONTH,YES,ELECTRONIC CHECK,45.3,45.3,1.4881734559789748,1
5081-NWSUP,NO,FEMALE,0,NO,NO,10,YES,NO,DSL,NO,YES,NO,YES,NO,YES,ONE YEAR,NO,MAILED CHECK,64.9,685.55,2.1320630749014455,0
5084-OOVCJ,NO,FEMALE,0,YES,YES,17,YES,NO,DSL,YES,NO,NO,YES,NO,NO,MONTH-TO-MONTH,YES,CREDIT CARD (AUTOMATIC),55.35,920.5,1.8183311432325886,0
5087-SUURX,YES,FEMALE,0,YES,NO,18,NO,NO,DSL,NO,NO,YES,NO,YES,NO,MONTH-TO-MONTH,YES,ELECTRONIC CHECK,39.05,669.85,1.2828515111695136,1
5088-QZLRL,NO,MALE,0,NO,NO,1,YES,NO,NO,NO,NO,NO,NO,NO,NO,MONTH-TO-MONTH,NO,ELECTRONIC CHECK,20.65,20.65,0.6783837056504598,0
5089-IFSDP,YES,FEMALE,0,YES,NO,58,YES,YES,FIBER OPTIC,YES,YES,YES,NO,YES,YES,TWO YEAR,YES,BANK TRANSFER (AUTOMATIC),109.45,6144.55,3.595597897503285,1
5090-EMGTC,NO,FEMALE,0,YES,NO,59,YES,NO,FIBER OPTIC,NO,YES,NO,YES,YES,YES,TWO YEAR,YES,MAILED CHECK,100.05,6034.85,3.286793692509855,0
5091-HFAZW,NO,FEMALE,0,NO,NO,2,YES,NO,FIBER OPTIC,YES,YES,NO,NO,YES,NO,MONTH-TO-MONTH,YES,ELECTRONIC CHECK,91.15,168.5,2.994415243101183,0
5092-STPKP,NO,FEMALE,0,NO,NO,24,YES,NO,DSL,YES,NO,NO,YES,NO,NO,MONTH-TO-MONTH,NO,CREDIT CARD (AUTOMATIC),56.35,1381.2,1.8511826544021024,0
5093-FEGLU,NO,FEMALE,0,YES,NO,47,YES,NO,NO,NO,NO,NO,NO,NO,NO,TWO YEAR,NO,BANK TRANSFER (AUTOMATIC),19.65,921.55,0.645532194480946,0
5095-AESKG,YES,FEMALE,0,YES,NO,3,YES,YES,FIBER OPTIC,NO,YES,NO,NO,NO,YES,MONTH-TO-MONTH,YES,CREDIT CARD (AUTOMATIC),91.5,242.95,3.0059132720105124,1
5095-ETBRJ,NO,FEMALE,0,YES,NO,55,YES,NO,DSL,YES,YES,NO,YES,NO,NO,TWO YEAR,NO,MAILED CHECK,56.8,3112.05,1.8659658344283836,0
5099-BAILX,YES,MALE,1,YES,YES,43,YES,YES,FIBER OPTIC,NO,YES,YES,YES,YES,YES,MONTH-TO-MONTH,YES,BANK TRANSFER (AUTOMATIC),110.75,4687.9,3.638304862023653,1
5103-MHMHY,YES,FEMALE,0,NO,YES,1,YES,NO,DSL,NO,NO,NO,NO,NO,NO,MONTH-TO-MONTH,NO,MAILED CHECK,45.95,45.95,1.509526938239159,1
5108-ADXWO,YES,MALE,0,NO,NO,11,YES,NO,FIBER OPTIC,YES,NO,NO,NO,NO,NO,MONTH-TO-MONTH,YES,ELECTRONIC CHECK,73.5,791.75,2.414586070959264,1
5110-CHOPY,NO,FEMALE,0,NO,NO,60,NO,NO,DSL,YES,NO,YES,NO,YES,YES,TWO YEAR,NO,ELECTRONIC CHECK,53.6,3237.05,1.7608409986859395,0
5115-GZDEL,NO,MALE,0,NO,YES,72,NO,NO,DSL,YES,YES,YES,YES,YES,YES,TWO YEAR,NO,CREDIT CARD (AUTOMATIC),67.2,4671.7,2.2076215505913273,0
5115-SQAAU,NO,FEMALE,0,YES,YES,69,YES,YES,NO,NO,NO,NO,NO,NO,NO,TWO YEAR,YES,BANK TRANSFER (AUTOMATIC),25.6,1673.4,0.8409986859395532,0
5117-IFGPS,NO,MALE,1,YES,NO,29,YES,YES,FIBER OPTIC,NO,NO,NO,NO,NO,YES,MONTH-TO-MONTH,YES,ELECTRONIC CHECK,84.3,2357.75,2.769382391590013,0
5117-ZSMHQ,NO,FEMALE,0,YES,YES,71,YES,YES,DSL,YES,YES,YES,YES,YES,YES,TWO YEAR,NO,BANK TRANSFER (AUTOMATIC),89.9,6342.7,2.9533508541392903,0
5118-MUEYH,NO,FEMALE,0,YES,NO,48,YES,YES,FIBER OPTIC,NO,YES,NO,YES,YES,YES,MONTH-TO-MONTH,YES,CREDIT CARD (AUTOMATIC),105.1,5083.55,3.4526938239159,0
5119-KEPFY,NO,MALE,0,YES,NO,36,YES,YES,FIBER OPTIC,NO,NO,NO,NO,YES,YES,MONTH-TO-MONTH,YES,BANK TRANSFER (AUTOMATIC),95.0,3440.25,3.1208935611038107,0
5119-NZPTV,NO,MALE,1,YES,NO,2,YES,NO,FIBER OPTIC,NO,NO,NO,NO,NO,NO,MONTH-TO-MONTH,NO,ELECTRONIC CHECK,70.1,141.65,2.302890932982917,0
5120-ZBLAI,NO,FEMALE,0,YES,NO,50,YES,YES,DSL,NO,NO,YES,NO,YES,YES,ONE YEAR,NO,BANK TRANSFER (AUTOMATIC),75.7,3876.2,2.4868593955321945,0
5122-CYFXA,NO,FEMALE,0,NO,NO,3,YES,NO,DSL,NO,YES,NO,YES,YES,YES,MONTH-TO-MONTH,YES,ELECTRONIC CHECK,75.3,244.1,2.473718791064389,0
5124-EOGYE,NO,MALE,0,NO,NO,31,YES,NO,NO,NO,NO,NO,NO,NO,NO,TWO YEAR,NO,MAILED CHECK,20.45,638.55,0.6718134034165572,0
5125-CNDSP,NO,MALE,0,NO,YES,63,NO,NO,DSL,YES,YES,NO,YES,NO,NO,ONE YEAR,YES,BANK TRANSFER (AUTOMATIC),40.6,2588.95,1.3337713534822602,0
5126-RCXYW,NO,MALE,0,YES,YES,54,NO,NO,DSL,NO,NO,YES,YES,NO,YES,TWO YEAR,NO,CREDIT CARD (AUTOMATIC),46.0,2424.05,1.5111695137976346,0
5127-BZENZ,NO,FEMALE,0,YES,YES,56,YES,YES,DSL,YES,NO,NO,NO,YES,NO,ONE YEAR,NO,BANK TRANSFER (AUTOMATIC),65.2,3512.15,2.1419185282522997,0
5129-HHMZC,NO,FEMALE,0,YES,NO,43,YES,YES,DSL,YES,YES,NO,YES,YES,YES,TWO YEAR,NO,CREDIT CARD (AUTOMATIC),86.45,3574.5,2.840013140604468,0
5129-JLPIS,NO,MALE,0,NO,NO,25,YES,NO,FIBER OPTIC,YES,NO,YES,YES,YES,YES,MONTH-TO-MONTH,YES,ELECTRONIC CHECK,105.5,2686.05,3.4658344283837055,0
5130-IEKQT,YES,MALE,1,NO,NO,25,YES,YES,FIBER OPTIC,NO,YES,YES,NO,YES,YES,MONTH-TO-MONTH,NO,MAILED CHECK,105.95,2655.25,3.480617608409987,1
5130-YPIRV,NO,FEMALE,0,YES,NO,62,YES,NO,DSL,YES,YES,YES,NO,YES,NO,TWO YEAR,YES,CREDIT CARD (AUTOMATIC),72.0,4284.2,2.3653088042049935,0
5131-PONJI,NO,MALE,0,YES,YES,49,YES,NO,FIBER OPTIC,NO,YES,YES,NO,YES,NO,MONTH-TO-MONTH,YES,CREDIT CARD (AUTOMATIC),90.4,4494.65,2.9697766097240472,0
5133-POWUA,NO,MALE,0,NO,NO,1,YES,NO,DSL,NO,NO,NO,NO,NO,NO,MONTH-TO-MONTH,YES,MAILED CHECK,45.8,45.8,1.5045992115637317,0
5133-VRSAB,NO,MALE,0,NO,NO,8,NO,NO,DSL,YES,NO,NO,NO,NO,NO,MONTH-TO-MONTH,NO,MAILED CHECK,29.35,216.45,0.96419185282523,0
5134-IKDAY,YES,FEMALE,0,YES,YES,1,YES,NO,FIBER OPTIC,NO,NO,NO,NO,NO,NO,MONTH-TO-MONTH,YES,ELECTRONIC CHECK,69.8,69.8,2.2930354796320627,1
5135-GRQJV,NO,MALE,1,YES,NO,72,YES,YES,FIBER OPTIC,YES,YES,YES,YES,YES,YES,TWO YEAR,YES,MAILED CHECK,114.5,8331.95,3.7614980289093296,0
5135-RDDQL,NO,FEMALE,0,YES,YES,63,YES,NO,DSL,YES,NO,NO,NO,NO,NO,TWO YEAR,YES,BANK TRANSFER (AUTOMATIC),50.65,3221.25,1.6639290407358738,0
5136-GFPMB,NO,MALE,0,NO,NO,54,YES,YES,FIBER OPTIC,NO,NO,YES,NO,NO,YES,MONTH-TO-MONTH,NO,CREDIT CARD (AUTOMATIC),89.4,4869.5,2.9369250985545334,0
5136-KCKGI,YES,FEMALE,0,YES,YES,33,YES,YES,FIBER OPTIC,YES,NO,YES,NO,YES,YES,ONE YEAR,YES,MAILED CHECK,103.7,3467.0,3.4067017082785807,1
5136-RGMZO,NO,MALE,0,NO,NO,31,YES,YES,DSL,NO,YES,NO,YES,YES,NO,MONTH-TO-MONTH,YES,ELECTRONIC CHECK,71.05,2168.15,2.334099868593955,0
5138-WVKYJ,YES,MALE,0,NO,NO,10,YES,YES,FIBER OPTIC,YES,NO,NO,NO,YES,YES,MONTH-TO-MONTH,NO,ELECTRONIC CHECK,98.55,1008.55,3.2375164257555844,1
5140-FOMCQ,NO,FEMALE,0,YES,NO,59,YES,YES,FIBER OPTIC,YES,YES,YES,NO,YES,YES,ONE YEAR,YES,CREDIT CARD (AUTOMATIC),109.15,6557.75,3.585742444152431,0
5141-ZUVBH,NO,FEMALE,0,NO,YES,9,YES,NO,FIBER OPTIC,YES,NO,YES,YES,NO,YES,MONTH-TO-MONTH,NO,BANK TRANSFER (AUTOMATIC),93.0,870.25,3.055190538764783,0
5143-EGQFK,YES,FEMALE,1,NO,NO,10,NO,NO,DSL,NO,NO,NO,YES,NO,NO,MONTH-TO-MONTH,YES,ELECTRONIC CHECK,29.65,291.4,0.974047306176084,1
5143-WMWOG,YES,MALE,0,NO,NO,1,YES,NO,NO,NO,NO,NO,NO,NO,NO,MONTH-TO-MONTH,NO,ELECTRONIC CHECK,19.95,19.95,0.6553876478318003,1
5144-PQCDZ,NO,MALE,0,NO,NO,4,YES,NO,NO,NO,NO,NO,NO,NO,NO,MONTH-TO-MONTH,YES,MAILED CHECK,19.95,59.25,0.6553876478318003,0
5144-TVGLP,NO,MALE,1,NO,NO,38,YES,YES,FIBER OPTIC,NO,NO,NO,NO,YES,YES,MONTH-TO-MONTH,NO,ELECTRONIC CHECK,94.75,3653.0,3.112680683311432,0
5146-CBVOE,NO,FEMALE,0,NO,NO,16,YES,NO,FIBER OPTIC,NO,YES,NO,NO,NO,NO,MONTH-TO-MONTH,NO,BANK TRANSFER (AUTOMATIC),75.1,1212.85,2.4671484888304858,0
5146-YYFRZ,NO,MALE,0,NO,NO,67,YES,NO,NO,NO,NO,NO,NO,NO,NO,TWO YEAR,NO,BANK TRANSFER (AUTOMATIC),19.95,1311.75,0.6553876478318003,0
5148-HKFIR,NO,FEMALE,0,NO,NO,20,YES,NO,NO,NO,NO,NO,NO,NO,NO,TWO YEAR,NO,MAILED CHECK,19.7,406.95,0.6471747700394218,0
5148-ORICT,NO,FEMALE,0,YES,NO,64,YES,NO,DSL,YES,YES,YES,YES,NO,YES,TWO YEAR,YES,MAILED CHECK,74.35,4759.55,2.4425098554533506,0
5149-CUZUJ,NO,MALE,0,YES,YES,28,YES,NO,FIBER OPTIC,NO,YES,YES,YES,YES,NO,ONE YEAR,NO,BANK TRANSFER (AUTOMATIC),92.9,2768.35,3.0519053876478317,0
5149-QYTTU,NO,FEMALE,0,YES,YES,71,YES,YES,FIBER OPTIC,YES,YES,YES,YES,NO,NO,ONE YEAR,YES,CREDIT CARD (AUTOMATIC),95.15,6770.85,3.125821287779238,0
5149-TGWDZ,NO,FEMALE,0,NO,NO,21,YES,NO,FIBER OPTIC,NO,YES,YES,YES,YES,YES,ONE YEAR,YES,MAILED CHECK,104.55,2239.4,3.434625492772667,0
5150-ITWWB,NO,MALE,1,NO,NO,3,YES,YES,FIBER OPTIC,NO,NO,NO,NO,YES,YES,MONTH-TO-MONTH,YES,ELECTRONIC CHECK,94.85,335.75,3.1159658344283834,0
5150-LJNSR,NO,MALE,0,YES,YES,31,YES,YES,FIBER OPTIC,YES,NO,YES,NO,YES,NO,ONE YEAR,NO,BANK TRANSFER (AUTOMATIC),98.05,3082.1,3.2210906701708275,0
5151-HQRDG,NO,MALE,0,YES,NO,37,YES,YES,DSL,YES,NO,NO,NO,NO,NO,MONTH-TO-MONTH,YES,MAILED CHECK,55.05,2030.75,1.8084756898817345,0
5153-LXKDT,NO,MALE,0,YES,YES,68,YES,YES,FIBER OPTIC,YES,YES,YES,NO,YES,YES,TWO YEAR,YES,ELECTRONIC CHECK,110.2,7467.5,3.6202365308804203,0
5153-RTHKF,NO,FEMALE,0,NO,NO,34,YES,YES,FIBER OPTIC,NO,NO,NO,NO,YES,NO,MONTH-TO-MONTH,NO,ELECTRONIC CHECK,85.35,2896.6,2.8038764783180024,0
5154-VEKBL,YES,FEMALE,0,NO,NO,9,NO,NO,DSL,YES,NO,YES,YES,YES,YES,MONTH-TO-MONTH,NO,MAILED CHECK,58.5,539.85,1.921813403416557,1
5155-AZQPB,NO,FEMALE,0,YES,YES,28,YES,YES,DSL,NO,NO,NO,NO,NO,NO,MONTH-TO-MONTH,NO,MAILED CHECK,49.9,1410.25,1.6392904073587384,0
5156-UMKOW,NO,FEMALE,0,NO,YES,3,NO,NO,DSL,NO,YES,NO,NO,NO,NO,MONTH-TO-MONTH,NO,MAILED CHECK,29.65,90.05,0.974047306176084,0
5158-RIVOP,NO,FEMALE,0,YES,YES,11,YES,NO,NO,NO,NO,NO,NO,NO,NO,TWO YEAR,NO,CREDIT CARD (AUTOMATIC),20.9,202.3,0.6865965834428382,0
5159-YFPKQ,YES,FEMALE,0,NO,NO,2,YES,NO,FIBER OPTIC,NO,NO,YES,NO,NO,NO,MONTH-TO-MONTH,YES,ELECTRONIC CHECK,75.8,160.75,2.490144546649146,1
5160-UXJED,NO,MALE,0,NO,YES,17,YES,NO,DSL,NO,NO,NO,NO,NO,NO,ONE YEAR,NO,MAILED CHECK,44.6,681.4,1.4651773981603153,0
5161-UBZXI,NO,MALE,0,YES,YES,69,YES,NO,FIBER OPTIC,YES,YES,NO,YES,YES,YES,TWO YEAR,YES,CREDIT CARD (AUTOMATIC),106.35,7261.75,3.493758212877792,0
5161-XEUVX,NO,MALE,0,YES,NO,37,YES,YES,FIBER OPTIC,NO,NO,YES,YES,YES,NO,TWO YEAR,NO,MAILED CHECK,94.3,3460.95,3.097897503285151,0
5167-GBFRE,YES,MALE,1,NO,NO,4,NO,NO,DSL,NO,NO,NO,NO,NO,NO,MONTH-TO-MONTH,YES,BANK TRANSFER (AUTOMATIC),25.2,102.5,0.8278580814717477,1
5167-ZFFMM,YES,MALE,0,NO,NO,1,YES,YES,FIBER OPTIC,NO,YES,NO,NO,NO,YES,MONTH-TO-MONTH,YES,CREDIT CARD (AUTOMATIC),90.85,90.85,2.984559789750328,1
5168-MQQCA,NO,FEMALE,0,YES,NO,72,YES,YES,FIBER OPTIC,NO,YES,YES,YES,YES,YES,ONE YEAR,YES,BANK TRANSFER (AUTOMATIC),108.5,8003.8,3.564388961892247,0
5168-MSWXT,NO,MALE,0,YES,YES,8,YES,NO,FIBER OPTIC,NO,NO,YES,NO,YES,YES,MONTH-TO-MONTH,YES,ELECTRONIC CHECK,94.75,759.55,3.112680683311432,0
5170-PTRKA,NO,FEMALE,0,YES,YES,49,NO,NO,DSL,YES,NO,NO,YES,NO,NO,ONE YEAR,YES,CREDIT CARD (AUTOMATIC),35.8,1782.0,1.1760840998685937,0
5171-EPLKN,NO,MALE,0,NO,NO,27,YES,NO,NO,NO,NO,NO,NO,NO,NO,TWO YEAR,NO,CREDIT CARD (AUTOMATIC),19.85,470.0,0.6521024967148489,0
5172-MIGPM,NO,MALE,0,NO,NO,4,YES,YES,DSL,NO,NO,NO,YES,NO,YES,MONTH-TO-MONTH,NO,MAILED CHECK,65.55,237.2,2.1534165571616293,0
5172-RKOCB,NO,MALE,0,YES,NO,72,YES,YES,FIBER OPTIC,YES,YES,NO,YES,YES,YES,TWO YEAR,YES,CREDIT CARD (AUTOMATIC),108.95,7875.0,3.5791721419185283,0
5173-WXOQV,NO,MALE,0,YES,NO,2,YES,NO,DSL,NO,YES,NO,YES,NO,YES,MONTH-TO-MONTH,YES,MAILED CHECK,64.2,143.65,2.109067017082786,0
5173-ZXXXL,NO,MALE,0,NO,NO,2,YES,NO,NO,NO,NO,NO,NO,NO,NO,ONE YEAR,NO,MAILED CHECK,19.95,47.7,0.6553876478318003,0
5174-ITUMV,NO,MALE,0,YES,YES,67,YES,YES,FIBER OPTIC,NO,YES,YES,NO,YES,YES,ONE YEAR,YES,ELECTRONIC CHECK,105.4,6989.45,3.462549277266754,0
5174-RNGBH,YES,FEMALE,0,NO,NO,9,YES,NO,DSL,NO,YES,NO,YES,YES,NO,MONTH-TO-MONTH,NO,MAILED CHECK,66.25,620.55,2.176412614980289,1
5175-AOBHI,YES,FEMALE,0,NO,NO,4,YES,NO,DSL,NO,NO,NO,NO,NO,NO,MONTH-TO-MONTH,YES,MAILED CHECK,46.0,193.6,1.5111695137976346,1
5175-WLYXL,NO,MALE,0,NO,NO,22,YES,YES,FIBER OPTIC,NO,YES,NO,NO,NO,NO,MONTH-TO-MONTH,YES,MAILED CHECK,78.85,1600.25,2.5903416557161627,0
5176-LDKUH,NO,FEMALE,0,NO,NO,48,YES,NO,FIBER OPTIC,NO,YES,NO,NO,NO,NO,ONE YEAR,NO,ELECTRONIC CHECK,75.15,3772.65,2.468791064388962,0
5176-LMJXE,NO,FEMALE,0,NO,NO,47,YES,NO,NO,NO,NO,NO,NO,NO,NO,TWO YEAR,YES,MAILED CHECK,20.55,945.7,0.6750985545335085,0
5176-OLSKT,NO,FEMALE,0,YES,NO,66,YES,YES,DSL,YES,YES,YES,NO,NO,NO,TWO YEAR,NO,BANK TRANSFER (AUTOMATIC),66.9,4370.25,2.197766097240473,0
5177-RVZNU,NO,FEMALE,0,NO,YES,37,YES,NO,NO,NO,NO,NO,NO,NO,NO,ONE YEAR,NO,BANK TRANSFER (AUTOMATIC),20.3,755.4,0.6668856767411301,0
5178-LMXOP,YES,MALE,1,YES,NO,1,YES,YES,FIBER OPTIC,NO,NO,NO,NO,YES,YES,MONTH-TO-MONTH,YES,ELECTRONIC CHECK,95.1,95.1,3.124178712220762,1
5180-UCIIQ,YES,MALE,1,YES,YES,22,NO,NO,DSL,YES,NO,NO,NO,NO,YES,MONTH-TO-MONTH,NO,MAILED CHECK,40.05,880.2,1.3157030223390274,1
5181-OABFK,NO,FEMALE,0,YES,YES,56,YES,NO,DSL,YES,YES,YES,NO,NO,NO,TWO YEAR,YES,CREDIT CARD (AUTOMATIC),61.3,3346.8,2.0137976346911954,0
5183-KLYEM,NO,FEMALE,0,NO,NO,72,YES,YES,FIBER OPTIC,YES,YES,YES,YES,YES,YES,TWO YEAR,YES,CREDIT CARD (AUTOMATIC),112.75,8192.6,3.7040078843626807,0
5183-SNMJQ,NO,MALE,0,NO,NO,10,YES,NO,FIBER OPTIC,NO,NO,NO,YES,YES,YES,MONTH-TO-MONTH,YES,CREDIT CARD (AUTOMATIC),95.1,865.1,3.124178712220762,0
5186-EJEGL,NO,MALE,0,NO,NO,9,YES,NO,DSL,YES,NO,YES,YES,YES,NO,MONTH-TO-MONTH,YES,MAILED CHECK,69.5,653.25,2.283180026281209,0
5186-PEIZU,NO,FEMALE,0,NO,NO,35,YES,NO,NO,NO,NO,NO,NO,NO,NO,MONTH-TO-MONTH,NO,BANK TRANSFER (AUTOMATIC),19.25,617.65,0.6323915900131406,0
5186-SAMNZ,YES,MALE,1,NO,NO,1,YES,NO,FIBER OPTIC,NO,NO,NO,NO,NO,NO,MONTH-TO-MONTH,YES,BANK TRANSFER (AUTOMATIC),69.5,69.5,2.283180026281209,1
5188-HGMLP,NO,MALE,1,YES,NO,54,YES,YES,FIBER OPTIC,NO,NO,NO,NO,NO,NO,MONTH-TO-MONTH,NO,BANK TRANSFER (AUTOMATIC),74.0,3919.15,2.431011826544021,0
5192-EBGOV,YES,FEMALE,1,NO,NO,1,YES,YES,FIBER OPTIC,NO,NO,NO,NO,YES,NO,MONTH-TO-MONTH,YES,ELECTRONIC CHECK,85.7,85.7,2.8153745072273324,1
5193-QLVZB,NO,MALE,0,NO,NO,63,YES,YES,FIBER OPTIC,NO,YES,YES,NO,YES,YES,TWO YEAR,YES,BANK TRANSFER (AUTOMATIC),104.75,6536.5,3.4411957950065704,0
5195-KPUNQ,NO,FEMALE,1,NO,NO,53,YES,NO,FIBER OPTIC,YES,YES,NO,YES,NO,YES,ONE YEAR,YES,MAILED CHECK,96.75,5206.55,3.1783837056504596,0
5196-SGOAK,YES,FEMALE,0,NO,NO,1,YES,NO,FIBER OPTIC,NO,YES,NO,NO,NO,NO,MONTH-TO-MONTH,YES,ELECTRONIC CHECK,75.7,75.7,2.4868593955321945,1
5196-WPYOW,NO,MALE,0,YES,YES,67,YES,NO,DSL,YES,YES,NO,YES,NO,NO,ONE YEAR,NO,MAILED CHECK,60.05,3994.05,1.9727332457293034,0
5197-LQXXH,NO,FEMALE,0,YES,NO,71,YES,YES,DSL,NO,YES,YES,YES,YES,YES,TWO YEAR,YES,CREDIT CARD (AUTOMATIC),83.3,5894.5,2.7365308804204993,0
5197-PYEPU,NO,FEMALE,0,YES,YES,42,YES,YES,FIBER OPTIC,YES,YES,NO,NO,YES,NO,ONE YEAR,YES,CREDIT CARD (AUTOMATIC),94.45,3923.8,3.1028252299605783,0
5197-YPYBZ,NO,FEMALE,0,YES,YES,12,YES,YES,NO,NO,NO,NO,NO,NO,NO,TWO YEAR,NO,CREDIT CARD (AUTOMATIC),25.25,274.7,0.8295006570302234,0
5198-EFNBM,NO,MALE,1,YES,NO,57,YES,NO,FIBER OPTIC,NO,YES,YES,NO,YES,NO,ONE YEAR,YES,ELECTRONIC CHECK,90.65,5199.8,2.977989487516426,0
5198-HQAEN,NO,MALE,0,YES,YES,35,YES,NO,FIBER OPTIC,NO,YES,NO,YES,YES,NO,ONE YEAR,YES,ELECTRONIC CHECK,89.7,3165.6,2.9467805519053876,0
5199-FPUSP,NO,MALE,0,NO,YES,33,NO,NO,DSL,YES,NO,NO,YES,NO,NO,ONE YEAR,NO,CREDIT CARD (AUTOMATIC),34.05,1113.95,1.1185939553219446,0
5201-CBWYG,NO,MALE,0,YES,YES,62,YES,YES,NO,NO,NO,NO,NO,NO,NO,ONE YEAR,NO,BANK TRANSFER (AUTOMATIC),24.8,1476.25,0.8147174770039421,0
5201-FRKKS,NO,MALE,0,NO,NO,25,YES,NO,FIBER OPTIC,YES,NO,NO,NO,NO,NO,MONTH-TO-MONTH,NO,BANK TRANSFER (AUTOMATIC),74.3,1952.25,2.440867279894875,0
5201-USSQZ,NO,FEMALE,0,YES,NO,26,YES,NO,FIBER OPTIC,NO,NO,NO,YES,NO,YES,MONTH-TO-MONTH,NO,CREDIT CARD (AUTOMATIC),85.9,2196.45,2.821944809461235,0
5202-IVJNU,YES,FEMALE,0,NO,YES,39,NO,NO,DSL,NO,NO,YES,NO,NO,NO,MONTH-TO-MONTH,NO,CREDIT CARD (AUTOMATIC),30.1,1131.3,0.9888304862023654,1
5203-XEHAX,NO,FEMALE,0,NO,NO,34,YES,NO,DSL,YES,YES,NO,NO,NO,YES,ONE YEAR,NO,ELECTRONIC CHECK,64.35,2053.05,2.1139947437582127,0
5204-HMGYF,NO,FEMALE,0,YES,YES,49,YES,NO,DSL,YES,YES,YES,YES,YES,YES,ONE YEAR,YES,MAILED CHECK,87.2,4345.0,2.864651773981603,0
5204-QZXPU,YES,MALE,0,NO,NO,19,NO,NO,DSL,NO,NO,YES,NO,YES,NO,MONTH-TO-MONTH,YES,ELECTRONIC CHECK,39.65,733.35,1.302562417871222,1
5206-HPJKM,NO,MALE,0,NO,NO,17,YES,NO,DSL,YES,YES,NO,NO,NO,NO,MONTH-TO-MONTH,YES,CREDIT CARD (AUTOMATIC),55.5,934.15,1.8232588699080157,0
5206-XZZQI,NO,MALE,0,NO,NO,53,YES,NO,FIBER OPTIC,NO,YES,NO,YES,NO,NO,MONTH-TO-MONTH,YES,MAILED CHECK,80.6,4348.1,2.6478318002628116,0
5207-PLSTK,NO,MALE,0,YES,YES,1,YES,NO,DSL,YES,NO,NO,NO,NO,NO,MONTH-TO-MONTH,YES,MAILED CHECK,48.75,48.75,1.6015111695137976,0
5208-FVQKB,NO,MALE,0,YES,NO,70,YES,NO,DSL,YES,YES,NO,YES,NO,YES,TWO YEAR,NO,MAILED CHECK,67.95,4664.15,2.2322601839684624,0
5208-HFSBT,YES,FEMALE,0,NO,NO,2,YES,NO,DSL,NO,YES,NO,YES,NO,NO,MONTH-TO-MONTH,YES,CREDIT CARD (AUTOMATIC),55.05,102.75,1.8084756898817345,1
5213-TWWJU,NO,MALE,0,NO,NO,28,YES,NO,FIBER OPTIC,NO,NO,YES,YES,NO,YES,MONTH-TO-MONTH,NO,ELECTRONIC CHECK,91.0,2626.15,2.9894875164257555,0
5214-CHIWJ,NO,MALE,0,NO,NO,27,YES,NO,NO,NO,NO,NO,NO,NO,NO,ONE YEAR,NO,MAILED CHECK,20.3,595.05,0.6668856767411301,0
5214-NLTIT,NO,MALE,0,YES,YES,72,YES,YES,FIBER OPTIC,NO,NO,YES,NO,NO,YES,TWO YEAR,YES,CREDIT CARD (AUTOMATIC),90.8,6511.8,2.9829172141918527,0
5215-LNLDJ,NO,FEMALE,0,YES,YES,7,NO,NO,DSL,NO,NO,NO,NO,NO,NO,MONTH-TO-MONTH,YES,ELECTRONIC CHECK,24.7,149.05,0.8114323258869908,0
5216-WASFJ,NO,FEMALE,1,YES,NO,31,YES,YES,FIBER OPTIC,NO,NO,NO,NO,NO,YES,MONTH-TO-MONTH,YES,ELECTRONIC CHECK,84.85,2633.4,2.7874507227332455,0
5219-YIPTK,YES,FEMALE,0,YES,NO,33,YES,YES,FIBER OPTIC,NO,YES,YES,NO,YES,YES,MONTH-TO-MONTH,YES,ELECTRONIC CHECK,104.4,3409.6,3.4296977660972403,1
5220-AGAAX,NO,MALE,0,YES,YES,68,YES,YES,NO,NO,NO,NO,NO,NO,NO,TWO YEAR,YES,BANK TRANSFER (AUTOMATIC),24.0,1664.3,0.7884362680683311,0
5222-IMUKT,NO,MALE,0,NO,NO,32,YES,NO,FIBER OPTIC,NO,NO,NO,NO,YES,YES,MONTH-TO-MONTH,NO,ELECTRONIC CHECK,91.05,2871.5,2.991130091984231,0
5222-JCXZT,NO,MALE,0,NO,NO,4,YES,NO,NO,NO,NO,NO,NO,NO,NO,MONTH-TO-MONTH,NO,MAILED CHECK,19.0,78.9,0.6241787122207622,0
5223-UZAVK,NO,MALE,0,NO,NO,64,YES,NO,FIBER OPTIC,YES,YES,NO,NO,YES,YES,ONE YEAR,YES,CREDIT CARD (AUTOMATIC),100.3,6603.8,3.2950065703022338,0
5226-NOZFC,NO,MALE,0,NO,NO,26,YES,NO,FIBER OPTIC,NO,YES,NO,NO,YES,NO,MONTH-TO-MONTH,YES,ELECTRONIC CHECK,85.75,2146.5,2.817017082785808,0
5227-JSCFE,NO,MALE,1,YES,NO,71,NO,NO,DSL,YES,YES,YES,YES,NO,NO,TWO YEAR,NO,CREDIT CARD (AUTOMATIC),46.35,3353.4,1.5226675427069645,0
5228-EXCET,YES,MALE,0,NO,NO,13,YES,NO,FIBER OPTIC,NO,NO,NO,NO,NO,YES,MONTH-TO-MONTH,YES,ELECTRONIC CHECK,80.85,1008.7,2.6560446780551903,1
5229-DTFYB,NO,FEMALE,0,NO,NO,41,YES,NO,FIBER OPTIC,NO,YES,NO,YES,YES,YES,TWO YEAR,YES,BANK TRANSFER (AUTOMATIC),98.8,3959.15,3.245729303547963,0
5229-PRWKT,YES,MALE,0,NO,NO,8,YES,YES,FIBER OPTIC,NO,NO,NO,NO,NO,YES,MONTH-TO-MONTH,YES,ELECTRONIC CHECK,86.55,649.65,2.843298291721419,1
5231-FIQPA,NO,FEMALE,0,NO,NO,41,YES,NO,NO,NO,NO,NO,NO,NO,NO,TWO YEAR,YES,MAILED CHECK,19.85,810.45,0.6521024967148489,0
5232-NXPAY,NO,FEMALE,0,NO,NO,47,YES,NO,DSL,NO,NO,YES,YES,YES,YES,TWO YEAR,NO,MAILED CHECK,74.45,3510.3,2.445795006570302,0
5233-AOZUF,NO,FEMALE,0,YES,NO,29,YES,YES,FIBER OPTIC,NO,NO,NO,NO,NO,NO,MONTH-TO-MONTH,YES,ELECTRONIC CHECK,74.95,2149.05,2.462220762155059,0
5233-GEEAX,YES,MALE,1,NO,NO,8,NO,NO,DSL,NO,NO,YES,NO,NO,NO,MONTH-TO-MONTH,YES,ELECTRONIC CHECK,29.4,221.9,0.9658344283837056,1
5236-PERKL,YES,FEMALE,0,NO,NO,57,YES,YES,FIBER OPTIC,YES,YES,YES,NO,YES,YES,TWO YEAR,YES,BANK TRANSFER (AUTOMATIC),112.95,6465.0,3.7105781865965834,1
5236-XMZJY,NO,FEMALE,0,NO,NO,42,YES,NO,DSL,YES,YES,YES,NO,NO,NO,MONTH-TO-MONTH,NO,BANK TRANSFER (AUTOMATIC),59.65,2536.55,1.959592641261498,0
5240-CAOYT,NO,FEMALE,0,NO,NO,57,YES,YES,FIBER OPTIC,YES,YES,NO,YES,NO,NO,MONTH-TO-MONTH,YES,BANK TRANSFER (AUTOMATIC),87.55,4884.85,2.8761498028909327,0
5240-IJOQT,YES,MALE,1,NO,NO,1,YES,YES,FIBER OPTIC,NO,NO,NO,NO,NO,NO,MONTH-TO-MONTH,YES,ELECTRONIC CHECK,74.7,74.7,2.4540078843626807,1
5242-UOWHD,NO,MALE,0,YES,YES,45,YES,NO,NO,NO,NO,NO,NO,NO,NO,TWO YEAR,NO,MAILED CHECK,20.35,929.2,0.6685282522996058,0
5243-SAOTC,NO,MALE,0,NO,NO,54,YES,YES,FIBER OPTIC,NO,YES,NO,NO,NO,NO,MONTH-TO-MONTH,YES,BANK TRANSFER (AUTOMATIC),79.85,4308.25,2.6231931668856765,0
5244-IRFIH,YES,MALE,1,YES,NO,33,YES,YES,FIBER OPTIC,NO,NO,NO,NO,YES,YES,MONTH-TO-MONTH,YES,ELECTRONIC CHECK,94.5,3105.55,3.1044678055190538,1
5245-VDBUR,NO,FEMALE,0,YES,NO,52,NO,NO,DSL,YES,NO,YES,NO,NO,NO,ONE YEAR,NO,MAILED CHECK,35.45,1958.95,1.1645860709592641,0
5248-KWLAR,NO,MALE,0,YES,YES,71,YES,YES,DSL,YES,YES,YES,YES,YES,YES,TWO YEAR,NO,ELECTRONIC CHECK,90.35,6325.25,2.9681340341655713,0
5248-RPYWW,NO,FEMALE,1,YES,YES,72,YES,YES,DSL,YES,YES,YES,YES,YES,YES,TWO YEAR,YES,BANK TRANSFER (AUTOMATIC),90.15,6716.45,2.961563731931669,0
5248-YGIJN,NO,MALE,0,YES,NO,72,YES,YES,DSL,YES,YES,YES,YES,YES,YES,TWO YEAR,YES,CREDIT CARD (AUTOMATIC),90.25,6369.45,2.96484888304862,0
5249-QYHEX,NO,FEMALE,0,YES,YES,40,YES,YES,NO,NO,NO,NO,NO,NO,NO,TWO YEAR,YES,MAILED CHECK,24.8,1024.7,0.8147174770039421,0
5256-SKJGO,NO,FEMALE,0,YES,YES,64,NO,NO,DSL,NO,YES,NO,YES,YES,YES,TWO YEAR,YES,ELECTRONIC CHECK,54.6,3423.5,1.7936925098554533,0
5260-UMPWX,NO,FEMALE,0,YES,YES,26,YES,NO,NO,NO,NO,NO,NO,NO,NO,MONTH-TO-MONTH,YES,CREDIT CARD (AUTOMATIC),20.25,493.95,0.6652431011826544,0
5261-QSHQM,YES,FEMALE,0,NO,NO,4,NO,NO,DSL,NO,NO,NO,NO,NO,NO,MONTH-TO-MONTH,YES,ELECTRONIC CHECK,24.45,86.6,0.8032194480946123,1
5266-PFRQK,NO,MALE,0,YES,YES,52,YES,NO,NO,NO,NO,NO,NO,NO,NO,ONE YEAR,YES,CREDIT CARD (AUTOMATIC),20.85,1071.6,0.6849540078843627,0
5268-DSMNQ,NO,FEMALE,1,YES,NO,62,YES,YES,FIBER OPTIC,NO,YES,YES,NO,YES,NO,ONE YEAR,YES,CREDIT CARD (AUTOMATIC),97.95,5936.55,3.2178055190538766,0
5269-NRGDP,NO,MALE,0,YES,YES,42,YES,NO,DSL,NO,NO,YES,YES,YES,YES,ONE YEAR,NO,ELECTRONIC CHECK,73.15,3088.25,2.4030880420499345,0
5271-DBYSJ,NO,MALE,1,NO,NO,11,YES,NO,FIBER OPTIC,NO,NO,NO,NO,NO,YES,MONTH-TO-MONTH,YES,CREDIT CARD (AUTOMATIC),79.15,827.7,2.6001971090670173,0
5271-YNWVR,YES,MALE,0,YES,YES,68,YES,YES,FIBER OPTIC,YES,YES,YES,YES,YES,YES,TWO YEAR,YES,ELECTRONIC CHECK,113.15,7856.0,3.717148488830486,1
5274-XHAKY,NO,FEMALE,0,YES,YES,41,YES,YES,FIBER OPTIC,YES,YES,NO,NO,YES,NO,MONTH-TO-MONTH,YES,BANK TRANSFER (AUTOMATIC),94.3,3893.6,3.097897503285151,0
5275-PMFUT,NO,MALE,0,YES,YES,72,NO,NO,DSL,YES,YES,YES,YES,YES,YES,TWO YEAR,YES,CREDIT CARD (AUTOMATIC),64.8,4719.75,2.1287779237844937,0
5275-SQEIZ,YES,MALE,0,NO,NO,1,YES,NO,FIBER OPTIC,NO,NO,NO,NO,NO,YES,MONTH-TO-MONTH,YES,MAILED CHECK,80.85,80.85,2.6560446780551903,1
5276-KQWHG,YES,FEMALE,1,NO,NO,2,YES,NO,FIBER OPTIC,NO,NO,NO,NO,NO,NO,MONTH-TO-MONTH,YES,ELECTRONIC CHECK,69.6,131.65,2.28646517739816,1
5277-ZLOOR,YES,FEMALE,1,NO,NO,2,YES,YES,FIBER OPTIC,NO,NO,NO,NO,YES,NO,MONTH-TO-MONTH,YES,ELECTRONIC CHECK,85.55,187.45,2.810446780551905,1
5278-PNYOX,NO,FEMALE,0,NO,NO,49,YES,NO,FIBER OPTIC,NO,NO,YES,YES,YES,YES,TWO YEAR,NO,CREDIT CARD (AUTOMATIC),100.65,4917.75,3.306504599211564,0
5281-BUZGT,YES,MALE,1,NO,NO,36,YES,YES,FIBER OPTIC,YES,NO,NO,NO,YES,NO,MONTH-TO-MONTH,YES,ELECTRONIC CHECK,90.85,3186.7,2.984559789750328,1
5285-MVEHD,NO,FEMALE,0,YES,NO,56,YES,NO,FIBER OPTIC,YES,YES,YES,NO,YES,YES,ONE YEAR,YES,CREDIT CARD (AUTOMATIC),105.6,6068.65,3.469119579500657,0
5286-YHCVC,NO,MALE,0,YES,NO,72,YES,YES,FIBER OPTIC,NO,YES,YES,NO,YES,YES,TWO YEAR,YES,BANK TRANSFER (AUTOMATIC),104.8,7470.1,3.442838370565046,0
5287-QWLKY,YES,MALE,1,YES,YES,71,YES,YES,FIBER OPTIC,YES,YES,NO,NO,YES,YES,MONTH-TO-MONTH,YES,CREDIT CARD (AUTOMATIC),105.1,7548.1,3.4526938239159,1
5288-AHOUP,NO,MALE,1,NO,NO,11,YES,NO,FIBER OPTIC,NO,NO,NO,NO,NO,YES,MONTH-TO-MONTH,YES,ELECTRONIC CHECK,78.5,874.2,2.578843626806833,0
5293-WXJAK,YES,FEMALE,1,YES,NO,11,YES,YES,FIBER OPTIC,NO,NO,YES,YES,YES,YES,MONTH-TO-MONTH,YES,BANK TRANSFER (AUTOMATIC),104.05,1133.65,3.4181997371879103,1
5294-CDGWY,YES,MALE,0,YES,YES,51,NO,NO,DSL,YES,YES,YES,NO,YES,YES,ONE YEAR,NO,ELECTRONIC CHECK,59.3,3014.65,1.948094612352168,1
5294-DMSFH,NO,FEMALE,0,YES,YES,29,YES,NO,FIBER OPTIC,NO,NO,NO,NO,YES,YES,MONTH-TO-MONTH,YES,CREDIT CARD (AUTOMATIC),87.8,2621.75,2.8843626806833114,0
5294-IMHHT,NO,MALE,0,YES,NO,53,YES,YES,FIBER OPTIC,NO,YES,NO,YES,NO,YES,ONE YEAR,NO,BANK TRANSFER (AUTOMATIC),97.75,5043.2,3.2112352168199734,0
5295-PCJOO,YES,MALE,0,NO,YES,4,YES,NO,DSL,YES,NO,NO,NO,NO,NO,MONTH-TO-MONTH,YES,ELECTRONIC CHECK,49.4,184.4,1.6228646517739815,1
5296-BFCYD,NO,MALE,0,YES,YES,46,YES,NO,NO,NO,NO,NO,NO,NO,NO,TWO YEAR,YES,MAILED CHECK,20.1,936.85,0.6603153745072273,0
5296-PSYVW,NO,FEMALE,0,YES,NO,72,YES,YES,NO,NO,NO,NO,NO,NO,NO,TWO YEAR,NO,ELECTRONIC CHECK,24.55,1750.7,0.8065045992115637,0
5297-MDOIR,NO,FEMALE,0,YES,NO,63,YES,NO,FIBER OPTIC,YES,NO,YES,NO,NO,NO,ONE YEAR,YES,CREDIT CARD (AUTOMATIC),81.15,5224.5,2.665900131406045,0
5298-GSTLM,NO,FEMALE,1,NO,NO,60,YES,YES,FIBER OPTIC,YES,NO,NO,NO,YES,YES,ONE YEAR,YES,BANK TRANSFER (AUTOMATIC),101.4,6176.6,3.331143232588699,0
5299-RULOA,YES,FEMALE,0,YES,YES,10,YES,YES,FIBER OPTIC,YES,NO,NO,NO,YES,YES,MONTH-TO-MONTH,YES,ELECTRONIC CHECK,100.25,1064.65,3.2933639947437583,1
5299-SJCZT,YES,MALE,0,NO,NO,3,YES,YES,FIBER OPTIC,NO,NO,YES,NO,YES,YES,MONTH-TO-MONTH,YES,BANK TRANSFER (AUTOMATIC),101.55,298.35,3.336070959264126,1
5301-GAUUY,YES,MALE,0,NO,NO,32,YES,YES,FIBER OPTIC,NO,YES,NO,NO,NO,NO,MONTH-TO-MONTH,YES,BANK TRANSFER (AUTOMATIC),80.35,2596.15,2.6396189224704334,1
5302-BDJNT,NO,MALE,0,NO,NO,35,YES,YES,FIBER OPTIC,NO,NO,YES,YES,YES,NO,MONTH-TO-MONTH,NO,ELECTRONIC CHECK,95.5,3418.2,3.1373193166885676,0
5304-EFJLP,NO,MALE,1,YES,NO,72,YES,YES,FIBER OPTIC,NO,YES,YES,YES,YES,YES,TWO YEAR,YES,BANK TRANSFER (AUTOMATIC),111.65,8022.85,3.6678712220762155,0
5306-BVTKJ,NO,MALE,0,YES,YES,48,YES,NO,DSL,NO,YES,YES,NO,NO,NO,ONE YEAR,YES,CREDIT CARD (AUTOMATIC),55.8,2651.2,1.8331143232588698,0
5307-DZCVC,YES,FEMALE,1,YES,NO,32,YES,YES,FIBER OPTIC,NO,NO,NO,NO,YES,NO,MONTH-TO-MONTH,YES,CREDIT CARD (AUTOMATIC),85.95,2628.6,2.823587385019711,1
5307-UVGNB,NO,FEMALE,0,YES,YES,53,NO,NO,DSL,YES,YES,YES,NO,NO,YES,MONTH-TO-MONTH,YES,BANK TRANSFER (AUTOMATIC),48.7,2495.2,1.5998685939553219,0
5309-TAIKL,NO,FEMALE,0,NO,NO,7,YES,NO,DSL,NO,NO,YES,YES,NO,YES,MONTH-TO-MONTH,NO,BANK TRANSFER (AUTOMATIC),62.8,418.3,2.063074901445466,0
5310-NOOVA,NO,MALE,0,NO,NO,46,YES,NO,NO,NO,NO,NO,NO,NO,NO,TWO YEAR,NO,ELECTRONIC CHECK,19.95,907.05,0.6553876478318003,0
5311-IHLEI,NO,MALE,0,NO,NO,12,NO,NO,DSL,YES,YES,NO,YES,YES,NO,MONTH-TO-MONTH,YES,BANK TRANSFER (AUTOMATIC),50.95,605.75,1.673784494086728,0
5312-IRCFR,NO,FEMALE,0,YES,YES,64,YES,YES,FIBER OPTIC,NO,YES,YES,NO,NO,YES,ONE YEAR,YES,ELECTRONIC CHECK,92.85,5980.75,3.050262812089356,0
5312-TSZVC,NO,FEMALE,0,NO,YES,15,YES,NO,NO,NO,NO,NO,NO,NO,NO,ONE YEAR,NO,MAILED CHECK,19.65,270.6,0.645532194480946,0
5312-UXESG,NO,FEMALE,0,NO,NO,41,YES,YES,FIBER OPTIC,NO,NO,YES,NO,YES,YES,MONTH-TO-MONTH,NO,BANK TRANSFER (AUTOMATIC),98.05,3990.6,3.2210906701708275,0
5313-FPXWG,NO,MALE,0,NO,NO,51,YES,YES,NO,NO,NO,NO,NO,NO,NO,ONE YEAR,YES,BANK TRANSFER (AUTOMATIC),24.6,1266.4,0.8081471747700394,0
5315-CKEQK,NO,MALE,1,YES,YES,28,YES,YES,DSL,NO,NO,NO,NO,NO,NO,ONE YEAR,YES,ELECTRONIC CHECK,51.0,1381.8,1.6754270696452036,0
5317-FLPJF,NO,FEMALE,0,NO,NO,66,NO,NO,DSL,YES,NO,YES,YES,YES,YES,TWO YEAR,YES,BANK TRANSFER (AUTOMATIC),61.35,4193.4,2.0154402102496713,0
5318-IXUZF,YES,FEMALE,0,NO,NO,2,YES,NO,FIBER OPTIC,NO,YES,NO,NO,YES,NO,MONTH-TO-MONTH,YES,BANK TRANSFER (AUTOMATIC),87.15,183.75,2.8630091984231276,1
5318-YKDPV,NO,MALE,0,YES,YES,43,YES,NO,DSL,YES,NO,YES,YES,YES,YES,TWO YEAR,YES,CREDIT CARD (AUTOMATIC),79.15,3566.6,2.6001971090670173,0
5320-BRKGK,NO,FEMALE,0,YES,YES,58,YES,YES,DSL,YES,NO,YES,YES,YES,NO,TWO YEAR,NO,MAILED CHECK,75.8,4415.75,2.490144546649146,0
5321-NTRKC,NO,MALE,0,YES,YES,66,YES,YES,DSL,NO,YES,YES,NO,YES,YES,TWO YEAR,NO,BANK TRANSFER (AUTOMATIC),79.85,5234.95,2.6231931668856765,0
5322-TEUJK,NO,FEMALE,0,YES,YES,71,YES,YES,FIBER OPTIC,YES,YES,YES,YES,YES,YES,TWO YEAR,NO,BANK TRANSFER (AUTOMATIC),114.6,8100.25,3.764783180026281,0
5322-ZSMZY,NO,MALE,0,YES,YES,31,YES,YES,NO,NO,NO,NO,NO,NO,NO,TWO YEAR,NO,MAILED CHECK,25.75,755.6,0.8459264126149802,0
5324-KTGCG,NO,MALE,0,YES,NO,71,YES,NO,NO,NO,NO,NO,NO,NO,NO,ONE YEAR,NO,ELECTRONIC CHECK,20.85,1539.75,0.6849540078843627,0
5325-UWTWJ,NO,MALE,0,YES,NO,31,YES,YES,FIBER OPTIC,YES,YES,NO,YES,NO,NO,MONTH-TO-MONTH,YES,CREDIT CARD (AUTOMATIC),90.55,2929.75,2.974704336399474,0
5327-CNLUQ,NO,MALE,0,YES,NO,48,YES,YES,FIBER OPTIC,YES,YES,YES,NO,YES,NO,TWO YEAR,YES,BANK TRANSFER (AUTOMATIC),96.9,4473.45,3.183311432325887,0
5327-XOKKY,NO,MALE,1,YES,NO,72,YES,YES,DSL,NO,NO,YES,NO,YES,YES,TWO YEAR,YES,CREDIT CARD (AUTOMATIC),73.45,5329.0,2.4129434954007882,0
5329-KRDTM,NO,MALE,1,YES,NO,72,YES,YES,DSL,NO,YES,YES,YES,YES,NO,TWO YEAR,NO,CREDIT CARD (AUTOMATIC),77.35,5396.25,2.541064388961892,0
5331-RGMTT,NO,MALE,1,YES,NO,54,YES,YES,FIBER OPTIC,NO,NO,YES,NO,YES,YES,MONTH-TO-MONTH,YES,CREDIT CARD (AUTOMATIC),99.05,5295.7,3.2539421813403413,0
5334-AFQJB,NO,MALE,1,NO,NO,72,YES,YES,NO,NO,NO,NO,NO,NO,NO,TWO YEAR,YES,CREDIT CARD (AUTOMATIC),25.1,1789.9,0.8245729303547963,0
5334-JLAXU,NO,FEMALE,0,YES,NO,60,YES,YES,FIBER OPTIC,YES,YES,NO,NO,NO,YES,MONTH-TO-MONTH,YES,CREDIT CARD (AUTOMATIC),94.1,5475.9,3.0913272010512483,0
5336-UFNZP,NO,FEMALE,1,YES,YES,65,YES,YES,FIBER OPTIC,NO,YES,YES,NO,YES,YES,ONE YEAR,YES,ELECTRONIC CHECK,107.45,7047.5,3.5298948751642576,0
5337-IIWKZ,NO,MALE,0,YES,YES,34,NO,NO,DSL,NO,NO,YES,YES,YES,NO,MONTH-TO-MONTH,YES,ELECTRONIC CHECK,44.85,1442.6,1.4733902759526938,0
5338-YHWYT,NO,MALE,0,NO,YES,37,YES,NO,DSL,YES,YES,NO,YES,NO,NO,TWO YEAR,NO,CREDIT CARD (AUTOMATIC),61.45,2302.35,2.0187253613666227,0
5339-PXDVH,NO,MALE,0,NO,NO,4,YES,YES,FIBER OPTIC,YES,NO,NO,NO,YES,NO,MONTH-TO-MONTH,NO,ELECTRONIC CHECK,90.65,367.95,2.977989487516426,0
5339-TJFEK,NO,MALE,0,YES,YES,62,YES,YES,FIBER OPTIC,YES,YES,NO,NO,YES,YES,MONTH-TO-MONTH,YES,ELECTRONIC CHECK,105.5,6487.2,3.4658344283837055,0
5343-SGUBI,NO,FEMALE,0,NO,NO,52,YES,YES,FIBER OPTIC,NO,YES,NO,NO,NO,NO,ONE YEAR,YES,MAILED CHECK,80.2,4297.6,2.6346911957950065,0
5345-BMKWB,NO,MALE,0,YES,NO,8,YES,NO,NO,NO,NO,NO,NO,NO,NO,MONTH-TO-MONTH,NO,MAILED CHECK,20.25,158.35,0.6652431011826544,0
5346-BZCHP,NO,FEMALE,0,YES,YES,69,YES,NO,NO,NO,NO,NO,NO,NO,NO,TWO YEAR,NO,MAILED CHECK,19.4,1346.2,0.6373193166885676,0
5348-CAGXB,NO,MALE,0,NO,NO,12,YES,YES,FIBER OPTIC,NO,NO,YES,NO,YES,NO,MONTH-TO-MONTH,YES,ELECTRONIC CHECK,89.55,1021.75,2.9418528252299603,0
5349-AZPEW,NO,FEMALE,0,YES,YES,5,NO,NO,DSL,NO,NO,NO,NO,NO,NO,MONTH-TO-MONTH,NO,MAILED CHECK,25.05,125.5,0.8229303547963206,0
5349-IECLD,YES,MALE,0,NO,NO,2,YES,NO,FIBER OPTIC,NO,NO,YES,NO,YES,YES,MONTH-TO-MONTH,NO,ELECTRONIC CHECK,94.95,178.1,3.119250985545335,1
5351-QESIO,NO,MALE,0,NO,YES,1,NO,NO,DSL,NO,NO,NO,NO,NO,NO,MONTH-TO-MONTH,NO,MAILED CHECK,24.2,24.2,0.7950065703022339,0
5353-WILCI,NO,FEMALE,0,NO,NO,28,YES,NO,DSL,YES,YES,NO,NO,NO,NO,MONTH-TO-MONTH,NO,ELECTRONIC CHECK,56.05,1522.65,1.8413272010512483,0
5356-CSVSQ,NO,FEMALE,0,NO,NO,3,YES,YES,DSL,NO,NO,NO,YES,YES,NO,MONTH-TO-MONTH,NO,ELECTRONIC CHECK,64.6,174.2,2.122207621550591,0
5356-KZCKT,NO,MALE,0,NO,NO,58,YES,YES,NO,NO,NO,NO,NO,NO,NO,TWO YEAR,YES,CREDIT CARD (AUTOMATIC),24.45,1513.6,0.8032194480946123,0
5356-RHIPP,YES,MALE,0,NO,NO,1,YES,NO,NO,NO,NO,NO,NO,NO,NO,MONTH-TO-MONTH,YES,MAILED CHECK,20.2,20.2,0.6636005256241787,1
5357-TZHPP,YES,MALE,1,NO,NO,9,YES,YES,FIBER OPTIC,NO,NO,NO,NO,NO,YES,MONTH-TO-MONTH,YES,CREDIT CARD (AUTOMATIC),84.4,732.5,2.7726675427069645,1
5360-LJCNJ,NO,FEMALE,0,YES,NO,71,YES,YES,FIBER OPTIC,NO,YES,YES,NO,YES,YES,TWO YEAR,YES,BANK TRANSFER (AUTOMATIC),105.15,7555.0,3.454336399474376,0
5360-XGYAZ,NO,MALE,0,YES,YES,72,NO,NO,DSL,YES,YES,YES,YES,YES,YES,TWO YEAR,YES,BANK TRANSFER (AUTOMATIC),65.65,4664.5,2.156701708278581,0
5364-EVNIB,YES,MALE,0,NO,NO,13,YES,NO,FIBER OPTIC,NO,YES,YES,NO,NO,NO,MONTH-TO-MONTH,YES,ELECTRONIC CHECK,79.8,973.45,2.621550591327201,1
5364-XYIRR,YES,MALE,0,YES,NO,51,YES,YES,FIBER OPTIC,NO,NO,NO,NO,YES,YES,MONTH-TO-MONTH,YES,ELECTRONIC CHECK,94.65,4812.75,3.109395532194481,1
5365-LLFYV,NO,FEMALE,0,NO,NO,2,YES,NO,DSL,NO,NO,NO,NO,NO,NO,MONTH-TO-MONTH,YES,MAILED CHECK,45.85,105.6,1.5062417871222076,0
5366-IJEQJ,YES,MALE,0,NO,NO,20,YES,YES,FIBER OPTIC,NO,NO,YES,NO,YES,NO,MONTH-TO-MONTH,YES,ELECTRONIC CHECK,88.7,1761.45,2.9139290407358738,1
5366-OBVMR,NO,FEMALE,0,YES,NO,18,YES,NO,DSL,NO,NO,NO,YES,NO,NO,MONTH-TO-MONTH,YES,MAILED CHECK,50.3,908.75,1.652431011826544,0
5370-IIVVL,NO,MALE,0,NO,NO,37,YES,YES,FIBER OPTIC,NO,YES,NO,YES,YES,YES,ONE YEAR,YES,CREDIT CARD (AUTOMATIC),104.5,3778.0,3.4329829172141917,0
5371-VYLSX,NO,FEMALE,1,NO,NO,50,YES,YES,FIBER OPTIC,YES,YES,NO,NO,NO,NO,MONTH-TO-MONTH,YES,ELECTRONIC CHECK,83.4,4113.7,2.7398160315374507,0
5372-FBKBN,NO,FEMALE,0,NO,YES,21,YES,NO,NO,NO,NO,NO,NO,NO,NO,MONTH-TO-MONTH,NO,MAILED CHECK,20.75,452.2,0.6816688567674113,0
5373-SFODM,YES,MALE,1,YES,NO,36,YES,YES,FIBER OPTIC,NO,NO,NO,NO,NO,YES,MONTH-TO-MONTH,YES,CREDIT CARD (AUTOMATIC),85.25,3132.75,2.800591327201051,1
5375-XLDOF,NO,MALE,0,YES,YES,69,YES,YES,FIBER OPTIC,YES,YES,YES,YES,YES,YES,TWO YEAR,YES,BANK TRANSFER (AUTOMATIC),114.35,7665.8,3.7565703022339023,0
5376-DEQCP,YES,FEMALE,0,NO,NO,1,YES,NO,FIBER OPTIC,NO,NO,NO,NO,NO,NO,MONTH-TO-MONTH,YES,ELECTRONIC CHECK,70.6,70.6,2.3193166885676737,1
5376-PCKNB,NO,MALE,0,YES,YES,72,YES,YES,FIBER OPTIC,NO,YES,YES,NO,YES,YES,ONE YEAR,YES,CREDIT CARD (AUTOMATIC),104.45,7459.0,3.431340341655716,0
5377-NDTOU,NO,FEMALE,0,YES,YES,71,YES,YES,DSL,YES,YES,YES,YES,YES,YES,TWO YEAR,NO,MAILED CHECK,91.05,6293.75,2.991130091984231,0
5378-IKEEG,YES,FEMALE,0,NO,NO,1,NO,NO,DSL,NO,NO,NO,NO,YES,NO,MONTH-TO-MONTH,YES,ELECTRONIC CHECK,35.75,35.75,1.1744415243101183,1
5380-AFSSK,YES,FEMALE,0,NO,NO,5,YES,YES,FIBER OPTIC,NO,NO,NO,NO,YES,YES,MONTH-TO-MONTH,YES,MAILED CHECK,93.9,486.85,3.0847568988173455,1
5380-WJKOV,YES,MALE,0,NO,NO,34,YES,YES,FIBER OPTIC,NO,YES,YES,NO,YES,YES,MONTH-TO-MONTH,YES,ELECTRONIC CHECK,106.35,3549.25,3.493758212877792,1
5380-XPJNZ,NO,FEMALE,0,NO,NO,38,YES,NO,NO,NO,NO,NO,NO,NO,NO,ONE YEAR,NO,MAILED CHECK,20.05,678.2,0.6586727989487516,0
5382-SOYZL,NO,MALE,0,NO,NO,22,YES,YES,FIBER OPTIC,NO,NO,NO,NO,YES,YES,MONTH-TO-MONTH,YES,ELECTRONIC CHECK,95.1,2162.6,3.124178712220762,0
5382-TEMLV,NO,MALE,0,NO,NO,45,YES,NO,DSL,YES,NO,NO,NO,NO,NO,MONTH-TO-MONTH,YES,BANK TRANSFER (AUTOMATIC),50.9,2298.55,1.6721419185282522,0
5383-MMTWC,YES,FEMALE,1,YES,NO,8,YES,YES,FIBER OPTIC,NO,NO,NO,NO,NO,YES,MONTH-TO-MONTH,YES,ELECTRONIC CHECK,84.0,613.4,2.759526938239159,1
5384-ZTTWP,NO,FEMALE,0,YES,YES,15,YES,NO,NO,NO,NO,NO,NO,NO,NO,MONTH-TO-MONTH,NO,MAILED CHECK,19.8,272.95,0.6504599211563732,0
5385-SUIRI,YES,MALE,1,YES,NO,52,YES,YES,FIBER OPTIC,YES,NO,YES,NO,YES,YES,MONTH-TO-MONTH,YES,ELECTRONIC CHECK,104.2,5568.35,3.4231274638633375,1
5386-THSLQ,NO,FEMALE,1,YES,NO,66,NO,NO,DSL,NO,YES,YES,NO,YES,NO,ONE YEAR,NO,BANK TRANSFER (AUTOMATIC),45.55,3027.25,1.4963863337713532,0
5387-ASZNZ,NO,FEMALE,1,NO,NO,66,YES,YES,DSL,YES,YES,NO,YES,NO,NO,ONE YEAR,YES,CREDIT CARD (AUTOMATIC),63.85,4174.35,2.097568988173456,0
5389-FFVKB,YES,MALE,1,YES,NO,32,YES,NO,FIBER OPTIC,NO,NO,NO,NO,NO,YES,MONTH-TO-MONTH,YES,CREDIT CARD (AUTOMATIC),80.3,2483.05,2.637976346911958,1
5392-AKEMH,NO,FEMALE,0,NO,NO,12,YES,NO,DSL,NO,NO,NO,NO,NO,NO,MONTH-TO-MONTH,YES,ELECTRONIC CHECK,45.05,523.1,1.4799605781865963,0
5393-HJZSM,NO,FEMALE,0,YES,YES,32,YES,NO,DSL,YES,YES,YES,YES,NO,YES,MONTH-TO-MONTH,NO,BANK TRANSFER (AUTOMATIC),76.3,2404.15,2.5065703022339028,0
5393-RXQSZ,YES,MALE,0,NO,NO,1,YES,NO,FIBER OPTIC,NO,NO,NO,NO,NO,YES,MONTH-TO-MONTH,NO,ELECTRONIC CHECK,79.6,79.6,2.614980289093298,1
5394-MEITZ,NO,FEMALE,0,YES,YES,60,YES,NO,DSL,NO,YES,YES,YES,YES,YES,TWO YEAR,YES,BANK TRANSFER (AUTOMATIC),80.6,4946.7,2.6478318002628116,0
5394-SVGJV,YES,MALE,0,NO,NO,37,YES,YES,FIBER OPTIC,NO,NO,NO,YES,YES,YES,MONTH-TO-MONTH,NO,BANK TRANSFER (AUTOMATIC),98.8,3475.55,3.245729303547963,1
5396-IZEPB,NO,MALE,0,NO,NO,9,YES,NO,NO,NO,NO,NO,NO,NO,NO,MONTH-TO-MONTH,NO,CREDIT CARD (AUTOMATIC),19.7,180.7,0.6471747700394218,0
5397-NSKQG,NO,MALE,0,YES,YES,67,NO,NO,DSL,YES,NO,NO,NO,YES,YES,TWO YEAR,NO,CREDIT CARD (AUTOMATIC),50.9,3281.65,1.6721419185282522,0
5397-TUPSH,NO,MALE,1,YES,NO,65,YES,NO,FIBER OPTIC,NO,NO,NO,NO,NO,NO,ONE YEAR,YES,BANK TRANSFER (AUTOMATIC),70.95,4555.2,2.3308147174770038,0
5399-ZIMKF,NO,MALE,0,NO,NO,5,YES,NO,FIBER OPTIC,NO,YES,NO,NO,NO,NO,MONTH-TO-MONTH,YES,ELECTRONIC CHECK,74.65,383.65,2.4523653088042052,0
5402-HTOTQ,NO,MALE,0,NO,NO,16,YES,YES,DSL,NO,YES,NO,NO,NO,NO,MONTH-TO-MONTH,NO,ELECTRONIC CHECK,55.3,875.35,1.816688567674113,0
5404-GGUKR,NO,MALE,0,NO,NO,5,YES,NO,DSL,NO,YES,NO,NO,NO,NO,MONTH-TO-MONTH,YES,ELECTRONIC CHECK,51.35,262.3,1.6869250985545334,0
5405-ZMYXQ,NO,FEMALE,0,NO,NO,8,YES,YES,FIBER OPTIC,NO,NO,NO,NO,NO,NO,MONTH-TO-MONTH,YES,CREDIT CARD (AUTOMATIC),74.6,548.9,2.450722733245729,0
5406-KGRMX,NO,FEMALE,0,NO,NO,71,YES,YES,NO,NO,NO,NO,NO,NO,NO,TWO YEAR,NO,ELECTRONIC CHECK,24.55,1719.15,0.8065045992115637,0
5414-OFQCB,NO,MALE,0,NO,NO,57,YES,YES,FIBER OPTIC,NO,NO,NO,YES,YES,NO,TWO YEAR,YES,CREDIT CARD (AUTOMATIC),90.45,5229.8,2.971419185282523,0
5419-CONWX,YES,FEMALE,1,NO,NO,4,YES,NO,FIBER OPTIC,NO,YES,YES,NO,YES,YES,MONTH-TO-MONTH,YES,CREDIT CARD (AUTOMATIC),99.8,442.85,3.278580814717477,1
5419-JKZNQ,NO,MALE,1,YES,NO,30,YES,YES,FIBER OPTIC,NO,NO,NO,NO,NO,NO,MONTH-TO-MONTH,NO,MAILED CHECK,77.9,2351.45,2.559132720105125,0
5419-JPRRN,YES,MALE,0,NO,NO,1,YES,YES,FIBER OPTIC,NO,NO,YES,NO,YES,YES,MONTH-TO-MONTH,YES,ELECTRONIC CHECK,101.45,101.45,3.332785808147175,1
5419-KLXBN,YES,FEMALE,0,YES,YES,25,YES,NO,FIBER OPTIC,NO,YES,YES,NO,YES,NO,MONTH-TO-MONTH,YES,BANK TRANSFER (AUTOMATIC),89.15,2257.75,2.928712220762155,1
5423-BHIXO,NO,FEMALE,0,NO,NO,32,YES,YES,DSL,NO,YES,NO,NO,NO,NO,MONTH-TO-MONTH,YES,ELECTRONIC CHECK,54.2,1739.6,1.780551905387648,0
5424-RLQLC,NO,MALE,0,NO,NO,10,YES,NO,DSL,NO,YES,NO,NO,YES,NO,MONTH-TO-MONTH,YES,MAILED CHECK,59.65,638.95,1.959592641261498,0
5429-LWCMV,NO,FEMALE,0,NO,NO,12,YES,YES,FIBER OPTIC,NO,YES,NO,NO,NO,YES,MONTH-TO-MONTH,YES,ELECTRONIC CHECK,89.15,1057.55,2.928712220762155,0
5433-KYGHE,NO,FEMALE,0,NO,YES,14,YES,YES,FIBER OPTIC,YES,NO,NO,YES,NO,NO,MONTH-TO-MONTH,YES,MAILED CHECK,86.0,1164.05,2.8252299605781865,0
5438-QMDDL,NO,FEMALE,0,YES,NO,19,YES,NO,DSL,NO,YES,NO,NO,NO,YES,MONTH-TO-MONTH,YES,MAILED CHECK,59.8,1130.85,1.964520367936925,0
5439-WIKXB,NO,MALE,1,YES,NO,41,YES,NO,FIBER OPTIC,NO,YES,NO,NO,YES,YES,MONTH-TO-MONTH,YES,ELECTRONIC CHECK,94.55,3851.45,3.1061103810775292,0
5440-FLBQG,YES,MALE,1,YES,NO,69,YES,YES,FIBER OPTIC,NO,YES,YES,YES,YES,YES,TWO YEAR,YES,BANK TRANSFER (AUTOMATIC),108.4,7318.2,3.561103810775296,1
5440-VHLUL,NO,MALE,0,NO,NO,69,YES,YES,FIBER OPTIC,NO,YES,NO,YES,YES,YES,ONE YEAR,YES,BANK TRANSFER (AUTOMATIC),105.2,7386.05,3.4559789750328513,0
5442-BHQNG,NO,FEMALE,0,NO,NO,2,YES,NO,FIBER OPTIC,NO,NO,NO,NO,NO,NO,MONTH-TO-MONTH,NO,ELECTRONIC CHECK,70.35,139.25,2.3111038107752955,0
5442-BXVND,NO,FEMALE,0,YES,YES,33,YES,YES,NO,NO,NO,NO,NO,NO,NO,MONTH-TO-MONTH,NO,BANK TRANSFER (AUTOMATIC),24.25,838.5,0.7966491458607096,0
5442-PPTJY,NO,MALE,0,YES,YES,12,YES,NO,NO,NO,NO,NO,NO,NO,NO,TWO YEAR,NO,MAILED CHECK,19.7,258.35,0.6471747700394218,0
5442-UTCVD,YES,MALE,0,NO,YES,3,YES,YES,FIBER OPTIC,NO,NO,YES,NO,NO,YES,MONTH-TO-MONTH,NO,ELECTRONIC CHECK,91.85,257.05,3.017411300919842,1
5442-XSDCW,YES,MALE,0,YES,YES,11,YES,NO,FIBER OPTIC,NO,NO,NO,NO,YES,NO,MONTH-TO-MONTH,YES,BANK TRANSFER (AUTOMATIC),79.5,868.5,2.611695137976347,1
5443-SCMKX,NO,FEMALE,0,YES,NO,58,YES,YES,FIBER OPTIC,NO,YES,YES,NO,NO,YES,ONE YEAR,YES,ELECTRONIC CHECK,94.3,5610.15,3.097897503285151,0
5445-GLVOT,NO,FEMALE,0,NO,NO,22,YES,NO,DSL,YES,NO,NO,NO,NO,NO,MONTH-TO-MONTH,YES,ELECTRONIC CHECK,49.8,1049.05,1.636005256241787,0
5445-PZWGX,YES,MALE,0,NO,NO,62,YES,YES,FIBER OPTIC,YES,YES,NO,YES,NO,YES,ONE YEAR,NO,ELECTRONIC CHECK,102.0,6529.25,3.350854139290407,1
5445-UTODQ,YES,FEMALE,0,YES,NO,7,YES,NO,FIBER OPTIC,NO,NO,NO,NO,YES,NO,MONTH-TO-MONTH,YES,ELECTRONIC CHECK,81.1,576.65,2.6642575558475685,1
5446-DKWYW,NO,FEMALE,1,YES,YES,61,YES,YES,DSL,NO,NO,YES,NO,YES,NO,ONE YEAR,YES,ELECTRONIC CHECK,65.2,3965.05,2.1419185282522997,0
5447-VYTKW,NO,MALE,0,NO,NO,27,YES,NO,DSL,YES,NO,NO,YES,NO,NO,MONTH-TO-MONTH,NO,MAILED CHECK,53.45,1461.45,1.7559132720105124,0
5447-WZAFP,NO,FEMALE,0,NO,NO,53,YES,NO,FIBER OPTIC,NO,YES,YES,NO,YES,YES,ONE YEAR,YES,MAILED CHECK,100.3,5200.8,3.2950065703022338,0
5448-VWNAM,NO,FEMALE,0,NO,YES,19,YES,YES,DSL,YES,YES,NO,YES,YES,NO,MONTH-TO-MONTH,YES,MAILED CHECK,75.9,1375.6,2.4934296977660972,0
5449-FIBXJ,YES,MALE,0,YES,YES,19,YES,YES,FIBER OPTIC,NO,NO,YES,YES,YES,YES,MONTH-TO-MONTH,NO,ELECTRONIC CHECK,103.3,2012.7,3.393561103810775,1
5451-MHQOF,NO,MALE,0,YES,YES,56,YES,YES,NO,NO,NO,NO,NO,NO,NO,ONE YEAR,YES,MAILED CHECK,24.45,1431.65,0.8032194480946123,0
5451-YHYPW,NO,FEMALE,1,YES,NO,72,YES,YES,FIBER OPTIC,YES,YES,YES,YES,YES,YES,TWO YEAR,YES,CREDIT CARD (AUTOMATIC),115.75,8443.7,3.802562417871222,0
5453-AXEPF,NO,MALE,0,YES,NO,17,YES,YES,FIBER OPTIC,NO,YES,NO,NO,NO,NO,MONTH-TO-MONTH,YES,BANK TRANSFER (AUTOMATIC),80.5,1336.9,2.6445466491458607,0
5453-YBTWV,NO,MALE,0,YES,YES,70,YES,NO,FIBER OPTIC,YES,YES,YES,YES,YES,NO,TWO YEAR,YES,CREDIT CARD (AUTOMATIC),101.1,6994.8,3.321287779237845,0
5456-ITGIC,NO,MALE,1,YES,NO,72,NO,NO,DSL,YES,YES,YES,YES,YES,YES,TWO YEAR,YES,CREDIT CARD (AUTOMATIC),64.45,4641.1,2.117279894875164,0
5457-COLHT,NO,MALE,0,YES,YES,69,YES,NO,DSL,YES,YES,NO,YES,YES,YES,TWO YEAR,NO,BANK TRANSFER (AUTOMATIC),80.65,5542.55,2.649474375821288,0
5458-CQJTA,YES,MALE,0,YES,YES,65,YES,NO,DSL,YES,NO,NO,YES,YES,YES,TWO YEAR,YES,BANK TRANSFER (AUTOMATIC),74.8,4820.15,2.457293035479632,1
5461-QKNTN,NO,MALE,1,YES,NO,43,YES,YES,FIBER OPTIC,NO,YES,NO,YES,YES,NO,MONTH-TO-MONTH,YES,ELECTRONIC CHECK,94.3,3953.15,3.097897503285151,0
5465-BUBFA,NO,FEMALE,0,YES,YES,41,YES,NO,NO,NO,NO,NO,NO,NO,NO,TWO YEAR,NO,BANK TRANSFER (AUTOMATIC),19.3,772.4,0.6340341655716163,0
5468-BPMMO,NO,MALE,0,YES,NO,46,YES,NO,NO,NO,NO,NO,NO,NO,NO,MONTH-TO-MONTH,NO,ELECTRONIC CHECK,19.6,851.2,0.6438896189224704,0
5469-CTCWN,YES,MALE,0,YES,YES,61,YES,YES,FIBER OPTIC,YES,YES,NO,NO,YES,YES,ONE YEAR,YES,ELECTRONIC CHECK,106.0,6547.7,3.4822601839684624,1
5469-NUJUR,NO,MALE,0,NO,NO,19,YES,NO,NO,NO,NO,NO,NO,NO,NO,TWO YEAR,YES,MAILED CHECK,19.95,373.5,0.6553876478318003,0
5472-CVMDX,NO,FEMALE,0,NO,NO,68,NO,NO,DSL,YES,NO,YES,YES,NO,NO,TWO YEAR,NO,MAILED CHECK,38.9,2719.2,1.2779237844940867,0
5473-KHBPS,NO,FEMALE,0,YES,YES,52,YES,YES,FIBER OPTIC,NO,YES,YES,NO,YES,NO,ONE YEAR,YES,CREDIT CARD (AUTOMATIC),95.7,4976.15,3.1438896189224703,0
5474-LAMUQ,NO,MALE,0,YES,NO,24,YES,NO,NO,NO,NO,NO,NO,NO,NO,ONE YEAR,NO,MAILED CHECK,20.1,533.9,0.6603153745072273,0
5478-JJVZK,NO,FEMALE,0,NO,NO,33,YES,YES,DSL,YES,YES,NO,NO,NO,NO,MONTH-TO-MONTH,YES,MAILED CHECK,60.9,2033.85,2.0006570302233904,0
5480-HPRRX,YES,FEMALE,1,NO,NO,3,NO,NO,DSL,NO,NO,NO,NO,NO,NO,MONTH-TO-MONTH,NO,ELECTRONIC CHECK,25.3,77.75,0.831143232588699,1
5480-TBGPH,YES,FEMALE,0,YES,NO,24,YES,NO,FIBER OPTIC,NO,YES,YES,NO,YES,YES,MONTH-TO-MONTH,YES,CREDIT CARD (AUTOMATIC),99.3,2431.35,3.26215505913272,1
5480-XTFFL,NO,FEMALE,0,YES,YES,31,YES,NO,NO,NO,NO,NO,NO,NO,NO,TWO YEAR,NO,MAILED CHECK,21.0,697.7,0.6898817345597897,0
5481-NTDOH,NO,FEMALE,1,YES,NO,67,YES,YES,FIBER OPTIC,YES,NO,YES,NO,YES,YES,ONE YEAR,YES,CREDIT CARD (AUTOMATIC),107.05,7142.5,3.5167542706964516,0
5482-NUPNA,YES,FEMALE,0,NO,NO,4,YES,NO,DSL,YES,YES,NO,YES,NO,NO,MONTH-TO-MONTH,YES,MAILED CHECK,60.4,272.15,1.9842312746386332,1
5482-PLVPE,YES,FEMALE,1,NO,NO,2,NO,NO,DSL,NO,NO,NO,NO,NO,NO,MONTH-TO-MONTH,NO,ELECTRONIC CHECK,24.35,41.85,0.7999342969776609,1
5482-VXSXJ,NO,MALE,0,NO,NO,22,YES,NO,FIBER OPTIC,NO,YES,NO,NO,YES,YES,MONTH-TO-MONTH,YES,MAILED CHECK,93.2,2157.3,3.061760840998686,0
5485-ITNPC,NO,MALE,0,YES,NO,66,YES,NO,DSL,YES,YES,YES,YES,YES,YES,TWO YEAR,YES,BANK TRANSFER (AUTOMATIC),85.9,5595.3,2.821944809461235,0
5485-WUYWF,YES,MALE,1,NO,NO,2,YES,NO,DSL,YES,NO,YES,NO,YES,NO,MONTH-TO-MONTH,NO,BANK TRANSFER (AUTOMATIC),66.4,94.55,2.181340341655716,1
5493-SDRDQ,YES,MALE,0,NO,NO,2,YES,NO,DSL,YES,NO,YES,NO,NO,NO,MONTH-TO-MONTH,YES,MAILED CHECK,55.1,113.35,1.8101182654402102,1
5494-HECPR,YES,FEMALE,0,NO,NO,1,YES,NO,FIBER OPTIC,NO,NO,NO,NO,YES,NO,MONTH-TO-MONTH,YES,ELECTRONIC CHECK,80.25,80.25,2.636333771353482,1
5494-WOZRZ,NO,FEMALE,0,YES,YES,71,YES,NO,DSL,YES,NO,YES,YES,YES,YES,TWO YEAR,YES,CREDIT CARD (AUTOMATIC),82.0,5999.85,2.6938239159001314,0
5495-GPSRW,NO,MALE,0,NO,NO,20,YES,NO,NO,NO,NO,NO,NO,NO,NO,TWO YEAR,YES,MAILED CHECK,19.7,419.4,0.6471747700394218,0
5498-IBWPI,NO,FEMALE,0,YES,YES,66,YES,NO,DSL,NO,NO,NO,YES,NO,NO,ONE YEAR,YES,CREDIT CARD (AUTOMATIC),49.4,3251.85,1.6228646517739815,0
5498-TXHLF,YES,FEMALE,0,YES,YES,34,YES,YES,FIBER OPTIC,NO,NO,YES,NO,YES,NO,MONTH-TO-MONTH,NO,ELECTRONIC CHECK,87.45,2874.15,2.8728646517739818,1
5499-ECUTN,NO,FEMALE,0,YES,NO,47,YES,NO,DSL,YES,NO,YES,NO,YES,NO,ONE YEAR,YES,CREDIT CARD (AUTOMATIC),66.05,3021.45,2.169842312746386,0
5501-TVMGM,NO,MALE,0,NO,NO,1,YES,NO,DSL,NO,NO,NO,NO,NO,YES,MONTH-TO-MONTH,YES,ELECTRONIC CHECK,55.25,55.25,1.8150459921156372,0
5502-RLUYV,YES,FEMALE,0,YES,YES,69,YES,YES,FIBER OPTIC,NO,YES,YES,NO,YES,YES,MONTH-TO-MONTH,YES,ELECTRONIC CHECK,103.95,7446.9,3.4149145860709593,1
5504-WSIUR,NO,FEMALE,0,NO,NO,70,YES,YES,FIBER OPTIC,NO,YES,YES,YES,NO,NO,ONE YEAR,YES,BANK TRANSFER (AUTOMATIC),90.25,6385.95,2.96484888304862,0
5505-OVWQW,NO,FEMALE,0,NO,NO,17,YES,NO,NO,NO,NO,NO,NO,NO,NO,ONE YEAR,NO,MAILED CHECK,20.15,353.65,0.6619579500657029,0
5510-BOIUJ,YES,MALE,0,NO,YES,1,YES,NO,NO,NO,NO,NO,NO,NO,NO,MONTH-TO-MONTH,NO,MAILED CHECK,19.25,19.25,0.6323915900131406,1
5512-IDZEI,NO,MALE,0,YES,YES,46,YES,YES,NO,NO,NO,NO,NO,NO,NO,ONE YEAR,NO,ELECTRONIC CHECK,24.9,1174.8,0.8180026281208935,0
5514-YQENT,NO,MALE,0,NO,YES,41,YES,NO,FIBER OPTIC,YES,YES,YES,YES,YES,YES,TWO YEAR,YES,ELECTRONIC CHECK,111.15,4507.15,3.6514454664914586,0
5515-AKOAJ,YES,FEMALE,0,NO,NO,54,YES,YES,FIBER OPTIC,NO,NO,NO,YES,YES,YES,MONTH-TO-MONTH,YES,ELECTRONIC CHECK,100.1,5440.9,3.288436268068331,1
5515-IDEJJ,YES,MALE,0,YES,YES,1,YES,NO,NO,NO,NO,NO,NO,NO,NO,MONTH-TO-MONTH,NO,MAILED CHECK,19.9,19.9,0.6537450722733245,1
5515-RUGKN,NO,MALE,0,NO,NO,8,YES,NO,DSL,NO,NO,NO,NO,NO,YES,MONTH-TO-MONTH,YES,CREDIT CARD (AUTOMATIC),54.75,438.05,1.7986202365308803,0
5519-NPHVG,YES,FEMALE,0,NO,NO,12,YES,YES,FIBER OPTIC,NO,NO,NO,NO,YES,YES,MONTH-TO-MONTH,YES,ELECTRONIC CHECK,94.2,1046.1,3.0946123521681996,1
5519-TEEUH,NO,MALE,0,NO,YES,33,YES,NO,NO,NO,NO,NO,NO,NO,NO,ONE YEAR,YES,MAILED CHECK,20.15,682.15,0.6619579500657029,0
5519-YLDGW,YES,FEMALE,0,YES,NO,21,YES,YES,FIBER OPTIC,YES,NO,YES,NO,YES,YES,MONTH-TO-MONTH,YES,ELECTRONIC CHECK,103.9,2254.2,3.4132720105124834,1
5520-FVEWJ,YES,FEMALE,0,YES,YES,12,YES,YES,FIBER OPTIC,NO,YES,YES,NO,NO,NO,MONTH-TO-MONTH,YES,ELECTRONIC CHECK,84.5,916.9,2.775952693823916,1
5522-JBWMO,NO,MALE,0,NO,YES,1,YES,NO,DSL,NO,NO,NO,NO,NO,NO,MONTH-TO-MONTH,NO,ELECTRONIC CHECK,44.0,44.0,1.445466491458607,0
5522-NYKPB,NO,MALE,0,YES,YES,25,YES,NO,FIBER OPTIC,NO,NO,NO,YES,YES,NO,MONTH-TO-MONTH,NO,ELECTRONIC CHECK,85.9,2199.05,2.821944809461235,0
5524-KHNJP,NO,MALE,0,YES,YES,33,YES,NO,DSL,YES,NO,YES,NO,YES,YES,ONE YEAR,NO,CREDIT CARD (AUTOMATIC),74.75,2453.3,2.455650459921156,0
5527-ACHSO,NO,FEMALE,0,NO,NO,11,YES,NO,DSL,NO,NO,NO,YES,YES,YES,MONTH-TO-MONTH,NO,MAILED CHECK,70.5,829.3,2.3160315374507228,0
5529-GIBVH,NO,FEMALE,0,NO,NO,47,YES,NO,NO,NO,NO,NO,NO,NO,NO,TWO YEAR,NO,MAILED CHECK,20.15,1046.2,0.6619579500657029,0
5533-NHFRF,NO,MALE,1,NO,NO,7,NO,NO,DSL,NO,YES,NO,YES,NO,YES,MONTH-TO-MONTH,YES,ELECTRONIC CHECK,44.4,265.8,1.4586070959264126,0
5533-RJFTJ,NO,MALE,0,NO,NO,49,NO,NO,DSL,NO,NO,YES,NO,NO,NO,MONTH-TO-MONTH,YES,BANK TRANSFER (AUTOMATIC),30.2,1453.1,0.9921156373193166,0
5536-RTPWK,YES,MALE,0,YES,NO,49,YES,YES,FIBER OPTIC,NO,YES,NO,NO,YES,YES,MONTH-TO-MONTH,YES,BANK TRANSFER (AUTOMATIC),99.05,4853.75,3.2539421813403413,1
5536-SLHPM,YES,FEMALE,0,YES,NO,55,YES,YES,FIBER OPTIC,NO,NO,YES,NO,NO,NO,MONTH-TO-MONTH,YES,ELECTRONIC CHECK,77.75,4458.15,2.5542049934296975,1
5537-UXXVS,NO,FEMALE,0,YES,NO,20,YES,NO,NO,NO,NO,NO,NO,NO,NO,MONTH-TO-MONTH,NO,BANK TRANSFER (AUTOMATIC),19.25,375.25,0.6323915900131406,0
5539-HIVAK,NO,FEMALE,1,YES,NO,28,YES,YES,NO,NO,NO,NO,NO,NO,NO,MONTH-TO-MONTH,NO,MAILED CHECK,25.7,734.6,0.8442838370565046,0
5539-TMZLF,YES,MALE,1,NO,NO,1,YES,NO,FIBER OPTIC,NO,NO,NO,NO,NO,NO,MONTH-TO-MONTH,YES,ELECTRONIC CHECK,69.75,69.75,2.291392904073587,1
5542-DHSXL,NO,FEMALE,0,YES,NO,4,YES,NO,DSL,YES,YES,NO,NO,NO,NO,MONTH-TO-MONTH,NO,MAILED CHECK,54.7,235.05,1.7969776609724049,0
5542-NKVRU,NO,FEMALE,0,NO,NO,42,YES,NO,NO,NO,NO,NO,NO,NO,NO,TWO YEAR,YES,BANK TRANSFER (AUTOMATIC),20.75,844.45,0.6816688567674113,0
5542-TBBWB,NO,MALE,0,NO,NO,1,YES,NO,FIBER OPTIC,NO,NO,NO,NO,NO,NO,MONTH-TO-MONTH,YES,ELECTRONIC CHECK,69.9,69.9,2.2963206307490145,0
5543-QDCRY,NO,MALE,0,NO,NO,4,YES,NO,DSL,NO,NO,NO,NO,YES,NO,MONTH-TO-MONTH,YES,ELECTRONIC CHECK,56.4,234.85,1.852825229960578,0
5546-BYZSM,NO,FEMALE,0,NO,NO,41,YES,NO,NO,NO,NO,NO,NO,NO,NO,MONTH-TO-MONTH,NO,ELECTRONIC CHECK,20.45,775.6,0.6718134034165572,0
5546-QUERU,NO,MALE,0,NO,NO,13,YES,NO,NO,NO,NO,NO,NO,NO,NO,ONE YEAR,YES,MAILED CHECK,19.95,257.0,0.6553876478318003,0
5549-ZGHFB,NO,MALE,0,YES,YES,50,YES,YES,NO,NO,NO,NO,NO,NO,NO,TWO YEAR,NO,MAILED CHECK,24.95,1261.45,0.8196452036793692,0
5550-VFRLC,YES,FEMALE,1,NO,NO,1,YES,NO,FIBER OPTIC,NO,NO,NO,NO,NO,NO,MONTH-TO-MONTH,YES,ELECTRONIC CHECK,69.85,69.85,2.2946780551905386,1
5552-ZNFSJ,YES,MALE,0,NO,NO,1,YES,NO,DSL,NO,NO,NO,NO,NO,NO,MONTH-TO-MONTH,NO,ELECTRONIC CHECK,45.3,45.3,1.4881734559789748,1
5553-AOINX,NO,FEMALE,1,YES,YES,66,YES,YES,FIBER OPTIC,NO,YES,YES,NO,YES,YES,ONE YEAR,YES,ELECTRONIC CHECK,104.9,6891.45,3.446123521681997,0
5555-RNPGT,NO,MALE,0,NO,YES,10,YES,YES,NO,NO,NO,NO,NO,NO,NO,MONTH-TO-MONTH,NO,CREDIT CARD (AUTOMATIC),24.8,223.9,0.8147174770039421,0
5561-NWEVX,YES,FEMALE,1,YES,NO,2,YES,YES,FIBER OPTIC,NO,NO,YES,NO,NO,NO,MONTH-TO-MONTH,NO,ELECTRONIC CHECK,79.2,172.85,2.6018396846254928,1
5562-BETPV,NO,MALE,0,YES,YES,1,YES,NO,NO,NO,NO,NO,NO,NO,NO,ONE YEAR,NO,MAILED CHECK,19.65,19.65,0.645532194480946,0
5562-YJQGT,NO,FEMALE,0,NO,NO,2,YES,NO,NO,NO,NO,NO,NO,NO,NO,MONTH-TO-MONTH,NO,CREDIT CARD (AUTOMATIC),20.35,35.1,0.6685282522996058,0
5564-NEMQO,YES,FEMALE,1,NO,NO,1,YES,NO,FIBER OPTIC,NO,NO,YES,NO,NO,NO,MONTH-TO-MONTH,YES,BANK TRANSFER (AUTOMATIC),75.3,75.3,2.473718791064389,1
5565-FILXA,YES,FEMALE,1,NO,NO,16,YES,YES,FIBER OPTIC,NO,NO,NO,NO,YES,YES,MONTH-TO-MONTH,YES,ELECTRONIC CHECK,96.15,1529.2,3.1586727989487517,1
5566-SOEZD,NO,MALE,0,YES,YES,27,YES,NO,FIBER OPTIC,YES,YES,NO,NO,NO,NO,ONE YEAR,YES,CREDIT CARD (AUTOMATIC),80.65,2209.75,2.649474375821288,0
5567-GZKQY,NO,MALE,0,NO,NO,58,YES,NO,NO,NO,NO,NO,NO,NO,NO,TWO YEAR,NO,CREDIT CARD (AUTOMATIC),20.3,1131.5,0.6668856767411301,0
5567-WSELE,YES,MALE,1,YES,NO,3,YES,YES,FIBER OPTIC,NO,NO,NO,NO,YES,YES,MONTH-TO-MONTH,YES,ELECTRONIC CHECK,94.6,279.55,3.107752956636005,1
5568-DMXZS,NO,FEMALE,0,NO,NO,8,YES,NO,DSL,NO,YES,NO,YES,YES,NO,MONTH-TO-MONTH,YES,ELECTRONIC CHECK,65.45,554.45,2.150131406044678,0
5569-IDSEY,NO,MALE,0,YES,NO,71,YES,YES,FIBER OPTIC,NO,YES,YES,NO,YES,YES,ONE YEAR,YES,BANK TRANSFER (AUTOMATIC),105.7,7472.15,3.4724047306176082,0
5569-KGJHX,YES,FEMALE,0,YES,YES,9,YES,YES,FIBER OPTIC,NO,NO,NO,NO,YES,NO,MONTH-TO-MONTH,YES,BANK TRANSFER (AUTOMATIC),85.35,754.65,2.8038764783180024,1
5569-OUICF,YES,FEMALE,1,YES,NO,28,YES,YES,FIBER OPTIC,NO,NO,NO,YES,YES,YES,MONTH-TO-MONTH,YES,CREDIT CARD (AUTOMATIC),101.3,2812.2,3.3278580814717476,1
5570-PTWEH,YES,FEMALE,0,YES,NO,3,YES,YES,FIBER OPTIC,NO,NO,NO,NO,NO,NO,MONTH-TO-MONTH,YES,CREDIT CARD (AUTOMATIC),75.15,216.75,2.468791064388962,1
5572-ZDXHY,YES,FEMALE,0,NO,NO,22,YES,NO,FIBER OPTIC,NO,YES,NO,NO,NO,YES,MONTH-TO-MONTH,YES,MAILED CHECK,84.3,1855.65,2.769382391590013,1
5574-NXZIU,NO,MALE,0,NO,NO,63,YES,NO,FIBER OPTIC,YES,YES,YES,YES,YES,YES,TWO YEAR,NO,CREDIT CARD (AUTOMATIC),109.2,7049.75,3.5873850197109065,0
5575-GNVDE,NO,MALE,0,NO,NO,34,YES,NO,DSL,YES,NO,YES,NO,NO,NO,ONE YEAR,NO,MAILED CHECK,56.95,1889.5,1.8708935611038109,0
5575-TPIZQ,NO,MALE,0,NO,NO,46,YES,YES,FIBER OPTIC,YES,NO,NO,NO,YES,NO,MONTH-TO-MONTH,YES,CREDIT CARD (AUTOMATIC),89.15,4245.55,2.928712220762155,0
5577-OTWWW,YES,FEMALE,0,NO,NO,15,YES,NO,NO,NO,NO,NO,NO,NO,NO,MONTH-TO-MONTH,NO,BANK TRANSFER (AUTOMATIC),19.75,297.3,0.6488173455978975,1
5578-NKCXI,NO,FEMALE,0,YES,YES,58,YES,NO,FIBER OPTIC,YES,YES,NO,NO,YES,YES,ONE YEAR,NO,CREDIT CARD (AUTOMATIC),99.25,5846.65,3.260512483574244,0
5583-EJXRD,NO,MALE,0,YES,YES,44,NO,NO,DSL,YES,YES,YES,YES,NO,YES,TWO YEAR,YES,CREDIT CARD (AUTOMATIC),54.05,2375.2,1.7756241787122207,0
5583-SXDAG,YES,MALE,0,YES,NO,1,YES,NO,FIBER OPTIC,NO,NO,NO,NO,NO,NO,MONTH-TO-MONTH,NO,ELECTRONIC CHECK,70.0,70.0,2.299605781865966,1
5590-BYNII,YES,MALE,0,NO,NO,22,YES,YES,FIBER OPTIC,YES,NO,NO,NO,YES,YES,MONTH-TO-MONTH,YES,ELECTRONIC CHECK,100.75,2095.0,3.309789750328515,1
5590-YRFJT,YES,FEMALE,0,YES,NO,20,NO,NO,DSL,NO,NO,NO,NO,NO,NO,MONTH-TO-MONTH,YES,ELECTRONIC CHECK,24.45,482.8,0.8032194480946123,1
5590-ZSKRV,NO,FEMALE,0,YES,YES,8,YES,NO,DSL,YES,YES,NO,NO,NO,NO,MONTH-TO-MONTH,NO,MAILED CHECK,54.65,482.25,1.795335085413929,0
5593-SUAOO,NO,FEMALE,0,YES,YES,24,YES,YES,FIBER OPTIC,NO,YES,YES,NO,NO,NO,ONE YEAR,NO,BANK TRANSFER (AUTOMATIC),83.15,2033.05,2.7316031537450725,0
5597-GLBUC,YES,FEMALE,0,NO,NO,1,YES,NO,FIBER OPTIC,NO,NO,YES,NO,YES,NO,MONTH-TO-MONTH,YES,ELECTRONIC CHECK,85.45,85.45,2.807161629434954,1
5598-IKHQQ,NO,FEMALE,0,NO,NO,72,YES,YES,NO,NO,NO,NO,NO,NO,NO,TWO YEAR,NO,CREDIT CARD (AUTOMATIC),25.45,1866.45,0.8360709592641261,0
5599-HVLTW,NO,FEMALE,1,NO,NO,14,YES,YES,FIBER OPTIC,NO,NO,YES,NO,NO,NO,MONTH-TO-MONTH,YES,BANK TRANSFER (AUTOMATIC),80.35,1058.1,2.6396189224704334,0
5600-KTXFM,NO,MALE,0,YES,YES,2,YES,NO,FIBER OPTIC,NO,NO,NO,NO,NO,NO,MONTH-TO-MONTH,NO,MAILED CHECK,69.95,143.9,2.29796320630749,0
5600-PDUJF,NO,MALE,0,NO,NO,6,YES,NO,DSL,NO,NO,NO,YES,NO,NO,MONTH-TO-MONTH,YES,CREDIT CARD (AUTOMATIC),49.5,312.7,1.626149802890933,0
5602-BVFMK,NO,FEMALE,0,NO,NO,12,YES,NO,NO,NO,NO,NO,NO,NO,NO,ONE YEAR,NO,MAILED CHECK,19.3,228.75,0.6340341655716163,0
5605-IYGFG,NO,FEMALE,0,NO,NO,7,YES,NO,FIBER OPTIC,NO,NO,NO,NO,NO,NO,MONTH-TO-MONTH,YES,BANK TRANSFER (AUTOMATIC),69.85,515.45,2.2946780551905386,0
5605-XNWEN,NO,MALE,1,YES,NO,72,YES,YES,NO,NO,NO,NO,NO,NO,NO,TWO YEAR,YES,BANK TRANSFER (AUTOMATIC),25.0,1802.55,0.8212877792378449,0
5606-AMZBO,NO,FEMALE,0,YES,NO,10,YES,YES,FIBER OPTIC,YES,NO,NO,NO,NO,NO,MONTH-TO-MONTH,YES,CREDIT CARD (AUTOMATIC),78.15,765.15,2.5673455978975035,0
5609-CEBID,YES,FEMALE,1,NO,NO,20,YES,YES,FIBER OPTIC,NO,YES,YES,NO,NO,YES,MONTH-TO-MONTH,YES,ELECTRONIC CHECK,94.1,1782.4,3.0913272010512483,1
5609-IMCGG,NO,FEMALE,0,NO,NO,15,YES,YES,FIBER OPTIC,YES,NO,YES,NO,NO,NO,MONTH-TO-MONTH,YES,CREDIT CARD (AUTOMATIC),84.35,1302.65,2.7710249671484886,0
5614-DNZCE,NO,FEMALE,0,NO,NO,58,YES,NO,DSL,YES,YES,YES,YES,NO,NO,TWO YEAR,YES,CREDIT CARD (AUTOMATIC),64.9,3795.45,2.1320630749014455,0
5616-PRTNT,YES,MALE,0,NO,YES,20,YES,NO,NO,NO,NO,NO,NO,NO,NO,MONTH-TO-MONTH,YES,ELECTRONIC CHECK,19.4,374.5,0.6373193166885676,1
5619-PTMIK,NO,FEMALE,0,YES,NO,46,YES,YES,DSL,YES,NO,NO,NO,NO,NO,MONTH-TO-MONTH,NO,ELECTRONIC CHECK,53.1,2459.8,1.7444152431011826,0
5619-XZZKR,NO,MALE,0,NO,NO,4,YES,NO,NO,NO,NO,NO,NO,NO,NO,ONE YEAR,NO,MAILED CHECK,19.95,68.2,0.6553876478318003,0
5622-UEJFI,NO,FEMALE,0,YES,YES,35,YES,YES,NO,NO,NO,NO,NO,NO,NO,TWO YEAR,YES,CREDIT CARD (AUTOMATIC),25.4,949.8,0.8344283837056504,0
5624-BQSSA,YES,FEMALE,0,NO,NO,1,YES,NO,NO,NO,NO,NO,NO,NO,NO,MONTH-TO-MONTH,NO,MAILED CHECK,20.95,20.95,0.688239159001314,1
5624-RYAMH,NO,FEMALE,0,NO,NO,9,YES,NO,NO,NO,NO,NO,NO,NO,NO,MONTH-TO-MONTH,YES,ELECTRONIC CHECK,19.5,178.85,0.640604467805519,0
5626-MGTUK,NO,FEMALE,0,NO,NO,20,YES,YES,FIBER OPTIC,YES,NO,NO,NO,YES,NO,MONTH-TO-MONTH,YES,BANK TRANSFER (AUTOMATIC),89.1,1879.25,2.927069645203679,0
5627-TVBPP,NO,FEMALE,0,NO,YES,35,YES,NO,NO,NO,NO,NO,NO,NO,NO,ONE YEAR,YES,CREDIT CARD (AUTOMATIC),20.1,644.5,0.6603153745072273,0
5628-FCGYG,NO,MALE,0,NO,NO,21,YES,YES,FIBER OPTIC,NO,NO,NO,NO,NO,YES,MONTH-TO-MONTH,YES,ELECTRONIC CHECK,84.1,1737.45,2.76281208935611,0
5628-RKIFK,NO,FEMALE,1,NO,NO,49,YES,YES,FIBER OPTIC,YES,NO,NO,NO,YES,YES,MONTH-TO-MONTH,NO,CREDIT CARD (AUTOMATIC),101.55,5070.4,3.336070959264126,0
5630-AHZIL,NO,FEMALE,0,NO,YES,3,YES,NO,DSL,YES,NO,NO,YES,NO,YES,MONTH-TO-MONTH,YES,BANK TRANSFER (AUTOMATIC),64.5,177.4,2.11892247043364,0
5630-IXDXV,NO,FEMALE,0,NO,NO,47,YES,YES,FIBER OPTIC,NO,YES,YES,NO,YES,YES,MONTH-TO-MONTH,YES,ELECTRONIC CHECK,106.35,4849.1,3.493758212877792,0
5639-NTUPK,NO,MALE,0,NO,YES,13,YES,NO,DSL,YES,NO,NO,NO,NO,NO,MONTH-TO-MONTH,YES,CREDIT CARD (AUTOMATIC),52.1,670.65,1.7115637319316688,0
5640-CAXOA,NO,FEMALE,0,NO,NO,30,NO,NO,DSL,NO,NO,NO,YES,NO,YES,ONE YEAR,YES,CREDIT CARD (AUTOMATIC),40.35,1187.05,1.3255584756898817,0
5641-DMBFJ,NO,FEMALE,0,YES,NO,58,YES,YES,DSL,YES,NO,YES,YES,YES,YES,TWO YEAR,YES,ELECTRONIC CHECK,84.3,4916.4,2.769382391590013,0
5642-MHDQT,NO,FEMALE,0,YES,YES,53,YES,NO,NO,NO,NO,NO,NO,NO,NO,ONE YEAR,YES,BANK TRANSFER (AUTOMATIC),19.85,1039.45,0.6521024967148489,0
5644-PDMZC,YES,FEMALE,1,NO,NO,2,YES,YES,FIBER OPTIC,NO,YES,NO,NO,NO,YES,MONTH-TO-MONTH,NO,ELECTRONIC CHECK,89.5,161.5,2.940210249671485,1
5647-FXOTP,NO,FEMALE,1,YES,NO,60,YES,YES,FIBER OPTIC,NO,YES,YES,NO,YES,YES,MONTH-TO-MONTH,YES,ELECTRONIC CHECK,105.9,6401.25,3.478975032851511,0
5647-URDKA,NO,MALE,0,YES,YES,8,YES,NO,NO,NO,NO,NO,NO,NO,NO,TWO YEAR,NO,MAILED CHECK,19.7,130.25,0.6471747700394218,0
5649-ANRML,YES,MALE,1,NO,NO,2,YES,NO,FIBER OPTIC,NO,YES,YES,YES,NO,YES,MONTH-TO-MONTH,YES,CREDIT CARD (AUTOMATIC),95.1,180.25,3.124178712220762,1
5649-RXQTV,NO,MALE,0,NO,NO,51,YES,NO,FIBER OPTIC,NO,YES,YES,NO,YES,YES,MONTH-TO-MONTH,YES,ELECTRONIC CHECK,99.0,5038.15,3.252299605781866,0
5649-TJHOV,YES,MALE,1,YES,NO,27,NO,NO,DSL,NO,NO,NO,NO,NO,YES,MONTH-TO-MONTH,NO,BANK TRANSFER (AUTOMATIC),36.5,1032.0,1.1990801576872536,1
5649-VUKMC,YES,FEMALE,0,NO,NO,12,YES,NO,FIBER OPTIC,NO,NO,YES,NO,YES,YES,ONE YEAR,NO,MAILED CHECK,95.5,1115.15,3.1373193166885676,1
5650-VDUDS,YES,FEMALE,0,NO,NO,4,NO,NO,DSL,NO,NO,NO,NO,NO,NO,MONTH-TO-MONTH,YES,MAILED CHECK,24.25,96.05,0.7966491458607096,1
5650-YLIBA,NO,MALE,0,NO,NO,31,YES,YES,FIBER OPTIC,NO,YES,NO,NO,NO,NO,MONTH-TO-MONTH,YES,ELECTRONIC CHECK,81.15,2640.55,2.665900131406045,0
5651-CPDND,NO,MALE,0,NO,NO,10,YES,NO,DSL,NO,NO,NO,NO,NO,NO,MONTH-TO-MONTH,NO,MAILED CHECK,46.0,492.1,1.5111695137976346,0
5651-CRHKQ,NO,FEMALE,0,YES,NO,41,YES,NO,FIBER OPTIC,NO,YES,YES,YES,NO,NO,ONE YEAR,YES,BANK TRANSFER (AUTOMATIC),86.2,3339.05,2.8318002628120893,0
5651-WYIPH,NO,FEMALE,1,NO,NO,18,YES,NO,DSL,NO,YES,NO,NO,NO,NO,MONTH-TO-MONTH,YES,CREDIT CARD (AUTOMATIC),49.85,865.75,1.6376478318002627,0
5651-YLPRD,NO,FEMALE,0,YES,YES,32,YES,NO,FIBER OPTIC,NO,YES,NO,NO,YES,NO,MONTH-TO-MONTH,YES,ELECTRONIC CHECK,86.1,2723.75,2.8285151116951375,0
5652-MSDEY,NO,FEMALE,0,NO,NO,10,YES,YES,FIBER OPTIC,NO,NO,NO,NO,NO,NO,MONTH-TO-MONTH,YES,MAILED CHECK,75.75,777.3,2.48850197109067,0
5655-JSMZM,YES,MALE,1,NO,NO,49,YES,YES,FIBER OPTIC,NO,NO,NO,NO,YES,YES,MONTH-TO-MONTH,YES,ELECTRONIC CHECK,96.2,4718.25,3.160315374507227,1
5656-JAMLX,NO,MALE,0,NO,NO,62,YES,NO,NO,NO,NO,NO,NO,NO,NO,TWO YEAR,NO,BANK TRANSFER (AUTOMATIC),19.85,1253.65,0.6521024967148489,0
5656-MJEFC,NO,MALE,0,YES,YES,42,NO,NO,DSL,YES,NO,YES,YES,YES,NO,TWO YEAR,NO,CREDIT CARD (AUTOMATIC),48.15,2032.3,1.5818002628120893,0
5663-QBGIS,NO,MALE,1,YES,NO,72,YES,YES,FIBER OPTIC,NO,YES,NO,NO,YES,YES,TWO YEAR,NO,BANK TRANSFER (AUTOMATIC),98.35,6929.4,3.2309461235216816,0
5666-CYCYZ,NO,FEMALE,0,NO,NO,24,YES,YES,FIBER OPTIC,NO,NO,NO,YES,NO,YES,MONTH-TO-MONTH,YES,ELECTRONIC CHECK,89.55,2259.35,2.9418528252299603,0
5666-MBJPT,NO,MALE,0,NO,NO,65,YES,YES,NO,NO,NO,NO,NO,NO,NO,TWO YEAR,YES,BANK TRANSFER (AUTOMATIC),25.1,1725.0,0.8245729303547963,0
5668-MEISB,NO,FEMALE,0,YES,YES,72,YES,YES,FIBER OPTIC,YES,YES,YES,YES,YES,NO,TWO YEAR,NO,CREDIT CARD (AUTOMATIC),106.1,7657.4,3.4855453350854138,0
5669-SRAIP,YES,FEMALE,0,NO,NO,5,NO,NO,DSL,NO,NO,YES,NO,NO,YES,MONTH-TO-MONTH,NO,ELECTRONIC CHECK,39.5,210.75,1.297634691195795,1
5671-RQRLP,NO,FEMALE,1,YES,NO,70,YES,YES,FIBER OPTIC,NO,NO,NO,NO,NO,NO,TWO YEAR,YES,CREDIT CARD (AUTOMATIC),75.65,5411.4,2.485216819973719,0
5671-UUNXD,NO,FEMALE,1,YES,NO,50,YES,YES,FIBER OPTIC,NO,NO,NO,YES,YES,YES,ONE YEAR,YES,ELECTRONIC CHECK,100.65,5189.75,3.306504599211564,0
5673-FSSMF,YES,FEMALE,0,NO,NO,1,YES,YES,DSL,NO,NO,NO,NO,NO,YES,MONTH-TO-MONTH,YES,ELECTRONIC CHECK,60.15,60.15,1.9760183968462548,1
5673-TIYIB,YES,MALE,0,NO,NO,2,NO,NO,DSL,NO,YES,YES,YES,NO,NO,MONTH-TO-MONTH,YES,CREDIT CARD (AUTOMATIC),40.4,77.15,1.3272010512483574,1
5676-CFLYY,NO,MALE,0,YES,YES,71,YES,NO,DSL,NO,YES,NO,YES,YES,YES,TWO YEAR,YES,CREDIT CARD (AUTOMATIC),73.35,5154.5,2.409658344283837,0
5678-VFNEQ,NO,FEMALE,0,YES,NO,71,YES,YES,FIBER OPTIC,YES,NO,YES,NO,YES,YES,ONE YEAR,YES,CREDIT CARD (AUTOMATIC),104.1,7412.25,3.419842312746386,0
5680-LQOGP,NO,FEMALE,0,NO,NO,68,YES,NO,DSL,YES,YES,YES,YES,YES,YES,TWO YEAR,YES,CREDIT CARD (AUTOMATIC),82.45,5646.6,2.708607095926413,0
5681-LLOEI,NO,MALE,0,YES,YES,43,YES,YES,FIBER OPTIC,YES,NO,YES,YES,NO,NO,ONE YEAR,YES,CREDIT CARD (AUTOMATIC),91.25,4013.8,2.9977003942181337,0
5684-FJVYR,NO,FEMALE,0,YES,YES,72,YES,YES,FIBER OPTIC,YES,YES,NO,YES,NO,NO,TWO YEAR,YES,BANK TRANSFER (AUTOMATIC),90.35,6563.4,2.9681340341655713,0
5685-IIXLY,YES,FEMALE,0,YES,YES,5,YES,NO,FIBER OPTIC,NO,YES,NO,NO,NO,YES,MONTH-TO-MONTH,YES,ELECTRONIC CHECK,83.6,404.2,2.746386333771353,1
5686-CMAWK,NO,MALE,0,NO,NO,17,YES,YES,FIBER OPTIC,NO,NO,YES,YES,NO,NO,ONE YEAR,NO,ELECTRONIC CHECK,86.75,1410.25,2.8498685939553217,0
5687-DKDTV,YES,FEMALE,0,NO,NO,4,YES,NO,NO,NO,NO,NO,NO,NO,NO,MONTH-TO-MONTH,NO,MAILED CHECK,20.35,77.5,0.6685282522996058,1
5688-KZTSN,YES,MALE,0,YES,YES,15,YES,NO,NO,NO,NO,NO,NO,NO,NO,MONTH-TO-MONTH,YES,ELECTRONIC CHECK,20.0,288.05,0.657030223390276,1
5692-FPTAH,YES,FEMALE,0,NO,NO,1,YES,NO,DSL,NO,NO,NO,NO,NO,NO,MONTH-TO-MONTH,YES,MAILED CHECK,45.4,45.4,1.4914586070959264,1
5692-ICXLW,NO,MALE,1,NO,NO,31,YES,YES,FIBER OPTIC,NO,YES,NO,NO,YES,NO,MONTH-TO-MONTH,YES,ELECTRONIC CHECK,90.7,2845.15,2.9796320630749014,0
5693-PIPCS,NO,MALE,0,NO,NO,41,YES,NO,FIBER OPTIC,NO,YES,NO,YES,YES,YES,TWO YEAR,YES,CREDIT CARD (AUTOMATIC),99.65,4220.35,3.27365308804205,0
5696-CEIQJ,NO,MALE,0,YES,YES,67,YES,NO,FIBER OPTIC,NO,YES,YES,YES,YES,YES,TWO YEAR,NO,BANK TRANSFER (AUTOMATIC),103.15,6895.5,3.3886333771353483,0
5696-EXCYS,NO,MALE,0,NO,NO,17,YES,NO,NO,NO,NO,NO,NO,NO,NO,TWO YEAR,NO,CREDIT CARD (AUTOMATIC),19.45,369.05,0.6389618922470434,0
5696-JVVQY,NO,FEMALE,0,YES,YES,48,YES,NO,DSL,YES,YES,YES,NO,NO,YES,TWO YEAR,YES,CREDIT CARD (AUTOMATIC),70.1,3238.4,2.302890932982917,0
5696-QURRL,YES,MALE,0,NO,NO,1,YES,NO,DSL,NO,NO,NO,NO,NO,NO,MONTH-TO-MONTH,YES,MAILED CHECK,45.05,45.05,1.4799605781865963,1
5697-GOMBF,NO,FEMALE,1,YES,YES,28,NO,NO,DSL,NO,NO,NO,NO,YES,NO,MONTH-TO-MONTH,YES,ELECTRONIC CHECK,35.9,973.65,1.1793692509855453,0
5698-BQJOH,YES,FEMALE,0,NO,NO,9,YES,YES,FIBER OPTIC,NO,NO,NO,NO,YES,YES,MONTH-TO-MONTH,NO,ELECTRONIC CHECK,94.4,857.25,3.1011826544021024,1
5699-BNCAS,NO,MALE,1,NO,NO,71,YES,YES,NO,NO,NO,NO,NO,NO,NO,TWO YEAR,YES,MAILED CHECK,24.65,1766.75,0.8097897503285151,0
5701-GUXDC,NO,FEMALE,0,YES,NO,26,NO,NO,DSL,YES,NO,YES,NO,NO,NO,ONE YEAR,NO,CREDIT CARD (AUTOMATIC),35.4,978.6,1.1629434954007885,0
5701-SVCWR,NO,FEMALE,0,NO,YES,1,YES,YES,NO,NO,NO,NO,NO,NO,NO,MONTH-TO-MONTH,NO,MAILED CHECK,24.0,24.0,0.7884362680683311,0
5701-YVSVF,NO,FEMALE,1,YES,NO,11,YES,NO,FIBER OPTIC,NO,NO,NO,YES,YES,NO,MONTH-TO-MONTH,YES,ELECTRONIC CHECK,82.9,880.05,2.723390275952694,0
5701-ZIKJE,NO,MALE,0,NO,NO,13,YES,NO,DSL,NO,NO,NO,YES,NO,NO,MONTH-TO-MONTH,YES,MAILED CHECK,50.55,610.75,1.6606438896189224,0
5702-KVQRD,NO,MALE,0,YES,NO,71,YES,NO,DSL,YES,NO,YES,YES,YES,YES,TWO YEAR,YES,ELECTRONIC CHECK,82.55,5832.65,2.7118922470433637,0
5702-SKUOB,NO,FEMALE,0,YES,NO,4,YES,NO,NO,NO,NO,NO,NO,NO,NO,MONTH-TO-MONTH,NO,MAILED CHECK,19.6,93.45,0.6438896189224704,0
5707-ORNDZ,YES,MALE,1,NO,NO,9,YES,YES,DSL,YES,NO,NO,NO,NO,NO,MONTH-TO-MONTH,NO,ELECTRONIC CHECK,54.55,494.05,1.7920499342969776,1
5707-ZMDJP,NO,MALE,0,YES,YES,53,YES,NO,DSL,YES,YES,NO,YES,YES,NO,TWO YEAR,YES,MAILED CHECK,69.7,3729.6,2.2897503285151117,0
5708-EVONK,YES,FEMALE,0,YES,YES,58,YES,YES,FIBER OPTIC,YES,YES,NO,NO,NO,YES,MONTH-TO-MONTH,YES,BANK TRANSFER (AUTOMATIC),93.4,5435.6,3.0683311432325886,1
5709-LVOEQ,NO,FEMALE,0,YES,YES,0,YES,NO,DSL,YES,YES,YES,NO,YES,YES,TWO YEAR,NO,MAILED CHECK,80.85,0.0,2.6560446780551903,0
5712-AHQNN,NO,FEMALE,0,NO,NO,43,YES,NO,FIBER OPTIC,NO,YES,YES,NO,YES,NO,MONTH-TO-MONTH,YES,ELECTRONIC CHECK,91.65,3954.1,3.0108409986859397,0
5712-PTIWW,YES,MALE,0,NO,NO,2,YES,NO,FIBER OPTIC,NO,NO,YES,YES,NO,NO,MONTH-TO-MONTH,YES,ELECTRONIC CHECK,79.85,152.45,2.6231931668856765,1
5712-VBOXD,NO,FEMALE,0,NO,NO,4,YES,NO,NO,NO,NO,NO,NO,NO,NO,MONTH-TO-MONTH,YES,CREDIT CARD (AUTOMATIC),20.15,68.45,0.6619579500657029,0
5716-EZXZN,NO,FEMALE,0,YES,YES,65,YES,YES,FIBER OPTIC,YES,YES,NO,YES,YES,NO,TWO YEAR,YES,CREDIT CARD (AUTOMATIC),99.05,6416.7,3.2539421813403413,0
5716-LIBJC,NO,FEMALE,0,NO,YES,13,YES,YES,FIBER OPTIC,NO,YES,YES,NO,YES,YES,ONE YEAR,YES,CREDIT CARD (AUTOMATIC),104.15,1299.1,3.421484888304862,0
5724-BIDBU,NO,MALE,0,YES,NO,49,YES,YES,DSL,YES,NO,NO,NO,NO,NO,ONE YEAR,YES,ELECTRONIC CHECK,55.35,2633.95,1.8183311432325886,0
5726-CVNYA,NO,FEMALE,0,YES,YES,8,YES,NO,NO,NO,NO,NO,NO,NO,NO,TWO YEAR,YES,MAILED CHECK,19.85,146.6,0.6521024967148489,0
5727-MYATE,NO,MALE,0,YES,YES,72,YES,YES,DSL,YES,YES,YES,YES,YES,YES,TWO YEAR,YES,CREDIT CARD (AUTOMATIC),90.8,6397.6,2.9829172141918527,0
5729-KLZAR,YES,FEMALE,0,YES,YES,4,YES,NO,FIBER OPTIC,NO,NO,NO,NO,NO,YES,MONTH-TO-MONTH,NO,ELECTRONIC CHECK,80.85,302.75,2.6560446780551903,1
5730-DBDSI,NO,MALE,0,NO,NO,66,YES,NO,NO,NO,NO,NO,NO,NO,NO,TWO YEAR,NO,BANK TRANSFER (AUTOMATIC),19.7,1253.8,0.6471747700394218,0
5730-RIITO,NO,FEMALE,1,NO,NO,43,NO,NO,DSL,YES,YES,NO,NO,NO,NO,MONTH-TO-MONTH,YES,CREDIT CARD (AUTOMATIC),33.45,1500.25,1.0988830486202366,0
5732-IKGQH,NO,MALE,1,YES,NO,52,YES,NO,FIBER OPTIC,YES,NO,YES,YES,YES,YES,ONE YEAR,YES,BANK TRANSFER (AUTOMATIC),104.45,5481.25,3.431340341655716,0
5734-EJKXG,NO,FEMALE,0,NO,NO,61,YES,YES,FIBER OPTIC,YES,YES,YES,YES,YES,YES,ONE YEAR,YES,ELECTRONIC CHECK,118.6,7365.7,3.896189224704336,0
5736-YEJAX,NO,MALE,0,NO,YES,69,YES,YES,DSL,YES,YES,YES,YES,YES,NO,TWO YEAR,YES,CREDIT CARD (AUTOMATIC),79.45,5502.55,2.6100525624178714,0
5740-YHGTW,NO,MALE,0,YES,YES,70,YES,YES,FIBER OPTIC,YES,YES,NO,NO,YES,NO,MONTH-TO-MONTH,YES,CREDIT CARD (AUTOMATIC),97.55,6669.05,3.2046649145860706,0
5743-KHMNA,NO,MALE,0,NO,NO,71,YES,YES,NO,NO,NO,NO,NO,NO,NO,TWO YEAR,NO,BANK TRANSFER (AUTOMATIC),25.55,1898.1,0.8393561103810775,0
5747-PMBSQ,YES,MALE,1,YES,NO,10,YES,NO,FIBER OPTIC,NO,YES,YES,YES,YES,NO,MONTH-TO-MONTH,YES,MAILED CHECK,92.5,934.1,3.038764783180026,1
5748-RNCJT,YES,MALE,0,NO,NO,69,YES,YES,FIBER OPTIC,NO,NO,YES,YES,YES,YES,TWO YEAR,YES,BANK TRANSFER (AUTOMATIC),106.5,7348.8,3.4986859395532193,1
5751-USDBL,NO,MALE,0,YES,YES,46,YES,NO,DSL,YES,NO,YES,YES,YES,YES,TWO YEAR,NO,MAILED CHECK,81.0,3846.35,2.6609724047306176,0
5753-QQWPW,NO,FEMALE,0,NO,NO,28,YES,NO,DSL,YES,YES,NO,YES,NO,NO,ONE YEAR,YES,ELECTRONIC CHECK,59.9,1654.7,1.9678055190538764,0
5756-JYOJT,NO,FEMALE,0,NO,NO,11,YES,NO,DSL,NO,NO,YES,YES,NO,YES,ONE YEAR,NO,CREDIT CARD (AUTOMATIC),64.9,697.25,2.1320630749014455,0
5756-OZRIO,NO,MALE,1,YES,NO,61,YES,YES,DSL,NO,YES,NO,NO,NO,YES,ONE YEAR,NO,BANK TRANSFER (AUTOMATIC),64.05,3902.6,2.1041392904073586,0
5759-RCVCB,YES,FEMALE,0,NO,NO,3,NO,NO,DSL,NO,NO,NO,NO,YES,NO,MONTH-TO-MONTH,NO,CREDIT CARD (AUTOMATIC),35.2,108.95,1.1563731931668857,1
5760-FXFVO,NO,MALE,0,NO,NO,6,YES,NO,FIBER OPTIC,YES,YES,NO,NO,NO,NO,MONTH-TO-MONTH,YES,ELECTRONIC CHECK,78.95,494.95,2.5936268068331145,0
5760-IFJOZ,NO,MALE,0,NO,NO,3,YES,YES,FIBER OPTIC,NO,YES,YES,NO,YES,YES,MONTH-TO-MONTH,NO,MAILED CHECK,107.95,313.6,3.5463206307490145,0
5760-WRAHC,NO,FEMALE,1,NO,NO,22,YES,NO,DSL,YES,NO,YES,YES,NO,YES,MONTH-TO-MONTH,YES,MAILED CHECK,69.75,1545.4,2.291392904073587,0
5762-TJXGK,NO,FEMALE,0,NO,NO,52,NO,NO,DSL,YES,YES,YES,NO,YES,YES,TWO YEAR,YES,BANK TRANSFER (AUTOMATIC),58.75,3038.55,1.9300262812089355,0
5766-FTRTS,NO,MALE,0,YES,NO,72,YES,NO,DSL,YES,YES,YES,YES,YES,YES,TWO YEAR,NO,MAILED CHECK,84.45,6033.1,2.7743101182654404,0
5766-XQXMQ,YES,FEMALE,0,NO,NO,29,YES,NO,DSL,YES,YES,YES,NO,NO,YES,MONTH-TO-MONTH,YES,BANK TRANSFER (AUTOMATIC),68.85,1970.5,2.261826544021025,1
5766-ZJYBB,YES,MALE,0,NO,NO,1,YES,NO,NO,NO,NO,NO,NO,NO,NO,MONTH-TO-MONTH,NO,MAILED CHECK,19.4,19.4,0.6373193166885676,1
5774-QPLTF,NO,MALE,0,YES,YES,50,YES,NO,NO,NO,NO,NO,NO,NO,NO,ONE YEAR,YES,MAILED CHECK,20.35,938.95,0.6685282522996058,0
5774-XZTQC,NO,FEMALE,0,YES,YES,7,YES,NO,NO,NO,NO,NO,NO,NO,NO,MONTH-TO-MONTH,NO,MAILED CHECK,20.45,150.75,0.6718134034165572,0
5777-KJIRB,NO,FEMALE,0,NO,NO,40,YES,NO,DSL,NO,NO,YES,NO,NO,NO,ONE YEAR,YES,MAILED CHECK,50.25,2023.55,1.6507884362680683,0
5777-ZPQNC,NO,FEMALE,0,NO,NO,12,YES,NO,NO,NO,NO,NO,NO,NO,NO,ONE YEAR,NO,ELECTRONIC CHECK,20.15,260.7,0.6619579500657029,0
5778-BVOFB,NO,FEMALE,0,NO,NO,9,YES,NO,DSL,NO,NO,NO,YES,YES,NO,MONTH-TO-MONTH,YES,BANK TRANSFER (AUTOMATIC),59.5,530.05,1.9546649145860708,0
5780-INQIK,NO,FEMALE,0,NO,NO,8,YES,NO,DSL,NO,NO,NO,YES,NO,NO,MONTH-TO-MONTH,NO,ELECTRONIC CHECK,49.4,408.25,1.6228646517739815,0
5781-BKHOP,NO,FEMALE,0,YES,NO,72,YES,YES,FIBER OPTIC,YES,YES,YES,NO,YES,NO,TWO YEAR,NO,BANK TRANSFER (AUTOMATIC),100.65,7334.05,3.306504599211564,0
5781-RFZRP,NO,MALE,0,YES,NO,71,YES,YES,DSL,YES,YES,NO,YES,YES,NO,TWO YEAR,NO,CREDIT CARD (AUTOMATIC),73.5,5357.75,2.414586070959264,0
5787-KXGIY,NO,MALE,0,YES,NO,72,YES,NO,NO,NO,NO,NO,NO,NO,NO,TWO YEAR,NO,CREDIT CARD (AUTOMATIC),19.3,1304.8,0.6340341655716163,0
5788-YPOEG,NO,FEMALE,0,YES,YES,34,YES,NO,DSL,YES,YES,YES,YES,YES,YES,TWO YEAR,NO,MAILED CHECK,84.75,2839.45,2.784165571616294,0
5789-LDFXO,NO,MALE,0,NO,NO,24,YES,YES,NO,NO,NO,NO,NO,NO,NO,ONE YEAR,NO,ELECTRONIC CHECK,24.6,592.65,0.8081471747700394,0
5791-KAJFD,NO,FEMALE,0,YES,YES,56,YES,YES,DSL,YES,NO,YES,NO,NO,YES,ONE YEAR,YES,BANK TRANSFER (AUTOMATIC),68.75,3808.0,2.2585413929040734,0
5792-JALQC,NO,FEMALE,1,NO,NO,52,YES,YES,DSL,YES,NO,YES,NO,NO,NO,TWO YEAR,NO,BANK TRANSFER (AUTOMATIC),59.85,3103.25,1.9661629434954007,0
5793-YOLJN,NO,FEMALE,0,YES,YES,55,YES,NO,NO,NO,NO,NO,NO,NO,NO,TWO YEAR,NO,MAILED CHECK,21.0,1210.3,0.6898817345597897,0
5795-BKOYE,NO,FEMALE,0,YES,YES,69,YES,NO,DSL,NO,YES,YES,YES,NO,NO,ONE YEAR,NO,BANK TRANSFER (AUTOMATIC),59.1,4134.7,1.9415243101182653,0
5795-KTGUD,NO,FEMALE,0,YES,NO,68,YES,YES,FIBER OPTIC,YES,YES,YES,NO,YES,YES,TWO YEAR,YES,BANK TRANSFER (AUTOMATIC),110.8,7553.6,3.6399474375821286,0
5797-APWZC,YES,FEMALE,0,NO,NO,1,YES,NO,FIBER OPTIC,NO,NO,NO,NO,YES,YES,MONTH-TO-MONTH,NO,ELECTRONIC CHECK,90.6,90.6,2.9763469119579495,1
5799-JRCZO,NO,FEMALE,0,NO,YES,63,YES,NO,NO,NO,NO,NO,NO,NO,NO,TWO YEAR,NO,CREDIT CARD (AUTOMATIC),19.5,1215.1,0.640604467805519,0
5802-ADBRC,NO,FEMALE,0,YES,NO,50,YES,YES,FIBER OPTIC,YES,NO,YES,NO,YES,YES,ONE YEAR,YES,MAILED CHECK,104.4,5232.9,3.4296977660972403,0
5803-NQJZO,NO,MALE,0,YES,NO,72,YES,YES,DSL,YES,YES,YES,YES,NO,NO,TWO YEAR,YES,BANK TRANSFER (AUTOMATIC),67.8,4804.65,2.227332457293035,0
5804-HYIEZ,NO,MALE,0,YES,YES,70,YES,YES,FIBER OPTIC,YES,YES,NO,NO,YES,YES,MONTH-TO-MONTH,YES,ELECTRONIC CHECK,106.05,7554.05,3.483902759526938,0
5804-JMYIO,NO,FEMALE,0,YES,YES,39,YES,NO,NO,NO,NO,NO,NO,NO,NO,TWO YEAR,NO,MAILED CHECK,19.75,757.95,0.6488173455978975,0
5804-LEPIM,YES,FEMALE,1,NO,NO,2,YES,NO,FIBER OPTIC,NO,NO,NO,NO,NO,NO,MONTH-TO-MONTH,YES,ELECTRONIC CHECK,70.35,139.05,2.3111038107752955,1
5808-TOTXO,NO,FEMALE,0,NO,YES,3,YES,NO,NO,NO,NO,NO,NO,NO,NO,ONE YEAR,YES,CREDIT CARD (AUTOMATIC),20.55,57.4,0.6750985545335085,0
5811-IWXYM,NO,FEMALE,0,YES,YES,52,YES,YES,FIBER OPTIC,NO,NO,YES,NO,YES,YES,ONE YEAR,NO,BANK TRANSFER (AUTOMATIC),101.25,5301.1,3.326215505913272,0
5813-UECBU,YES,MALE,1,NO,NO,33,YES,YES,FIBER OPTIC,NO,YES,YES,NO,NO,NO,MONTH-TO-MONTH,YES,CREDIT CARD (AUTOMATIC),83.85,2716.3,2.7545992115637317,1
5815-HGGHV,NO,MALE,0,YES,NO,20,YES,NO,DSL,YES,NO,NO,YES,NO,YES,ONE YEAR,YES,MAILED CHECK,64.15,1274.45,2.1074244415243104,0
5816-JMLGY,NO,FEMALE,0,YES,YES,70,YES,NO,DSL,NO,YES,YES,YES,YES,YES,TWO YEAR,YES,BANK TRANSFER (AUTOMATIC),80.4,5717.85,2.6412614980289093,0
5816-QVHRX,NO,FEMALE,0,NO,NO,37,YES,YES,FIBER OPTIC,NO,NO,NO,YES,YES,YES,MONTH-TO-MONTH,NO,CREDIT CARD (AUTOMATIC),100.3,3541.4,3.2950065703022338,0
5816-SCGFC,NO,FEMALE,1,NO,NO,7,YES,NO,DSL,NO,YES,NO,NO,NO,NO,MONTH-TO-MONTH,YES,MAILED CHECK,51.3,419.35,1.6852825229960577,0
5820-PTRYM,NO,FEMALE,1,YES,NO,56,YES,YES,DSL,YES,YES,YES,YES,NO,NO,ONE YEAR,YES,CREDIT CARD (AUTOMATIC),68.45,4014.0,2.2486859395532193,0
5821-MMEIL,NO,FEMALE,0,YES,NO,57,YES,NO,NO,NO,NO,NO,NO,NO,NO,TWO YEAR,NO,BANK TRANSFER (AUTOMATIC),19.9,1115.6,0.6537450722733245,0
5825-XJOCM,NO,MALE,0,NO,YES,48,YES,YES,DSL,YES,YES,YES,NO,NO,NO,ONE YEAR,YES,BANK TRANSFER (AUTOMATIC),64.4,3035.35,2.1156373193166886,0
5827-MWCZK,NO,MALE,0,YES,YES,56,YES,YES,FIBER OPTIC,NO,YES,NO,YES,YES,NO,MONTH-TO-MONTH,YES,CREDIT CARD (AUTOMATIC),96.95,5432.2,3.184954007884363,0
5828-AVIPD,YES,MALE,0,YES,YES,19,YES,YES,FIBER OPTIC,NO,NO,NO,YES,YES,YES,ONE YEAR,YES,ELECTRONIC CHECK,100.95,1875.55,3.316360052562418,1
5828-DWPIL,NO,MALE,1,YES,NO,62,YES,YES,FIBER OPTIC,YES,YES,YES,NO,NO,NO,MONTH-TO-MONTH,YES,ELECTRONIC CHECK,89.1,5618.3,2.927069645203679,0
5829-NVSQN,NO,FEMALE,0,YES,NO,23,YES,NO,DSL,YES,NO,YES,YES,NO,YES,ONE YEAR,YES,BANK TRANSFER (AUTOMATIC),68.75,1689.45,2.2585413929040734,0
5832-EXGTT,NO,MALE,0,YES,YES,29,YES,NO,DSL,YES,NO,NO,NO,NO,YES,MONTH-TO-MONTH,YES,MAILED CHECK,60.2,1834.15,1.9776609724047307,0
5832-TRLPB,NO,MALE,0,NO,NO,29,YES,NO,DSL,NO,NO,YES,YES,YES,YES,ONE YEAR,YES,BANK TRANSFER (AUTOMATIC),75.35,2243.9,2.4753613666228644,0
5832-XKAES,YES,MALE,0,NO,NO,2,YES,NO,FIBER OPTIC,NO,NO,NO,NO,NO,NO,MONTH-TO-MONTH,YES,CREDIT CARD (AUTOMATIC),69.8,134.7,2.2930354796320627,1
5834-ASPWA,YES,MALE,0,NO,NO,1,YES,YES,FIBER OPTIC,NO,NO,NO,NO,NO,NO,MONTH-TO-MONTH,YES,ELECTRONIC CHECK,75.45,75.45,2.478646517739816,1
5835-BEQEU,YES,MALE,0,NO,NO,3,YES,YES,FIBER OPTIC,NO,NO,NO,NO,NO,NO,MONTH-TO-MONTH,YES,ELECTRONIC CHECK,76.95,228.4,2.5279237844940865,1
5837-LXSDN,NO,FEMALE,0,YES,YES,21,YES,NO,DSL,NO,YES,NO,NO,YES,NO,ONE YEAR,YES,CREDIT CARD (AUTOMATIC),58.85,1215.45,1.9333114323258869,0
5839-SUYVZ,NO,MALE,0,NO,NO,16,YES,NO,FIBER OPTIC,NO,NO,NO,YES,NO,NO,MONTH-TO-MONTH,YES,CREDIT CARD (AUTOMATIC),74.55,1170.5,2.4490801576872534,0
5840-NVDCG,NO,FEMALE,0,YES,YES,16,YES,NO,DSL,YES,YES,NO,YES,NO,YES,TWO YEAR,NO,BANK TRANSFER (AUTOMATIC),68.25,1114.85,2.2421156373193165,0
5842-POCOP,YES,FEMALE,0,YES,NO,5,YES,NO,FIBER OPTIC,YES,NO,YES,NO,NO,YES,MONTH-TO-MONTH,YES,MAILED CHECK,88.9,454.15,2.9204993429697765,1
5843-TTHGI,NO,FEMALE,0,NO,NO,18,YES,NO,DSL,NO,NO,YES,NO,NO,NO,MONTH-TO-MONTH,YES,MAILED CHECK,50.0,892.7,1.6425755584756898,0
5844-QVTAT,NO,FEMALE,0,YES,YES,33,YES,NO,DSL,YES,YES,YES,NO,NO,NO,ONE YEAR,YES,MAILED CHECK,58.45,1955.4,1.9201708278580816,0
5845-BZZIB,NO,MALE,0,YES,YES,35,YES,NO,NO,NO,NO,NO,NO,NO,NO,TWO YEAR,NO,MAILED CHECK,20.1,655.3,0.6603153745072273,0
5846-ABOBJ,NO,MALE,0,YES,NO,71,YES,YES,NO,NO,NO,NO,NO,NO,NO,TWO YEAR,NO,BANK TRANSFER (AUTOMATIC),24.45,1730.65,0.8032194480946123,0
5846-NEQVZ,NO,MALE,0,YES,YES,71,YES,NO,DSL,YES,NO,YES,YES,NO,YES,TWO YEAR,YES,CREDIT CARD (AUTOMATIC),70.85,4973.4,2.3275295663600524,0
5846-QFDFI,NO,FEMALE,0,YES,YES,33,YES,YES,FIBER OPTIC,NO,YES,YES,YES,NO,NO,MONTH-TO-MONTH,NO,CREDIT CARD (AUTOMATIC),88.6,2888.7,2.910643889618922,0
5847-MXBEO,NO,MALE,0,NO,NO,22,YES,NO,NO,NO,NO,NO,NO,NO,NO,ONE YEAR,NO,MAILED CHECK,20.3,475.1,0.6668856767411301,0
5848-FHRFC,NO,FEMALE,0,NO,NO,68,YES,NO,NO,NO,NO,NO,NO,NO,NO,TWO YEAR,NO,BANK TRANSFER (AUTOMATIC),20.05,1386.9,0.6586727989487516,0
5849-ASHZJ,NO,MALE,0,NO,YES,27,YES,NO,NO,NO,NO,NO,NO,NO,NO,ONE YEAR,NO,CREDIT CARD (AUTOMATIC),20.05,552.9,0.6586727989487516,0
5850-BDWCY,NO,FEMALE,0,NO,NO,6,YES,NO,NO,NO,NO,NO,NO,NO,NO,MONTH-TO-MONTH,NO,MAILED CHECK,20.2,123.65,0.6636005256241787,0
5854-KSRBJ,NO,MALE,0,YES,YES,70,YES,YES,NO,NO,NO,NO,NO,NO,NO,TWO YEAR,NO,MAILED CHECK,25.4,1782.05,0.8344283837056504,0
5855-EIBDE,NO,FEMALE,0,YES,NO,49,YES,YES,FIBER OPTIC,YES,YES,YES,YES,NO,YES,TWO YEAR,NO,CREDIT CARD (AUTOMATIC),106.65,5174.35,3.5036136662286466,0
5857-TYBCJ,NO,MALE,1,YES,NO,44,YES,YES,FIBER OPTIC,NO,NO,YES,NO,YES,NO,MONTH-TO-MONTH,YES,ELECTRONIC CHECK,89.2,4040.2,2.9303547963206307,0
5857-XRECV,NO,FEMALE,0,NO,YES,2,YES,NO,NO,NO,NO,NO,NO,NO,NO,ONE YEAR,NO,BANK TRANSFER (AUTOMATIC),20.5,38.25,0.6734559789750328,0
5858-EAFCZ,NO,MALE,0,NO,NO,1,YES,NO,DSL,NO,NO,NO,NO,NO,NO,MONTH-TO-MONTH,NO,MAILED CHECK,44.45,44.45,1.4602496714848883,0
5859-HZYLF,NO,MALE,0,YES,YES,26,YES,NO,NO,NO,NO,NO,NO,NO,NO,TWO YEAR,YES,CREDIT CARD (AUTOMATIC),19.15,515.75,0.6291064388961891,0
5862-BRIXZ,NO,MALE,0,NO,NO,46,NO,NO,DSL,YES,NO,YES,YES,YES,YES,TWO YEAR,YES,BANK TRANSFER (AUTOMATIC),60.75,2893.4,1.995729303547963,0
5863-OOKCL,NO,FEMALE,0,NO,NO,10,YES,NO,NO,NO,NO,NO,NO,NO,NO,MONTH-TO-MONTH,NO,MAILED CHECK,18.85,163.2,0.6192509855453351,0
5868-CZJDR,YES,MALE,0,NO,YES,1,NO,NO,DSL,NO,YES,NO,NO,NO,NO,MONTH-TO-MONTH,YES,MAILED CHECK,31.35,31.35,1.0298948751642576,1
5868-YTYKS,NO,MALE,0,NO,YES,1,YES,NO,NO,NO,NO,NO,NO,NO,NO,MONTH-TO-MONTH,YES,MAILED CHECK,20.25,20.25,0.6652431011826544,0
5868-YWPDW,YES,MALE,1,YES,NO,6,YES,NO,FIBER OPTIC,NO,YES,NO,NO,NO,YES,MONTH-TO-MONTH,YES,ELECTRONIC CHECK,84.2,519.15,2.7660972404730617,1
5871-DGTXZ,NO,MALE,0,NO,NO,32,YES,NO,NO,NO,NO,NO,NO,NO,NO,ONE YEAR,NO,MAILED CHECK,19.8,607.7,0.6504599211563732,0
5872-OEQNH,NO,FEMALE,0,NO,NO,60,NO,NO,DSL,YES,NO,YES,NO,NO,YES,ONE YEAR,YES,ELECTRONIC CHECK,44.45,2773.9,1.4602496714848883,0
5875-YPQFJ,YES,MALE,0,NO,NO,1,YES,NO,FIBER OPTIC,NO,NO,NO,NO,NO,NO,MONTH-TO-MONTH,YES,ELECTRONIC CHECK,69.9,69.9,2.2963206307490145,1
5876-HZVZM,YES,FEMALE,0,YES,YES,6,YES,NO,DSL,YES,YES,NO,NO,NO,NO,MONTH-TO-MONTH,NO,CREDIT CARD (AUTOMATIC),55.9,365.35,1.8363994743758212,1
5876-QMYLD,NO,FEMALE,0,YES,YES,23,YES,NO,NO,NO,NO,NO,NO,NO,NO,ONE YEAR,NO,MAILED CHECK,20.05,415.1,0.6586727989487516,0
5879-HMFFH,NO,FEMALE,0,YES,NO,72,YES,YES,DSL,YES,YES,YES,YES,YES,YES,TWO YEAR,NO,BANK TRANSFER (AUTOMATIC),88.05,6520.8,2.8925755584756896,0
5879-SESNB,NO,FEMALE,0,NO,NO,11,YES,YES,FIBER OPTIC,NO,NO,NO,NO,NO,NO,MONTH-TO-MONTH,NO,ELECTRONIC CHECK,75.25,888.65,2.472076215505913,0
5882-CMAZQ,NO,FEMALE,0,YES,YES,5,NO,NO,DSL,NO,YES,NO,YES,NO,NO,MONTH-TO-MONTH,NO,ELECTRONIC CHECK,34.25,163.55,1.1251642575558476,0
5883-GTGVD,YES,MALE,0,NO,NO,19,YES,YES,FIBER OPTIC,NO,YES,NO,NO,YES,YES,MONTH-TO-MONTH,YES,ELECTRONIC CHECK,99.95,1931.75,3.283508541392904,1
5884-FBCTL,NO,FEMALE,0,YES,YES,72,YES,YES,NO,NO,NO,NO,NO,NO,NO,TWO YEAR,NO,BANK TRANSFER (AUTOMATIC),25.1,1857.85,0.8245729303547963,0
5884-GCYMI,YES,MALE,0,NO,NO,1,YES,NO,FIBER OPTIC,NO,NO,NO,NO,NO,NO,MONTH-TO-MONTH,NO,MAILED CHECK,69.4,69.4,2.2798948751642576,1
5886-VLQVU,NO,MALE,0,YES,NO,35,YES,YES,FIBER OPTIC,NO,NO,NO,YES,NO,YES,MONTH-TO-MONTH,YES,BANK TRANSFER (AUTOMATIC),89.85,3161.2,2.9517082785808144,0
5887-IKKYO,NO,MALE,0,YES,YES,58,YES,YES,FIBER OPTIC,NO,NO,YES,YES,NO,YES,TWO YEAR,NO,BANK TRANSFER (AUTOMATIC),94.35,5563.65,3.0995400788436265,0
5889-JTMUL,YES,FEMALE,1,YES,NO,50,YES,YES,FIBER OPTIC,NO,YES,YES,NO,YES,NO,MONTH-TO-MONTH,YES,ELECTRONIC CHECK,95.05,4888.7,3.122536136662286,1
5889-LFOLL,YES,FEMALE,0,NO,NO,13,YES,YES,FIBER OPTIC,NO,NO,NO,NO,NO,YES,MONTH-TO-MONTH,YES,ELECTRONIC CHECK,84.6,1115.2,2.779237844940867,1
5893-KCLGT,NO,FEMALE,0,NO,YES,72,YES,NO,NO,NO,NO,NO,NO,NO,NO,TWO YEAR,YES,MAILED CHECK,19.75,1567.0,0.6488173455978975,0
5893-PYOLZ,NO,MALE,0,NO,NO,56,YES,NO,DSL,NO,YES,YES,YES,YES,YES,TWO YEAR,YES,CREDIT CARD (AUTOMATIC),81.8,4534.45,2.6872536136662286,0
5895-QSXOD,NO,MALE,0,NO,NO,9,YES,NO,FIBER OPTIC,NO,NO,NO,NO,NO,NO,MONTH-TO-MONTH,NO,MAILED CHECK,70.05,657.5,2.3012483574244413,0
5896-NPFWW,YES,MALE,0,YES,YES,3,YES,NO,DSL,NO,NO,YES,NO,NO,NO,MONTH-TO-MONTH,YES,ELECTRONIC CHECK,50.15,168.15,1.6475032851511169,1
5897-ZYEKH,NO,FEMALE,1,YES,NO,67,YES,YES,FIBER OPTIC,YES,YES,NO,NO,YES,YES,ONE YEAR,YES,ELECTRONIC CHECK,105.6,7112.15,3.469119579500657,0
5898-IGSLP,NO,MALE,0,YES,YES,31,YES,YES,FIBER OPTIC,YES,NO,YES,YES,NO,NO,MONTH-TO-MONTH,NO,ELECTRONIC CHECK,89.3,2823.0,2.933639947437582,0
5899-MQZZL,YES,FEMALE,0,NO,NO,13,YES,YES,FIBER OPTIC,NO,NO,NO,NO,NO,NO,MONTH-TO-MONTH,YES,MAILED CHECK,75.0,999.45,2.463863337713535,1
5899-OUVKV,NO,MALE,0,NO,NO,31,YES,NO,FIBER OPTIC,NO,YES,NO,NO,YES,YES,MONTH-TO-MONTH,YES,ELECTRONIC CHECK,94.5,2979.2,3.1044678055190538,0
5902-WBLSE,NO,FEMALE,0,YES,YES,70,YES,NO,NO,NO,NO,NO,NO,NO,NO,TWO YEAR,YES,CREDIT CARD (AUTOMATIC),20.15,1411.2,0.6619579500657029,0
5906-BFOZT,NO,MALE,0,NO,NO,1,YES,NO,NO,NO,NO,NO,NO,NO,NO,MONTH-TO-MONTH,YES,MAILED CHECK,19.5,19.5,0.640604467805519,0
5906-CVLHP,YES,FEMALE,0,YES,YES,45,YES,NO,DSL,NO,YES,NO,YES,NO,NO,ONE YEAR,YES,CREDIT CARD (AUTOMATIC),54.15,2319.8,1.778909329829172,1
5906-DVAPM,NO,FEMALE,0,YES,YES,55,YES,YES,DSL,YES,YES,NO,YES,YES,NO,ONE YEAR,YES,CREDIT CARD (AUTOMATIC),75.0,4213.9,2.463863337713535,0
5908-QMGOE,YES,MALE,1,NO,NO,15,YES,YES,FIBER OPTIC,NO,NO,NO,NO,NO,NO,MONTH-TO-MONTH,YES,CREDIT CARD (AUTOMATIC),74.2,1133.9,2.437582128777924,1
5909-ECHUI,YES,FEMALE,0,NO,NO,1,YES,NO,DSL,NO,NO,NO,NO,NO,YES,MONTH-TO-MONTH,YES,ELECTRONIC CHECK,56.25,56.25,1.847897503285151,1
5913-INRQV,NO,MALE,1,YES,NO,34,YES,NO,FIBER OPTIC,YES,NO,NO,YES,YES,NO,ONE YEAR,NO,MAILED CHECK,90.15,3128.8,2.961563731931669,0
5914-DVBWJ,YES,FEMALE,1,NO,NO,18,YES,YES,FIBER OPTIC,NO,YES,NO,YES,NO,NO,MONTH-TO-MONTH,YES,ELECTRONIC CHECK,85.45,1505.85,2.807161629434954,1
5914-GXMDA,NO,FEMALE,0,YES,NO,32,YES,NO,NO,NO,NO,NO,NO,NO,NO,ONE YEAR,NO,MAILED CHECK,19.3,593.2,0.6340341655716163,0
5914-XRFQB,NO,MALE,0,YES,NO,72,YES,YES,FIBER OPTIC,YES,YES,YES,YES,YES,YES,TWO YEAR,YES,BANK TRANSFER (AUTOMATIC),115.8,8424.9,3.8042049934296975,0
5915-ANOEI,NO,MALE,0,YES,NO,70,YES,YES,DSL,YES,YES,YES,YES,YES,NO,TWO YEAR,NO,MAILED CHECK,79.15,5536.5,2.6001971090670173,0
5915-DGNVC,NO,FEMALE,0,YES,NO,49,YES,YES,DSL,YES,YES,YES,NO,NO,YES,ONE YEAR,NO,ELECTRONIC CHECK,71.8,3472.05,2.3587385019710907,0
5916-QEWPT,NO,FEMALE,0,YES,NO,2,YES,NO,DSL,NO,NO,YES,NO,YES,YES,MONTH-TO-MONTH,NO,CREDIT CARD (AUTOMATIC),69.0,147.8,2.266754270696452,0
5917-HBSDW,NO,FEMALE,0,YES,YES,37,YES,NO,NO,NO,NO,NO,NO,NO,NO,MONTH-TO-MONTH,NO,ELECTRONIC CHECK,19.35,683.75,0.635676741130092,0
5917-RYRMG,NO,MALE,1,NO,NO,32,YES,NO,NO,NO,NO,NO,NO,NO,NO,ONE YEAR,NO,CREDIT CARD (AUTOMATIC),19.8,587.7,0.6504599211563732,0
5918-VUKWP,NO,FEMALE,0,NO,NO,32,YES,NO,NO,NO,NO,NO,NO,NO,NO,ONE YEAR,NO,BANK TRANSFER (AUTOMATIC),20.55,654.55,0.6750985545335085,0
5919-TMRGD,YES,FEMALE,0,NO,YES,1,YES,NO,FIBER OPTIC,NO,NO,NO,NO,YES,NO,MONTH-TO-MONTH,YES,ELECTRONIC CHECK,79.35,79.35,2.6067674113009196,1
5919-VCZYM,NO,MALE,0,NO,NO,2,YES,NO,NO,NO,NO,NO,NO,NO,NO,MONTH-TO-MONTH,NO,MAILED CHECK,20.05,42.7,0.6586727989487516,0
5921-NGYRH,NO,MALE,0,YES,NO,64,YES,NO,FIBER OPTIC,YES,NO,NO,NO,NO,NO,MONTH-TO-MONTH,YES,MAILED CHECK,73.55,4764.0,2.4162286465177396,0
5922-ABDVO,YES,FEMALE,0,YES,NO,19,YES,YES,FIBER OPTIC,NO,NO,YES,NO,NO,YES,MONTH-TO-MONTH,NO,MAILED CHECK,89.65,1761.05,2.945137976346912,1
5923-GXUOC,YES,MALE,0,NO,NO,10,YES,NO,FIBER OPTIC,YES,YES,YES,NO,YES,YES,MONTH-TO-MONTH,YES,ELECTRONIC CHECK,104.4,1081.45,3.4296977660972403,1
5924-IFQTT,NO,MALE,0,YES,YES,13,YES,YES,DSL,NO,YES,YES,YES,YES,NO,MONTH-TO-MONTH,YES,ELECTRONIC CHECK,72.8,930.05,2.3915900131406045,0
5924-SNGKP,NO,FEMALE,0,NO,YES,41,YES,NO,NO,NO,NO,NO,NO,NO,NO,ONE YEAR,YES,CREDIT CARD (AUTOMATIC),20.25,865.0,0.6652431011826544,0
5928-QLDHB,NO,MALE,0,NO,NO,9,YES,YES,FIBER OPTIC,NO,NO,NO,NO,NO,NO,MONTH-TO-MONTH,YES,ELECTRONIC CHECK,76.25,684.85,2.504927726675427,0
5930-GBIWP,NO,MALE,0,NO,NO,69,YES,YES,DSL,YES,YES,YES,YES,NO,YES,TWO YEAR,YES,CREDIT CARD (AUTOMATIC),81.5,5553.25,2.6773981603153745,0
5931-FLJJF,YES,MALE,1,YES,NO,7,YES,NO,FIBER OPTIC,NO,NO,NO,NO,NO,NO,MONTH-TO-MONTH,YES,MAILED CHECK,70.1,467.55,2.302890932982917,1
5934-RMPOV,NO,FEMALE,0,NO,YES,22,YES,YES,FIBER OPTIC,NO,NO,NO,NO,NO,YES,MONTH-TO-MONTH,YES,ELECTRONIC CHECK,84.75,1816.75,2.784165571616294,0
5934-TSSAU,NO,FEMALE,0,YES,YES,23,YES,NO,FIBER OPTIC,NO,NO,YES,NO,NO,NO,MONTH-TO-MONTH,YES,CREDIT CARD (AUTOMATIC),75.3,1702.9,2.473718791064389,0
5935-FCCNB,NO,FEMALE,1,NO,NO,17,YES,YES,FIBER OPTIC,NO,NO,NO,NO,YES,YES,MONTH-TO-MONTH,YES,ELECTRONIC CHECK,94.2,1608.15,3.0946123521681996,0
5937-EORGB,NO,MALE,1,YES,NO,15,YES,YES,FIBER OPTIC,YES,NO,YES,NO,YES,NO,MONTH-TO-MONTH,YES,ELECTRONIC CHECK,96.5,1392.25,3.1701708278580814,0
5939-SXWHM,NO,MALE,0,YES,YES,48,YES,YES,NO,NO,NO,NO,NO,NO,NO,TWO YEAR,NO,BANK TRANSFER (AUTOMATIC),26.3,1245.05,0.8639947437582128,0
5939-XAIXZ,NO,FEMALE,0,NO,NO,19,YES,YES,DSL,NO,NO,YES,NO,NO,NO,MONTH-TO-MONTH,YES,MAILED CHECK,56.1,1033.9,1.842969776609724,0
5940-AHUHD,YES,MALE,0,NO,NO,1,YES,NO,FIBER OPTIC,NO,NO,NO,NO,NO,NO,MONTH-TO-MONTH,NO,MAILED CHECK,70.6,70.6,2.3193166885676737,1
5940-NFXKV,YES,MALE,0,YES,YES,19,YES,YES,FIBER OPTIC,NO,NO,NO,NO,NO,YES,MONTH-TO-MONTH,YES,ELECTRONIC CHECK,83.65,1465.75,2.7480289093298294,1
5944-UGLLK,NO,MALE,0,NO,NO,53,NO,NO,DSL,NO,NO,YES,YES,YES,YES,ONE YEAR,NO,CREDIT CARD (AUTOMATIC),54.9,3045.75,1.8035479632063074,0
5945-AZYHT,NO,MALE,0,YES,NO,71,YES,YES,FIBER OPTIC,YES,YES,YES,NO,YES,YES,ONE YEAR,YES,ELECTRONIC CHECK,109.6,7854.15,3.600525624178712,0
5947-SGKCL,NO,FEMALE,0,YES,YES,15,YES,YES,FIBER OPTIC,NO,YES,YES,NO,YES,YES,MONTH-TO-MONTH,YES,BANK TRANSFER (AUTOMATIC),105.35,1559.25,3.460906701708278,0
5948-UJZLF,NO,MALE,0,NO,NO,2,YES,NO,DSL,NO,YES,NO,NO,NO,NO,MONTH-TO-MONTH,NO,MAILED CHECK,49.25,97.0,1.6179369250985545,0
5949-EBSQK,YES,MALE,0,YES,YES,4,YES,NO,DSL,NO,NO,NO,YES,NO,YES,MONTH-TO-MONTH,NO,CREDIT CARD (AUTOMATIC),61.45,229.55,2.0187253613666227,1
5949-HGVJL,NO,FEMALE,0,YES,NO,26,YES,NO,DSL,NO,YES,NO,YES,YES,YES,MONTH-TO-MONTH,YES,ELECTRONIC CHECK,73.05,1959.5,2.3998028909329827,0
5949-XIKAE,YES,FEMALE,0,YES,YES,8,YES,NO,FIBER OPTIC,NO,YES,NO,NO,YES,NO,MONTH-TO-MONTH,YES,ELECTRONIC CHECK,83.55,680.05,2.7447437582128775,1
5950-AAAGJ,NO,MALE,0,NO,NO,18,YES,YES,FIBER OPTIC,NO,NO,NO,NO,YES,NO,MONTH-TO-MONTH,NO,BANK TRANSFER (AUTOMATIC),84.3,1537.9,2.769382391590013,0
5951-AOFIH,NO,MALE,0,NO,NO,33,YES,NO,DSL,NO,YES,YES,NO,YES,NO,MONTH-TO-MONTH,YES,CREDIT CARD (AUTOMATIC),66.4,2245.4,2.181340341655716,0
5954-BDFSG,NO,FEMALE,0,NO,NO,72,YES,YES,FIBER OPTIC,NO,NO,YES,YES,YES,YES,TWO YEAR,YES,CREDIT CARD (AUTOMATIC),107.5,7853.7,3.531537450722733,0
5955-EPOAZ,NO,FEMALE,0,NO,NO,6,YES,NO,NO,NO,NO,NO,NO,NO,NO,MONTH-TO-MONTH,YES,MAILED CHECK,20.95,109.5,0.688239159001314,0
5955-ERIHD,YES,MALE,0,YES,NO,18,YES,YES,FIBER OPTIC,NO,NO,NO,NO,YES,YES,MONTH-TO-MONTH,YES,ELECTRONIC CHECK,94.7,1687.95,3.1110381077529565,1
5956-VKDTT,YES,FEMALE,1,YES,NO,5,YES,YES,FIBER OPTIC,NO,NO,NO,NO,NO,NO,MONTH-TO-MONTH,YES,ELECTRONIC CHECK,74.35,334.8,2.4425098554533506,1
5956-YHHRX,NO,MALE,1,NO,NO,21,YES,YES,FIBER OPTIC,NO,YES,YES,NO,YES,YES,MONTH-TO-MONTH,YES,ELECTRONIC CHECK,104.35,2271.85,3.4280551905387644,0
5959-BELXA,YES,MALE,1,NO,NO,32,YES,YES,FIBER OPTIC,NO,NO,NO,NO,YES,YES,MONTH-TO-MONTH,YES,CREDIT CARD (AUTOMATIC),96.15,3019.25,3.1586727989487517,1
5960-MVTUK,NO,MALE,0,NO,NO,3,NO,NO,DSL,NO,NO,NO,YES,NO,NO,MONTH-TO-MONTH,YES,ELECTRONIC CHECK,29.75,96.85,0.9773324572930354,0
5960-WPXQM,YES,MALE,0,NO,NO,1,YES,NO,FIBER OPTIC,NO,NO,NO,NO,YES,NO,MONTH-TO-MONTH,YES,ELECTRONIC CHECK,79.05,79.05,2.5969119579500655,1
5961-VUSRV,NO,FEMALE,0,NO,NO,12,YES,NO,NO,NO,NO,NO,NO,NO,NO,ONE YEAR,YES,BANK TRANSFER (AUTOMATIC),19.35,219.35,0.635676741130092,0
5965-GGPRW,NO,MALE,0,YES,YES,72,YES,YES,FIBER OPTIC,YES,NO,YES,NO,YES,YES,TWO YEAR,NO,BANK TRANSFER (AUTOMATIC),105.25,7609.75,3.4576215505913273,0
5966-EMAZU,NO,MALE,0,YES,NO,64,YES,YES,FIBER OPTIC,YES,NO,YES,YES,YES,YES,ONE YEAR,YES,MAILED CHECK,108.5,6880.85,3.564388961892247,0
5968-HYJRZ,NO,MALE,0,YES,YES,47,YES,YES,NO,NO,NO,NO,NO,NO,NO,TWO YEAR,NO,MAILED CHECK,24.55,1160.45,0.8065045992115637,0
5968-VXZLG,NO,MALE,0,NO,NO,2,YES,NO,DSL,NO,NO,NO,NO,NO,NO,MONTH-TO-MONTH,YES,BANK TRANSFER (AUTOMATIC),46.6,87.9,1.530880420499343,0
5968-XQIVE,NO,MALE,0,YES,YES,72,YES,YES,FIBER OPTIC,NO,YES,NO,NO,YES,NO,ONE YEAR,YES,ELECTRONIC CHECK,89.7,6588.95,2.9467805519053876,0
5970-GHJAW,NO,MALE,0,YES,YES,46,YES,NO,NO,NO,NO,NO,NO,NO,NO,TWO YEAR,NO,CREDIT CARD (AUTOMATIC),19.95,862.4,0.6553876478318003,0
5973-EJGDP,NO,MALE,0,NO,NO,51,YES,YES,FIBER OPTIC,NO,YES,YES,YES,NO,NO,MONTH-TO-MONTH,YES,ELECTRONIC CHECK,87.35,4473.0,2.86957950065703,0
5975-BAICR,NO,MALE,0,YES,YES,36,YES,NO,DSL,YES,NO,YES,NO,NO,YES,ONE YEAR,YES,CREDIT CARD (AUTOMATIC),63.7,2188.5,2.092641261498029,0
5976-JCJRH,YES,MALE,0,YES,NO,10,YES,NO,FIBER OPTIC,NO,NO,NO,NO,NO,NO,MONTH-TO-MONTH,YES,ELECTRONIC CHECK,70.3,738.2,2.3094612352168196,1
5977-CKHON,NO,FEMALE,0,YES,YES,43,YES,YES,FIBER OPTIC,NO,NO,YES,NO,NO,YES,MONTH-TO-MONTH,YES,BANK TRANSFER (AUTOMATIC),92.55,4039.0,3.0404073587385017,0
5980-BDHPY,NO,MALE,0,YES,NO,72,YES,YES,DSL,YES,YES,YES,YES,YES,YES,TWO YEAR,YES,BANK TRANSFER (AUTOMATIC),87.1,6230.1,2.8613666228646513,0
5980-NOPLP,YES,FEMALE,0,YES,NO,44,YES,YES,FIBER OPTIC,NO,NO,NO,NO,YES,YES,MONTH-TO-MONTH,YES,ELECTRONIC CHECK,96.1,4364.1,3.157030223390276,1
5981-ITEMU,YES,MALE,0,YES,NO,40,YES,YES,FIBER OPTIC,NO,NO,NO,NO,YES,YES,MONTH-TO-MONTH,YES,BANK TRANSFER (AUTOMATIC),97.1,3706.95,3.1898817345597896,1
5981-ZVXOT,NO,FEMALE,1,NO,NO,35,YES,YES,FIBER OPTIC,YES,YES,YES,NO,YES,YES,ONE YEAR,YES,ELECTRONIC CHECK,108.35,3726.15,3.5594612352168196,0
5982-FPVQN,NO,FEMALE,0,YES,YES,37,YES,YES,FIBER OPTIC,NO,YES,YES,NO,NO,YES,MONTH-TO-MONTH,YES,ELECTRONIC CHECK,95.15,3532.85,3.125821287779238,0
5982-PSMKW,NO,FEMALE,0,YES,YES,23,YES,YES,DSL,YES,YES,YES,YES,YES,YES,TWO YEAR,YES,CREDIT CARD (AUTOMATIC),91.1,2198.3,2.9927726675427064,0
5982-XMDEX,NO,FEMALE,0,NO,NO,65,YES,YES,NO,NO,NO,NO,NO,NO,NO,TWO YEAR,NO,BANK TRANSFER (AUTOMATIC),26.5,1698.55,0.8705650459921156,0
5985-BEHZK,NO,FEMALE,1,YES,NO,72,YES,YES,FIBER OPTIC,NO,YES,YES,NO,YES,YES,ONE YEAR,NO,CREDIT CARD (AUTOMATIC),105.0,7578.05,3.4494086727989486,0
5985-TBABQ,NO,FEMALE,0,NO,NO,32,YES,YES,DSL,YES,NO,NO,NO,YES,YES,ONE YEAR,NO,MAILED CHECK,74.75,2282.95,2.455650459921156,0
5986-WWXDV,NO,MALE,0,NO,YES,39,YES,NO,NO,NO,NO,NO,NO,NO,NO,ONE YEAR,NO,BANK TRANSFER (AUTOMATIC),19.35,779.2,0.635676741130092,0
5989-AXPUC,NO,FEMALE,0,YES,NO,68,YES,YES,FIBER OPTIC,YES,YES,YES,YES,YES,YES,TWO YEAR,NO,MAILED CHECK,118.6,7990.05,3.896189224704336,0
5989-OMNJE,NO,FEMALE,0,YES,YES,24,NO,NO,DSL,YES,YES,YES,NO,YES,YES,ONE YEAR,NO,ELECTRONIC CHECK,57.6,1367.75,1.8922470433639946,0
5989-PGKJB,NO,FEMALE,0,NO,NO,16,YES,NO,FIBER OPTIC,NO,YES,NO,NO,NO,YES,MONTH-TO-MONTH,YES,ELECTRONIC CHECK,86.25,1340.1,2.8334428383705648,0
5993-BQHEA,NO,MALE,0,NO,NO,12,YES,NO,NO,NO,NO,NO,NO,NO,NO,ONE YEAR,NO,CREDIT CARD (AUTOMATIC),20.05,267.0,0.6586727989487516,0
5993-JSUWV,NO,FEMALE,0,NO,NO,66,YES,NO,DSL,YES,YES,YES,NO,NO,NO,TWO YEAR,YES,BANK TRANSFER (AUTOMATIC),61.15,4017.45,2.0088699080157686,0
5995-LFTLE,NO,MALE,0,NO,NO,58,YES,YES,NO,NO,NO,NO,NO,NO,NO,TWO YEAR,YES,CREDIT CARD (AUTOMATIC),25.3,1474.35,0.831143232588699,0
5995-OIGLP,YES,MALE,0,NO,NO,12,YES,NO,DSL,YES,NO,NO,YES,NO,NO,MONTH-TO-MONTH,NO,MAILED CHECK,56.65,654.85,1.8610381077529565,1
5995-SNNEW,NO,MALE,1,YES,NO,23,YES,YES,FIBER OPTIC,NO,YES,YES,NO,YES,YES,MONTH-TO-MONTH,YES,ELECTRONIC CHECK,104.45,2184.85,3.431340341655716,0
5995-WWKKG,NO,FEMALE,0,NO,NO,37,YES,NO,NO,NO,NO,NO,NO,NO,NO,ONE YEAR,YES,ELECTRONIC CHECK,19.8,695.05,0.6504599211563732,0
5996-DAOQL,NO,MALE,0,NO,NO,1,YES,NO,NO,NO,NO,NO,NO,NO,NO,MONTH-TO-MONTH,YES,MAILED CHECK,20.45,20.45,0.6718134034165572,0
5996-EBTKM,NO,FEMALE,0,YES,YES,67,YES,YES,DSL,NO,NO,YES,YES,NO,YES,TWO YEAR,YES,BANK TRANSFER (AUTOMATIC),69.9,4615.9,2.2963206307490145,0
5996-NRVXR,NO,MALE,1,YES,NO,40,YES,NO,FIBER OPTIC,YES,YES,YES,YES,YES,NO,ONE YEAR,YES,CREDIT CARD (AUTOMATIC),98.15,4116.8,3.2243758212877793,0
5997-OPVFA,NO,MALE,0,YES,NO,72,YES,YES,DSL,YES,YES,YES,YES,YES,YES,TWO YEAR,YES,BANK TRANSFER (AUTOMATIC),89.05,6254.45,2.9254270696452034,0
5998-DZLYR,NO,FEMALE,0,YES,NO,61,YES,YES,FIBER OPTIC,NO,YES,NO,YES,NO,YES,TWO YEAR,YES,BANK TRANSFER (AUTOMATIC),94.35,5703.0,3.0995400788436265,0
5998-VVEJY,YES,MALE,0,NO,NO,26,YES,YES,FIBER OPTIC,NO,NO,NO,YES,NO,NO,MONTH-TO-MONTH,YES,ELECTRONIC CHECK,80.5,2088.8,2.6445466491458607,1
5999-LCXAO,NO,FEMALE,0,NO,NO,1,NO,NO,DSL,YES,NO,NO,NO,NO,NO,MONTH-TO-MONTH,NO,MAILED CHECK,29.9,29.9,0.9822601839684625,0
6000-APYLU,YES,MALE,0,NO,NO,9,YES,NO,FIBER OPTIC,NO,NO,NO,NO,NO,YES,MONTH-TO-MONTH,YES,ELECTRONIC CHECK,80.8,713.1,2.654402102496715,1
6000-UKLWI,NO,MALE,0,NO,NO,41,YES,NO,NO,NO,NO,NO,NO,NO,NO,TWO YEAR,NO,MAILED CHECK,20.15,802.35,0.6619579500657029,0
6005-OBZPH,YES,FEMALE,1,NO,NO,26,YES,YES,FIBER OPTIC,NO,YES,NO,NO,YES,NO,MONTH-TO-MONTH,YES,ELECTRONIC CHECK,89.15,2277.65,2.928712220762155,1
6007-TCTST,NO,FEMALE,0,YES,YES,72,YES,YES,FIBER OPTIC,YES,YES,YES,YES,YES,YES,TWO YEAR,YES,BANK TRANSFER (AUTOMATIC),115.8,8476.5,3.8042049934296975,0
6008-NAIXK,NO,MALE,1,NO,NO,54,NO,NO,DSL,NO,YES,YES,NO,YES,YES,ONE YEAR,YES,ELECTRONIC CHECK,55.45,2966.95,1.8216162943495402,0
6010-DDPPW,NO,MALE,0,YES,NO,70,YES,YES,NO,NO,NO,NO,NO,NO,NO,TWO YEAR,NO,BANK TRANSFER (AUTOMATIC),25.15,1940.85,0.826215505913272,0
6013-BHCAW,NO,MALE,0,YES,YES,61,YES,YES,DSL,NO,NO,YES,YES,YES,YES,TWO YEAR,YES,BANK TRANSFER (AUTOMATIC),81.0,4976.15,2.6609724047306176,0
6015-VVHHE,YES,FEMALE,1,NO,NO,5,YES,YES,FIBER OPTIC,NO,NO,NO,NO,YES,NO,MONTH-TO-MONTH,YES,CREDIT CARD (AUTOMATIC),83.15,446.05,2.7316031537450725,1
6016-LVTJQ,NO,FEMALE,0,YES,YES,34,YES,NO,NO,NO,NO,NO,NO,NO,NO,MONTH-TO-MONTH,NO,MAILED CHECK,20.65,716.4,0.6783837056504598,0
6016-NXBNJ,NO,MALE,0,NO,NO,35,YES,NO,NO,NO,NO,NO,NO,NO,NO,ONE YEAR,YES,MAILED CHECK,19.15,638.0,0.6291064388961891,0
6017-PPLPX,YES,MALE,0,YES,YES,20,YES,NO,FIBER OPTIC,NO,NO,NO,NO,NO,NO,MONTH-TO-MONTH,YES,ELECTRONIC CHECK,70.45,1470.95,2.314388961892247,1
6022-KOUQO,NO,FEMALE,0,YES,YES,2,NO,NO,DSL,NO,NO,NO,YES,NO,NO,MONTH-TO-MONTH,NO,BANK TRANSFER (AUTOMATIC),29.05,44.75,0.9543363994743758,0
6022-UGGSO,YES,FEMALE,1,NO,NO,32,YES,NO,FIBER OPTIC,NO,YES,NO,NO,NO,NO,MONTH-TO-MONTH,YES,ELECTRONIC CHECK,74.4,2276.95,2.4441524310118266,1
6023-GSSXW,NO,FEMALE,0,YES,NO,69,YES,NO,DSL,NO,YES,NO,NO,NO,YES,TWO YEAR,YES,CREDIT CARD (AUTOMATIC),61.45,4131.2,2.0187253613666227,0
6023-YEBUP,YES,MALE,0,NO,NO,3,YES,YES,FIBER OPTIC,NO,NO,YES,NO,YES,YES,MONTH-TO-MONTH,YES,ELECTRONIC CHECK,100.95,329.95,3.316360052562418,1
6024-RUGGH,NO,MALE,0,YES,YES,72,YES,YES,NO,NO,NO,NO,NO,NO,NO,TWO YEAR,YES,BANK TRANSFER (AUTOMATIC),25.2,1798.9,0.8278580814717477,0
6029-CSMJE,NO,MALE,0,NO,NO,17,NO,NO,DSL,NO,NO,NO,NO,NO,NO,MONTH-TO-MONTH,YES,MAILED CHECK,25.65,440.2,0.8426412614980289,0
6029-WTIPC,YES,MALE,1,NO,NO,37,YES,YES,FIBER OPTIC,NO,NO,YES,NO,YES,YES,MONTH-TO-MONTH,YES,ELECTRONIC CHECK,101.1,3744.05,3.321287779237845,1
6030-REHUX,NO,FEMALE,1,YES,NO,28,YES,YES,FIBER OPTIC,NO,YES,YES,YES,YES,YES,MONTH-TO-MONTH,YES,ELECTRONIC CHECK,110.85,3204.4,3.641590013140604,0
6032-IGALN,YES,FEMALE,0,NO,NO,1,NO,NO,DSL,NO,NO,NO,NO,NO,NO,MONTH-TO-MONTH,YES,MAILED CHECK,25.1,25.1,0.8245729303547963,1
6032-KRXXO,YES,MALE,0,NO,NO,30,YES,NO,FIBER OPTIC,NO,NO,NO,NO,YES,YES,MONTH-TO-MONTH,YES,ELECTRONIC CHECK,90.25,2755.35,2.96484888304862,1
6034-YMTOB,NO,FEMALE,0,NO,NO,5,YES,NO,FIBER OPTIC,NO,NO,NO,YES,NO,NO,MONTH-TO-MONTH,YES,MAILED CHECK,75.65,399.45,2.485216819973719,0
6034-ZRYCV,YES,FEMALE,0,YES,NO,72,NO,NO,DSL,NO,YES,YES,NO,YES,YES,TWO YEAR,YES,ELECTRONIC CHECK,54.2,3937.45,1.780551905387648,1
6035-BXTTY,NO,FEMALE,1,NO,NO,32,YES,NO,DSL,NO,YES,NO,YES,NO,NO,MONTH-TO-MONTH,NO,BANK TRANSFER (AUTOMATIC),54.65,1830.1,1.795335085413929,0
6035-RIIOM,NO,FEMALE,0,NO,NO,54,YES,YES,FIBER OPTIC,NO,YES,NO,NO,YES,YES,TWO YEAR,YES,BANK TRANSFER (AUTOMATIC),97.2,5129.45,3.193166885676741,0
6036-TTFYU,NO,FEMALE,0,YES,NO,16,YES,NO,NO,NO,NO,NO,NO,NO,NO,MONTH-TO-MONTH,NO,MAILED CHECK,19.6,314.45,0.6438896189224704,0
6038-GCYEC,YES,FEMALE,0,NO,NO,24,NO,NO,DSL,NO,YES,YES,NO,YES,YES,MONTH-TO-MONTH,YES,CREDIT CARD (AUTOMATIC),54.15,1240.25,1.778909329829172,1
6040-CGACY,NO,FEMALE,0,NO,NO,15,YES,NO,NO,NO,NO,NO,NO,NO,NO,MONTH-TO-MONTH,NO,MAILED CHECK,19.6,299.4,0.6438896189224704,0
6047-SUHPR,NO,MALE,0,YES,YES,39,YES,NO,DSL,YES,YES,YES,NO,NO,NO,ONE YEAR,NO,ELECTRONIC CHECK,59.8,2343.85,1.964520367936925,0
6047-YHPVI,YES,MALE,0,NO,NO,5,YES,NO,FIBER OPTIC,NO,NO,NO,NO,NO,NO,MONTH-TO-MONTH,YES,ELECTRONIC CHECK,69.7,316.9,2.2897503285151117,1
6048-NJXHX,NO,MALE,0,YES,NO,41,YES,NO,NO,NO,NO,NO,NO,NO,NO,TWO YEAR,YES,ELECTRONIC CHECK,19.75,899.45,0.6488173455978975,0
6048-QBXKL,NO,FEMALE,1,NO,NO,2,YES,YES,DSL,NO,YES,NO,NO,NO,NO,MONTH-TO-MONTH,YES,CREDIT CARD (AUTOMATIC),56.55,118.25,1.8577529566360051,0
6048-UWKAL,NO,FEMALE,1,YES,NO,69,YES,YES,FIBER OPTIC,NO,YES,NO,YES,YES,YES,TWO YEAR,NO,CREDIT CARD (AUTOMATIC),105.4,6998.95,3.462549277266754,0
6050-FFXES,NO,FEMALE,0,YES,NO,69,YES,YES,FIBER OPTIC,NO,NO,YES,YES,YES,YES,TWO YEAR,NO,BANK TRANSFER (AUTOMATIC),105.35,7240.65,3.460906701708278,0
6050-IJRHS,NO,FEMALE,0,YES,YES,70,YES,YES,FIBER OPTIC,NO,YES,YES,NO,YES,YES,ONE YEAR,YES,ELECTRONIC CHECK,106.5,7397.0,3.4986859395532193,0
6051-PTVNS,NO,FEMALE,0,YES,YES,55,YES,NO,NO,NO,NO,NO,NO,NO,NO,ONE YEAR,NO,CREDIT CARD (AUTOMATIC),19.15,998.1,0.6291064388961891,0
6060-DRTNL,YES,FEMALE,1,NO,NO,5,YES,NO,FIBER OPTIC,NO,NO,YES,NO,YES,NO,MONTH-TO-MONTH,YES,MAILED CHECK,84.85,415.55,2.7874507227332455,1
6060-QBMGV,NO,MALE,0,YES,NO,70,YES,NO,NO,NO,NO,NO,NO,NO,NO,TWO YEAR,NO,CREDIT CARD (AUTOMATIC),19.85,1433.8,0.6521024967148489,0
6061-GWWAV,NO,MALE,0,NO,YES,41,YES,NO,DSL,YES,YES,YES,NO,YES,NO,ONE YEAR,NO,MAILED CHECK,70.2,2894.55,2.3061760840998686,0
6061-PQHMK,NO,FEMALE,0,NO,NO,25,YES,NO,NO,NO,NO,NO,NO,NO,NO,ONE YEAR,NO,CREDIT CARD (AUTOMATIC),19.9,527.5,0.6537450722733245,0
6064-PUPMC,NO,MALE,0,YES,YES,23,YES,NO,DSL,YES,NO,NO,YES,NO,NO,ONE YEAR,NO,CREDIT CARD (AUTOMATIC),57.2,1423.35,1.8791064388961893,0
6064-ZATLR,NO,FEMALE,0,NO,NO,27,YES,NO,DSL,YES,YES,NO,NO,NO,NO,TWO YEAR,NO,BANK TRANSFER (AUTOMATIC),52.85,1498.65,1.7362023653088041,0
6067-NGCEU,NO,FEMALE,0,NO,NO,65,YES,YES,FIBER OPTIC,YES,YES,YES,NO,YES,YES,MONTH-TO-MONTH,YES,CREDIT CARD (AUTOMATIC),111.05,7107.0,3.648160315374507,0
6072-NUQCB,NO,MALE,0,YES,YES,22,YES,NO,NO,NO,NO,NO,NO,NO,NO,ONE YEAR,NO,BANK TRANSFER (AUTOMATIC),20.25,488.25,0.6652431011826544,0
6075-QMNRR,NO,FEMALE,0,NO,NO,52,YES,NO,DSL,YES,NO,NO,NO,NO,NO,MONTH-TO-MONTH,YES,BANK TRANSFER (AUTOMATIC),49.75,2535.55,1.6343626806833114,0
6075-SLNIL,NO,MALE,0,NO,NO,38,YES,YES,FIBER OPTIC,NO,YES,YES,NO,NO,YES,MONTH-TO-MONTH,YES,CREDIT CARD (AUTOMATIC),95.1,3691.2,3.124178712220762,0
6077-BDPXA,NO,FEMALE,0,NO,NO,3,YES,NO,FIBER OPTIC,NO,NO,NO,NO,NO,NO,MONTH-TO-MONTH,YES,ELECTRONIC CHECK,70.15,194.2,2.304533508541393,0
6078-VESFR,NO,MALE,1,YES,NO,13,YES,NO,FIBER OPTIC,NO,NO,NO,NO,NO,NO,MONTH-TO-MONTH,NO,BANK TRANSFER (AUTOMATIC),70.45,849.1,2.314388961892247,0
6080-LNESI,NO,MALE,0,NO,NO,51,YES,YES,NO,NO,NO,NO,NO,NO,NO,TWO YEAR,NO,MAILED CHECK,24.75,1234.6,0.8130749014454665,0
6080-TCMYC,NO,MALE,0,YES,YES,40,YES,YES,FIBER OPTIC,NO,NO,YES,NO,NO,NO,MONTH-TO-MONTH,YES,ELECTRONIC CHECK,81.2,3292.3,2.6675427069645203,0
6082-GLJIX,NO,MALE,0,NO,NO,18,YES,NO,NO,NO,NO,NO,NO,NO,NO,MONTH-TO-MONTH,NO,MAILED CHECK,19.25,331.35,0.6323915900131406,0
6082-OQFBA,NO,MALE,0,YES,YES,23,YES,NO,NO,NO,NO,NO,NO,NO,NO,ONE YEAR,NO,MAILED CHECK,19.65,436.9,0.645532194480946,0
6086-ESGRL,YES,FEMALE,0,NO,NO,1,YES,NO,FIBER OPTIC,NO,NO,NO,NO,NO,YES,MONTH-TO-MONTH,NO,CREDIT CARD (AUTOMATIC),80.15,80.15,2.633048620236531,1
6087-MVHJH,YES,FEMALE,0,NO,NO,16,YES,YES,FIBER OPTIC,NO,NO,YES,NO,NO,YES,MONTH-TO-MONTH,YES,ELECTRONIC CHECK,88.45,1422.1,2.9057161629434956,1
6087-YPWHO,NO,MALE,0,YES,NO,72,YES,YES,DSL,YES,YES,YES,YES,NO,NO,TWO YEAR,NO,MAILED CHECK,68.15,4808.7,2.2388304862023656,0
6088-BXMRG,NO,FEMALE,0,YES,YES,32,YES,YES,FIBER OPTIC,NO,YES,NO,NO,YES,YES,MONTH-TO-MONTH,YES,ELECTRONIC CHECK,98.85,3089.6,3.2473718791064385,0
6092-QZVPP,NO,MALE,0,NO,NO,36,YES,NO,DSL,YES,NO,YES,YES,YES,YES,MONTH-TO-MONTH,YES,CREDIT CARD (AUTOMATIC),79.2,2854.95,2.6018396846254928,0
6094-ZIVKX,NO,FEMALE,0,NO,NO,68,YES,NO,DSL,YES,NO,YES,NO,NO,NO,ONE YEAR,YES,CREDIT CARD (AUTOMATIC),54.45,3674.95,1.7887647831800264,0
6096-EGVTU,NO,FEMALE,0,YES,YES,64,YES,YES,NO,NO,NO,NO,NO,NO,NO,ONE YEAR,NO,MAILED CHECK,24.9,1595.5,0.8180026281208935,0
6097-EQISJ,YES,FEMALE,0,YES,YES,66,YES,YES,FIBER OPTIC,NO,YES,YES,NO,YES,YES,ONE YEAR,YES,CREDIT CARD (AUTOMATIC),102.45,6615.15,3.3656373193166886,1
6100-FJZDG,NO,MALE,0,YES,YES,26,YES,NO,NO,NO,NO,NO,NO,NO,NO,ONE YEAR,YES,BANK TRANSFER (AUTOMATIC),20.05,505.9,0.6586727989487516,0
6100-QQHEB,YES,MALE,0,YES,YES,17,YES,YES,FIBER OPTIC,NO,NO,NO,NO,YES,YES,MONTH-TO-MONTH,YES,ELECTRONIC CHECK,92.55,1515.1,3.0404073587385017,1
6101-IMRMM,YES,MALE,0,NO,YES,6,YES,NO,FIBER OPTIC,NO,NO,YES,NO,YES,YES,MONTH-TO-MONTH,NO,MAILED CHECK,94.5,575.45,3.1044678055190538,1
6103-BOCOU,NO,FEMALE,0,NO,NO,26,YES,YES,FIBER OPTIC,NO,NO,YES,NO,NO,NO,MONTH-TO-MONTH,YES,ELECTRONIC CHECK,80.7,2193.0,2.6511169513797634,0
6103-LIANB,NO,MALE,0,YES,YES,59,YES,YES,FIBER OPTIC,NO,NO,YES,NO,YES,YES,TWO YEAR,YES,CREDIT CARD (AUTOMATIC),99.5,5861.75,3.2687253613666227,0
6103-QCKFX,NO,FEMALE,0,YES,YES,44,YES,NO,DSL,YES,NO,NO,YES,NO,NO,MONTH-TO-MONTH,NO,BANK TRANSFER (AUTOMATIC),56.25,2419.55,1.847897503285151,0
6108-OQZDQ,YES,FEMALE,0,YES,YES,4,YES,YES,FIBER OPTIC,NO,YES,NO,NO,YES,YES,MONTH-TO-MONTH,YES,ELECTRONIC CHECK,97.95,384.5,3.2178055190538766,1
6110-OHIHY,YES,MALE,0,NO,NO,3,YES,NO,FIBER OPTIC,NO,NO,NO,NO,YES,NO,MONTH-TO-MONTH,NO,ELECTRONIC CHECK,79.25,267.6,2.6034822601839682,1
6112-KTHFQ,NO,FEMALE,0,NO,NO,13,YES,NO,NO,NO,NO,NO,NO,NO,NO,MONTH-TO-MONTH,YES,MAILED CHECK,19.3,279.3,0.6340341655716163,0
6114-TCFID,NO,FEMALE,0,NO,NO,29,NO,NO,DSL,YES,YES,NO,YES,NO,NO,ONE YEAR,NO,CREDIT CARD (AUTOMATIC),39.5,1082.75,1.297634691195795,0
6115-ZTBFQ,NO,FEMALE,0,YES,NO,72,NO,NO,DSL,YES,YES,YES,YES,YES,YES,TWO YEAR,NO,BANK TRANSFER (AUTOMATIC),65.5,4919.7,2.151773981603154,0
6116-RFVHN,NO,FEMALE,0,YES,NO,34,YES,YES,FIBER OPTIC,NO,NO,YES,NO,YES,YES,MONTH-TO-MONTH,YES,ELECTRONIC CHECK,100.45,3414.65,3.299934296977661,0
6119-SPUDB,NO,MALE,0,NO,NO,46,NO,NO,DSL,YES,NO,YES,YES,NO,NO,TWO YEAR,NO,MAILED CHECK,38.25,1755.35,1.2565703022339028,0
6120-RJKLU,NO,FEMALE,1,YES,NO,62,YES,NO,DSL,YES,NO,YES,YES,YES,YES,TWO YEAR,YES,CREDIT CARD (AUTOMATIC),79.95,4819.75,2.6264783180026283,0
6121-TNHBO,NO,FEMALE,1,NO,NO,63,YES,YES,DSL,YES,YES,YES,YES,YES,NO,ONE YEAR,NO,BANK TRANSFER (AUTOMATIC),83.0,5243.05,2.726675427069645,0
6121-VZNQB,YES,FEMALE,0,NO,NO,1,YES,NO,NO,NO,NO,NO,NO,NO,NO,MONTH-TO-MONTH,YES,MAILED CHECK,19.1,19.1,0.6274638633377135,1
6122-EFVKN,NO,MALE,0,NO,YES,24,NO,NO,DSL,YES,NO,NO,YES,NO,NO,TWO YEAR,NO,MAILED CHECK,35.75,830.8,1.1744415243101183,0
6122-LJADA,NO,MALE,0,YES,YES,70,YES,YES,DSL,YES,YES,YES,YES,YES,YES,TWO YEAR,YES,CREDIT CARD (AUTOMATIC),90.15,6237.05,2.961563731931669,0
6124-ACRHJ,NO,FEMALE,0,NO,NO,1,YES,NO,NO,NO,NO,NO,NO,NO,NO,MONTH-TO-MONTH,NO,MAILED CHECK,19.75,19.75,0.6488173455978975,0
6127-ISGTU,YES,FEMALE,0,YES,NO,16,YES,YES,FIBER OPTIC,NO,NO,NO,NO,YES,NO,MONTH-TO-MONTH,YES,ELECTRONIC CHECK,84.95,1378.25,2.7907358738501973,1
6127-IYJOZ,NO,MALE,1,NO,NO,1,YES,NO,DSL,NO,NO,NO,NO,NO,NO,MONTH-TO-MONTH,YES,MAILED CHECK,45.85,45.85,1.5062417871222076,0
6128-AQBMT,NO,MALE,1,YES,NO,41,NO,NO,DSL,NO,YES,YES,NO,YES,YES,MONTH-TO-MONTH,YES,ELECTRONIC CHECK,53.95,2215.4,1.7723390275952695,0
6128-CZOMY,YES,FEMALE,0,NO,NO,1,YES,NO,DSL,NO,NO,NO,NO,NO,NO,MONTH-TO-MONTH,YES,ELECTRONIC CHECK,45.65,45.65,1.4996714848883048,1
6128-DAFVY,NO,FEMALE,0,NO,NO,56,NO,NO,DSL,NO,NO,NO,NO,YES,YES,MONTH-TO-MONTH,YES,CREDIT CARD (AUTOMATIC),44.85,2564.95,1.4733902759526938,0
6131-FOYAS,NO,MALE,0,NO,NO,35,YES,YES,DSL,YES,NO,YES,NO,NO,NO,MONTH-TO-MONTH,YES,ELECTRONIC CHECK,59.6,2094.9,1.9579500657030222,0
6131-IUNXN,NO,FEMALE,0,YES,YES,19,YES,NO,NO,NO,NO,NO,NO,NO,NO,MONTH-TO-MONTH,NO,MAILED CHECK,20.2,382.2,0.6636005256241787,0
6131-JLWZM,NO,FEMALE,0,NO,NO,13,YES,NO,NO,NO,NO,NO,NO,NO,NO,MONTH-TO-MONTH,YES,MAILED CHECK,20.3,275.4,0.6668856767411301,0
6133-OZILE,NO,FEMALE,0,NO,NO,18,NO,NO,DSL,NO,NO,YES,YES,NO,NO,MONTH-TO-MONTH,YES,ELECTRONIC CHECK,35.2,607.3,1.1563731931668857,0
6134-KWTBV,NO,MALE,0,NO,NO,62,YES,YES,NO,NO,NO,NO,NO,NO,NO,TWO YEAR,NO,BANK TRANSFER (AUTOMATIC),23.4,1429.65,0.7687253613666228,0
6135-OZQVA,NO,FEMALE,0,NO,NO,7,YES,YES,DSL,YES,NO,NO,NO,NO,NO,MONTH-TO-MONTH,YES,ELECTRONIC CHECK,53.65,404.35,1.7624835742444152,0
6137-MFAJN,NO,FEMALE,0,NO,NO,48,NO,NO,DSL,YES,YES,NO,NO,YES,NO,MONTH-TO-MONTH,YES,ELECTRONIC CHECK,44.8,2104.55,1.4717477003942179,0
6137-NICCO,NO,FEMALE,0,YES,YES,6,YES,YES,FIBER OPTIC,NO,YES,YES,NO,YES,NO,MONTH-TO-MONTH,YES,MAILED CHECK,94.05,518.75,3.0896846254927723,0
6139-ZZRBQ,NO,MALE,1,NO,NO,64,YES,NO,NO,NO,NO,NO,NO,NO,NO,TWO YEAR,YES,BANK TRANSFER (AUTOMATIC),20.05,1198.05,0.6586727989487516,0
6140-QNRQQ,YES,MALE,0,NO,NO,1,YES,NO,FIBER OPTIC,NO,NO,NO,NO,NO,NO,MONTH-TO-MONTH,YES,MAILED CHECK,71.55,71.55,2.350525624178712,1
6141-OOXUQ,YES,MALE,0,NO,NO,1,YES,NO,NO,NO,NO,NO,NO,NO,NO,MONTH-TO-MONTH,NO,MAILED CHECK,19.65,19.65,0.645532194480946,1
6142-VSJQO,YES,FEMALE,0,YES,YES,1,YES,NO,DSL,NO,NO,NO,NO,NO,NO,MONTH-TO-MONTH,YES,BANK TRANSFER (AUTOMATIC),44.35,44.35,1.4569645203679369,1
6143-JQKEA,NO,MALE,0,NO,NO,10,YES,NO,DSL,NO,NO,NO,NO,NO,NO,MONTH-TO-MONTH,YES,CREDIT CARD (AUTOMATIC),45.8,436.2,1.5045992115637317,0
6145-NNPNO,NO,FEMALE,0,NO,NO,1,YES,NO,DSL,NO,NO,NO,NO,NO,NO,MONTH-TO-MONTH,NO,BANK TRANSFER (AUTOMATIC),44.15,44.15,1.4503942181340341,0
6147-CBCRA,NO,FEMALE,0,YES,NO,33,YES,NO,NO,NO,NO,NO,NO,NO,NO,MONTH-TO-MONTH,NO,MAILED CHECK,20.05,669.45,0.6586727989487516,0
6152-ONASV,NO,FEMALE,0,YES,NO,68,YES,YES,DSL,YES,NO,NO,YES,NO,NO,ONE YEAR,NO,BANK TRANSFER (AUTOMATIC),58.25,3975.7,1.9136005256241786,0
6156-UZDLF,NO,FEMALE,0,NO,NO,26,YES,NO,FIBER OPTIC,YES,NO,YES,YES,NO,NO,ONE YEAR,YES,CREDIT CARD (AUTOMATIC),87.15,2274.1,2.8630091984231276,0
6158-DWPZT,YES,MALE,0,YES,NO,9,NO,NO,DSL,NO,NO,NO,NO,NO,NO,ONE YEAR,NO,BANK TRANSFER (AUTOMATIC),24.1,259.8,0.7917214191852825,1
6158-HDPXZ,NO,MALE,0,NO,NO,1,NO,NO,DSL,NO,NO,NO,NO,NO,NO,MONTH-TO-MONTH,NO,MAILED CHECK,25.35,25.35,0.8327858081471747,0
6161-ERDGD,NO,MALE,0,YES,YES,71,YES,YES,DSL,YES,NO,YES,YES,YES,YES,ONE YEAR,NO,ELECTRONIC CHECK,85.45,6300.85,2.807161629434954,0
6161-UUUTA,YES,MALE,1,NO,NO,3,YES,NO,FIBER OPTIC,NO,NO,NO,NO,YES,NO,MONTH-TO-MONTH,YES,ELECTRONIC CHECK,79.9,260.9,2.6248357424441524,1
6164-HAQTX,NO,MALE,0,NO,NO,71,NO,NO,DSL,YES,YES,YES,YES,YES,NO,TWO YEAR,NO,BANK TRANSFER (AUTOMATIC),53.95,3888.65,1.7723390275952695,0
6164-HXUGH,NO,FEMALE,0,YES,YES,6,YES,NO,NO,NO,NO,NO,NO,NO,NO,MONTH-TO-MONTH,NO,MAILED CHECK,19.85,119.3,0.6521024967148489,0
6166-ILMNY,YES,FEMALE,0,NO,NO,2,YES,NO,FIBER OPTIC,NO,NO,NO,NO,NO,NO,MONTH-TO-MONTH,NO,BANK TRANSFER (AUTOMATIC),69.75,144.55,2.291392904073587,1
6166-YIPFO,NO,MALE,0,YES,NO,72,NO,NO,DSL,YES,YES,YES,YES,YES,YES,TWO YEAR,YES,ELECTRONIC CHECK,64.7,4746.05,2.1254927726675428,0
6168-WFVVF,YES,FEMALE,1,NO,NO,3,YES,NO,FIBER OPTIC,NO,NO,NO,NO,NO,NO,MONTH-TO-MONTH,YES,ELECTRONIC CHECK,70.3,235.5,2.3094612352168196,1
6168-YBYNP,NO,MALE,0,NO,NO,59,YES,YES,FIBER OPTIC,NO,YES,YES,YES,YES,YES,MONTH-TO-MONTH,YES,ELECTRONIC CHECK,111.35,6519.75,3.658015768725361,0
6169-PGNCD,NO,FEMALE,0,NO,NO,57,YES,NO,DSL,YES,YES,YES,YES,YES,NO,TWO YEAR,YES,CREDIT CARD (AUTOMATIC),74.3,4166.35,2.440867279894875,0
6169-PPETC,NO,MALE,0,YES,YES,35,YES,NO,NO,NO,NO,NO,NO,NO,NO,TWO YEAR,NO,BANK TRANSFER (AUTOMATIC),20.5,759.35,0.6734559789750328,0
6171-ZTVYB,NO,MALE,0,YES,NO,43,YES,YES,DSL,YES,YES,NO,YES,NO,NO,MONTH-TO-MONTH,NO,BANK TRANSFER (AUTOMATIC),66.25,2907.35,2.176412614980289,0
6172-FECYY,YES,MALE,0,YES,YES,49,YES,YES,FIBER OPTIC,NO,NO,NO,NO,YES,NO,MONTH-TO-MONTH,NO,ELECTRONIC CHECK,84.5,4254.85,2.775952693823916,1
6173-GOLSU,NO,MALE,1,YES,NO,67,YES,YES,FIBER OPTIC,NO,NO,NO,NO,YES,YES,MONTH-TO-MONTH,YES,CREDIT CARD (AUTOMATIC),94.65,6079.0,3.109395532194481,0
6173-ITPWD,YES,MALE,0,YES,NO,47,YES,YES,FIBER OPTIC,NO,YES,YES,NO,NO,NO,MONTH-TO-MONTH,YES,BANK TRANSFER (AUTOMATIC),83.35,4065.0,2.7381734559789748,1
6174-NRBTZ,NO,MALE,0,NO,NO,46,NO,NO,DSL,YES,NO,NO,NO,NO,NO,ONE YEAR,YES,BANK TRANSFER (AUTOMATIC),30.75,1489.3,1.0101839684625493,0
6175-IRFIT,NO,MALE,0,NO,NO,5,YES,NO,FIBER OPTIC,NO,NO,NO,NO,NO,YES,MONTH-TO-MONTH,NO,MAILED CHECK,78.75,426.35,2.5870565045992113,0
6176-YJWAS,NO,MALE,0,YES,NO,72,YES,YES,FIBER OPTIC,YES,YES,YES,NO,YES,NO,TWO YEAR,YES,CREDIT CARD (AUTOMATIC),97.95,7114.25,3.2178055190538766,0
6177-PEVRA,NO,FEMALE,0,NO,NO,48,YES,NO,DSL,YES,YES,NO,NO,NO,NO,TWO YEAR,NO,CREDIT CARD (AUTOMATIC),55.5,2627.35,1.8232588699080157,0
6178-KFNHS,YES,FEMALE,0,NO,YES,12,YES,YES,FIBER OPTIC,YES,NO,NO,NO,NO,NO,MONTH-TO-MONTH,YES,ELECTRONIC CHECK,78.3,909.25,2.5722733245729303,1
6179-GJPSO,YES,FEMALE,1,NO,NO,43,YES,NO,FIBER OPTIC,YES,YES,NO,YES,YES,YES,MONTH-TO-MONTH,YES,CREDIT CARD (AUTOMATIC),108.15,4600.7,3.5528909329829172,1
6180-YBIQI,NO,MALE,0,NO,NO,5,NO,NO,DSL,NO,NO,NO,NO,NO,NO,MONTH-TO-MONTH,NO,MAILED CHECK,24.3,100.2,0.7982917214191853,0
6181-AXXYF,NO,MALE,0,YES,YES,72,YES,YES,NO,NO,NO,NO,NO,NO,NO,TWO YEAR,NO,CREDIT CARD (AUTOMATIC),24.75,1859.1,0.8130749014454665,0
6184-DYUOB,NO,FEMALE,0,YES,NO,3,YES,NO,NO,NO,NO,NO,NO,NO,NO,MONTH-TO-MONTH,YES,MAILED CHECK,19.6,55.25,0.6438896189224704,0
6185-TASNN,NO,MALE,1,NO,NO,1,YES,NO,DSL,NO,NO,NO,NO,NO,NO,MONTH-TO-MONTH,NO,ELECTRONIC CHECK,46.3,46.3,1.5210249671484888,0
6188-UXBBR,NO,FEMALE,0,YES,NO,38,YES,NO,NO,NO,NO,NO,NO,NO,NO,ONE YEAR,YES,CREDIT CARD (AUTOMATIC),20.25,814.75,0.6652431011826544,0
6194-HBGQN,NO,MALE,0,NO,NO,51,YES,YES,DSL,YES,YES,YES,YES,YES,NO,ONE YEAR,YES,CREDIT CARD (AUTOMATIC),81.15,4126.2,2.665900131406045,0
6195-MELTI,NO,MALE,0,NO,NO,57,YES,NO,DSL,NO,YES,NO,YES,NO,NO,ONE YEAR,YES,MAILED CHECK,54.65,3134.7,1.795335085413929,0
6196-HBOBZ,NO,MALE,0,YES,NO,65,YES,YES,FIBER OPTIC,YES,YES,YES,NO,YES,NO,TWO YEAR,YES,ELECTRONIC CHECK,99.35,6347.55,3.2637976346911954,0
6198-PNNSZ,NO,FEMALE,0,YES,NO,56,YES,YES,FIBER OPTIC,YES,YES,YES,NO,YES,YES,ONE YEAR,NO,BANK TRANSFER (AUTOMATIC),109.8,6109.65,3.607095926412615,0
6198-RTPMF,NO,FEMALE,0,YES,NO,17,YES,YES,FIBER OPTIC,NO,NO,NO,NO,YES,YES,MONTH-TO-MONTH,NO,ELECTRONIC CHECK,92.6,1579.7,3.0420499342969776,0
6198-ZFIOJ,NO,FEMALE,0,NO,NO,5,YES,YES,FIBER OPTIC,NO,NO,NO,NO,NO,NO,MONTH-TO-MONTH,NO,ELECTRONIC CHECK,75.6,402.5,2.4835742444152427,0
6199-IPCAO,NO,FEMALE,0,YES,YES,29,YES,YES,NO,NO,NO,NO,NO,NO,NO,TWO YEAR,NO,MAILED CHECK,26.1,692.55,0.8574244415243101,0
6199-IWKGC,NO,FEMALE,1,YES,NO,46,YES,YES,FIBER OPTIC,NO,NO,NO,YES,YES,YES,ONE YEAR,NO,ELECTRONIC CHECK,100.25,4753.85,3.2933639947437583,0
6202-DYYFX,NO,FEMALE,0,NO,NO,22,YES,YES,FIBER OPTIC,NO,NO,NO,NO,NO,NO,ONE YEAR,YES,CREDIT CARD (AUTOMATIC),76.0,1783.6,2.4967148488830486,0
6202-JVYEU,NO,MALE,0,NO,NO,9,YES,NO,NO,NO,NO,NO,NO,NO,NO,ONE YEAR,YES,ELECTRONIC CHECK,19.9,164.6,0.6537450722733245,0
6203-HBZPA,NO,MALE,0,NO,NO,52,NO,NO,DSL,YES,YES,YES,YES,YES,YES,TWO YEAR,NO,CREDIT CARD (AUTOMATIC),63.9,3334.95,2.0992115637319317,0
6204-IEUXJ,YES,FEMALE,0,NO,NO,3,YES,NO,FIBER OPTIC,NO,NO,YES,YES,NO,NO,MONTH-TO-MONTH,NO,CREDIT CARD (AUTOMATIC),80.1,217.55,2.6314060446780547,1
6207-WIOLX,YES,FEMALE,0,YES,YES,25,NO,NO,DSL,YES,YES,YES,NO,YES,YES,MONTH-TO-MONTH,YES,CREDIT CARD (AUTOMATIC),58.6,1502.65,1.9250985545335084,1
6210-KBBPI,YES,MALE,1,NO,NO,9,YES,YES,FIBER OPTIC,NO,YES,NO,NO,YES,YES,MONTH-TO-MONTH,YES,CREDIT CARD (AUTOMATIC),99.45,919.4,3.2670827858081473,1
6211-WHMYA,NO,FEMALE,1,NO,NO,64,NO,NO,DSL,NO,YES,NO,YES,YES,NO,MONTH-TO-MONTH,YES,ELECTRONIC CHECK,43.85,2751.0,1.44053876478318,0
6211-WWLTF,NO,MALE,0,YES,NO,63,YES,NO,FIBER OPTIC,YES,NO,YES,NO,YES,YES,TWO YEAR,NO,CREDIT CARD (AUTOMATIC),99.7,6330.4,3.2752956636005255,0
6212-ATMLK,NO,FEMALE,0,NO,NO,50,YES,YES,FIBER OPTIC,NO,NO,NO,NO,YES,YES,MONTH-TO-MONTH,YES,ELECTRONIC CHECK,95.7,4729.75,3.1438896189224703,0
6214-EDAKZ,YES,FEMALE,0,YES,YES,22,YES,NO,DSL,NO,YES,NO,YES,NO,NO,MONTH-TO-MONTH,NO,ELECTRONIC CHECK,55.15,1206.05,1.8117608409986858,1
6215-NQCPY,NO,MALE,0,NO,NO,15,YES,YES,FIBER OPTIC,YES,NO,NO,NO,YES,YES,MONTH-TO-MONTH,YES,ELECTRONIC CHECK,99.7,1566.75,3.2752956636005255,0
6217-KDYWC,NO,MALE,0,NO,YES,57,YES,NO,NO,NO,NO,NO,NO,NO,NO,TWO YEAR,YES,MAILED CHECK,19.6,1170.55,0.6438896189224704,0
6217-TOWGS,NO,FEMALE,0,YES,NO,17,YES,YES,DSL,NO,YES,NO,NO,YES,YES,MONTH-TO-MONTH,YES,BANK TRANSFER (AUTOMATIC),75.4,1322.55,2.4770039421813403,0
6218-KNUBD,NO,MALE,0,NO,NO,6,YES,NO,DSL,NO,YES,NO,NO,YES,NO,MONTH-TO-MONTH,NO,ELECTRONIC CHECK,59.45,357.6,1.9530223390275954,0
6221-AVQYL,YES,MALE,0,NO,NO,2,YES,YES,FIBER OPTIC,NO,NO,NO,NO,NO,NO,MONTH-TO-MONTH,YES,CREDIT CARD (AUTOMATIC),73.25,131.05,2.4063731931668855,1
6223-DHJGV,NO,FEMALE,0,NO,NO,42,YES,NO,NO,NO,NO,NO,NO,NO,NO,ONE YEAR,YES,MAILED CHECK,20.65,958.1,0.6783837056504598,0
6227-FBDXH,NO,MALE,0,YES,NO,69,YES,YES,FIBER OPTIC,NO,NO,YES,NO,YES,YES,ONE YEAR,NO,BANK TRANSFER (AUTOMATIC),99.5,6841.45,3.2687253613666227,0
6227-HWPWX,YES,FEMALE,0,NO,YES,15,YES,NO,FIBER OPTIC,NO,NO,NO,NO,NO,NO,MONTH-TO-MONTH,NO,BANK TRANSFER (AUTOMATIC),69.0,994.8,2.266754270696452,1
6229-LSCKB,NO,MALE,1,NO,NO,6,YES,NO,FIBER OPTIC,NO,NO,NO,NO,YES,NO,MONTH-TO-MONTH,YES,ELECTRONIC CHECK,79.7,497.6,2.6182654402102497,0
6229-UOLQL,NO,MALE,0,YES,YES,56,NO,NO,DSL,YES,YES,NO,YES,YES,NO,ONE YEAR,YES,MAILED CHECK,52.0,2884.9,1.7082785808147174,0
6230-BSUXY,YES,FEMALE,1,NO,NO,1,YES,NO,FIBER OPTIC,NO,NO,YES,NO,NO,YES,MONTH-TO-MONTH,YES,ELECTRONIC CHECK,85.0,85.0,2.7923784494086727,1
6231-WFGFH,NO,MALE,0,YES,YES,4,YES,NO,NO,NO,NO,NO,NO,NO,NO,MONTH-TO-MONTH,YES,MAILED CHECK,20.5,77.6,0.6734559789750328,0
6233-HXJMX,NO,FEMALE,0,NO,NO,45,YES,YES,FIBER OPTIC,NO,NO,YES,NO,NO,YES,MONTH-TO-MONTH,YES,CREDIT CARD (AUTOMATIC),89.3,4192.15,2.933639947437582,0
6234-PFPXL,NO,MALE,0,YES,NO,22,YES,YES,FIBER OPTIC,YES,NO,NO,YES,YES,NO,MONTH-TO-MONTH,NO,CREDIT CARD (AUTOMATIC),95.9,2234.95,3.150459921156373,0
6234-RAAPL,NO,FEMALE,0,YES,YES,72,YES,YES,FIBER OPTIC,YES,YES,NO,YES,YES,NO,TWO YEAR,NO,BANK TRANSFER (AUTOMATIC),99.9,7251.7,3.2818659658344282,0
6235-VDHOM,YES,FEMALE,1,NO,NO,5,NO,NO,DSL,NO,YES,NO,NO,NO,NO,MONTH-TO-MONTH,NO,ELECTRONIC CHECK,28.45,131.05,0.9346254927726675,1
6240-EURKS,YES,FEMALE,0,NO,YES,18,NO,NO,DSL,NO,NO,NO,NO,NO,YES,MONTH-TO-MONTH,YES,ELECTRONIC CHECK,35.0,553.0,1.149802890932983,1
6242-FEGFD,NO,MALE,0,YES,NO,66,YES,YES,FIBER OPTIC,YES,YES,YES,YES,NO,NO,TWO YEAR,NO,MAILED CHECK,96.6,6424.25,3.1734559789750327,0
6242-MBHPK,NO,FEMALE,1,YES,NO,23,YES,NO,FIBER OPTIC,YES,NO,NO,NO,YES,YES,MONTH-TO-MONTH,YES,ELECTRONIC CHECK,95.1,2326.05,3.124178712220762,0
6242-SGYTS,NO,MALE,0,YES,YES,62,YES,YES,FIBER OPTIC,YES,YES,NO,NO,YES,NO,ONE YEAR,YES,CREDIT CARD (AUTOMATIC),94.95,5791.85,3.119250985545335,0
6243-OZGFH,NO,FEMALE,0,NO,NO,23,NO,NO,DSL,NO,NO,NO,NO,YES,YES,MONTH-TO-MONTH,YES,ELECTRONIC CHECK,44.95,996.85,1.4766754270696452,0
6244-BESBM,NO,MALE,0,YES,YES,69,YES,NO,FIBER OPTIC,NO,NO,NO,YES,YES,YES,TWO YEAR,YES,CREDIT CARD (AUTOMATIC),95.2,6671.7,3.1274638633377134,0
6248-BSHKG,NO,MALE,0,YES,YES,61,YES,NO,NO,NO,NO,NO,NO,NO,NO,ONE YEAR,NO,MAILED CHECK,20.4,1226.45,0.6701708278580814,0
6248-TKCQV,NO,FEMALE,0,YES,YES,70,YES,YES,DSL,YES,NO,NO,YES,YES,YES,TWO YEAR,YES,BANK TRANSFER (AUTOMATIC),80.6,5460.2,2.6478318002628116,0
6250-CGGUN,NO,MALE,0,NO,NO,54,YES,NO,FIBER OPTIC,YES,NO,YES,YES,NO,NO,ONE YEAR,NO,ELECTRONIC CHECK,84.4,4484.05,2.7726675427069645,0
6252-DFGTK,NO,FEMALE,0,YES,NO,37,YES,YES,DSL,YES,NO,YES,YES,NO,NO,ONE YEAR,NO,CREDIT CARD (AUTOMATIC),68.1,2479.25,2.237187910643889,0
6253-GNHWH,NO,FEMALE,0,YES,YES,71,YES,YES,DSL,YES,YES,YES,YES,NO,NO,TWO YEAR,NO,MAILED CHECK,71.1,5224.95,2.3357424441524306,0
6253-WRFHY,NO,MALE,0,YES,YES,13,YES,NO,DSL,NO,NO,NO,NO,YES,YES,ONE YEAR,YES,ELECTRONIC CHECK,64.75,877.35,2.1271353482260182,0
6257-DTAYD,NO,MALE,0,YES,NO,71,YES,YES,FIBER OPTIC,NO,YES,NO,YES,YES,YES,TWO YEAR,YES,CREDIT CARD (AUTOMATIC),104.15,7365.3,3.421484888304862,0
6257-RJOHI,NO,MALE,0,NO,NO,4,YES,NO,DSL,NO,NO,NO,YES,NO,NO,MONTH-TO-MONTH,YES,MAILED CHECK,50.8,202.3,1.6688567674113008,0
6258-NGCNG,NO,MALE,0,NO,NO,7,YES,YES,NO,NO,NO,NO,NO,NO,NO,MONTH-TO-MONTH,NO,MAILED CHECK,23.5,173.0,0.7720105124835742,0
6258-PVZWJ,NO,MALE,0,YES,NO,68,YES,YES,DSL,YES,YES,YES,YES,YES,YES,TWO YEAR,YES,CREDIT CARD (AUTOMATIC),90.8,6302.85,2.9829172141918527,0
6259-WJQLC,NO,MALE,1,NO,NO,32,YES,YES,FIBER OPTIC,NO,NO,YES,NO,NO,NO,MONTH-TO-MONTH,YES,CREDIT CARD (AUTOMATIC),81.1,2619.25,2.6642575558475685,0
6260-ONULR,NO,MALE,0,NO,NO,1,YES,NO,DSL,NO,NO,NO,NO,YES,YES,MONTH-TO-MONTH,YES,MAILED CHECK,62.8,62.8,2.063074901445466,0
6260-XLACS,NO,MALE,0,NO,NO,4,YES,NO,NO,NO,NO,NO,NO,NO,NO,ONE YEAR,NO,MAILED CHECK,19.7,117.8,0.6471747700394218,0
6261-LHRTG,NO,FEMALE,0,NO,NO,26,YES,NO,DSL,NO,YES,YES,NO,NO,NO,MONTH-TO-MONTH,YES,CREDIT CARD (AUTOMATIC),54.75,1406.9,1.7986202365308803,0
6261-RCVNS,YES,FEMALE,0,NO,NO,42,YES,NO,DSL,YES,YES,YES,YES,NO,YES,ONE YEAR,NO,CREDIT CARD (AUTOMATIC),73.9,3160.55,2.4277266754270697,1
6265-FRMTQ,NO,MALE,0,NO,NO,31,YES,NO,NO,NO,NO,NO,NO,NO,NO,TWO YEAR,NO,BANK TRANSFER (AUTOMATIC),20.4,609.1,0.6701708278580814,0
6265-SXWBU,NO,MALE,0,YES,YES,69,YES,YES,FIBER OPTIC,NO,YES,YES,NO,YES,NO,ONE YEAR,NO,CREDIT CARD (AUTOMATIC),95.75,6511.25,3.145532194480946,0
6266-QHOJZ,NO,FEMALE,0,NO,NO,65,YES,YES,FIBER OPTIC,YES,YES,NO,YES,NO,NO,ONE YEAR,YES,ELECTRONIC CHECK,89.85,5844.65,2.9517082785808144,0
6267-DCFFZ,NO,FEMALE,1,YES,NO,30,YES,YES,FIBER OPTIC,NO,YES,NO,NO,YES,NO,MONTH-TO-MONTH,YES,ELECTRONIC CHECK,90.05,2627.2,2.958278580814717,0
6270-OMFIW,YES,MALE,0,YES,NO,60,YES,NO,FIBER OPTIC,NO,YES,NO,NO,YES,YES,ONE YEAR,YES,ELECTRONIC CHECK,94.4,5610.25,3.1011826544021024,1
6275-YDUVO,YES,FEMALE,0,NO,NO,2,YES,NO,FIBER OPTIC,NO,NO,YES,NO,NO,YES,MONTH-TO-MONTH,YES,MAILED CHECK,86.2,178.7,2.8318002628120893,1
6278-FEPBZ,NO,FEMALE,0,NO,NO,9,YES,NO,NO,NO,NO,NO,NO,NO,NO,MONTH-TO-MONTH,NO,MAILED CHECK,20.25,186.15,0.6652431011826544,0
6281-FKEWS,NO,FEMALE,0,NO,NO,44,NO,NO,DSL,NO,NO,YES,NO,YES,YES,ONE YEAR,YES,ELECTRONIC CHECK,49.05,2265.0,1.6113666228646517,0
6283-GITPX,NO,MALE,0,NO,YES,71,YES,NO,DSL,YES,YES,YES,YES,YES,NO,TWO YEAR,YES,CREDIT CARD (AUTOMATIC),76.9,5522.7,2.526281208935611,0
6284-AHOOQ,YES,MALE,1,NO,NO,22,YES,YES,FIBER OPTIC,NO,NO,NO,YES,YES,NO,MONTH-TO-MONTH,YES,BANK TRANSFER (AUTOMATIC),90.5,1910.6,2.9730617608409986,1
6284-KMNUF,NO,FEMALE,0,YES,NO,56,YES,YES,FIBER OPTIC,YES,NO,NO,NO,YES,YES,ONE YEAR,YES,ELECTRONIC CHECK,98.0,5270.6,3.219448094612352,0
6285-FTQBF,NO,MALE,0,YES,YES,72,YES,YES,NO,NO,NO,NO,NO,NO,NO,TWO YEAR,NO,CREDIT CARD (AUTOMATIC),25.55,1867.7,0.8393561103810775,0
6286-SUUWT,NO,MALE,0,NO,NO,1,YES,NO,NO,NO,NO,NO,NO,NO,NO,MONTH-TO-MONTH,NO,MAILED CHECK,19.95,19.95,0.6553876478318003,0
6286-ZHAOK,NO,FEMALE,0,YES,YES,20,YES,YES,NO,NO,NO,NO,NO,NO,NO,MONTH-TO-MONTH,YES,BANK TRANSFER (AUTOMATIC),25.55,507.4,0.8393561103810775,0
6288-CHQJB,NO,FEMALE,0,YES,YES,54,YES,NO,DSL,YES,NO,YES,YES,NO,YES,TWO YEAR,NO,BANK TRANSFER (AUTOMATIC),69.95,3871.85,2.29796320630749,0
6288-LBEAR,NO,FEMALE,0,NO,NO,23,YES,NO,FIBER OPTIC,NO,YES,NO,YES,NO,NO,MONTH-TO-MONTH,YES,MAILED CHECK,79.1,1783.75,2.598554533508541,0
6289-CPNLD,YES,MALE,0,YES,YES,33,YES,NO,DSL,NO,NO,YES,YES,YES,YES,ONE YEAR,YES,MAILED CHECK,73.9,2405.05,2.4277266754270697,1
6292-TOSSS,NO,MALE,0,NO,NO,50,YES,YES,NO,NO,NO,NO,NO,NO,NO,TWO YEAR,NO,BANK TRANSFER (AUTOMATIC),24.9,1195.25,0.8180026281208935,0
6295-OSINB,NO,MALE,0,YES,NO,72,YES,YES,FIBER OPTIC,YES,YES,YES,NO,YES,YES,TWO YEAR,YES,ELECTRONIC CHECK,109.65,7880.25,3.602168199737188,0
6296-DDOOR,NO,FEMALE,0,NO,NO,19,YES,NO,DSL,NO,YES,NO,NO,YES,NO,ONE YEAR,NO,ELECTRONIC CHECK,58.2,1045.25,1.9119579500657031,0
6297-NOOPG,NO,FEMALE,0,YES,NO,70,YES,YES,FIBER OPTIC,NO,YES,YES,YES,YES,YES,TWO YEAR,YES,ELECTRONIC CHECK,110.5,7752.05,3.6300919842312744,0
6298-QDFNH,YES,MALE,0,NO,NO,22,YES,YES,FIBER OPTIC,NO,YES,NO,NO,NO,NO,MONTH-TO-MONTH,YES,ELECTRONIC CHECK,79.35,1730.35,2.6067674113009196,1
6300-BWMJX,NO,FEMALE,0,YES,NO,59,YES,YES,FIBER OPTIC,NO,NO,YES,YES,YES,NO,MONTH-TO-MONTH,NO,ELECTRONIC CHECK,93.35,5386.5,3.0666885676741127,0
6302-JGYRJ,YES,MALE,0,NO,YES,31,YES,YES,DSL,NO,YES,NO,YES,YES,YES,ONE YEAR,YES,MAILED CHECK,79.45,2587.7,2.6100525624178714,1
6303-KFWSL,NO,FEMALE,0,NO,NO,29,YES,YES,DSL,NO,YES,NO,NO,NO,NO,ONE YEAR,YES,ELECTRONIC CHECK,55.25,1620.2,1.8150459921156372,0
6304-IJFSQ,YES,MALE,0,NO,NO,3,YES,NO,DSL,NO,YES,NO,NO,NO,NO,MONTH-TO-MONTH,YES,MAILED CHECK,49.9,130.1,1.6392904073587384,1
6305-YLBMM,YES,MALE,0,NO,NO,69,YES,NO,FIBER OPTIC,NO,YES,YES,YES,YES,YES,ONE YEAR,YES,BANK TRANSFER (AUTOMATIC),104.05,7262.0,3.4181997371879103,1
6308-CQRBU,NO,FEMALE,0,YES,NO,71,YES,YES,FIBER OPTIC,NO,YES,YES,YES,YES,YES,TWO YEAR,NO,ELECTRONIC CHECK,109.25,7707.7,3.5890275952693824,0
6311-UEUME,YES,FEMALE,0,NO,NO,29,YES,NO,FIBER OPTIC,NO,NO,NO,NO,YES,NO,MONTH-TO-MONTH,YES,ELECTRONIC CHECK,78.9,2384.15,2.5919842312746386,1
6313-GIDIT,YES,MALE,1,NO,NO,53,NO,NO,DSL,NO,YES,YES,NO,YES,YES,MONTH-TO-MONTH,YES,ELECTRONIC CHECK,54.45,2854.55,1.7887647831800264,1
6317-YPKDH,YES,FEMALE,0,NO,NO,1,NO,NO,DSL,NO,YES,NO,NO,NO,NO,MONTH-TO-MONTH,NO,BANK TRANSFER (AUTOMATIC),29.95,29.95,0.9839027595269382,1
6319-IEJWJ,YES,MALE,0,YES,YES,20,YES,NO,FIBER OPTIC,NO,NO,NO,NO,YES,YES,MONTH-TO-MONTH,YES,ELECTRONIC CHECK,90.2,1776.55,2.9632063074901445,1
6319-QSUSR,NO,FEMALE,0,NO,YES,11,YES,NO,NO,NO,NO,NO,NO,NO,NO,MONTH-TO-MONTH,NO,CREDIT CARD (AUTOMATIC),19.7,216.2,0.6471747700394218,0
6322-HRPFA,NO,MALE,0,YES,YES,49,YES,NO,DSL,YES,YES,NO,YES,NO,NO,MONTH-TO-MONTH,NO,CREDIT CARD (AUTOMATIC),59.6,2970.3,1.9579500657030222,0
6322-PJJDJ,NO,MALE,0,YES,NO,49,YES,NO,FIBER OPTIC,NO,YES,NO,NO,YES,YES,TWO YEAR,YES,ELECTRONIC CHECK,94.8,4690.65,3.114323258869908,0
6323-AYBRX,YES,MALE,0,NO,NO,59,YES,NO,NO,NO,NO,NO,NO,NO,NO,TWO YEAR,NO,MAILED CHECK,19.35,1099.6,0.635676741130092,1
6326-MTTXK,YES,MALE,0,NO,NO,8,YES,YES,FIBER OPTIC,NO,YES,NO,NO,YES,YES,MONTH-TO-MONTH,NO,ELECTRONIC CHECK,100.85,819.55,3.313074901445466,1
6328-ZPBGN,YES,FEMALE,1,NO,NO,11,YES,YES,FIBER OPTIC,NO,NO,NO,NO,YES,YES,MONTH-TO-MONTH,YES,BANK TRANSFER (AUTOMATIC),95.15,997.65,3.125821287779238,1
6330-JKLPC,YES,MALE,0,YES,NO,11,YES,YES,FIBER OPTIC,NO,YES,NO,NO,NO,NO,MONTH-TO-MONTH,YES,BANK TRANSFER (AUTOMATIC),80.5,896.9,2.6445466491458607,1
6331-EWIEB,YES,MALE,0,NO,NO,20,YES,YES,FIBER OPTIC,NO,NO,NO,NO,YES,NO,MONTH-TO-MONTH,YES,ELECTRONIC CHECK,85.25,1734.5,2.800591327201051,1
6331-LWDTQ,YES,MALE,0,NO,NO,10,YES,YES,DSL,NO,NO,NO,NO,YES,YES,MONTH-TO-MONTH,YES,CREDIT CARD (AUTOMATIC),72.15,794.25,2.3702365308804207,1
6332-FBZRI,NO,MALE,0,YES,YES,67,YES,YES,DSL,YES,YES,YES,YES,NO,NO,ONE YEAR,YES,CREDIT CARD (AUTOMATIC),69.35,4653.25,2.2782522996057817,0
6333-YDVLT,NO,MALE,0,NO,NO,65,YES,YES,FIBER OPTIC,YES,NO,YES,YES,YES,YES,ONE YEAR,YES,CREDIT CARD (AUTOMATIC),110.0,7138.65,3.6136662286465175,0
6338-AVWCY,YES,MALE,0,NO,NO,3,NO,NO,DSL,NO,NO,YES,NO,YES,NO,MONTH-TO-MONTH,YES,MAILED CHECK,40.15,130.75,1.318988173455979,1
6339-DKLMK,NO,FEMALE,0,NO,NO,13,NO,NO,DSL,NO,YES,NO,NO,NO,NO,MONTH-TO-MONTH,YES,ELECTRONIC CHECK,31.65,389.95,1.0397503285151115,0
6339-RZCBJ,NO,MALE,0,NO,NO,48,YES,NO,DSL,NO,YES,YES,YES,YES,YES,TWO YEAR,NO,CREDIT CARD (AUTOMATIC),78.9,3771.5,2.5919842312746386,0
6339-TBELP,NO,MALE,0,NO,NO,71,YES,YES,FIBER OPTIC,NO,NO,YES,YES,NO,NO,TWO YEAR,YES,CREDIT CARD (AUTOMATIC),86.4,6172.0,2.838370565045992,0
6339-YPSAH,NO,MALE,0,NO,NO,9,YES,NO,FIBER OPTIC,NO,NO,YES,NO,NO,NO,MONTH-TO-MONTH,YES,ELECTRONIC CHECK,73.8,704.3,2.4244415243101183,0
6340-DACFT,NO,FEMALE,0,YES,YES,50,YES,NO,NO,NO,NO,NO,NO,NO,NO,TWO YEAR,NO,CREDIT CARD (AUTOMATIC),20.55,1070.25,0.6750985545335085,0
6341-AEVKX,NO,FEMALE,0,YES,NO,62,YES,NO,FIBER OPTIC,YES,NO,YES,YES,YES,YES,ONE YEAR,YES,ELECTRONIC CHECK,104.3,6613.65,3.426412614980289,0
6341-JVQGF,NO,FEMALE,0,YES,YES,31,YES,NO,DSL,YES,NO,YES,YES,YES,YES,ONE YEAR,YES,MAILED CHECK,81.15,2545.75,2.665900131406045,0
6344-SFJVH,NO,FEMALE,0,NO,NO,20,NO,NO,DSL,NO,NO,NO,NO,NO,NO,MONTH-TO-MONTH,NO,CREDIT CARD (AUTOMATIC),24.9,505.95,0.8180026281208935,0
6345-FZOQH,NO,MALE,0,YES,NO,69,YES,NO,NO,NO,NO,NO,NO,NO,NO,TWO YEAR,NO,MAILED CHECK,19.9,1363.45,0.6537450722733245,0
6345-HOVES,NO,MALE,0,NO,NO,34,NO,NO,DSL,NO,NO,NO,NO,NO,NO,MONTH-TO-MONTH,YES,BANK TRANSFER (AUTOMATIC),25.05,852.7,0.8229303547963206,0
6345-ULYRW,YES,MALE,1,YES,NO,44,YES,YES,FIBER OPTIC,NO,YES,NO,NO,NO,YES,ONE YEAR,NO,MAILED CHECK,88.4,3912.9,2.9040735873850196,1
6347-DCUIK,YES,MALE,0,NO,NO,10,YES,YES,FIBER OPTIC,NO,NO,NO,NO,NO,NO,MONTH-TO-MONTH,YES,MAILED CHECK,74.15,811.8,2.4359395532194483,1
6348-SNFUS,NO,MALE,0,YES,YES,72,NO,NO,DSL,YES,YES,YES,YES,NO,YES,TWO YEAR,YES,CREDIT CARD (AUTOMATIC),55.45,4179.2,1.8216162943495402,0
6349-JDHQP,NO,FEMALE,0,NO,NO,53,YES,NO,NO,NO,NO,NO,NO,NO,NO,TWO YEAR,NO,CREDIT CARD (AUTOMATIC),19.85,1049.6,0.6521024967148489,0
6350-XFYGW,NO,MALE,1,NO,NO,4,YES,NO,FIBER OPTIC,NO,NO,YES,NO,YES,YES,MONTH-TO-MONTH,YES,ELECTRONIC CHECK,94.75,422.4,3.112680683311432,0
6351-SCJKT,NO,MALE,0,NO,NO,3,NO,NO,DSL,YES,NO,YES,YES,NO,NO,MONTH-TO-MONTH,NO,MAILED CHECK,41.35,107.25,1.3584099868593955,0
6352-GIGGQ,NO,MALE,0,NO,NO,67,YES,YES,DSL,YES,YES,YES,YES,YES,YES,ONE YEAR,YES,BANK TRANSFER (AUTOMATIC),88.8,5903.15,2.917214191852825,0
6352-TWCAU,YES,FEMALE,0,NO,NO,35,YES,YES,FIBER OPTIC,NO,NO,NO,NO,YES,NO,MONTH-TO-MONTH,YES,ELECTRONIC CHECK,86.45,3029.1,2.840013140604468,1
6353-BRMMA,NO,FEMALE,0,YES,YES,54,YES,YES,FIBER OPTIC,YES,YES,NO,NO,YES,YES,MONTH-TO-MONTH,YES,BANK TRANSFER (AUTOMATIC),104.1,5645.8,3.419842312746386,0
6356-ELRKD,YES,FEMALE,0,NO,NO,1,YES,NO,FIBER OPTIC,YES,NO,NO,NO,YES,YES,MONTH-TO-MONTH,YES,ELECTRONIC CHECK,95.6,95.6,3.140604467805519,1
6357-JJPQT,NO,FEMALE,0,NO,NO,3,YES,NO,FIBER OPTIC,NO,NO,NO,NO,YES,NO,MONTH-TO-MONTH,YES,ELECTRONIC CHECK,80.5,232.35,2.6445466491458607,0
6358-LYNGM,YES,MALE,0,NO,NO,1,YES,YES,FIBER OPTIC,NO,NO,NO,NO,NO,NO,MONTH-TO-MONTH,YES,ELECTRONIC CHECK,74.9,74.9,2.4605781865965834,1
6360-SVNWV,NO,FEMALE,1,NO,NO,31,YES,NO,FIBER OPTIC,YES,NO,NO,NO,NO,NO,MONTH-TO-MONTH,YES,CREDIT CARD (AUTOMATIC),73.55,2094.65,2.4162286465177396,0
6362-QHAFM,NO,MALE,0,YES,NO,42,YES,YES,FIBER OPTIC,NO,NO,YES,YES,YES,YES,ONE YEAR,YES,ELECTRONIC CHECK,108.3,4586.15,3.557818659658344,0
6365-HITVU,NO,FEMALE,0,YES,YES,71,YES,NO,DSL,YES,YES,YES,YES,YES,YES,TWO YEAR,NO,CREDIT CARD (AUTOMATIC),87.25,6328.7,2.8662943495400786,0
6365-MTGZX,YES,MALE,0,NO,NO,24,YES,NO,FIBER OPTIC,NO,NO,NO,YES,YES,YES,MONTH-TO-MONTH,YES,ELECTRONIC CHECK,96.0,2122.45,3.1537450722733245,1
6366-XIVKZ,NO,FEMALE,0,YES,YES,13,YES,NO,DSL,YES,NO,YES,NO,NO,YES,MONTH-TO-MONTH,YES,MAILED CHECK,63.15,816.8,2.074572930354796,0
6366-ZGQGL,YES,MALE,0,NO,NO,1,NO,NO,DSL,NO,NO,NO,NO,NO,NO,MONTH-TO-MONTH,NO,BANK TRANSFER (AUTOMATIC),24.8,24.8,0.8147174770039421,1
6368-NWMCE,NO,FEMALE,0,NO,NO,38,YES,YES,DSL,NO,YES,NO,YES,NO,YES,MONTH-TO-MONTH,NO,CREDIT CARD (AUTOMATIC),68.15,2656.3,2.2388304862023656,0
6368-TZZDT,NO,MALE,0,YES,YES,4,YES,NO,NO,NO,NO,NO,NO,NO,NO,TWO YEAR,NO,CREDIT CARD (AUTOMATIC),19.5,96.85,0.640604467805519,0
6369-MCAKO,NO,FEMALE,0,YES,YES,68,YES,YES,DSL,YES,YES,YES,YES,YES,YES,TWO YEAR,YES,BANK TRANSFER (AUTOMATIC),89.05,6185.8,2.9254270696452034,0
6370-ZVHDV,NO,FEMALE,0,YES,NO,61,YES,YES,NO,NO,NO,NO,NO,NO,NO,TWO YEAR,NO,BANK TRANSFER (AUTOMATIC),25.3,1554.9,0.831143232588699,0
6371-NZYEG,NO,MALE,0,YES,YES,16,YES,NO,DSL,YES,NO,YES,NO,YES,NO,TWO YEAR,NO,MAILED CHECK,64.25,1024.0,2.1107095926412613,0
6372-RFVNS,YES,FEMALE,0,YES,NO,1,YES,NO,FIBER OPTIC,NO,NO,NO,NO,YES,NO,MONTH-TO-MONTH,NO,ELECTRONIC CHECK,78.8,78.8,2.5886990801576872,1
6374-AFWOX,NO,MALE,0,YES,NO,46,YES,NO,DSL,YES,YES,YES,YES,NO,NO,TWO YEAR,NO,MAILED CHECK,65.65,3047.15,2.156701708278581,0
6374-NTQLP,NO,MALE,1,YES,YES,72,YES,NO,FIBER OPTIC,YES,NO,YES,YES,YES,YES,TWO YEAR,YES,CREDIT CARD (AUTOMATIC),104.1,7447.7,3.419842312746386,0
6376-GAHQE,YES,MALE,0,NO,NO,4,YES,NO,FIBER OPTIC,NO,NO,NO,NO,YES,NO,MONTH-TO-MONTH,NO,ELECTRONIC CHECK,77.85,299.2,2.557490144546649,1
6377-KSLXC,NO,MALE,0,NO,NO,5,YES,NO,NO,NO,NO,NO,NO,NO,NO,MONTH-TO-MONTH,NO,MAILED CHECK,19.95,107.05,0.6553876478318003,0
6377-WHAOX,NO,FEMALE,0,YES,NO,60,YES,YES,FIBER OPTIC,NO,YES,YES,NO,YES,YES,MONTH-TO-MONTH,YES,ELECTRONIC CHECK,106.15,6411.25,3.4871879106438897,0
6379-RXJRQ,YES,MALE,0,YES,NO,10,YES,NO,FIBER OPTIC,NO,NO,NO,NO,NO,NO,MONTH-TO-MONTH,YES,ELECTRONIC CHECK,70.1,659.65,2.302890932982917,1
6380-ARCEH,NO,MALE,0,NO,NO,1,YES,NO,NO,NO,NO,NO,NO,NO,NO,MONTH-TO-MONTH,NO,MAILED CHECK,20.2,20.2,0.6636005256241787,0
6383-ZTSIW,NO,FEMALE,1,YES,NO,39,YES,NO,FIBER OPTIC,YES,YES,NO,NO,YES,YES,ONE YEAR,NO,MAILED CHECK,99.1,3877.95,3.255584756898817,0
6384-VMJHP,NO,FEMALE,0,NO,NO,72,YES,NO,DSL,YES,YES,YES,YES,NO,YES,TWO YEAR,YES,CREDIT CARD (AUTOMATIC),73.0,5265.2,2.3981603153745072,0
6386-SZZKH,YES,FEMALE,0,YES,YES,49,YES,YES,FIBER OPTIC,NO,YES,YES,YES,YES,YES,TWO YEAR,YES,BANK TRANSFER (AUTOMATIC),107.95,5293.2,3.5463206307490145,1
6388-TABGU,NO,MALE,0,NO,YES,62,YES,NO,DSL,YES,YES,NO,NO,NO,NO,ONE YEAR,NO,BANK TRANSFER (AUTOMATIC),56.15,3487.95,1.8446123521681996,0
6390-DSAZX,YES,FEMALE,0,NO,YES,1,YES,NO,FIBER OPTIC,YES,NO,NO,NO,NO,NO,MONTH-TO-MONTH,YES,MAILED CHECK,73.6,73.6,2.417871222076215,1
6393-WRYZE,YES,FEMALE,0,YES,NO,34,YES,YES,FIBER OPTIC,NO,NO,NO,NO,YES,YES,MONTH-TO-MONTH,YES,ELECTRONIC CHECK,97.65,3207.55,3.2079500657030224,1
6394-HHHZM,NO,MALE,0,NO,NO,3,YES,NO,NO,NO,NO,NO,NO,NO,NO,MONTH-TO-MONTH,NO,MAILED CHECK,20.7,57.5,0.6800262812089356,0
6394-MFYNG,YES,FEMALE,0,NO,NO,48,YES,YES,FIBER OPTIC,NO,YES,YES,NO,YES,YES,MONTH-TO-MONTH,YES,BANK TRANSFER (AUTOMATIC),107.4,5121.3,3.5282522996057817,1
6397-JNZZG,YES,FEMALE,1,YES,NO,43,NO,NO,DSL,NO,YES,YES,NO,YES,YES,MONTH-TO-MONTH,NO,CREDIT CARD (AUTOMATIC),55.55,2342.2,1.8249014454664914,1
6400-BWQKW,YES,FEMALE,0,NO,NO,6,YES,YES,FIBER OPTIC,YES,NO,NO,NO,NO,NO,MONTH-TO-MONTH,YES,ELECTRONIC CHECK,79.05,434.5,2.5969119579500655,1
6402-EJMWF,NO,MALE,0,NO,NO,4,YES,NO,DSL,NO,NO,NO,NO,NO,YES,MONTH-TO-MONTH,YES,MAILED CHECK,55.3,238.5,1.816688567674113,0
6402-SSEJG,NO,FEMALE,0,NO,NO,25,NO,NO,DSL,YES,YES,YES,NO,YES,YES,ONE YEAR,NO,ELECTRONIC CHECK,61.05,1540.2,2.005584756898817,0
6402-ZFPPI,YES,FEMALE,1,NO,NO,25,YES,YES,FIBER OPTIC,YES,YES,NO,NO,YES,YES,MONTH-TO-MONTH,YES,MAILED CHECK,102.8,2660.2,3.3771353482260182,1
6407-GSJNL,NO,FEMALE,0,NO,NO,51,YES,YES,NO,NO,NO,NO,NO,NO,NO,TWO YEAR,NO,BANK TRANSFER (AUTOMATIC),24.95,1288.0,0.8196452036793692,0
6407-UTSLV,NO,FEMALE,1,NO,NO,2,YES,NO,FIBER OPTIC,NO,YES,NO,NO,YES,NO,MONTH-TO-MONTH,YES,BANK TRANSFER (AUTOMATIC),83.8,163.7,2.752956636005256,0
6408-OTUBZ,NO,FEMALE,0,NO,NO,66,YES,YES,FIBER OPTIC,YES,YES,YES,YES,YES,NO,ONE YEAR,YES,BANK TRANSFER (AUTOMATIC),104.55,6779.05,3.434625492772667,0
6408-WHTEF,NO,MALE,0,YES,YES,72,YES,YES,DSL,YES,YES,YES,YES,YES,YES,TWO YEAR,YES,MAILED CHECK,89.4,6376.55,2.9369250985545334,0
6410-LEFEN,YES,FEMALE,0,NO,NO,9,YES,NO,DSL,NO,NO,NO,NO,NO,NO,MONTH-TO-MONTH,NO,ELECTRONIC CHECK,45.15,416.45,1.483245729303548,1
6413-XKKPU,YES,MALE,0,YES,YES,17,YES,NO,FIBER OPTIC,YES,NO,YES,NO,YES,NO,MONTH-TO-MONTH,YES,ELECTRONIC CHECK,89.4,1539.45,2.9369250985545334,1
6416-JNVRK,NO,FEMALE,0,NO,NO,46,YES,NO,DSL,NO,NO,NO,NO,NO,YES,ONE YEAR,NO,CREDIT CARD (AUTOMATIC),55.65,2688.85,1.8281865965834427,0
6416-TVAIH,YES,MALE,0,YES,YES,1,YES,NO,FIBER OPTIC,NO,NO,NO,NO,NO,NO,MONTH-TO-MONTH,YES,ELECTRONIC CHECK,68.5,68.5,2.250328515111695,1
6416-YJTTB,NO,MALE,0,NO,NO,11,YES,NO,FIBER OPTIC,YES,NO,YES,NO,NO,NO,MONTH-TO-MONTH,YES,BANK TRANSFER (AUTOMATIC),79.5,795.65,2.611695137976347,0
6418-HNFED,NO,MALE,0,YES,NO,51,YES,NO,DSL,YES,YES,YES,YES,YES,YES,TWO YEAR,YES,CREDIT CARD (AUTOMATIC),83.25,4089.45,2.7348883048620234,0
6418-PIQSP,NO,FEMALE,0,YES,NO,62,YES,NO,DSL,YES,NO,YES,YES,YES,YES,TWO YEAR,NO,MAILED CHECK,81.0,4985.9,2.6609724047306176,0
6419-ZTTLE,NO,MALE,1,YES,NO,23,YES,NO,NO,NO,NO,NO,NO,NO,NO,ONE YEAR,YES,ELECTRONIC CHECK,20.75,485.2,0.6816688567674113,0
6421-SZVEM,NO,FEMALE,0,YES,YES,28,YES,NO,FIBER OPTIC,YES,NO,NO,NO,NO,YES,ONE YEAR,YES,BANK TRANSFER (AUTOMATIC),82.85,2320.8,2.721747700394218,0
6424-ELEYH,YES,FEMALE,0,YES,NO,3,YES,YES,FIBER OPTIC,NO,NO,NO,NO,NO,NO,MONTH-TO-MONTH,YES,CREDIT CARD (AUTOMATIC),74.75,229.5,2.455650459921156,1
6425-JWTDV,NO,MALE,0,YES,NO,48,YES,NO,NO,NO,NO,NO,NO,NO,NO,TWO YEAR,NO,MAILED CHECK,19.25,855.1,0.6323915900131406,0
6425-YQLLO,YES,FEMALE,1,YES,NO,66,YES,YES,FIBER OPTIC,NO,NO,YES,YES,YES,YES,ONE YEAR,YES,CREDIT CARD (AUTOMATIC),105.95,6975.25,3.480617608409987,1
6427-FEFIG,NO,FEMALE,0,YES,YES,24,YES,YES,DSL,YES,NO,YES,NO,YES,YES,TWO YEAR,NO,CREDIT CARD (AUTOMATIC),78.6,1846.65,2.582128777923784,0
6429-SHBCB,NO,MALE,0,NO,NO,19,YES,YES,DSL,NO,NO,NO,NO,YES,YES,MONTH-TO-MONTH,NO,MAILED CHECK,69.6,1394.55,2.28646517739816,0
6432-TWQLB,YES,MALE,0,YES,NO,5,YES,YES,FIBER OPTIC,NO,YES,NO,YES,NO,NO,MONTH-TO-MONTH,YES,ELECTRONIC CHECK,85.4,401.1,2.8055190538764783,1
6434-TTGJP,NO,MALE,0,YES,YES,10,NO,NO,DSL,YES,YES,YES,YES,NO,YES,TWO YEAR,NO,CREDIT CARD (AUTOMATIC),53.7,521.0,1.7641261498028908,0
6435-SRWBJ,NO,FEMALE,0,NO,NO,5,YES,YES,FIBER OPTIC,NO,NO,YES,YES,NO,NO,MONTH-TO-MONTH,YES,ELECTRONIC CHECK,82.75,417.75,2.7184625492772665,0
6435-VWCCY,NO,MALE,1,YES,NO,65,YES,YES,FIBER OPTIC,YES,YES,NO,NO,YES,NO,TWO YEAR,YES,CREDIT CARD (AUTOMATIC),92.7,5968.4,3.045335085413929,0
6437-UDQJM,NO,FEMALE,1,YES,NO,72,YES,YES,DSL,YES,YES,YES,NO,YES,YES,TWO YEAR,YES,CREDIT CARD (AUTOMATIC),84.1,6129.65,2.76281208935611,0
6437-UKHMV,YES,FEMALE,0,NO,NO,7,YES,NO,FIBER OPTIC,NO,NO,NO,NO,YES,NO,MONTH-TO-MONTH,YES,ELECTRONIC CHECK,79.7,586.05,2.6182654402102497,1
6439-GTPCA,YES,FEMALE,0,NO,NO,45,YES,YES,FIBER OPTIC,NO,NO,YES,YES,NO,NO,MONTH-TO-MONTH,YES,ELECTRONIC CHECK,87.25,3941.7,2.8662943495400786,1
6439-LAJXL,NO,MALE,0,YES,NO,9,YES,NO,DSL,YES,YES,NO,YES,YES,NO,MONTH-TO-MONTH,YES,MAILED CHECK,68.95,593.85,2.265111695137976,0
6439-PKTRR,NO,FEMALE,0,YES,YES,70,YES,YES,DSL,YES,YES,YES,YES,YES,NO,TWO YEAR,NO,ELECTRONIC CHECK,80.7,5617.95,2.6511169513797634,0
6440-DKQGE,NO,MALE,0,NO,YES,30,YES,NO,DSL,NO,YES,YES,NO,YES,NO,ONE YEAR,NO,CREDIT CARD (AUTOMATIC),64.5,1929.95,2.11892247043364,0
6445-TNRXS,NO,MALE,0,YES,YES,68,YES,YES,FIBER OPTIC,YES,YES,YES,YES,YES,YES,TWO YEAR,YES,BANK TRANSFER (AUTOMATIC),114.7,7849.85,3.7680683311432324,0
6447-EGDIV,NO,FEMALE,0,NO,NO,31,YES,NO,NO,NO,NO,NO,NO,NO,NO,ONE YEAR,NO,MAILED CHECK,20.95,683.25,0.688239159001314,0
6447-GORXK,NO,MALE,0,NO,YES,31,NO,NO,DSL,NO,NO,NO,NO,NO,NO,MONTH-TO-MONTH,NO,CREDIT CARD (AUTOMATIC),25.0,789.2,0.8212877792378449,0
6457-GIRWB,YES,MALE,0,NO,NO,1,YES,NO,FIBER OPTIC,NO,NO,NO,NO,NO,NO,MONTH-TO-MONTH,YES,ELECTRONIC CHECK,69.35,69.35,2.2782522996057817,1
6457-USBER,YES,MALE,0,NO,NO,1,YES,NO,FIBER OPTIC,NO,NO,NO,NO,NO,YES,MONTH-TO-MONTH,YES,ELECTRONIC CHECK,80.8,80.8,2.654402102496715,1
6458-CYIDZ,NO,FEMALE,1,NO,NO,5,YES,NO,FIBER OPTIC,YES,YES,NO,NO,NO,NO,MONTH-TO-MONTH,NO,ELECTRONIC CHECK,80.7,374.8,2.6511169513797634,0
6461-PPAXN,NO,FEMALE,0,YES,YES,35,YES,NO,DSL,YES,NO,NO,YES,NO,NO,ONE YEAR,YES,BANK TRANSFER (AUTOMATIC),54.95,1916.0,1.8051905387647833,0
6461-SZMCV,NO,FEMALE,0,YES,NO,71,YES,YES,DSL,YES,YES,YES,YES,YES,YES,TWO YEAR,NO,BANK TRANSFER (AUTOMATIC),87.95,6365.35,2.8892904073587387,0
6463-HHXJR,NO,FEMALE,0,YES,YES,71,YES,YES,FIBER OPTIC,YES,YES,YES,NO,YES,NO,TWO YEAR,NO,BANK TRANSFER (AUTOMATIC),100.5,7030.65,3.3015768725361365,0
6463-MVYRY,NO,FEMALE,1,NO,NO,57,YES,NO,DSL,YES,NO,YES,YES,YES,NO,TWO YEAR,NO,BANK TRANSFER (AUTOMATIC),69.85,4003.0,2.2946780551905386,0
6464-KEXXH,NO,MALE,0,NO,NO,8,NO,NO,DSL,NO,NO,NO,NO,NO,NO,MONTH-TO-MONTH,YES,CREDIT CARD (AUTOMATIC),25.25,186.3,0.8295006570302234,0
6465-GSRCL,NO,FEMALE,0,NO,YES,67,YES,YES,FIBER OPTIC,NO,YES,NO,YES,YES,YES,ONE YEAR,YES,BANK TRANSFER (AUTOMATIC),106.6,7244.7,3.5019710906701706,0
6467-CHFZW,YES,MALE,0,YES,YES,47,YES,YES,FIBER OPTIC,NO,YES,NO,NO,YES,YES,MONTH-TO-MONTH,YES,ELECTRONIC CHECK,99.35,4749.15,3.2637976346911954,1
6469-MRVET,NO,MALE,0,YES,YES,1,YES,NO,NO,NO,NO,NO,NO,NO,NO,ONE YEAR,YES,ELECTRONIC CHECK,20.2,20.2,0.6636005256241787,0
6469-QJKZW,NO,FEMALE,0,YES,NO,4,YES,NO,NO,NO,NO,NO,NO,NO,NO,MONTH-TO-MONTH,NO,ELECTRONIC CHECK,20.15,91.4,0.6619579500657029,0
6473-ULUHT,NO,MALE,0,YES,YES,16,YES,YES,DSL,YES,YES,NO,YES,YES,YES,MONTH-TO-MONTH,NO,ELECTRONIC CHECK,84.9,1398.25,2.7890932982917214,0
6474-FVJLC,YES,MALE,0,NO,NO,2,YES,YES,FIBER OPTIC,NO,NO,NO,NO,NO,YES,MONTH-TO-MONTH,YES,ELECTRONIC CHECK,86.0,165.45,2.8252299605781865,1
6475-VHUIZ,NO,FEMALE,0,YES,NO,23,YES,NO,DSL,NO,NO,YES,YES,NO,NO,MONTH-TO-MONTH,NO,ELECTRONIC CHECK,54.25,1221.55,1.7821944809461234,0
6476-EPYZR,NO,MALE,0,YES,YES,12,YES,NO,NO,NO,NO,NO,NO,NO,NO,MONTH-TO-MONTH,NO,MAILED CHECK,20.5,255.5,0.6734559789750328,0
6476-YHMGA,NO,FEMALE,0,YES,YES,15,YES,NO,DSL,NO,YES,YES,YES,YES,YES,MONTH-TO-MONTH,NO,BANK TRANSFER (AUTOMATIC),76.5,1155.6,2.5131406044678055,0
6478-HRRCZ,NO,MALE,0,YES,NO,32,YES,NO,DSL,YES,YES,NO,YES,NO,YES,ONE YEAR,NO,MAILED CHECK,70.5,2201.75,2.3160315374507228,0
6479-OAUSD,NO,MALE,0,NO,NO,25,YES,NO,NO,NO,NO,NO,NO,NO,NO,ONE YEAR,NO,CREDIT CARD (AUTOMATIC),19.9,510.8,0.6537450722733245,0
6479-SZPLM,NO,MALE,0,YES,YES,36,YES,NO,NO,NO,NO,NO,NO,NO,NO,TWO YEAR,NO,CREDIT CARD (AUTOMATIC),19.45,754.5,0.6389618922470434,0
6479-VDGRK,NO,FEMALE,0,YES,YES,72,YES,NO,DSL,YES,YES,YES,YES,YES,YES,TWO YEAR,NO,BANK TRANSFER (AUTOMATIC),85.3,6129.2,2.802233902759527,0
6480-YAGIY,NO,MALE,0,NO,NO,45,YES,NO,FIBER OPTIC,YES,YES,YES,YES,YES,YES,ONE YEAR,NO,CREDIT CARD (AUTOMATIC),112.2,5031.85,3.685939553219448,0
6481-ESCNL,NO,FEMALE,0,NO,NO,29,YES,YES,FIBER OPTIC,NO,NO,YES,NO,YES,YES,MONTH-TO-MONTH,NO,BANK TRANSFER (AUTOMATIC),100.55,2878.75,3.303219448094612,0
6481-LXPWL,NO,MALE,0,YES,YES,56,NO,NO,DSL,NO,YES,YES,NO,NO,NO,ONE YEAR,YES,CREDIT CARD (AUTOMATIC),36.1,1971.5,1.185939553219448,0
6481-OGDOO,YES,MALE,0,YES,NO,67,YES,NO,FIBER OPTIC,YES,YES,NO,NO,NO,YES,ONE YEAR,YES,CREDIT CARD (AUTOMATIC),90.6,6056.15,2.9763469119579495,1
6483-OATDN,NO,MALE,0,YES,YES,8,YES,NO,DSL,YES,NO,NO,NO,NO,NO,MONTH-TO-MONTH,YES,CREDIT CARD (AUTOMATIC),51.3,411.6,1.6852825229960577,0
6484-LATFU,NO,MALE,0,NO,NO,68,YES,YES,NO,NO,NO,NO,NO,NO,NO,TWO YEAR,NO,MAILED CHECK,24.55,1657.4,0.8065045992115637,0
6485-QXWWE,NO,FEMALE,0,NO,YES,62,YES,YES,NO,NO,NO,NO,NO,NO,NO,TWO YEAR,NO,BANK TRANSFER (AUTOMATIC),26.0,1638.7,0.8541392904073587,0
6486-LHTMA,NO,FEMALE,1,YES,NO,31,YES,YES,FIBER OPTIC,NO,NO,YES,NO,YES,NO,ONE YEAR,YES,ELECTRONIC CHECK,90.7,2835.5,2.9796320630749014,0
6490-FGZAT,NO,MALE,0,NO,NO,6,YES,NO,NO,NO,NO,NO,NO,NO,NO,MONTH-TO-MONTH,NO,MAILED CHECK,20.65,109.3,0.6783837056504598,0
6496-JDSSB,NO,FEMALE,0,NO,NO,8,YES,NO,FIBER OPTIC,NO,NO,NO,NO,YES,NO,MONTH-TO-MONTH,YES,BANK TRANSFER (AUTOMATIC),80.0,624.6,2.628120893561104,0
6496-SLWHQ,YES,MALE,1,NO,NO,3,YES,YES,FIBER OPTIC,NO,YES,YES,NO,YES,YES,MONTH-TO-MONTH,YES,ELECTRONIC CHECK,105.0,294.45,3.4494086727989486,1
6497-TILVL,NO,FEMALE,0,YES,YES,7,YES,NO,DSL,YES,NO,NO,NO,NO,NO,MONTH-TO-MONTH,NO,MAILED CHECK,50.7,350.35,1.6655716162943495,0
6500-JVEGC,NO,MALE,0,NO,NO,68,YES,YES,FIBER OPTIC,YES,YES,YES,NO,YES,NO,ONE YEAR,NO,BANK TRANSFER (AUTOMATIC),101.35,7110.75,3.329500657030223,0
6502-HCJTI,YES,MALE,1,YES,NO,7,YES,YES,FIBER OPTIC,YES,YES,NO,NO,NO,YES,MONTH-TO-MONTH,YES,CREDIT CARD (AUTOMATIC),94.7,673.1,3.1110381077529565,1
6502-KUGLL,NO,FEMALE,0,YES,YES,14,YES,NO,DSL,YES,YES,NO,YES,NO,NO,MONTH-TO-MONTH,NO,BANK TRANSFER (AUTOMATIC),59.45,780.85,1.9530223390275954,0
6502-MJQAE,YES,MALE,0,NO,NO,1,YES,NO,FIBER OPTIC,NO,NO,NO,NO,NO,NO,MONTH-TO-MONTH,YES,ELECTRONIC CHECK,69.6,69.6,2.28646517739816,1
6504-VBLFL,NO,MALE,0,YES,NO,55,YES,NO,DSL,YES,YES,YES,NO,NO,NO,TWO YEAR,NO,ELECTRONIC CHECK,58.6,3068.6,1.9250985545335084,0
6505-OZNPG,NO,FEMALE,0,NO,NO,6,NO,NO,DSL,YES,YES,YES,YES,YES,YES,TWO YEAR,YES,MAILED CHECK,63.4,348.8,2.082785808147175,0
6506-EYCNH,NO,FEMALE,0,YES,YES,28,YES,NO,NO,NO,NO,NO,NO,NO,NO,MONTH-TO-MONTH,YES,BANK TRANSFER (AUTOMATIC),19.55,543.8,0.6422470433639947,0
6507-DTJZV,NO,MALE,0,NO,YES,13,YES,NO,DSL,NO,NO,NO,NO,YES,YES,MONTH-TO-MONTH,NO,CREDIT CARD (AUTOMATIC),66.4,831.75,2.181340341655716,0
6507-ZJSUR,NO,MALE,1,YES,NO,23,YES,NO,FIBER OPTIC,NO,NO,NO,NO,YES,YES,MONTH-TO-MONTH,YES,ELECTRONIC CHECK,90.45,2117.25,2.971419185282523,0
6508-NJYRO,NO,MALE,0,YES,NO,15,YES,NO,NO,NO,NO,NO,NO,NO,NO,ONE YEAR,NO,MAILED CHECK,18.8,294.95,0.6176084099868594,0
6509-TSGWN,NO,FEMALE,0,YES,YES,37,YES,YES,NO,NO,NO,NO,NO,NO,NO,MONTH-TO-MONTH,NO,MAILED CHECK,26.45,911.6,0.8689224704336399,0
6510-UPNKS,NO,FEMALE,0,NO,NO,23,YES,YES,NO,NO,NO,NO,NO,NO,NO,ONE YEAR,NO,CREDIT CARD (AUTOMATIC),24.8,615.35,0.8147174770039421,0
6513-EECDB,YES,MALE,1,YES,NO,1,YES,YES,FIBER OPTIC,NO,NO,NO,NO,NO,NO,MONTH-TO-MONTH,YES,ELECTRONIC CHECK,73.55,73.55,2.4162286465177396,1
6516-NKQBO,NO,MALE,0,YES,YES,38,YES,NO,DSL,YES,NO,YES,YES,YES,YES,TWO YEAR,NO,CREDIT CARD (AUTOMATIC),81.0,3084.9,2.6609724047306176,0
6518-KZXCB,NO,MALE,0,NO,NO,22,YES,YES,NO,NO,NO,NO,NO,NO,NO,TWO YEAR,NO,MAILED CHECK,25.25,566.5,0.8295006570302234,0
6518-LGAOV,YES,FEMALE,0,YES,NO,38,YES,YES,FIBER OPTIC,NO,NO,YES,YES,YES,YES,MONTH-TO-MONTH,YES,ELECTRONIC CHECK,105.0,4026.4,3.4494086727989486,1
6518-PPLMZ,NO,MALE,0,YES,YES,53,YES,NO,NO,NO,NO,NO,NO,NO,NO,TWO YEAR,YES,MAILED CHECK,19.4,1110.35,0.6373193166885676,0
6519-CFDBX,NO,FEMALE,0,NO,NO,2,YES,NO,DSL,NO,NO,NO,NO,NO,NO,MONTH-TO-MONTH,YES,ELECTRONIC CHECK,45.4,80.95,1.4914586070959264,0
6519-ZHPXP,NO,FEMALE,0,YES,YES,72,YES,NO,FIBER OPTIC,YES,YES,YES,YES,YES,YES,TWO YEAR,YES,BANK TRANSFER (AUTOMATIC),108.3,7679.65,3.557818659658344,0
6521-YYTYI,YES,MALE,0,NO,YES,1,YES,YES,FIBER OPTIC,NO,NO,NO,NO,YES,YES,MONTH-TO-MONTH,YES,ELECTRONIC CHECK,93.3,93.3,3.065045992115637,1
6522-OIQSX,NO,FEMALE,0,YES,YES,69,NO,NO,DSL,NO,YES,YES,NO,YES,YES,TWO YEAR,YES,CREDIT CARD (AUTOMATIC),54.95,3772.5,1.8051905387647833,0
6522-YRBXD,NO,MALE,1,YES,NO,35,YES,YES,FIBER OPTIC,YES,YES,NO,NO,NO,YES,MONTH-TO-MONTH,YES,ELECTRONIC CHECK,94.55,3365.4,3.1061103810775292,0
6527-PZFPV,NO,MALE,0,YES,YES,24,YES,NO,NO,NO,NO,NO,NO,NO,NO,ONE YEAR,YES,CREDIT CARD (AUTOMATIC),20.8,469.65,0.683311432325887,0
6532-YLWSI,YES,FEMALE,0,YES,NO,53,YES,NO,NO,NO,NO,NO,NO,NO,NO,ONE YEAR,NO,BANK TRANSFER (AUTOMATIC),20.8,1021.8,0.683311432325887,1
6537-OTKMY,NO,MALE,0,NO,NO,15,NO,NO,DSL,NO,NO,YES,NO,YES,YES,ONE YEAR,NO,ELECTRONIC CHECK,50.75,688.2,1.6672141918528252,0
6537-QLGEX,NO,FEMALE,0,NO,NO,16,NO,NO,DSL,YES,NO,NO,NO,YES,NO,MONTH-TO-MONTH,YES,ELECTRONIC CHECK,38.9,664.4,1.2779237844940867,0
6538-POCHL,NO,MALE,0,NO,NO,33,YES,NO,FIBER OPTIC,NO,YES,YES,NO,NO,NO,MONTH-TO-MONTH,YES,CREDIT CARD (AUTOMATIC),79.0,2576.8,2.59526938239159,0
6542-LWGXJ,NO,MALE,0,YES,NO,3,NO,NO,DSL,NO,NO,NO,NO,NO,NO,MONTH-TO-MONTH,NO,MAILED CHECK,25.0,78.25,0.8212877792378449,0
6543-CPZMK,YES,MALE,0,YES,YES,9,NO,NO,DSL,NO,YES,NO,NO,NO,NO,MONTH-TO-MONTH,YES,ELECTRONIC CHECK,29.95,248.95,0.9839027595269382,1
6543-JXSOO,NO,FEMALE,0,YES,YES,23,YES,NO,DSL,YES,YES,NO,YES,NO,NO,ONE YEAR,YES,MAILED CHECK,57.75,1282.85,1.8971747700394217,0
6543-XRMYR,YES,FEMALE,1,NO,NO,30,YES,YES,FIBER OPTIC,NO,YES,NO,NO,YES,YES,MONTH-TO-MONTH,YES,ELECTRONIC CHECK,99.7,2967.35,3.2752956636005255,1
6546-OPBBH,NO,MALE,0,YES,YES,51,YES,YES,NO,NO,NO,NO,NO,NO,NO,ONE YEAR,YES,MAILED CHECK,23.95,1216.35,0.7867936925098554,0
6549-BTYPG,NO,FEMALE,0,YES,NO,60,NO,NO,DSL,NO,YES,YES,YES,YES,YES,TWO YEAR,NO,CREDIT CARD (AUTOMATIC),60.8,3603.45,1.9973718791064388,0
6549-NNDYT,NO,FEMALE,0,NO,NO,13,NO,NO,DSL,YES,NO,NO,NO,NO,NO,MONTH-TO-MONTH,YES,BANK TRANSFER (AUTOMATIC),30.85,394.1,1.0134691195795007,0
6549-YMFAW,NO,MALE,1,YES,NO,9,YES,NO,NO,NO,NO,NO,NO,NO,NO,MONTH-TO-MONTH,YES,MAILED CHECK,21.25,204.55,0.6980946123521682,0
6551-GNYDG,NO,FEMALE,0,YES,YES,14,YES,NO,FIBER OPTIC,NO,NO,NO,NO,NO,YES,MONTH-TO-MONTH,YES,BANK TRANSFER (AUTOMATIC),80.9,1152.8,2.657687253613666,0
6551-VLJMV,NO,MALE,0,YES,NO,34,YES,NO,NO,NO,NO,NO,NO,NO,NO,TWO YEAR,NO,CREDIT CARD (AUTOMATIC),20.05,679.0,0.6586727989487516,0
6551-ZCOTS,NO,MALE,1,NO,NO,33,YES,YES,NO,NO,NO,NO,NO,NO,NO,ONE YEAR,YES,BANK TRANSFER (AUTOMATIC),24.9,847.8,0.8180026281208935,0
6556-DBKZF,NO,FEMALE,0,YES,YES,71,YES,NO,FIBER OPTIC,NO,NO,YES,NO,NO,NO,TWO YEAR,NO,ELECTRONIC CHECK,76.05,5436.45,2.498357424441524,0
6557-BZXLQ,NO,MALE,1,NO,NO,16,YES,NO,FIBER OPTIC,NO,NO,NO,NO,NO,NO,MONTH-TO-MONTH,NO,ELECTRONIC CHECK,69.65,1043.3,2.2881077529566363,0
6559-ILWKJ,YES,MALE,0,YES,NO,71,NO,NO,DSL,NO,YES,NO,NO,YES,YES,TWO YEAR,NO,ELECTRONIC CHECK,49.35,3515.25,1.6212220762155058,1
6559-PDZLR,NO,MALE,0,NO,NO,26,YES,NO,FIBER OPTIC,NO,NO,YES,YES,YES,YES,MONTH-TO-MONTH,YES,ELECTRONIC CHECK,98.65,2537.0,3.2408015768725362,0
6559-RAKOZ,NO,MALE,0,YES,YES,49,YES,YES,FIBER OPTIC,NO,NO,NO,YES,YES,YES,ONE YEAR,YES,ELECTRONIC CHECK,97.95,4917.9,3.2178055190538766,0
6563-VNPMN,NO,FEMALE,1,NO,NO,45,YES,NO,FIBER OPTIC,YES,YES,NO,YES,NO,NO,MONTH-TO-MONTH,YES,BANK TRANSFER (AUTOMATIC),85.7,3778.1,2.8153745072273324,0
6563-VRERX,NO,MALE,0,YES,YES,33,YES,NO,NO,NO,NO,NO,NO,NO,NO,ONE YEAR,NO,MAILED CHECK,20.6,690.25,0.6767411300919842,0
6567-HOOPW,YES,FEMALE,1,NO,NO,1,YES,NO,FIBER OPTIC,NO,NO,NO,NO,YES,NO,MONTH-TO-MONTH,YES,ELECTRONIC CHECK,79.2,79.2,2.6018396846254928,1
6568-POCUI,NO,FEMALE,0,YES,NO,45,YES,NO,FIBER OPTIC,NO,NO,NO,YES,YES,YES,TWO YEAR,YES,CREDIT CARD (AUTOMATIC),95.2,4285.8,3.1274638633377134,0
6569-KTMDU,NO,FEMALE,0,NO,NO,1,YES,NO,NO,NO,NO,NO,NO,NO,NO,MONTH-TO-MONTH,NO,MAILED CHECK,19.1,19.1,0.6274638633377135,0
6572-ADKRS,NO,FEMALE,0,NO,NO,46,YES,NO,FIBER OPTIC,NO,NO,YES,NO,NO,NO,MONTH-TO-MONTH,YES,CREDIT CARD (AUTOMATIC),74.8,3548.3,2.457293035479632,0
6574-MCOEH,NO,FEMALE,0,YES,YES,33,YES,YES,DSL,NO,NO,YES,YES,YES,YES,ONE YEAR,YES,ELECTRONIC CHECK,79.15,2531.4,2.6001971090670173,0
6575-SUVOI,NO,FEMALE,1,YES,NO,25,YES,YES,DSL,YES,NO,NO,YES,YES,NO,MONTH-TO-MONTH,YES,CREDIT CARD (AUTOMATIC),69.5,1752.65,2.283180026281209,0
6576-FBXOJ,NO,MALE,0,YES,NO,17,NO,NO,DSL,NO,NO,YES,YES,YES,YES,ONE YEAR,NO,ELECTRONIC CHECK,54.6,934.8,1.7936925098554533,0
6578-KRMAW,NO,MALE,0,NO,NO,32,YES,NO,FIBER OPTIC,YES,YES,YES,NO,NO,YES,MONTH-TO-MONTH,YES,CREDIT CARD (AUTOMATIC),93.4,2979.3,3.0683311432325886,0
6579-JPICP,NO,MALE,0,NO,NO,1,YES,NO,NO,NO,NO,NO,NO,NO,NO,MONTH-TO-MONTH,NO,MAILED CHECK,20.4,20.4,0.6701708278580814,0
6581-NQCBA,YES,FEMALE,0,YES,NO,16,NO,NO,DSL,NO,NO,NO,YES,YES,YES,MONTH-TO-MONTH,YES,ELECTRONIC CHECK,49.95,810.2,1.6409329829172141,1
6582-OIVSP,NO,FEMALE,0,NO,NO,1,YES,NO,DSL,NO,NO,NO,NO,NO,NO,MONTH-TO-MONTH,NO,MAILED CHECK,45.3,45.3,1.4881734559789748,0
6582-PLFUU,NO,MALE,0,YES,YES,51,YES,NO,NO,NO,NO,NO,NO,NO,NO,TWO YEAR,NO,CREDIT CARD (AUTOMATIC),19.55,1086.75,0.6422470433639947,0
6583-KQJLK,NO,FEMALE,1,YES,NO,15,YES,NO,FIBER OPTIC,NO,YES,NO,NO,YES,YES,MONTH-TO-MONTH,YES,ELECTRONIC CHECK,94.65,1285.05,3.109395532194481,0
6583-QGCSI,YES,FEMALE,1,YES,NO,50,YES,YES,FIBER OPTIC,NO,YES,NO,NO,YES,NO,MONTH-TO-MONTH,YES,ELECTRONIC CHECK,88.05,4367.35,2.8925755584756896,1
6583-SZVGP,NO,MALE,0,NO,NO,48,YES,YES,FIBER OPTIC,NO,YES,YES,NO,YES,YES,TWO YEAR,YES,BANK TRANSFER (AUTOMATIC),108.1,5067.45,3.5512483574244413,0
6584-VQMYT,NO,MALE,0,NO,YES,27,YES,NO,DSL,YES,YES,NO,NO,NO,NO,ONE YEAR,NO,MAILED CHECK,56.2,1567.55,1.8462549277266755,0
6585-WCEWR,NO,MALE,0,YES,YES,72,YES,NO,NO,NO,NO,NO,NO,NO,NO,TWO YEAR,NO,ELECTRONIC CHECK,20.35,1354.4,0.6685282522996058,0
6586-MYGKD,NO,MALE,0,YES,NO,70,YES,YES,DSL,YES,NO,NO,YES,YES,YES,TWO YEAR,YES,CREDIT CARD (AUTOMATIC),76.95,5289.8,2.5279237844940865,0
6586-PSJOX,NO,MALE,0,NO,YES,15,YES,NO,DSL,NO,NO,YES,YES,NO,NO,ONE YEAR,NO,CREDIT CARD (AUTOMATIC),55.2,864.55,1.8134034165571618,0
6591-QGOYB,NO,MALE,0,NO,NO,17,YES,YES,FIBER OPTIC,YES,YES,YES,YES,YES,NO,MONTH-TO-MONTH,YES,BANK TRANSFER (AUTOMATIC),106.65,1672.1,3.5036136662286466,0
6595-COKXZ,YES,FEMALE,0,NO,NO,1,YES,NO,DSL,NO,NO,NO,NO,NO,NO,MONTH-TO-MONTH,YES,MAILED CHECK,44.45,44.45,1.4602496714848883,1
6595-YGXIT,YES,MALE,1,NO,NO,25,YES,YES,FIBER OPTIC,NO,YES,NO,NO,YES,NO,MONTH-TO-MONTH,YES,ELECTRONIC CHECK,88.95,2291.2,2.9221419185282524,1
6598-KELSS,NO,MALE,0,NO,YES,50,NO,NO,DSL,YES,YES,NO,NO,YES,NO,ONE YEAR,YES,BANK TRANSFER (AUTOMATIC),43.05,2208.05,1.4142575558475687,0
6598-RFFVI,YES,MALE,0,NO,NO,2,YES,NO,NO,NO,NO,NO,NO,NO,NO,ONE YEAR,NO,CREDIT CARD (AUTOMATIC),19.3,28.3,0.6340341655716163,1
6599-CEBNN,YES,FEMALE,0,NO,NO,34,YES,NO,FIBER OPTIC,NO,YES,NO,NO,NO,NO,MONTH-TO-MONTH,YES,CREDIT CARD (AUTOMATIC),73.95,2524.45,2.429369250985545,1
6599-GZWCM,NO,FEMALE,0,NO,NO,13,YES,NO,FIBER OPTIC,NO,YES,NO,NO,NO,NO,ONE YEAR,YES,MAILED CHECK,74.65,966.25,2.4523653088042052,0
6599-RCLCJ,YES,MALE,0,YES,NO,47,YES,YES,FIBER OPTIC,NO,YES,YES,YES,YES,YES,MONTH-TO-MONTH,YES,ELECTRONIC CHECK,109.55,5124.55,3.598883048620236,1
6599-SFQVE,NO,FEMALE,0,NO,NO,6,YES,NO,DSL,NO,NO,NO,NO,NO,YES,MONTH-TO-MONTH,YES,ELECTRONIC CHECK,55.0,340.4,1.8068331143232588,0
6603-QWSPR,NO,FEMALE,0,NO,NO,46,YES,NO,FIBER OPTIC,NO,YES,YES,YES,YES,YES,TWO YEAR,YES,BANK TRANSFER (AUTOMATIC),104.4,4904.2,3.4296977660972403,0
6603-YRDCJ,NO,MALE,0,YES,NO,33,YES,NO,DSL,YES,YES,NO,YES,NO,NO,TWO YEAR,YES,MAILED CHECK,61.05,2018.4,2.005584756898817,0
6608-QQLVK,YES,MALE,0,NO,NO,1,YES,NO,DSL,NO,NO,YES,NO,NO,NO,MONTH-TO-MONTH,YES,ELECTRONIC CHECK,50.5,50.5,1.6590013140604467,1
6609-MXJHJ,NO,FEMALE,0,YES,YES,30,YES,YES,NO,NO,NO,NO,NO,NO,NO,TWO YEAR,YES,MAILED CHECK,25.1,789.55,0.8245729303547963,0
6614-FHDBO,NO,MALE,0,NO,NO,72,YES,YES,FIBER OPTIC,NO,YES,YES,YES,YES,YES,TWO YEAR,NO,BANK TRANSFER (AUTOMATIC),109.2,7878.3,3.5873850197109065,0
6614-VBEGU,NO,FEMALE,0,YES,NO,24,YES,NO,DSL,NO,YES,NO,NO,YES,YES,MONTH-TO-MONTH,YES,BANK TRANSFER (AUTOMATIC),69.45,1614.05,2.281537450722733,0
6614-YOLAC,NO,FEMALE,0,YES,YES,71,NO,NO,DSL,YES,YES,NO,YES,YES,YES,TWO YEAR,NO,MAILED CHECK,58.65,4145.25,1.9267411300919841,0
6614-YWYSC,NO,MALE,1,YES,NO,61,YES,YES,NO,NO,NO,NO,NO,NO,NO,TWO YEAR,NO,BANK TRANSFER (AUTOMATIC),25.0,1501.75,0.8212877792378449,0
6615-NGGZJ,YES,MALE,0,NO,NO,14,YES,YES,FIBER OPTIC,NO,YES,NO,NO,YES,YES,MONTH-TO-MONTH,YES,ELECTRONIC CHECK,100.55,1415.55,3.303219448094612,1
6615-ZGEDR,YES,MALE,0,NO,NO,1,YES,NO,NO,NO,NO,NO,NO,NO,NO,MONTH-TO-MONTH,NO,MAILED CHECK,19.7,19.7,0.6471747700394218,1
6616-AALSR,NO,FEMALE,0,YES,YES,65,YES,YES,FIBER OPTIC,YES,NO,YES,NO,YES,YES,TWO YEAR,YES,CREDIT CARD (AUTOMATIC),104.3,6725.3,3.426412614980289,0
6617-WLBQC,NO,FEMALE,0,YES,YES,23,YES,YES,FIBER OPTIC,YES,NO,NO,NO,NO,NO,ONE YEAR,NO,CREDIT CARD (AUTOMATIC),81.85,1810.85,2.688896189224704,0
6618-RYATB,YES,FEMALE,0,NO,NO,1,YES,YES,FIBER OPTIC,NO,NO,YES,NO,NO,NO,MONTH-TO-MONTH,YES,MAILED CHECK,79.55,79.55,2.6133377135348224,1
6619-RPLQZ,NO,FEMALE,0,YES,YES,45,YES,NO,NO,NO,NO,NO,NO,NO,NO,TWO YEAR,NO,MAILED CHECK,20.85,892.15,0.6849540078843627,0
6620-HVDUJ,NO,MALE,0,NO,NO,24,YES,NO,DSL,YES,YES,NO,YES,NO,NO,MONTH-TO-MONTH,NO,BANK TRANSFER (AUTOMATIC),60.45,1440.75,1.9858738501971092,0
6620-JDYNW,NO,FEMALE,0,NO,NO,18,YES,YES,DSL,YES,NO,YES,NO,NO,NO,MONTH-TO-MONTH,YES,MAILED CHECK,60.6,1156.35,1.990801576872536,0
6621-NRZAK,NO,FEMALE,0,YES,YES,63,YES,NO,NO,NO,NO,NO,NO,NO,NO,TWO YEAR,NO,CREDIT CARD (AUTOMATIC),20.0,1209.25,0.657030223390276,0
6621-YOBKI,NO,MALE,0,NO,NO,5,YES,NO,NO,NO,NO,NO,NO,NO,NO,MONTH-TO-MONTH,NO,MAILED CHECK,20.35,92.75,0.6685282522996058,0
6624-JDRDS,NO,FEMALE,0,NO,NO,6,NO,NO,DSL,YES,NO,NO,NO,NO,NO,MONTH-TO-MONTH,NO,BANK TRANSFER (AUTOMATIC),29.45,161.45,0.9674770039421813,0
6625-FLENO,NO,MALE,0,YES,NO,58,YES,NO,NO,NO,NO,NO,NO,NO,NO,TWO YEAR,NO,MAILED CHECK,20.75,1185.95,0.6816688567674113,0
6625-IUTTT,NO,MALE,0,NO,NO,67,YES,NO,DSL,YES,NO,YES,NO,NO,YES,TWO YEAR,NO,BANK TRANSFER (AUTOMATIC),65.55,4361.55,2.1534165571616293,0
6625-UTXEW,NO,FEMALE,0,YES,NO,12,YES,NO,DSL,NO,YES,NO,NO,NO,NO,MONTH-TO-MONTH,YES,ELECTRONIC CHECK,51.25,612.1,1.683639947437582,0
6627-CFOSN,NO,FEMALE,0,NO,NO,59,YES,YES,FIBER OPTIC,YES,YES,YES,NO,NO,YES,MONTH-TO-MONTH,YES,BANK TRANSFER (AUTOMATIC),99.45,5623.7,3.2670827858081473,0
6629-CZTTH,YES,MALE,0,NO,NO,1,YES,NO,DSL,NO,NO,NO,NO,NO,YES,MONTH-TO-MONTH,YES,MAILED CHECK,55.7,55.7,1.8298291721419186,1
6629-LADHQ,NO,FEMALE,0,NO,NO,2,YES,NO,DSL,YES,NO,NO,NO,NO,NO,MONTH-TO-MONTH,NO,MAILED CHECK,50.95,123.05,1.673784494086728,0
6630-UJZMY,NO,FEMALE,1,YES,NO,4,YES,YES,FIBER OPTIC,NO,NO,NO,NO,YES,NO,MONTH-TO-MONTH,YES,ELECTRONIC CHECK,83.25,308.05,2.7348883048620234,0
6631-HMANX,NO,MALE,0,YES,NO,72,YES,YES,DSL,NO,YES,YES,YES,YES,YES,TWO YEAR,YES,CREDIT CARD (AUTOMATIC),85.45,6227.5,2.807161629434954,0
6633-MPWBS,YES,MALE,0,NO,NO,5,YES,NO,DSL,NO,NO,NO,YES,NO,NO,MONTH-TO-MONTH,YES,ELECTRONIC CHECK,49.2,216.9,1.6162943495400788,1
6633-SYEUS,NO,FEMALE,0,NO,NO,23,YES,NO,FIBER OPTIC,NO,YES,YES,YES,NO,NO,MONTH-TO-MONTH,NO,BANK TRANSFER (AUTOMATIC),83.2,2032.3,2.733245729303548,0
6635-CPNUN,NO,MALE,0,YES,NO,28,YES,YES,FIBER OPTIC,NO,YES,YES,NO,YES,NO,MONTH-TO-MONTH,NO,CREDIT CARD (AUTOMATIC),96.6,2684.35,3.1734559789750327,0
6635-MYYYZ,YES,FEMALE,0,NO,NO,30,YES,NO,DSL,YES,YES,YES,YES,YES,YES,ONE YEAR,NO,BANK TRANSFER (AUTOMATIC),85.35,2530.4,2.8038764783180024,1
6637-KYRCV,NO,FEMALE,0,YES,YES,5,NO,NO,DSL,NO,YES,NO,NO,NO,NO,MONTH-TO-MONTH,YES,ELECTRONIC CHECK,30.5,167.2,1.0019710906701709,0
6641-XRPSU,YES,FEMALE,0,NO,NO,34,YES,NO,FIBER OPTIC,NO,NO,NO,NO,NO,NO,MONTH-TO-MONTH,YES,CREDIT CARD (AUTOMATIC),70.0,2416.1,2.299605781865966,1
6645-MXQJT,NO,MALE,0,YES,YES,2,YES,NO,FIBER OPTIC,YES,NO,NO,NO,YES,YES,MONTH-TO-MONTH,NO,ELECTRONIC CHECK,97.1,184.15,3.1898817345597896,0
6646-JPPHA,NO,FEMALE,1,NO,NO,14,YES,NO,FIBER OPTIC,YES,YES,NO,NO,NO,NO,MONTH-TO-MONTH,NO,ELECTRONIC CHECK,78.85,1043.8,2.5903416557161627,0
6646-QVXLR,YES,MALE,1,YES,NO,62,YES,YES,FIBER OPTIC,NO,YES,YES,NO,YES,YES,ONE YEAR,YES,ELECTRONIC CHECK,103.75,6383.35,3.4083442838370566,1
6646-VRFOL,YES,MALE,1,YES,NO,53,YES,YES,FIBER OPTIC,NO,YES,YES,NO,YES,YES,MONTH-TO-MONTH,YES,ELECTRONIC CHECK,103.85,5485.5,3.4116294349540075,1
6647-ZEDXT,NO,FEMALE,0,NO,NO,30,YES,YES,FIBER OPTIC,NO,YES,YES,YES,YES,YES,ONE YEAR,NO,CREDIT CARD (AUTOMATIC),110.45,3327.05,3.628449408672799,0
6648-INWPS,NO,MALE,0,YES,YES,16,YES,NO,NO,NO,NO,NO,NO,NO,NO,MONTH-TO-MONTH,NO,ELECTRONIC CHECK,20.15,341.35,0.6619579500657029,0
6650-BWFRT,NO,FEMALE,0,YES,NO,72,YES,YES,FIBER OPTIC,YES,YES,YES,YES,YES,YES,TWO YEAR,YES,CREDIT CARD (AUTOMATIC),117.15,8529.5,3.8485545335085414,0
6650-VJONK,NO,MALE,0,NO,NO,1,YES,NO,DSL,NO,NO,NO,NO,NO,NO,MONTH-TO-MONTH,YES,BANK TRANSFER (AUTOMATIC),43.85,43.85,1.44053876478318,0
6651-AZVTJ,YES,MALE,0,YES,YES,49,YES,YES,FIBER OPTIC,NO,NO,YES,NO,YES,YES,MONTH-TO-MONTH,YES,ELECTRONIC CHECK,99.8,4872.45,3.278580814717477,1
6651-RLGGM,NO,MALE,0,YES,YES,67,YES,YES,NO,NO,NO,NO,NO,NO,NO,TWO YEAR,NO,MAILED CHECK,26.3,1688.9,0.8639947437582128,0
6652-YFFJO,NO,FEMALE,0,NO,NO,11,YES,NO,DSL,NO,NO,NO,NO,YES,YES,MONTH-TO-MONTH,YES,ELECTRONIC CHECK,64.9,716.1,2.1320630749014455,0
6653-CBBOM,YES,FEMALE,0,NO,NO,1,YES,NO,FIBER OPTIC,NO,NO,NO,NO,NO,NO,MONTH-TO-MONTH,YES,ELECTRONIC CHECK,70.3,70.3,2.3094612352168196,1
6654-QGBZZ,NO,FEMALE,0,NO,NO,1,YES,NO,NO,NO,NO,NO,NO,NO,NO,MONTH-TO-MONTH,NO,MAILED CHECK,19.9,19.9,0.6537450722733245,0
6655-LHBYW,NO,MALE,0,NO,NO,50,YES,YES,FIBER OPTIC,YES,YES,YES,YES,YES,YES,ONE YEAR,NO,CREDIT CARD (AUTOMATIC),114.35,5791.1,3.7565703022339023,0
6656-GULJQ,NO,MALE,0,YES,YES,72,YES,YES,DSL,YES,NO,YES,YES,YES,YES,TWO YEAR,YES,CREDIT CARD (AUTOMATIC),83.55,6093.3,2.7447437582128775,0
6656-JWRQX,NO,FEMALE,0,NO,NO,1,NO,NO,DSL,NO,NO,NO,YES,NO,NO,MONTH-TO-MONTH,NO,MAILED CHECK,30.55,30.55,1.0036136662286466,0
6661-EIPZC,NO,FEMALE,0,YES,YES,48,NO,NO,DSL,NO,NO,NO,YES,NO,NO,MONTH-TO-MONTH,YES,CREDIT CARD (AUTOMATIC),29.5,1423.05,0.969119579500657,0
6661-HBGWL,YES,FEMALE,1,NO,NO,42,YES,YES,FIBER OPTIC,NO,YES,YES,NO,YES,YES,MONTH-TO-MONTH,YES,BANK TRANSFER (AUTOMATIC),104.75,4323.45,3.4411957950065704,1
6663-JOCQO,NO,MALE,0,YES,YES,31,YES,YES,DSL,YES,YES,NO,YES,NO,YES,ONE YEAR,YES,BANK TRANSFER (AUTOMATIC),75.25,2344.5,2.472076215505913,0
6664-FPDAC,YES,FEMALE,1,NO,NO,56,YES,YES,FIBER OPTIC,NO,YES,YES,YES,YES,YES,ONE YEAR,YES,ELECTRONIC CHECK,111.95,6418.9,3.6777266754270697,1
6668-CNMFP,NO,FEMALE,0,YES,YES,19,YES,YES,FIBER OPTIC,NO,NO,NO,YES,NO,YES,ONE YEAR,YES,BANK TRANSFER (AUTOMATIC),89.35,1686.85,2.9352825229960575,0
6670-MFRPK,NO,MALE,0,YES,YES,69,YES,YES,FIBER OPTIC,NO,NO,YES,NO,NO,NO,TWO YEAR,YES,CREDIT CARD (AUTOMATIC),79.2,5420.65,2.6018396846254928,0
6671-NGWON,NO,FEMALE,0,NO,NO,7,YES,NO,NO,NO,NO,NO,NO,NO,NO,MONTH-TO-MONTH,NO,MAILED CHECK,20.35,150.6,0.6685282522996058,0
6674-KVJHG,NO,FEMALE,0,NO,NO,11,YES,YES,NO,NO,NO,NO,NO,NO,NO,ONE YEAR,NO,ELECTRONIC CHECK,25.2,245.15,0.8278580814717477,0
6680-NENYN,YES,FEMALE,0,NO,NO,43,YES,YES,FIBER OPTIC,NO,YES,YES,NO,YES,YES,TWO YEAR,YES,ELECTRONIC CHECK,104.6,4759.85,3.436268068331143,1
6680-WKXRZ,YES,FEMALE,0,NO,NO,3,YES,YES,FIBER OPTIC,NO,NO,NO,NO,NO,NO,MONTH-TO-MONTH,NO,BANK TRANSFER (AUTOMATIC),74.4,215.8,2.4441524310118266,1
6681-ZSEXG,NO,MALE,0,YES,NO,56,YES,YES,DSL,NO,YES,YES,NO,NO,NO,TWO YEAR,NO,CREDIT CARD (AUTOMATIC),59.5,3389.25,1.9546649145860708,0
6682-QJDGB,YES,MALE,0,NO,YES,40,YES,NO,DSL,YES,YES,NO,NO,NO,NO,MONTH-TO-MONTH,YES,MAILED CHECK,55.25,2139.2,1.8150459921156372,1
6682-VCIXC,NO,FEMALE,0,YES,YES,43,NO,NO,DSL,YES,YES,NO,YES,YES,NO,ONE YEAR,YES,BANK TRANSFER (AUTOMATIC),51.25,2151.6,1.683639947437582,0
6683-VLCTZ,YES,MALE,1,NO,NO,20,YES,YES,FIBER OPTIC,NO,NO,YES,NO,YES,YES,MONTH-TO-MONTH,YES,ELECTRONIC CHECK,98.55,1842.8,3.2375164257555844,1
6685-GBWJZ,NO,MALE,0,YES,NO,63,YES,NO,DSL,YES,YES,NO,YES,YES,NO,ONE YEAR,NO,CREDIT CARD (AUTOMATIC),70.8,4448.8,2.325886990801577,0
6685-XSHHU,NO,MALE,0,YES,YES,60,YES,NO,NO,NO,NO,NO,NO,NO,NO,TWO YEAR,YES,BANK TRANSFER (AUTOMATIC),20.95,1270.55,0.688239159001314,0
6686-YPGHK,YES,MALE,1,NO,NO,47,YES,NO,FIBER OPTIC,YES,NO,NO,NO,NO,YES,MONTH-TO-MONTH,NO,MAILED CHECK,85.5,4042.3,2.8088042049934296,1
6688-UZPWD,YES,FEMALE,0,YES,NO,11,YES,YES,FIBER OPTIC,NO,YES,NO,NO,YES,YES,MONTH-TO-MONTH,YES,ELECTRONIC CHECK,102.0,1145.35,3.350854139290407,1
6689-KXGBO,YES,FEMALE,0,NO,NO,1,YES,NO,DSL,NO,YES,NO,NO,NO,NO,MONTH-TO-MONTH,NO,ELECTRONIC CHECK,50.55,50.55,1.6606438896189224,1
6689-TCZHQ,YES,FEMALE,1,NO,NO,5,YES,NO,FIBER OPTIC,NO,NO,NO,NO,NO,YES,MONTH-TO-MONTH,NO,ELECTRONIC CHECK,78.95,378.4,2.5936268068331145,1
6689-VRRTK,NO,FEMALE,1,NO,NO,44,YES,YES,FIBER OPTIC,YES,YES,YES,NO,YES,YES,ONE YEAR,YES,CREDIT CARD (AUTOMATIC),109.8,4860.35,3.607095926412615,0
6691-CCIHA,NO,FEMALE,0,YES,NO,62,YES,YES,DSL,YES,YES,NO,YES,YES,YES,TWO YEAR,YES,ELECTRONIC CHECK,84.95,5150.55,2.7907358738501973,0
6692-UDPJC,YES,FEMALE,0,YES,YES,14,YES,YES,FIBER OPTIC,NO,NO,NO,YES,YES,NO,MONTH-TO-MONTH,YES,ELECTRONIC CHECK,91.65,1301.0,3.0108409986859397,1
6692-YQHXC,NO,MALE,0,NO,NO,16,YES,NO,FIBER OPTIC,NO,NO,NO,NO,NO,NO,MONTH-TO-MONTH,YES,CREDIT CARD (AUTOMATIC),69.95,1205.5,2.29796320630749,0
6693-DJWTY,NO,FEMALE,0,NO,YES,35,YES,NO,DSL,YES,YES,NO,NO,NO,NO,ONE YEAR,NO,CREDIT CARD (AUTOMATIC),55.6,2016.45,1.826544021024967,0
6693-FRIRW,NO,MALE,0,NO,NO,18,YES,NO,FIBER OPTIC,NO,YES,YES,NO,YES,YES,MONTH-TO-MONTH,NO,CREDIT CARD (AUTOMATIC),101.3,1794.65,3.3278580814717476,0
6695-AMZUF,NO,FEMALE,0,YES,NO,70,YES,NO,DSL,YES,YES,YES,YES,YES,YES,TWO YEAR,NO,CREDIT CARD (AUTOMATIC),86.45,5950.2,2.840013140604468,0
6695-FRVEC,NO,MALE,0,YES,YES,67,YES,NO,DSL,YES,NO,YES,YES,NO,NO,TWO YEAR,YES,BANK TRANSFER (AUTOMATIC),60.4,3953.7,1.9842312746386332,0
6696-YDAYZ,NO,MALE,0,YES,YES,16,YES,NO,NO,NO,NO,NO,NO,NO,NO,TWO YEAR,NO,MAILED CHECK,20.5,290.55,0.6734559789750328,0
6698-OXETB,NO,MALE,0,NO,NO,11,YES,NO,NO,NO,NO,NO,NO,NO,NO,TWO YEAR,NO,MAILED CHECK,20.4,231.45,0.6701708278580814,0
6701-DHKWQ,NO,FEMALE,0,YES,YES,61,NO,NO,DSL,NO,YES,YES,YES,YES,NO,TWO YEAR,NO,CREDIT CARD (AUTOMATIC),51.35,3244.4,1.6869250985545334,0
6701-YVNQG,NO,MALE,0,YES,NO,72,YES,YES,DSL,YES,YES,YES,YES,YES,YES,TWO YEAR,YES,CREDIT CARD (AUTOMATIC),88.7,6301.7,2.9139290407358738,0
6702-OHFWR,YES,MALE,1,NO,NO,1,NO,NO,DSL,NO,YES,YES,NO,NO,YES,MONTH-TO-MONTH,YES,ELECTRONIC CHECK,43.3,43.3,1.4224704336399472,1
6704-UTUKK,NO,MALE,0,YES,NO,29,NO,NO,DSL,NO,NO,NO,NO,YES,YES,MONTH-TO-MONTH,YES,ELECTRONIC CHECK,45.9,1332.4,1.5078843626806833,0
6705-LNMDD,NO,MALE,0,NO,NO,20,YES,NO,DSL,NO,NO,NO,YES,NO,NO,MONTH-TO-MONTH,NO,MAILED CHECK,50.0,1003.05,1.6425755584756898,0
6705-LXORM,NO,FEMALE,1,YES,NO,5,YES,NO,FIBER OPTIC,NO,NO,NO,NO,NO,NO,MONTH-TO-MONTH,NO,ELECTRONIC CHECK,70.05,302.6,2.3012483574244413,0
6710-HSJRD,NO,MALE,0,YES,NO,61,YES,YES,FIBER OPTIC,NO,YES,YES,YES,YES,YES,MONTH-TO-MONTH,YES,ELECTRONIC CHECK,114.1,7132.15,3.748357424441524,0
6711-FLDFB,YES,FEMALE,0,NO,NO,7,YES,YES,FIBER OPTIC,NO,NO,NO,NO,NO,NO,MONTH-TO-MONTH,YES,ELECTRONIC CHECK,74.9,541.15,2.4605781865965834,1
6711-VTNRE,YES,FEMALE,0,NO,NO,36,YES,NO,FIBER OPTIC,NO,NO,YES,YES,NO,YES,MONTH-TO-MONTH,YES,ELECTRONIC CHECK,87.55,3078.1,2.8761498028909327,1
6712-OAWRH,YES,FEMALE,1,NO,NO,26,YES,NO,FIBER OPTIC,NO,NO,NO,NO,YES,YES,MONTH-TO-MONTH,YES,ELECTRONIC CHECK,91.25,2351.8,2.9977003942181337,1
6713-OKOMC,NO,FEMALE,0,NO,NO,10,NO,NO,DSL,YES,NO,NO,NO,NO,NO,MONTH-TO-MONTH,NO,MAILED CHECK,29.75,301.9,0.9773324572930354,0
6715-OFDBP,YES,MALE,0,NO,NO,5,YES,NO,DSL,NO,NO,YES,NO,YES,YES,MONTH-TO-MONTH,YES,ELECTRONIC CHECK,70.05,346.4,2.3012483574244413,1
6718-BDGHG,NO,FEMALE,0,YES,NO,43,YES,YES,DSL,NO,NO,NO,YES,YES,NO,ONE YEAR,YES,BANK TRANSFER (AUTOMATIC),64.85,2908.2,2.1304204993429696,0
6719-FGEDO,NO,FEMALE,0,YES,NO,72,YES,YES,FIBER OPTIC,YES,YES,YES,YES,NO,NO,TWO YEAR,YES,BANK TRANSFER (AUTOMATIC),97.0,7104.2,3.1865965834428382,0
6719-OXYBR,NO,MALE,0,NO,NO,15,YES,NO,FIBER OPTIC,NO,NO,YES,NO,YES,NO,MONTH-TO-MONTH,NO,ELECTRONIC CHECK,85.3,1219.85,2.802233902759527,0
6723-CEGQI,NO,FEMALE,0,NO,YES,65,NO,NO,DSL,NO,YES,NO,YES,YES,NO,TWO YEAR,NO,MAILED CHECK,45.25,2933.95,1.4865308804204993,0
6723-WSNTY,NO,FEMALE,1,YES,NO,66,YES,YES,FIBER OPTIC,NO,YES,YES,YES,YES,YES,ONE YEAR,YES,CREDIT CARD (AUTOMATIC),108.1,7181.95,3.5512483574244413,0
6725-TPKJO,NO,MALE,0,NO,NO,44,YES,NO,NO,NO,NO,NO,NO,NO,NO,TWO YEAR,NO,MAILED CHECK,20.05,845.25,0.6586727989487516,0
6726-NNFWD,NO,FEMALE,1,YES,NO,71,YES,NO,FIBER OPTIC,NO,YES,YES,NO,NO,YES,TWO YEAR,NO,CREDIT CARD (AUTOMATIC),89.45,6435.25,2.9385676741130093,0
6726-WEXXK,NO,MALE,1,YES,NO,27,YES,YES,FIBER OPTIC,YES,NO,YES,NO,NO,NO,ONE YEAR,YES,ELECTRONIC CHECK,85.9,2220.1,2.821944809461235,0
6727-IOTLZ,NO,MALE,0,YES,NO,14,YES,NO,DSL,NO,YES,YES,YES,YES,YES,TWO YEAR,NO,MAILED CHECK,81.95,1181.75,2.692181340341656,0
6728-CZFEI,NO,FEMALE,0,NO,NO,15,YES,NO,DSL,NO,NO,NO,NO,YES,NO,ONE YEAR,NO,MAILED CHECK,56.15,931.9,1.8446123521681996,0
6728-DKUCO,NO,FEMALE,0,YES,YES,72,YES,YES,FIBER OPTIC,YES,YES,NO,NO,YES,YES,ONE YEAR,YES,ELECTRONIC CHECK,104.15,7303.05,3.421484888304862,0
6728-VOIFY,NO,FEMALE,0,YES,NO,63,YES,NO,FIBER OPTIC,NO,YES,NO,NO,YES,YES,ONE YEAR,YES,ELECTRONIC CHECK,96.0,6109.75,3.1537450722733245,0
6728-WYQBC,NO,MALE,0,NO,NO,1,YES,NO,NO,NO,NO,NO,NO,NO,NO,MONTH-TO-MONTH,NO,BANK TRANSFER (AUTOMATIC),20.95,20.95,0.688239159001314,0
6729-FZWSY,NO,MALE,0,NO,NO,67,YES,NO,NO,NO,NO,NO,NO,NO,NO,ONE YEAR,YES,MAILED CHECK,19.45,1195.95,0.6389618922470434,0
6729-GDNGC,NO,FEMALE,1,NO,NO,20,YES,NO,FIBER OPTIC,NO,NO,NO,NO,YES,NO,MONTH-TO-MONTH,NO,BANK TRANSFER (AUTOMATIC),80.7,1614.2,2.6511169513797634,0
6732-FZUGP,NO,FEMALE,0,NO,NO,47,YES,YES,FIBER OPTIC,YES,NO,YES,NO,YES,NO,ONE YEAR,NO,CREDIT CARD (AUTOMATIC),94.9,4615.25,3.1176084099868593,0
6732-VAILE,NO,MALE,0,YES,YES,70,YES,YES,DSL,NO,YES,YES,YES,YES,YES,TWO YEAR,YES,CREDIT CARD (AUTOMATIC),85.95,5931.75,2.823587385019711,0
6733-LRIZX,NO,MALE,0,NO,NO,35,YES,YES,FIBER OPTIC,YES,NO,YES,YES,YES,YES,TWO YEAR,YES,ELECTRONIC CHECK,108.95,4025.5,3.5791721419185283,0
6734-CKRSM,NO,FEMALE,0,NO,NO,3,YES,NO,NO,NO,NO,NO,NO,NO,NO,MONTH-TO-MONTH,NO,MAILED CHECK,20.0,63.6,0.657030223390276,0
6734-FQAJX,NO,MALE,1,NO,NO,67,YES,NO,FIBER OPTIC,YES,YES,NO,YES,YES,YES,TWO YEAR,YES,ELECTRONIC CHECK,105.05,7171.7,3.451051248357424,0
6734-GMPVK,NO,MALE,0,NO,NO,5,YES,YES,FIBER OPTIC,NO,YES,YES,NO,YES,YES,MONTH-TO-MONTH,NO,ELECTRONIC CHECK,105.3,550.6,3.4592641261498027,0
6734-JDTTV,NO,MALE,0,YES,YES,65,YES,NO,NO,NO,NO,NO,NO,NO,NO,TWO YEAR,YES,CREDIT CARD (AUTOMATIC),19.85,1267.05,0.6521024967148489,0
6734-PSBAW,NO,MALE,0,YES,NO,72,YES,YES,NO,NO,NO,NO,NO,NO,NO,TWO YEAR,YES,BANK TRANSFER (AUTOMATIC),23.55,1723.95,0.7736530880420499,0
6736-DHUQI,NO,FEMALE,0,YES,YES,67,YES,NO,FIBER OPTIC,YES,YES,YES,NO,NO,NO,ONE YEAR,NO,BANK TRANSFER (AUTOMATIC),84.8,5598.3,2.78580814717477,0
6738-ISCBM,NO,MALE,0,NO,NO,44,NO,NO,DSL,YES,NO,YES,NO,YES,YES,ONE YEAR,YES,ELECTRONIC CHECK,54.0,2440.25,1.773981603153745,0
6741-EGCBI,NO,MALE,1,NO,NO,30,YES,YES,FIBER OPTIC,YES,NO,NO,NO,NO,YES,MONTH-TO-MONTH,YES,CREDIT CARD (AUTOMATIC),90.5,2595.85,2.9730617608409986,0
6741-QRLUP,NO,FEMALE,0,NO,NO,63,YES,YES,DSL,YES,YES,YES,YES,NO,YES,TWO YEAR,YES,CREDIT CARD (AUTOMATIC),80.3,4995.35,2.637976346911958,0
6743-HHQPF,NO,MALE,0,YES,NO,42,NO,NO,DSL,NO,NO,NO,NO,NO,NO,MONTH-TO-MONTH,YES,CREDIT CARD (AUTOMATIC),25.1,1097.15,0.8245729303547963,0
6745-JEFZB,NO,MALE,0,YES,NO,35,YES,YES,FIBER OPTIC,NO,NO,NO,YES,YES,NO,MONTH-TO-MONTH,YES,CREDIT CARD (AUTOMATIC),91.5,3236.35,3.0059132720105124,0
6746-WAUWT,NO,MALE,0,NO,NO,19,YES,NO,NO,NO,NO,NO,NO,NO,NO,ONE YEAR,YES,CREDIT CARD (AUTOMATIC),19.7,386.5,0.6471747700394218,0
6749-UTDVX,NO,MALE,0,NO,NO,72,YES,YES,FIBER OPTIC,NO,YES,YES,NO,YES,YES,TWO YEAR,YES,ELECTRONIC CHECK,103.65,7634.8,3.405059132720105,0
6752-APNJL,NO,MALE,0,YES,YES,42,YES,NO,DSL,YES,YES,NO,NO,NO,NO,MONTH-TO-MONTH,NO,MAILED CHECK,54.5,2301.15,1.7904073587385019,0
6754-LZUKA,NO,MALE,0,YES,NO,61,YES,YES,DSL,NO,YES,YES,NO,YES,YES,TWO YEAR,NO,BANK TRANSFER (AUTOMATIC),80.9,4932.5,2.657687253613666,0
6754-WKSHP,NO,MALE,0,NO,YES,30,YES,YES,NO,NO,NO,NO,NO,NO,NO,ONE YEAR,NO,BANK TRANSFER (AUTOMATIC),25.35,723.3,0.8327858081471747,0
6762-NSODU,NO,FEMALE,0,YES,YES,46,YES,NO,NO,NO,NO,NO,NO,NO,NO,TWO YEAR,NO,CREDIT CARD (AUTOMATIC),19.4,958.15,0.6373193166885676,0
6762-QVYJO,NO,FEMALE,0,YES,YES,58,NO,NO,DSL,YES,NO,YES,YES,YES,YES,TWO YEAR,NO,MAILED CHECK,59.75,3624.35,1.9628777923784493,0
6765-MBQNU,NO,FEMALE,0,YES,NO,26,YES,YES,NO,NO,NO,NO,NO,NO,NO,ONE YEAR,NO,MAILED CHECK,26.0,684.05,0.8541392904073587,0
6766-HFKLA,NO,FEMALE,0,YES,NO,56,YES,YES,FIBER OPTIC,NO,NO,YES,YES,YES,YES,TWO YEAR,NO,BANK TRANSFER (AUTOMATIC),103.2,5744.35,3.3902759526938238,0
6769-DCQLI,YES,MALE,0,NO,NO,52,YES,NO,FIBER OPTIC,NO,YES,YES,YES,YES,YES,ONE YEAR,YES,BANK TRANSFER (AUTOMATIC),105.0,5426.85,3.4494086727989486,1
6769-DYBQN,YES,MALE,1,NO,NO,46,YES,NO,FIBER OPTIC,YES,NO,NO,NO,NO,YES,MONTH-TO-MONTH,NO,ELECTRONIC CHECK,85.0,3969.4,2.7923784494086727,1
6770-UAYGJ,NO,FEMALE,0,YES,YES,49,YES,YES,NO,NO,NO,NO,NO,NO,NO,TWO YEAR,NO,MAILED CHECK,25.25,1211.65,0.8295006570302234,0
6770-XUAGN,YES,FEMALE,0,YES,YES,1,YES,NO,NO,NO,NO,NO,NO,NO,NO,MONTH-TO-MONTH,YES,ELECTRONIC CHECK,21.0,21.0,0.6898817345597897,1
6771-XWBDM,YES,FEMALE,0,YES,NO,57,YES,YES,FIBER OPTIC,NO,YES,YES,NO,YES,YES,MONTH-TO-MONTH,YES,CREDIT CARD (AUTOMATIC),104.5,5921.35,3.4329829172141917,1
6772-KSATR,YES,MALE,0,NO,NO,1,YES,YES,FIBER OPTIC,YES,NO,NO,NO,NO,NO,MONTH-TO-MONTH,YES,ELECTRONIC CHECK,81.7,81.7,2.6839684625492772,1
6772-WFQRD,NO,MALE,0,NO,YES,40,YES,NO,NO,NO,NO,NO,NO,NO,NO,ONE YEAR,YES,BANK TRANSFER (AUTOMATIC),20.4,854.9,0.6701708278580814,0
6773-LQTVT,NO,FEMALE,1,YES,YES,29,NO,NO,DSL,NO,YES,YES,NO,NO,NO,MONTH-TO-MONTH,YES,MAILED CHECK,35.65,1025.15,1.171156373193167,0
6776-TLWOI,YES,MALE,0,NO,NO,3,YES,NO,NO,NO,NO,NO,NO,NO,NO,MONTH-TO-MONTH,NO,MAILED CHECK,19.85,64.55,0.6521024967148489,1
6777-TGHTM,YES,FEMALE,0,NO,NO,53,YES,YES,FIBER OPTIC,YES,NO,YES,NO,YES,YES,ONE YEAR,YES,CREDIT CARD (AUTOMATIC),106.95,5785.5,3.5134691195795007,1
6778-EICRF,NO,MALE,0,YES,YES,24,YES,YES,DSL,YES,NO,NO,NO,YES,YES,ONE YEAR,NO,MAILED CHECK,74.8,1821.2,2.457293035479632,0
6778-JFCMK,NO,MALE,0,NO,NO,24,NO,NO,DSL,YES,NO,NO,NO,YES,YES,ONE YEAR,YES,MAILED CHECK,50.6,1288.75,1.662286465177398,0
6778-YSNIH,NO,FEMALE,0,NO,NO,2,YES,NO,DSL,NO,YES,NO,NO,YES,NO,MONTH-TO-MONTH,YES,ELECTRONIC CHECK,59.0,114.15,1.938239159001314,0
6784-XYJAE,NO,FEMALE,0,NO,NO,36,YES,YES,DSL,NO,NO,YES,NO,NO,NO,ONE YEAR,NO,ELECTRONIC CHECK,55.8,1941.5,1.8331143232588698,0
6786-OBWQR,NO,FEMALE,0,YES,YES,5,YES,NO,FIBER OPTIC,NO,NO,NO,NO,YES,NO,MONTH-TO-MONTH,YES,ELECTRONIC CHECK,80.85,356.1,2.6560446780551903,0
6789-HJBWG,NO,FEMALE,0,NO,NO,12,YES,NO,DSL,NO,YES,NO,NO,NO,NO,MONTH-TO-MONTH,YES,ELECTRONIC CHECK,49.4,611.65,1.6228646517739815,0
6791-YBNAK,NO,MALE,0,YES,YES,18,NO,NO,DSL,NO,NO,NO,NO,NO,NO,MONTH-TO-MONTH,NO,CREDIT CARD (AUTOMATIC),25.55,467.85,0.8393561103810775,0
6794-HKIAJ,NO,MALE,0,NO,NO,62,YES,YES,FIBER OPTIC,YES,YES,YES,NO,NO,NO,MONTH-TO-MONTH,NO,BANK TRANSFER (AUTOMATIC),90.7,5586.45,2.9796320630749014,0
6797-LNAQX,YES,MALE,0,YES,YES,70,YES,YES,FIBER OPTIC,NO,YES,NO,NO,YES,YES,TWO YEAR,NO,BANK TRANSFER (AUTOMATIC),98.3,6859.5,3.229303547963206,1
6797-UCJHZ,NO,FEMALE,1,YES,NO,66,YES,YES,FIBER OPTIC,NO,YES,YES,NO,YES,YES,ONE YEAR,NO,CREDIT CARD (AUTOMATIC),104.6,6819.45,3.436268068331143,0
6804-GDMOI,YES,FEMALE,0,NO,NO,61,YES,YES,FIBER OPTIC,NO,NO,YES,YES,YES,YES,TWO YEAR,YES,ELECTRONIC CHECK,106.6,6428.4,3.5019710906701706,1
6806-YDEUL,NO,FEMALE,1,NO,NO,6,YES,NO,NO,NO,NO,NO,NO,NO,NO,MONTH-TO-MONTH,NO,BANK TRANSFER (AUTOMATIC),19.5,106.8,0.640604467805519,0
6807-SIWJI,NO,MALE,0,NO,NO,38,YES,YES,FIBER OPTIC,YES,YES,NO,NO,YES,YES,ONE YEAR,YES,ELECTRONIC CHECK,104.85,3887.25,3.4444809461235213,0
6810-VCAEX,NO,FEMALE,0,NO,NO,47,NO,NO,DSL,YES,YES,NO,YES,NO,NO,ONE YEAR,NO,CREDIT CARD (AUTOMATIC),39.65,1798.65,1.302562417871222,0
6813-GZQCG,NO,FEMALE,0,YES,YES,45,YES,YES,NO,NO,NO,NO,NO,NO,NO,TWO YEAR,YES,CREDIT CARD (AUTOMATIC),24.65,1171.3,0.8097897503285151,0
6814-ZPWFQ,NO,MALE,1,NO,NO,51,YES,YES,NO,NO,NO,NO,NO,NO,NO,ONE YEAR,NO,BANK TRANSFER (AUTOMATIC),25.0,1260.7,0.8212877792378449,0
6815-ABQFQ,NO,MALE,0,YES,NO,56,YES,YES,FIBER OPTIC,NO,YES,NO,YES,YES,YES,ONE YEAR,YES,ELECTRONIC CHECK,107.25,6033.3,3.523324572930355,0
6817-WTYHE,NO,MALE,0,NO,NO,2,YES,NO,DSL,NO,NO,NO,NO,NO,NO,MONTH-TO-MONTH,NO,BANK TRANSFER (AUTOMATIC),44.9,111.05,1.4750328515111695,0
6818-DJXAA,NO,FEMALE,0,NO,YES,10,YES,NO,FIBER OPTIC,NO,NO,YES,YES,YES,NO,MONTH-TO-MONTH,YES,ELECTRONIC CHECK,91.1,964.35,2.9927726675427064,0
6818-WOBHJ,YES,FEMALE,1,YES,NO,68,YES,YES,FIBER OPTIC,NO,YES,NO,NO,NO,YES,MONTH-TO-MONTH,YES,BANK TRANSFER (AUTOMATIC),89.6,6127.6,2.9434954007884357,1
6821-BUXUX,YES,FEMALE,0,NO,NO,13,YES,YES,FIBER OPTIC,YES,YES,NO,NO,YES,NO,MONTH-TO-MONTH,YES,ELECTRONIC CHECK,96.65,1244.5,3.1750985545335086,1
6821-JPCDC,NO,FEMALE,0,YES,NO,48,YES,NO,FIBER OPTIC,NO,YES,YES,NO,YES,YES,ONE YEAR,YES,ELECTRONIC CHECK,97.05,4692.95,3.1882391590013137,0
6823-SIDFQ,NO,MALE,0,NO,NO,28,YES,NO,NO,NO,NO,NO,NO,NO,NO,ONE YEAR,NO,CREDIT CARD (AUTOMATIC),18.25,534.7,0.5995400788436268,0
6825-UYPFK,YES,FEMALE,0,NO,NO,23,YES,YES,FIBER OPTIC,NO,NO,NO,NO,NO,NO,MONTH-TO-MONTH,NO,BANK TRANSFER (AUTOMATIC),75.6,1758.6,2.4835742444152427,1
6827-IEAUQ,NO,FEMALE,0,YES,YES,27,YES,NO,DSL,YES,YES,YES,YES,NO,NO,ONE YEAR,NO,MAILED CHECK,66.15,1874.45,2.173127463863338,0
6828-HMKWP,NO,MALE,0,YES,YES,12,YES,NO,NO,NO,NO,NO,NO,NO,NO,TWO YEAR,NO,BANK TRANSFER (AUTOMATIC),21.05,262.05,0.6915243101182654,0
6833-JMZYP,NO,FEMALE,0,NO,NO,15,YES,NO,FIBER OPTIC,NO,NO,YES,NO,YES,YES,MONTH-TO-MONTH,YES,CREDIT CARD (AUTOMATIC),94.0,1505.45,3.088042049934297,0
6834-NXDCA,YES,FEMALE,0,NO,NO,13,NO,NO,DSL,NO,NO,NO,NO,NO,NO,MONTH-TO-MONTH,YES,ELECTRONIC CHECK,23.9,300.8,0.7851511169513797,1
6837-BJYDQ,NO,MALE,0,NO,NO,3,YES,NO,NO,NO,NO,NO,NO,NO,NO,ONE YEAR,NO,MAILED CHECK,19.6,61.35,0.6438896189224704,0
6837-HAEVO,NO,MALE,0,YES,YES,69,YES,YES,FIBER OPTIC,NO,YES,YES,NO,YES,YES,TWO YEAR,YES,ELECTRONIC CHECK,105.0,7297.75,3.4494086727989486,0
6838-HVLXG,NO,FEMALE,0,NO,NO,12,YES,NO,NO,NO,NO,NO,NO,NO,NO,MONTH-TO-MONTH,NO,MAILED CHECK,20.3,246.7,0.6668856767411301,0
6838-YAUVY,NO,FEMALE,0,NO,NO,54,YES,YES,FIBER OPTIC,NO,NO,YES,YES,NO,YES,TWO YEAR,YES,BANK TRANSFER (AUTOMATIC),95.1,5064.85,3.124178712220762,0
6839-ITVZJ,YES,FEMALE,0,YES,YES,26,YES,YES,DSL,NO,YES,NO,YES,NO,NO,MONTH-TO-MONTH,YES,ELECTRONIC CHECK,60.05,1616.15,1.9727332457293034,1
6840-RESVB,NO,MALE,0,YES,YES,24,YES,YES,DSL,YES,NO,YES,YES,YES,YES,ONE YEAR,YES,MAILED CHECK,84.8,1990.5,2.78580814717477,0
6844-DZKRF,NO,MALE,0,NO,NO,2,YES,NO,DSL,NO,NO,NO,YES,NO,NO,MONTH-TO-MONTH,YES,CREDIT CARD (AUTOMATIC),50.2,109.25,1.6491458607095926,0
6845-RGTYS,YES,FEMALE,0,YES,NO,47,YES,YES,FIBER OPTIC,YES,YES,YES,NO,YES,NO,MONTH-TO-MONTH,YES,ELECTRONIC CHECK,98.75,4533.7,3.244086727989487,1
6847-KJLTS,NO,FEMALE,1,YES,NO,58,YES,YES,FIBER OPTIC,NO,NO,NO,YES,YES,YES,MONTH-TO-MONTH,YES,BANK TRANSFER (AUTOMATIC),100.4,5749.8,3.298291721419185,0
6848-HJTXY,NO,FEMALE,0,YES,NO,64,YES,NO,NO,NO,NO,NO,NO,NO,NO,TWO YEAR,NO,CREDIT CARD (AUTOMATIC),19.45,1208.6,0.6389618922470434,0
6848-YLDFR,NO,MALE,0,YES,YES,58,YES,NO,DSL,NO,YES,NO,YES,YES,YES,ONE YEAR,YES,CREDIT CARD (AUTOMATIC),75.2,4300.8,2.4704336399474376,0
6849-OYAMU,YES,MALE,0,YES,YES,19,YES,NO,FIBER OPTIC,NO,YES,NO,YES,YES,YES,ONE YEAR,NO,BANK TRANSFER (AUTOMATIC),100.0,1888.65,3.2851511169513796,1
6849-WLEYG,YES,MALE,0,NO,YES,1,YES,NO,NO,NO,NO,NO,NO,NO,NO,MONTH-TO-MONTH,NO,MAILED CHECK,19.75,19.75,0.6488173455978975,1
6851-WEFYX,NO,MALE,1,YES,NO,35,YES,YES,FIBER OPTIC,NO,NO,YES,NO,YES,YES,MONTH-TO-MONTH,YES,ELECTRONIC CHECK,100.8,3437.5,3.3114323258869907,0
6854-EXGSF,NO,FEMALE,0,NO,NO,8,YES,YES,DSL,YES,YES,YES,NO,NO,NO,MONTH-TO-MONTH,YES,BANK TRANSFER (AUTOMATIC),65.5,573.15,2.151773981603154,0
6855-VLGOS,NO,MALE,0,YES,YES,72,YES,NO,NO,NO,NO,NO,NO,NO,NO,TWO YEAR,NO,ELECTRONIC CHECK,20.55,1432.55,0.6750985545335085,0
6856-RAURS,NO,FEMALE,0,NO,NO,2,YES,YES,FIBER OPTIC,NO,NO,NO,NO,NO,NO,MONTH-TO-MONTH,YES,MAILED CHECK,74.9,136.05,2.4605781865965834,0
6857-TKDJV,NO,MALE,0,YES,YES,67,YES,YES,NO,NO,NO,NO,NO,NO,NO,TWO YEAR,NO,BANK TRANSFER (AUTOMATIC),24.65,1620.45,0.8097897503285151,0
6857-VWJDT,YES,FEMALE,0,NO,NO,1,YES,YES,FIBER OPTIC,NO,NO,NO,NO,YES,YES,MONTH-TO-MONTH,NO,MAILED CHECK,95.65,95.65,3.142247043363995,1
6859-QNXIQ,NO,FEMALE,0,YES,YES,72,YES,YES,FIBER OPTIC,YES,YES,YES,YES,YES,YES,TWO YEAR,YES,BANK TRANSFER (AUTOMATIC),113.1,8248.5,3.7155059132720103,0
6859-RKMZJ,NO,MALE,0,YES,NO,11,YES,NO,DSL,NO,NO,NO,NO,YES,NO,MONTH-TO-MONTH,YES,BANK TRANSFER (AUTOMATIC),55.05,608.15,1.8084756898817345,0
6860-YRJZP,NO,MALE,1,NO,NO,9,YES,YES,FIBER OPTIC,NO,NO,NO,NO,NO,NO,MONTH-TO-MONTH,YES,ELECTRONIC CHECK,74.05,678.45,2.4326544021024965,0
6861-OKBCE,YES,FEMALE,0,NO,YES,11,YES,NO,NO,NO,NO,NO,NO,NO,NO,MONTH-TO-MONTH,NO,CREDIT CARD (AUTOMATIC),20.1,221.35,0.6603153745072273,1
6861-XWTWQ,YES,MALE,1,YES,NO,7,YES,YES,FIBER OPTIC,NO,NO,YES,NO,YES,YES,MONTH-TO-MONTH,YES,ELECTRONIC CHECK,99.25,665.45,3.260512483574244,1
6862-CQUMB,NO,MALE,0,NO,NO,37,YES,NO,FIBER OPTIC,NO,YES,NO,NO,YES,YES,MONTH-TO-MONTH,YES,CREDIT CARD (AUTOMATIC),96.1,3646.8,3.157030223390276,0
6865-JZNKO,NO,FEMALE,0,NO,NO,30,YES,NO,DSL,YES,YES,NO,NO,NO,NO,MONTH-TO-MONTH,YES,BANK TRANSFER (AUTOMATIC),55.3,1530.6,1.816688567674113,0
6867-ACCZI,NO,FEMALE,0,YES,YES,24,NO,NO,DSL,YES,YES,YES,YES,NO,YES,TWO YEAR,YES,MAILED CHECK,52.5,1208.15,1.7247043363994743,0
6869-FGJJC,NO,MALE,0,NO,NO,68,YES,NO,FIBER OPTIC,NO,YES,YES,NO,NO,NO,ONE YEAR,NO,CREDIT CARD (AUTOMATIC),79.6,5461.45,2.614980289093298,0
6870-ECSHE,NO,FEMALE,0,NO,NO,2,YES,NO,NO,NO,NO,NO,NO,NO,NO,ONE YEAR,NO,MAILED CHECK,20.45,34.8,0.6718134034165572,0
6870-ZWMNX,NO,MALE,0,YES,NO,70,YES,YES,DSL,NO,YES,YES,YES,YES,NO,TWO YEAR,NO,CREDIT CARD (AUTOMATIC),76.1,5264.25,2.4999999999999996,0
6872-HXFNF,NO,FEMALE,0,YES,NO,64,YES,YES,DSL,NO,NO,YES,YES,NO,NO,ONE YEAR,NO,BANK TRANSFER (AUTOMATIC),58.35,3756.45,1.91688567674113,0
6873-UDNLD,NO,MALE,0,NO,NO,40,YES,NO,DSL,YES,NO,YES,NO,NO,YES,MONTH-TO-MONTH,NO,ELECTRONIC CHECK,67.45,2731.0,2.2158344283837055,0
6874-SGLHU,NO,MALE,0,NO,NO,30,YES,NO,FIBER OPTIC,NO,YES,NO,NO,YES,YES,ONE YEAR,YES,BANK TRANSFER (AUTOMATIC),97.0,3021.3,3.1865965834428382,0
6876-ADESB,YES,MALE,0,NO,YES,1,YES,NO,DSL,NO,NO,YES,NO,NO,NO,MONTH-TO-MONTH,NO,ELECTRONIC CHECK,48.95,48.95,1.6080814717477003,1
6877-LGWXO,YES,MALE,1,YES,NO,18,YES,NO,FIBER OPTIC,NO,NO,NO,NO,NO,YES,MONTH-TO-MONTH,NO,ELECTRONIC CHECK,78.55,1422.65,2.5804862023653086,1
6877-TJMBR,YES,MALE,0,YES,NO,1,YES,NO,FIBER OPTIC,NO,NO,NO,YES,YES,NO,MONTH-TO-MONTH,YES,ELECTRONIC CHECK,84.8,84.8,2.78580814717477,1
6878-GGDWG,NO,FEMALE,0,YES,NO,32,YES,NO,NO,NO,NO,NO,NO,NO,NO,MONTH-TO-MONTH,NO,BANK TRANSFER (AUTOMATIC),19.4,641.15,0.6373193166885676,0
6885-PKOAM,NO,FEMALE,0,YES,NO,71,YES,YES,DSL,YES,YES,YES,YES,YES,YES,TWO YEAR,NO,CREDIT CARD (AUTOMATIC),85.75,6223.8,2.817017082785808,0
6888-SBYAI,NO,MALE,0,NO,NO,1,YES,NO,DSL,YES,NO,NO,NO,NO,NO,MONTH-TO-MONTH,YES,MAILED CHECK,50.7,50.7,1.6655716162943495,0
6890-PFRQX,NO,MALE,0,NO,NO,18,YES,YES,DSL,YES,NO,YES,NO,YES,NO,MONTH-TO-MONTH,NO,MAILED CHECK,69.5,1199.4,2.283180026281209,0
6891-JPYFF,NO,FEMALE,0,YES,YES,48,YES,YES,FIBER OPTIC,YES,YES,NO,NO,YES,YES,MONTH-TO-MONTH,YES,CREDIT CARD (AUTOMATIC),105.25,4997.5,3.4576215505913273,0
6892-BOGQE,NO,FEMALE,0,YES,NO,71,YES,NO,NO,NO,NO,NO,NO,NO,NO,TWO YEAR,YES,BANK TRANSFER (AUTOMATIC),20.9,1493.2,0.6865965834428382,0
6892-EZDTG,YES,FEMALE,0,YES,NO,4,YES,YES,FIBER OPTIC,NO,YES,NO,NO,YES,NO,MONTH-TO-MONTH,YES,ELECTRONIC CHECK,91.65,365.4,3.0108409986859397,1
6892-XPFPU,YES,MALE,1,YES,NO,24,YES,YES,FIBER OPTIC,NO,YES,YES,NO,YES,YES,MONTH-TO-MONTH,YES,ELECTRONIC CHECK,104.25,2433.9,3.4247700394218135,1
6893-ODYYE,NO,MALE,0,NO,NO,50,YES,NO,FIBER OPTIC,YES,YES,YES,YES,NO,NO,ONE YEAR,YES,CREDIT CARD (AUTOMATIC),90.1,4549.45,2.9599211563731926,0
6894-LFHLY,YES,MALE,1,NO,NO,1,YES,YES,FIBER OPTIC,NO,NO,NO,NO,NO,NO,MONTH-TO-MONTH,YES,ELECTRONIC CHECK,75.75,75.75,2.48850197109067,1
6896-SRVYQ,NO,MALE,1,NO,NO,44,YES,NO,FIBER OPTIC,NO,NO,YES,NO,NO,NO,MONTH-TO-MONTH,NO,ELECTRONIC CHECK,73.85,3122.4,2.4260840998685937,0
6897-RWMUB,NO,MALE,0,YES,YES,61,YES,NO,DSL,YES,YES,YES,YES,NO,NO,TWO YEAR,YES,BANK TRANSFER (AUTOMATIC),68.05,4158.25,2.2355453350854138,0
6897-UUBNU,NO,MALE,0,NO,NO,29,YES,NO,FIBER OPTIC,NO,YES,NO,YES,YES,NO,MONTH-TO-MONTH,NO,MAILED CHECK,89.65,2623.65,2.945137976346912,0
6898-MDLZW,NO,MALE,0,NO,NO,12,YES,NO,DSL,NO,YES,NO,YES,NO,NO,MONTH-TO-MONTH,YES,MAILED CHECK,53.75,648.65,1.7657687253613665,0
6898-RBTLU,NO,FEMALE,0,YES,YES,49,YES,YES,DSL,NO,YES,NO,YES,YES,YES,TWO YEAR,NO,BANK TRANSFER (AUTOMATIC),79.3,3902.45,2.605124835742444,0
6899-PPEEA,YES,FEMALE,1,NO,NO,37,YES,YES,FIBER OPTIC,NO,NO,NO,NO,YES,YES,MONTH-TO-MONTH,YES,ELECTRONIC CHECK,96.55,3580.3,3.171813403416557,1
6900-PXRMS,YES,MALE,1,YES,YES,26,YES,YES,FIBER OPTIC,NO,YES,YES,NO,YES,YES,MONTH-TO-MONTH,NO,ELECTRONIC CHECK,105.75,2710.25,3.474047306176084,1
6900-RBKER,NO,MALE,0,NO,NO,52,YES,YES,FIBER OPTIC,NO,NO,YES,NO,NO,YES,TWO YEAR,YES,CREDIT CARD (AUTOMATIC),89.45,4577.75,2.9385676741130093,0
6901-GOGZG,NO,MALE,0,NO,YES,60,YES,YES,DSL,YES,NO,YES,YES,YES,YES,TWO YEAR,YES,ELECTRONIC CHECK,84.95,4984.85,2.7907358738501973,0
6904-JLBGY,NO,FEMALE,1,NO,NO,72,YES,YES,FIBER OPTIC,YES,YES,YES,YES,YES,YES,TWO YEAR,YES,CREDIT CARD (AUTOMATIC),117.35,8436.25,3.8551248357424437,0
6905-NIQIN,YES,MALE,0,NO,NO,1,YES,NO,DSL,NO,YES,NO,NO,NO,NO,MONTH-TO-MONTH,NO,MAILED CHECK,50.65,50.65,1.6639290407358738,1
6906-ANDWJ,YES,MALE,0,YES,YES,15,YES,YES,FIBER OPTIC,NO,NO,NO,NO,NO,NO,MONTH-TO-MONTH,YES,BANK TRANSFER (AUTOMATIC),74.9,1107.25,2.4605781865965834,1
6906-MPARY,NO,MALE,0,NO,NO,40,YES,NO,FIBER OPTIC,NO,YES,NO,YES,NO,YES,ONE YEAR,YES,CREDIT CARD (AUTOMATIC),89.6,3488.15,2.9434954007884357,0
6907-CQGPN,NO,MALE,0,NO,NO,29,NO,NO,DSL,NO,YES,NO,YES,NO,NO,MONTH-TO-MONTH,NO,ELECTRONIC CHECK,34.3,1004.75,1.126806833114323,0
6907-FLBER,NO,MALE,0,NO,NO,1,YES,YES,DSL,NO,YES,NO,NO,NO,NO,MONTH-TO-MONTH,NO,ELECTRONIC CHECK,54.3,54.3,1.7838370565045991,0
6907-NZZIJ,YES,FEMALE,0,NO,NO,36,YES,YES,FIBER OPTIC,NO,YES,NO,NO,YES,YES,MONTH-TO-MONTH,YES,ELECTRONIC CHECK,99.15,3615.6,3.257227332457293,1
6908-VVYHM,NO,MALE,0,YES,NO,65,YES,YES,FIBER OPTIC,NO,YES,NO,NO,NO,YES,MONTH-TO-MONTH,YES,ELECTRONIC CHECK,90.65,5931.0,2.977989487516426,0
6910-HADCM,YES,FEMALE,0,NO,NO,1,YES,NO,FIBER OPTIC,NO,NO,YES,NO,NO,NO,MONTH-TO-MONTH,NO,ELECTRONIC CHECK,76.35,76.35,2.5082128777923782,1
6916-HIJSE,NO,FEMALE,0,NO,NO,65,YES,NO,DSL,YES,YES,YES,YES,YES,YES,TWO YEAR,YES,BANK TRANSFER (AUTOMATIC),84.85,5459.2,2.7874507227332455,0
6917-FIJHC,NO,FEMALE,0,YES,NO,72,YES,YES,NO,NO,NO,NO,NO,NO,NO,TWO YEAR,YES,MAILED CHECK,26.0,1776.0,0.8541392904073587,0
6917-IAYHD,NO,MALE,0,NO,YES,1,NO,NO,DSL,NO,YES,NO,YES,NO,NO,MONTH-TO-MONTH,NO,MAILED CHECK,33.6,33.6,1.1038107752956636,0
6917-YACBP,NO,FEMALE,1,NO,NO,59,YES,YES,FIBER OPTIC,YES,YES,YES,NO,NO,NO,MONTH-TO-MONTH,YES,ELECTRONIC CHECK,89.75,5496.9,2.948423127463863,0
6918-UMQCG,NO,FEMALE,0,NO,NO,5,YES,NO,FIBER OPTIC,NO,NO,NO,NO,YES,NO,MONTH-TO-MONTH,NO,ELECTRONIC CHECK,80.2,384.25,2.6346911957950065,0
6919-ELBGL,NO,MALE,1,YES,YES,72,YES,YES,FIBER OPTIC,YES,YES,YES,YES,YES,YES,TWO YEAR,YES,BANK TRANSFER (AUTOMATIC),114.95,8196.4,3.776281208935611,0
6921-OZMFH,NO,MALE,0,YES,YES,5,YES,YES,DSL,NO,NO,NO,YES,NO,NO,MONTH-TO-MONTH,YES,MAILED CHECK,55.7,259.4,1.8298291721419186,0
6922-NCEDI,NO,MALE,0,NO,YES,56,YES,NO,NO,NO,NO,NO,NO,NO,NO,ONE YEAR,YES,MAILED CHECK,21.2,1238.65,0.6964520367936925,0
6923-AQONU,NO,MALE,0,YES,YES,23,YES,NO,NO,NO,NO,NO,NO,NO,NO,TWO YEAR,NO,MAILED CHECK,20.9,454.0,0.6865965834428382,0
6923-EFPNL,YES,MALE,0,NO,NO,4,YES,YES,DSL,NO,NO,NO,NO,NO,NO,MONTH-TO-MONTH,NO,CREDIT CARD (AUTOMATIC),51.75,201.1,1.700065703022339,1
6923-JHPMP,NO,FEMALE,0,NO,NO,2,YES,NO,FIBER OPTIC,YES,NO,YES,NO,NO,NO,MONTH-TO-MONTH,YES,ELECTRONIC CHECK,80.45,137.1,2.642904073587385,0
6924-TDGMT,NO,MALE,0,YES,NO,11,YES,NO,NO,NO,NO,NO,NO,NO,NO,ONE YEAR,YES,MAILED CHECK,20.55,184.95,0.6750985545335085,0
6925-BAYGL,NO,FEMALE,1,YES,NO,53,YES,YES,NO,NO,NO,NO,NO,NO,NO,TWO YEAR,NO,CREDIT CARD (AUTOMATIC),25.1,1275.6,0.8245729303547963,0
6927-WTFIV,YES,MALE,1,NO,NO,20,YES,NO,FIBER OPTIC,NO,NO,NO,NO,NO,NO,MONTH-TO-MONTH,NO,CREDIT CARD (AUTOMATIC),71.3,1389.2,2.342312746386334,1
6928-ONTRW,NO,FEMALE,0,YES,YES,72,YES,NO,NO,NO,NO,NO,NO,NO,NO,TWO YEAR,NO,CREDIT CARD (AUTOMATIC),19.7,1379.8,0.6471747700394218,0
6933-FHBZC,NO,FEMALE,0,NO,NO,26,YES,NO,DSL,NO,YES,YES,NO,NO,NO,ONE YEAR,YES,MAILED CHECK,56.05,1553.2,1.8413272010512483,0
6933-VLYFX,NO,MALE,0,YES,YES,31,NO,NO,DSL,YES,NO,YES,YES,YES,YES,ONE YEAR,NO,ELECTRONIC CHECK,59.95,1848.8,1.9694480946123523,0
6937-GCDGQ,NO,MALE,0,YES,YES,19,YES,NO,DSL,YES,NO,NO,NO,NO,NO,ONE YEAR,YES,BANK TRANSFER (AUTOMATIC),48.95,955.6,1.6080814717477003,0
6941-KXRRV,NO,FEMALE,1,YES,NO,48,YES,NO,DSL,NO,YES,NO,NO,NO,YES,ONE YEAR,YES,BANK TRANSFER (AUTOMATIC),58.95,2789.7,1.9365965834428385,0
6941-PMGEP,YES,FEMALE,0,NO,NO,5,YES,NO,FIBER OPTIC,NO,NO,NO,NO,NO,YES,MONTH-TO-MONTH,YES,ELECTRONIC CHECK,80.0,412.5,2.628120893561104,1
6942-LBFDP,NO,FEMALE,0,NO,NO,2,YES,NO,NO,NO,NO,NO,NO,NO,NO,MONTH-TO-MONTH,YES,MAILED CHECK,20.55,33.6,0.6750985545335085,0
6946-LMSQS,YES,MALE,1,YES,NO,25,YES,YES,FIBER OPTIC,YES,NO,NO,NO,NO,YES,ONE YEAR,YES,ELECTRONIC CHECK,89.05,2177.45,2.9254270696452034,1
6950-TWMYB,NO,MALE,0,YES,YES,54,YES,NO,FIBER OPTIC,NO,YES,NO,YES,NO,NO,TWO YEAR,YES,BANK TRANSFER (AUTOMATIC),79.95,4362.05,2.6264783180026283,0
6952-OMNWB,NO,MALE,1,YES,NO,68,YES,YES,FIBER OPTIC,NO,NO,YES,NO,NO,NO,MONTH-TO-MONTH,YES,CREDIT CARD (AUTOMATIC),80.35,5589.3,2.6396189224704334,0
6953-PBDIN,NO,MALE,0,YES,NO,70,YES,YES,DSL,NO,YES,YES,YES,YES,NO,TWO YEAR,NO,BANK TRANSFER (AUTOMATIC),72.95,5265.55,2.3965177398160313,0
6954-OOYZZ,NO,MALE,0,YES,NO,18,YES,NO,DSL,NO,NO,NO,NO,NO,NO,MONTH-TO-MONTH,YES,BANK TRANSFER (AUTOMATIC),44.35,768.05,1.4569645203679369,0
6956-SMUCM,YES,FEMALE,0,NO,NO,3,YES,NO,FIBER OPTIC,YES,NO,YES,NO,YES,YES,MONTH-TO-MONTH,YES,CREDIT CARD (AUTOMATIC),99.0,287.4,3.252299605781866,1
6959-GQEGV,NO,MALE,0,NO,NO,45,YES,NO,DSL,YES,NO,YES,NO,YES,YES,MONTH-TO-MONTH,YES,ELECTRONIC CHECK,75.95,3273.8,2.4950722733245727,0
6959-UWKHF,YES,MALE,0,NO,NO,1,YES,NO,DSL,NO,NO,NO,NO,NO,NO,MONTH-TO-MONTH,YES,ELECTRONIC CHECK,42.9,42.9,1.409329829172142,1
6960-HVYXR,YES,FEMALE,0,NO,NO,1,YES,YES,FIBER OPTIC,NO,NO,NO,NO,NO,NO,MONTH-TO-MONTH,NO,ELECTRONIC CHECK,76.0,76.0,2.4967148488830486,1
6961-MJKBO,NO,MALE,0,NO,NO,47,YES,NO,NO,NO,NO,NO,NO,NO,NO,TWO YEAR,NO,BANK TRANSFER (AUTOMATIC),20.45,943.0,0.6718134034165572,0
6961-VCPMC,YES,MALE,1,YES,NO,46,YES,NO,FIBER OPTIC,NO,NO,NO,NO,NO,YES,MONTH-TO-MONTH,YES,ELECTRONIC CHECK,80.4,3605.2,2.6412614980289093,1
6963-EZQEE,NO,MALE,1,YES,NO,70,YES,YES,DSL,YES,YES,YES,YES,YES,YES,TWO YEAR,YES,CREDIT CARD (AUTOMATIC),88.55,6306.5,2.9090013140604465,0
6963-KQYQB,NO,FEMALE,0,YES,YES,70,YES,YES,NO,NO,NO,NO,NO,NO,NO,TWO YEAR,NO,MAILED CHECK,24.05,1764.75,0.7900788436268068,0
6967-PEJLL,NO,MALE,0,YES,YES,37,NO,NO,DSL,YES,NO,YES,YES,NO,NO,ONE YEAR,YES,ELECTRONIC CHECK,40.2,1525.35,1.3206307490144547,0
6967-QIQRV,NO,MALE,0,YES,YES,15,YES,NO,FIBER OPTIC,YES,NO,NO,YES,YES,YES,ONE YEAR,NO,ELECTRONIC CHECK,101.9,1667.25,3.347568988173456,0
6968-GMKPR,NO,FEMALE,0,NO,NO,55,YES,NO,FIBER OPTIC,NO,YES,YES,NO,NO,NO,MONTH-TO-MONTH,YES,ELECTRONIC CHECK,81.55,4509.5,2.67904073587385,0
6968-MHOMU,NO,MALE,0,YES,NO,58,NO,NO,DSL,NO,NO,NO,NO,YES,YES,ONE YEAR,YES,CREDIT CARD (AUTOMATIC),45.0,2689.35,1.4783180026281209,0
6968-URWQU,NO,MALE,0,YES,NO,43,YES,NO,DSL,NO,NO,NO,NO,YES,NO,ONE YEAR,YES,MAILED CHECK,56.35,2391.15,1.8511826544021024,0
6969-MVBAI,NO,FEMALE,1,NO,NO,9,YES,YES,FIBER OPTIC,NO,NO,YES,NO,YES,NO,MONTH-TO-MONTH,YES,ELECTRONIC CHECK,90.1,816.8,2.9599211563731926,0
6972-SNKKW,NO,FEMALE,0,NO,NO,6,YES,NO,NO,NO,NO,NO,NO,NO,NO,MONTH-TO-MONTH,NO,MAILED CHECK,20.0,109.2,0.657030223390276,0
6974-DAFLI,NO,FEMALE,0,YES,NO,55,YES,NO,NO,NO,NO,NO,NO,NO,NO,ONE YEAR,NO,ELECTRONIC CHECK,19.7,1140.05,0.6471747700394218,0
6976-BWGLQ,NO,FEMALE,0,YES,YES,72,YES,YES,NO,NO,NO,NO,NO,NO,NO,TWO YEAR,NO,BANK TRANSFER (AUTOMATIC),25.2,1787.35,0.8278580814717477,0
6979-TNDEU,NO,FEMALE,0,NO,NO,8,YES,NO,NO,NO,NO,NO,NO,NO,NO,MONTH-TO-MONTH,NO,MAILED CHECK,19.2,156.85,0.6307490144546649,0
6979-ZNSFF,YES,FEMALE,0,NO,NO,8,YES,YES,FIBER OPTIC,NO,NO,NO,NO,YES,NO,MONTH-TO-MONTH,YES,ELECTRONIC CHECK,87.05,762.1,2.859724047306176,1
6980-CDGFC,NO,FEMALE,0,YES,NO,67,YES,NO,NO,NO,NO,NO,NO,NO,NO,ONE YEAR,YES,BANK TRANSFER (AUTOMATIC),20.85,1327.4,0.6849540078843627,0
6980-IMXXE,NO,FEMALE,0,YES,YES,69,YES,NO,NO,NO,NO,NO,NO,NO,NO,TWO YEAR,NO,BANK TRANSFER (AUTOMATIC),20.2,1412.65,0.6636005256241787,0
6981-TDRFT,NO,MALE,0,YES,YES,44,NO,NO,DSL,NO,NO,YES,YES,YES,YES,ONE YEAR,YES,ELECTRONIC CHECK,54.3,2317.1,1.7838370565045991,0
6982-SSHFK,YES,MALE,0,NO,NO,1,YES,NO,DSL,NO,NO,NO,NO,NO,NO,MONTH-TO-MONTH,NO,MAILED CHECK,44.4,44.4,1.4586070959264126,1
6982-UQZLY,YES,FEMALE,1,YES,NO,1,YES,NO,NO,NO,NO,NO,NO,NO,NO,MONTH-TO-MONTH,YES,MAILED CHECK,20.85,20.85,0.6849540078843627,1
6985-HAYWX,NO,FEMALE,0,YES,NO,26,YES,YES,FIBER OPTIC,NO,YES,NO,NO,NO,NO,MONTH-TO-MONTH,NO,BANK TRANSFER (AUTOMATIC),79.3,2015.8,2.605124835742444,0
6986-IJDHX,YES,MALE,0,YES,YES,39,YES,NO,FIBER OPTIC,NO,YES,NO,NO,YES,NO,MONTH-TO-MONTH,YES,MAILED CHECK,86.3,3266.0,2.8350854139290407,1
6986-IXNDM,NO,MALE,0,NO,NO,14,YES,NO,FIBER OPTIC,NO,NO,NO,NO,YES,YES,MONTH-TO-MONTH,YES,ELECTRONIC CHECK,92.9,1337.45,3.0519053876478317,0
6987-XQSJT,YES,FEMALE,1,NO,NO,54,YES,YES,FIBER OPTIC,NO,YES,NO,NO,NO,NO,MONTH-TO-MONTH,YES,ELECTRONIC CHECK,79.5,4370.25,2.611695137976347,1
6988-CJEYV,NO,MALE,0,NO,NO,49,YES,YES,FIBER OPTIC,NO,YES,NO,NO,YES,YES,MONTH-TO-MONTH,NO,ELECTRONIC CHECK,98.7,4920.55,3.2424441524310117,0
6990-YNRIO,YES,MALE,0,YES,YES,65,YES,YES,FIBER OPTIC,YES,NO,YES,YES,YES,YES,TWO YEAR,NO,BANK TRANSFER (AUTOMATIC),108.65,6937.95,3.569316688567674,1
6992-TKNYO,NO,MALE,0,YES,NO,38,YES,YES,DSL,NO,NO,YES,YES,NO,YES,ONE YEAR,NO,CREDIT CARD (AUTOMATIC),69.0,2669.45,2.266754270696452,0
6993-OHLXR,YES,FEMALE,0,NO,NO,2,YES,NO,FIBER OPTIC,NO,NO,NO,NO,NO,NO,MONTH-TO-MONTH,NO,ELECTRONIC CHECK,68.95,119.75,2.265111695137976,1
6993-YCOBK,NO,MALE,0,YES,YES,60,YES,YES,FIBER OPTIC,YES,NO,YES,YES,YES,YES,TWO YEAR,YES,ELECTRONIC CHECK,110.6,6586.85,3.633377135348226,0
6993-YGFJV,NO,MALE,0,YES,NO,69,YES,YES,FIBER OPTIC,YES,YES,YES,YES,YES,YES,TWO YEAR,YES,BANK TRANSFER (AUTOMATIC),112.55,7806.5,3.6974375821287775,0
6994-FGRHH,NO,MALE,0,YES,YES,70,YES,NO,FIBER OPTIC,NO,YES,YES,YES,YES,YES,ONE YEAR,YES,ELECTRONIC CHECK,106.15,7475.1,3.4871879106438897,0
6994-KERXL,NO,MALE,0,NO,NO,4,YES,NO,DSL,NO,NO,NO,NO,NO,YES,MONTH-TO-MONTH,YES,ELECTRONIC CHECK,55.9,238.5,1.8363994743758212,0
6994-ORCWG,NO,FEMALE,0,NO,NO,14,YES,YES,DSL,NO,YES,NO,NO,NO,NO,ONE YEAR,YES,MAILED CHECK,54.25,773.2,1.7821944809461234,0
6996-KNSML,YES,FEMALE,0,NO,NO,1,YES,NO,FIBER OPTIC,NO,NO,YES,NO,NO,NO,MONTH-TO-MONTH,YES,ELECTRONIC CHECK,74.9,74.9,2.4605781865965834,1
6997-UVGOX,NO,MALE,0,YES,YES,71,YES,NO,DSL,YES,YES,YES,YES,YES,YES,TWO YEAR,NO,BANK TRANSFER (AUTOMATIC),85.45,6029.9,2.807161629434954,0
6999-CHVCF,NO,MALE,0,NO,NO,68,YES,YES,FIBER OPTIC,YES,YES,YES,NO,NO,YES,TWO YEAR,YES,BANK TRANSFER (AUTOMATIC),102.1,7149.35,3.3541392904073586,0
7000-WCEVQ,YES,FEMALE,1,NO,NO,20,YES,YES,DSL,NO,NO,NO,NO,NO,YES,MONTH-TO-MONTH,YES,MAILED CHECK,61.6,1174.35,2.02365308804205,1
7005-CCBKV,YES,MALE,0,NO,NO,6,YES,NO,FIBER OPTIC,NO,YES,NO,NO,NO,YES,MONTH-TO-MONTH,YES,ELECTRONIC CHECK,84.4,556.35,2.7726675427069645,1
7005-CYUIL,NO,FEMALE,1,YES,NO,71,YES,NO,FIBER OPTIC,YES,YES,YES,YES,YES,NO,TWO YEAR,YES,ELECTRONIC CHECK,99.4,7168.25,3.2654402102496713,0
7008-LZVOZ,NO,MALE,0,YES,YES,66,YES,YES,NO,NO,NO,NO,NO,NO,NO,TWO YEAR,YES,CREDIT CARD (AUTOMATIC),25.3,1672.35,0.831143232588699,0
7009-LGECI,NO,FEMALE,0,NO,NO,4,YES,NO,DSL,YES,NO,NO,NO,NO,NO,MONTH-TO-MONTH,YES,BANK TRANSFER (AUTOMATIC),50.55,235.65,1.6606438896189224,0
7009-PCARS,NO,MALE,0,NO,YES,55,YES,NO,NO,NO,NO,NO,NO,NO,NO,ONE YEAR,NO,BANK TRANSFER (AUTOMATIC),19.1,1001.5,0.6274638633377135,0
7010-BRBUU,NO,MALE,0,YES,YES,72,YES,YES,NO,NO,NO,NO,NO,NO,NO,TWO YEAR,NO,CREDIT CARD (AUTOMATIC),24.1,1734.65,0.7917214191852825,0
7010-ZMVBF,NO,FEMALE,0,YES,YES,18,YES,NO,NO,NO,NO,NO,NO,NO,NO,MONTH-TO-MONTH,NO,MAILED CHECK,20.45,357.0,0.6718134034165572,0
7011-CVEUC,NO,MALE,0,YES,NO,25,YES,NO,FIBER OPTIC,NO,NO,NO,YES,YES,YES,MONTH-TO-MONTH,YES,CREDIT CARD (AUTOMATIC),95.7,2338.35,3.1438896189224703,0
7013-PSXHK,NO,FEMALE,0,NO,NO,40,YES,YES,DSL,NO,NO,YES,YES,YES,YES,ONE YEAR,YES,MAILED CHECK,80.75,3208.65,2.652759526938239,0
7014-ZZXAW,NO,FEMALE,0,YES,NO,71,YES,YES,NO,NO,NO,NO,NO,NO,NO,TWO YEAR,YES,CREDIT CARD (AUTOMATIC),24.25,1732.95,0.7966491458607096,0
7016-BPGEU,YES,FEMALE,0,NO,NO,29,NO,NO,DSL,NO,NO,NO,NO,NO,NO,MONTH-TO-MONTH,YES,CREDIT CARD (AUTOMATIC),25.1,712.85,0.8245729303547963,1
7016-NVRIC,NO,MALE,1,YES,NO,29,YES,NO,FIBER OPTIC,YES,NO,YES,NO,NO,YES,ONE YEAR,NO,BANK TRANSFER (AUTOMATIC),90.1,2656.7,2.9599211563731926,0
7017-VFHAY,NO,FEMALE,0,YES,YES,61,YES,YES,FIBER OPTIC,YES,YES,YES,YES,YES,YES,TWO YEAR,NO,CREDIT CARD (AUTOMATIC),115.1,7008.15,3.781208935611038,0
7017-VFULY,NO,FEMALE,0,YES,NO,2,YES,NO,NO,NO,NO,NO,NO,NO,NO,MONTH-TO-MONTH,NO,BANK TRANSFER (AUTOMATIC),20.1,43.15,0.6603153745072273,0
7018-FPXHH,NO,MALE,0,YES,YES,56,YES,NO,DSL,YES,YES,YES,NO,NO,NO,TWO YEAR,YES,BANK TRANSFER (AUTOMATIC),59.8,3457.45,1.964520367936925,0
7018-WBJNK,NO,MALE,0,NO,YES,13,YES,NO,FIBER OPTIC,NO,NO,NO,NO,YES,NO,MONTH-TO-MONTH,YES,CREDIT CARD (AUTOMATIC),78.3,1033.95,2.5722733245729303,0
7020-OZKXZ,NO,FEMALE,1,NO,NO,9,YES,NO,FIBER OPTIC,NO,NO,YES,NO,NO,NO,MONTH-TO-MONTH,NO,CREDIT CARD (AUTOMATIC),75.5,637.4,2.4802890932982917,0
7021-XSNYE,NO,MALE,0,YES,YES,7,NO,NO,DSL,YES,NO,YES,YES,NO,YES,TWO YEAR,NO,CREDIT CARD (AUTOMATIC),49.65,305.55,1.63107752956636,0
7024-OHCCK,YES,FEMALE,1,NO,NO,2,YES,YES,FIBER OPTIC,NO,NO,NO,NO,YES,YES,MONTH-TO-MONTH,YES,ELECTRONIC CHECK,93.85,170.85,3.0831143232588696,1
7025-IWFHT,NO,MALE,0,NO,NO,41,YES,NO,FIBER OPTIC,NO,YES,NO,YES,YES,NO,ONE YEAR,YES,ELECTRONIC CHECK,89.55,3729.75,2.9418528252299603,0
7025-WCBNE,NO,MALE,1,NO,NO,47,YES,YES,DSL,NO,YES,NO,YES,NO,NO,TWO YEAR,NO,BANK TRANSFER (AUTOMATIC),59.6,2754.0,1.9579500657030222,0
7026-YMSBE,NO,MALE,0,NO,NO,30,YES,NO,NO,NO,NO,NO,NO,NO,NO,ONE YEAR,NO,MAILED CHECK,19.7,625.05,0.6471747700394218,0
7028-DVOIQ,YES,MALE,1,NO,NO,35,YES,YES,FIBER OPTIC,NO,NO,YES,NO,YES,YES,MONTH-TO-MONTH,YES,ELECTRONIC CHECK,99.05,3395.8,3.2539421813403413,1
7029-IJEJK,NO,FEMALE,0,NO,NO,54,NO,NO,DSL,YES,NO,NO,YES,NO,YES,ONE YEAR,NO,BANK TRANSFER (AUTOMATIC),44.1,2369.7,1.4487516425755584,0
7029-RPUAV,YES,MALE,1,YES,NO,17,YES,YES,FIBER OPTIC,NO,NO,YES,NO,YES,YES,MONTH-TO-MONTH,YES,CREDIT CARD (AUTOMATIC),100.45,1622.45,3.299934296977661,1
7030-FZTFM,NO,MALE,0,YES,YES,72,YES,YES,FIBER OPTIC,NO,YES,YES,YES,YES,YES,TWO YEAR,NO,CREDIT CARD (AUTOMATIC),110.9,7922.75,3.6432325886990804,0
7030-NJVDP,NO,MALE,0,YES,NO,24,YES,NO,FIBER OPTIC,YES,NO,NO,YES,NO,YES,MONTH-TO-MONTH,YES,ELECTRONIC CHECK,89.25,2210.2,2.931997371879106,0
7032-LMBHI,NO,FEMALE,0,NO,NO,37,YES,YES,DSL,YES,NO,NO,NO,YES,NO,ONE YEAR,NO,BANK TRANSFER (AUTOMATIC),64.65,2347.85,2.1238501971090673,0
7033-CLAMM,NO,FEMALE,0,YES,YES,48,YES,NO,NO,NO,NO,NO,NO,NO,NO,TWO YEAR,NO,BANK TRANSFER (AUTOMATIC),20.2,1027.25,0.6636005256241787,0
7036-TYDEC,NO,FEMALE,0,NO,NO,69,YES,YES,FIBER OPTIC,NO,NO,YES,YES,YES,YES,TWO YEAR,NO,ELECTRONIC CHECK,104.0,7028.5,3.416557161629435,0
7036-ZZKBD,NO,MALE,0,YES,NO,31,YES,NO,DSL,NO,NO,YES,YES,NO,YES,MONTH-TO-MONTH,YES,CREDIT CARD (AUTOMATIC),66.4,2019.8,2.181340341655716,0
7037-MTYVW,NO,MALE,0,YES,YES,38,YES,YES,DSL,YES,NO,YES,YES,YES,YES,TWO YEAR,YES,BANK TRANSFER (AUTOMATIC),85.4,3297.0,2.8055190538764783,0
7041-TXQJH,NO,FEMALE,0,NO,NO,37,NO,NO,DSL,NO,NO,YES,NO,NO,YES,MONTH-TO-MONTH,YES,CREDIT CARD (AUTOMATIC),40.2,1478.85,1.3206307490144547,0
7044-YAACC,NO,MALE,1,YES,NO,4,YES,NO,FIBER OPTIC,NO,NO,NO,NO,NO,NO,MONTH-TO-MONTH,YES,ELECTRONIC CHECK,70.2,280.35,2.3061760840998686,0
7047-FWEYA,NO,FEMALE,0,YES,NO,46,YES,YES,FIBER OPTIC,NO,YES,NO,YES,YES,YES,ONE YEAR,YES,ELECTRONIC CHECK,103.15,4594.65,3.3886333771353483,0
7047-YXDMZ,NO,MALE,0,NO,NO,21,YES,NO,NO,NO,NO,NO,NO,NO,NO,MONTH-TO-MONTH,NO,MAILED CHECK,20.0,417.7,0.657030223390276,0
7048-GXDAY,NO,MALE,0,NO,NO,39,YES,YES,FIBER OPTIC,YES,YES,NO,NO,YES,YES,MONTH-TO-MONTH,YES,ELECTRONIC CHECK,106.4,4040.65,3.495400788436268,0
7049-GKVZY,NO,FEMALE,0,NO,NO,17,YES,NO,DSL,YES,YES,NO,YES,YES,YES,ONE YEAR,NO,CREDIT CARD (AUTOMATIC),79.85,1387.35,2.6231931668856765,0
7054-DMVAS,NO,MALE,0,NO,NO,54,YES,NO,DSL,YES,YES,NO,NO,YES,NO,TWO YEAR,YES,BANK TRANSFER (AUTOMATIC),65.3,3512.9,2.1452036793692506,0
7054-ENNGU,NO,FEMALE,0,YES,NO,9,YES,NO,DSL,NO,YES,NO,NO,NO,NO,MONTH-TO-MONTH,NO,MAILED CHECK,50.85,466.6,1.6704993429697765,0
7054-LGEQW,YES,FEMALE,0,NO,NO,1,YES,NO,DSL,NO,NO,NO,NO,NO,NO,MONTH-TO-MONTH,NO,MAILED CHECK,45.95,45.95,1.509526938239159,1
7055-HNEOJ,NO,MALE,0,YES,NO,3,YES,NO,DSL,NO,NO,YES,YES,NO,NO,MONTH-TO-MONTH,YES,MAILED CHECK,55.8,154.55,1.8331143232588698,0
7055-JCGNI,NO,FEMALE,0,NO,NO,70,YES,YES,FIBER OPTIC,YES,YES,YES,YES,YES,YES,TWO YEAR,YES,CREDIT CARD (AUTOMATIC),111.95,7795.95,3.6777266754270697,0
7055-VKGDA,YES,MALE,0,NO,NO,54,YES,NO,FIBER OPTIC,YES,YES,NO,YES,YES,YES,ONE YEAR,YES,CREDIT CARD (AUTOMATIC),105.4,5643.4,3.462549277266754,1
7056-IMHCC,YES,MALE,1,YES,NO,53,YES,YES,FIBER OPTIC,NO,YES,NO,NO,YES,YES,MONTH-TO-MONTH,YES,ELECTRONIC CHECK,101.9,5549.4,3.347568988173456,1
7061-OVMIM,NO,FEMALE,0,YES,YES,30,YES,NO,NO,NO,NO,NO,NO,NO,NO,ONE YEAR,NO,BANK TRANSFER (AUTOMATIC),19.55,608.5,0.6422470433639947,0
7064-FRRSW,NO,MALE,1,NO,NO,48,YES,YES,FIBER OPTIC,NO,YES,NO,NO,YES,YES,ONE YEAR,YES,ELECTRONIC CHECK,99.0,4744.35,3.252299605781866,0
7064-JHXCE,NO,MALE,0,YES,YES,62,YES,NO,NO,NO,NO,NO,NO,NO,NO,TWO YEAR,NO,CREDIT CARD (AUTOMATIC),20.05,1263.9,0.6586727989487516,0
7065-YUNRY,YES,FEMALE,0,NO,NO,1,YES,NO,DSL,NO,NO,NO,NO,NO,NO,MONTH-TO-MONTH,YES,MAILED CHECK,45.3,45.3,1.4881734559789748,1
7067-KSAZT,YES,FEMALE,1,YES,NO,65,YES,YES,FIBER OPTIC,NO,YES,YES,NO,YES,YES,ONE YEAR,YES,ELECTRONIC CHECK,106.25,6979.8,3.490473061760841,1
7072-MBHEV,NO,FEMALE,1,YES,YES,11,YES,YES,FIBER OPTIC,NO,NO,YES,NO,NO,NO,MONTH-TO-MONTH,YES,CREDIT CARD (AUTOMATIC),78.1,864.85,2.565703022339027,0
7073-QETQY,NO,MALE,0,YES,YES,66,YES,NO,NO,NO,NO,NO,NO,NO,NO,ONE YEAR,YES,ELECTRONIC CHECK,20.35,1359.5,0.6685282522996058,0
7074-IEVOJ,YES,FEMALE,1,NO,NO,3,YES,YES,FIBER OPTIC,NO,YES,NO,NO,NO,NO,MONTH-TO-MONTH,YES,ELECTRONIC CHECK,79.4,205.05,2.6084099868593955,1
7074-STDCN,NO,MALE,0,NO,NO,39,NO,NO,DSL,NO,NO,NO,YES,NO,YES,MONTH-TO-MONTH,YES,ELECTRONIC CHECK,40.6,1494.5,1.3337713534822602,0
7075-BNDVQ,NO,FEMALE,0,NO,NO,4,NO,NO,DSL,YES,NO,YES,NO,NO,NO,MONTH-TO-MONTH,NO,MAILED CHECK,35.0,135.75,1.149802890932983,0
7077-XJMET,NO,MALE,0,YES,NO,12,YES,NO,DSL,NO,NO,YES,YES,YES,YES,MONTH-TO-MONTH,YES,ELECTRONIC CHECK,74.15,741.4,2.4359395532194483,0
7078-NVFAM,NO,FEMALE,0,YES,YES,32,NO,NO,DSL,YES,YES,NO,NO,NO,NO,MONTH-TO-MONTH,YES,ELECTRONIC CHECK,35.15,1051.05,1.1547306176084098,0
7079-QRCBC,YES,FEMALE,0,NO,NO,24,YES,YES,FIBER OPTIC,NO,NO,YES,NO,YES,YES,MONTH-TO-MONTH,YES,ELECTRONIC CHECK,98.75,2407.3,3.244086727989487,1
7080-TNUWP,NO,MALE,0,YES,NO,70,YES,YES,FIBER OPTIC,NO,YES,YES,NO,YES,NO,ONE YEAR,YES,BANK TRANSFER (AUTOMATIC),95.0,6602.9,3.1208935611038107,0
7083-MIOPC,NO,FEMALE,0,NO,NO,72,YES,NO,NO,NO,NO,NO,NO,NO,NO,TWO YEAR,NO,CREDIT CARD (AUTOMATIC),20.25,1566.9,0.6652431011826544,0
7083-YNSKY,YES,FEMALE,0,NO,NO,15,YES,YES,NO,NO,NO,NO,NO,NO,NO,MONTH-TO-MONTH,YES,CREDIT CARD (AUTOMATIC),25.4,399.6,0.8344283837056504,1
7088-FBAWU,NO,FEMALE,0,YES,YES,17,YES,NO,DSL,YES,YES,NO,NO,YES,YES,MONTH-TO-MONTH,NO,MAILED CHECK,74.55,1215.8,2.4490801576872534,0
7089-IVVAZ,YES,FEMALE,0,NO,NO,8,YES,YES,FIBER OPTIC,YES,NO,NO,YES,YES,YES,MONTH-TO-MONTH,YES,BANK TRANSFER (AUTOMATIC),103.35,847.3,3.3952036793692506,1
7089-RKVSZ,NO,MALE,0,YES,YES,8,YES,YES,NO,NO,NO,NO,NO,NO,NO,ONE YEAR,NO,MAILED CHECK,24.4,203.95,0.8015768725361366,0
7089-XXAYG,NO,MALE,0,YES,NO,25,NO,NO,DSL,NO,NO,YES,NO,YES,NO,ONE YEAR,YES,CREDIT CARD (AUTOMATIC),38.1,970.4,1.2516425755584757,0
7094-MSZAO,NO,MALE,0,YES,YES,10,YES,NO,NO,NO,NO,NO,NO,NO,NO,MONTH-TO-MONTH,YES,CREDIT CARD (AUTOMATIC),20.05,218.5,0.6586727989487516,0
7096-UCLNH,NO,MALE,0,NO,NO,1,YES,NO,NO,NO,NO,NO,NO,NO,NO,MONTH-TO-MONTH,NO,MAILED CHECK,20.05,20.05,0.6586727989487516,0
7096-ZNBZI,NO,FEMALE,0,YES,NO,72,YES,YES,NO,NO,NO,NO,NO,NO,NO,TWO YEAR,NO,CREDIT CARD (AUTOMATIC),26.45,1914.5,0.8689224704336399,0
7100-FQPRV,NO,MALE,0,YES,YES,43,YES,YES,DSL,YES,NO,NO,YES,NO,YES,ONE YEAR,YES,CREDIT CARD (AUTOMATIC),71.9,3173.35,2.362023653088042,0
7101-HRBLJ,NO,FEMALE,0,YES,YES,72,YES,NO,DSL,YES,YES,YES,YES,YES,YES,TWO YEAR,YES,BANK TRANSFER (AUTOMATIC),83.7,6096.9,2.749671484888305,0
7102-JJVTX,NO,FEMALE,0,YES,YES,9,YES,NO,DSL,YES,NO,NO,NO,NO,NO,ONE YEAR,NO,MAILED CHECK,48.6,422.3,1.5965834428383705,0
7103-IPXPJ,NO,MALE,0,YES,NO,50,YES,YES,FIBER OPTIC,NO,NO,NO,YES,YES,YES,ONE YEAR,NO,ELECTRONIC CHECK,99.4,5059.75,3.2654402102496713,0
7103-ZGVNT,NO,FEMALE,0,YES,YES,69,YES,YES,DSL,YES,YES,NO,YES,YES,NO,ONE YEAR,NO,CREDIT CARD (AUTOMATIC),73.7,4885.85,2.421156373193167,0
7105-BENQF,NO,MALE,0,NO,YES,15,YES,NO,DSL,YES,NO,YES,NO,NO,YES,ONE YEAR,NO,MAILED CHECK,64.85,950.75,2.1304204993429696,0
7105-MXJLL,NO,FEMALE,1,YES,NO,26,YES,NO,DSL,NO,NO,YES,NO,NO,YES,ONE YEAR,NO,MAILED CHECK,60.7,1597.4,1.9940867279894876,0
7107-UBYKY,NO,FEMALE,0,YES,YES,35,YES,YES,NO,NO,NO,NO,NO,NO,NO,MONTH-TO-MONTH,YES,ELECTRONIC CHECK,25.75,882.55,0.8459264126149802,0
7108-DGVUU,NO,FEMALE,1,YES,NO,21,YES,YES,DSL,NO,YES,YES,NO,NO,YES,ONE YEAR,NO,BANK TRANSFER (AUTOMATIC),71.7,1497.05,2.3554533508541393,0
7109-CQYUZ,NO,MALE,0,NO,NO,52,YES,YES,DSL,YES,YES,YES,YES,YES,YES,TWO YEAR,YES,MAILED CHECK,89.25,4652.4,2.931997371879106,0
7109-MFBYV,NO,MALE,0,NO,NO,26,YES,NO,DSL,NO,NO,NO,NO,NO,NO,MONTH-TO-MONTH,NO,ELECTRONIC CHECK,45.45,1233.15,1.493101182654402,0
7110-BDTWG,NO,FEMALE,0,YES,NO,71,NO,NO,DSL,NO,NO,YES,YES,NO,YES,TWO YEAR,YES,ELECTRONIC CHECK,47.05,3263.6,1.5456636005256241,0
7112-OPOTK,YES,MALE,0,NO,NO,33,YES,NO,FIBER OPTIC,NO,NO,NO,NO,NO,NO,MONTH-TO-MONTH,NO,ELECTRONIC CHECK,68.25,2171.15,2.2421156373193165,1
7113-HIPFI,NO,MALE,0,YES,YES,66,YES,NO,DSL,YES,YES,YES,YES,NO,NO,TWO YEAR,NO,MAILED CHECK,65.85,4097.05,2.1632720105124834,0
7114-AEOZE,NO,FEMALE,0,NO,NO,60,YES,NO,NO,NO,NO,NO,NO,NO,NO,TWO YEAR,NO,BANK TRANSFER (AUTOMATIC),19.85,1128.1,0.6521024967148489,0
7115-IRDHS,NO,FEMALE,0,YES,NO,72,YES,YES,NO,NO,NO,NO,NO,NO,NO,TWO YEAR,NO,BANK TRANSFER (AUTOMATIC),24.65,1830.05,0.8097897503285151,0
7120-RFMVS,YES,MALE,0,NO,NO,1,YES,YES,FIBER OPTIC,NO,NO,NO,NO,YES,NO,MONTH-TO-MONTH,NO,ELECTRONIC CHECK,84.5,84.5,2.775952693823916,1
7123-WQUHX,NO,MALE,0,NO,NO,38,YES,YES,FIBER OPTIC,NO,NO,YES,YES,YES,NO,ONE YEAR,NO,BANK TRANSFER (AUTOMATIC),95.0,3605.6,3.1208935611038107,0
7124-UGSUR,YES,FEMALE,1,YES,NO,61,YES,YES,FIBER OPTIC,NO,YES,YES,NO,YES,YES,ONE YEAR,YES,CREDIT CARD (AUTOMATIC),104.4,6405.0,3.4296977660972403,1
7126-RBHSD,NO,FEMALE,0,YES,NO,17,YES,YES,FIBER OPTIC,YES,NO,NO,NO,NO,NO,MONTH-TO-MONTH,NO,ELECTRONIC CHECK,78.9,1348.95,2.5919842312746386,0
7128-GGCNO,NO,MALE,0,NO,NO,46,YES,YES,FIBER OPTIC,NO,NO,NO,NO,NO,NO,MONTH-TO-MONTH,NO,BANK TRANSFER (AUTOMATIC),72.8,3249.4,2.3915900131406045,0
7129-ACFOG,NO,FEMALE,0,NO,NO,5,YES,YES,DSL,YES,NO,NO,NO,NO,NO,MONTH-TO-MONTH,YES,ELECTRONIC CHECK,53.8,283.95,1.7674113009198422,0
7129-AZJDE,NO,MALE,0,YES,YES,34,YES,NO,FIBER OPTIC,NO,NO,NO,NO,NO,YES,ONE YEAR,YES,BANK TRANSFER (AUTOMATIC),78.95,2647.2,2.5936268068331145,0
7129-CAKJW,NO,FEMALE,0,NO,NO,17,YES,YES,FIBER OPTIC,NO,NO,YES,NO,NO,NO,MONTH-TO-MONTH,NO,BANK TRANSFER (AUTOMATIC),80.05,1345.65,2.6297634691195793,0
7130-CTCUS,NO,MALE,1,YES,NO,16,YES,NO,DSL,YES,YES,NO,NO,NO,NO,MONTH-TO-MONTH,YES,BANK TRANSFER (AUTOMATIC),54.55,825.1,1.7920499342969776,0
7130-VTEWQ,YES,FEMALE,1,NO,NO,8,YES,YES,FIBER OPTIC,NO,NO,NO,NO,NO,NO,MONTH-TO-MONTH,YES,ELECTRONIC CHECK,75.75,606.25,2.48850197109067,1
7130-YXBRO,NO,MALE,0,YES,NO,48,YES,YES,FIBER OPTIC,YES,YES,YES,NO,YES,YES,MONTH-TO-MONTH,YES,BANK TRANSFER (AUTOMATIC),111.45,5315.1,3.6613009198423128,0
7131-ZQZNK,NO,FEMALE,0,YES,YES,60,NO,NO,DSL,YES,NO,YES,YES,YES,YES,TWO YEAR,NO,CREDIT CARD (AUTOMATIC),59.85,3590.2,1.9661629434954007,0
7133-VBDCG,YES,FEMALE,0,NO,NO,25,YES,NO,FIBER OPTIC,YES,YES,NO,NO,NO,NO,MONTH-TO-MONTH,YES,BANK TRANSFER (AUTOMATIC),79.85,2015.35,2.6231931668856765,1
7134-HBPBS,NO,FEMALE,1,NO,NO,72,YES,YES,FIBER OPTIC,NO,YES,YES,YES,YES,YES,TWO YEAR,YES,BANK TRANSFER (AUTOMATIC),108.1,7774.05,3.5512483574244413,0
7134-MJPDY,NO,FEMALE,1,NO,NO,66,YES,YES,FIBER OPTIC,NO,NO,YES,YES,YES,YES,ONE YEAR,YES,CREDIT CARD (AUTOMATIC),102.85,6976.75,3.3787779237844937,0
7136-IHZJA,NO,FEMALE,0,YES,YES,40,YES,NO,DSL,YES,YES,NO,YES,NO,YES,MONTH-TO-MONTH,YES,MAILED CHECK,71.35,2847.2,2.3439553219448093,0
7136-RVDTZ,YES,MALE,1,NO,NO,70,NO,NO,DSL,NO,NO,NO,NO,YES,YES,ONE YEAR,YES,ELECTRONIC CHECK,45.25,3264.45,1.4865308804204993,1
7137-NAXML,NO,MALE,0,NO,NO,23,YES,NO,NO,NO,NO,NO,NO,NO,NO,ONE YEAR,NO,BANK TRANSFER (AUTOMATIC),20.15,405.6,0.6619579500657029,0
7137-RYLPP,YES,MALE,1,YES,NO,37,YES,YES,FIBER OPTIC,NO,NO,NO,NO,YES,NO,MONTH-TO-MONTH,YES,ELECTRONIC CHECK,85.7,3171.15,2.8153745072273324,1
7138-GIRSH,NO,MALE,0,NO,NO,50,YES,YES,DSL,NO,NO,YES,YES,NO,YES,TWO YEAR,NO,BANK TRANSFER (AUTOMATIC),69.5,3418.2,2.283180026281209,0
7139-JZFVG,NO,MALE,0,YES,YES,60,YES,NO,DSL,YES,YES,YES,NO,NO,NO,TWO YEAR,NO,BANK TRANSFER (AUTOMATIC),60.5,3694.45,1.9875164257555846,0
7140-ADSMJ,NO,MALE,0,NO,NO,8,YES,NO,NO,NO,NO,NO,NO,NO,NO,MONTH-TO-MONTH,YES,CREDIT CARD (AUTOMATIC),20.45,162.3,0.6718134034165572,0
7142-HVGBG,YES,MALE,1,YES,NO,43,YES,YES,FIBER OPTIC,NO,YES,YES,NO,YES,YES,MONTH-TO-MONTH,YES,ELECTRONIC CHECK,103.0,4414.3,3.383705650459921,1
7143-BQIBA,NO,MALE,0,NO,NO,10,YES,NO,DSL,YES,NO,NO,YES,YES,NO,MONTH-TO-MONTH,NO,BANK TRANSFER (AUTOMATIC),62.25,612.95,2.0450065703022338,0
7145-FEJWU,NO,FEMALE,0,NO,YES,12,YES,YES,FIBER OPTIC,NO,YES,YES,NO,YES,YES,MONTH-TO-MONTH,YES,ELECTRONIC CHECK,105.3,1275.65,3.4592641261498027,0
7147-AYBAA,NO,MALE,0,NO,NO,37,YES,NO,FIBER OPTIC,NO,NO,NO,NO,NO,NO,MONTH-TO-MONTH,YES,MAILED CHECK,70.35,2552.9,2.3111038107752955,0
7148-XZPHA,NO,MALE,0,YES,YES,55,YES,NO,FIBER OPTIC,NO,YES,NO,YES,NO,NO,MONTH-TO-MONTH,NO,ELECTRONIC CHECK,79.4,4238.45,2.6084099868593955,0
7153-CHRBV,NO,FEMALE,0,YES,YES,57,YES,NO,DSL,YES,NO,YES,YES,NO,NO,ONE YEAR,YES,MAILED CHECK,59.3,3274.35,1.948094612352168,0
7153-OANIO,YES,MALE,0,NO,NO,1,YES,NO,FIBER OPTIC,NO,NO,NO,NO,NO,NO,MONTH-TO-MONTH,NO,ELECTRONIC CHECK,69.95,69.95,2.29796320630749,1
7156-MHUGY,YES,MALE,1,NO,NO,13,YES,NO,FIBER OPTIC,NO,NO,NO,NO,YES,YES,MONTH-TO-MONTH,YES,ELECTRONIC CHECK,90.5,1201.15,2.9730617608409986,1
7156-MXBJE,NO,FEMALE,0,NO,NO,43,YES,YES,DSL,NO,YES,YES,YES,YES,YES,ONE YEAR,NO,CREDIT CARD (AUTOMATIC),85.1,3662.25,2.7956636005256237,0
7157-SMCFK,NO,MALE,0,NO,YES,61,YES,NO,NO,NO,NO,NO,NO,NO,NO,TWO YEAR,NO,MAILED CHECK,19.75,1124.2,0.6488173455978975,0
7159-FVYPK,NO,FEMALE,0,YES,YES,3,YES,YES,DSL,NO,YES,YES,NO,YES,NO,MONTH-TO-MONTH,YES,BANK TRANSFER (AUTOMATIC),69.15,235.0,2.2716819973718794,0
7159-NOKYQ,NO,MALE,0,YES,NO,67,YES,YES,FIBER OPTIC,NO,YES,YES,NO,NO,YES,TWO YEAR,YES,ELECTRONIC CHECK,93.15,6368.2,3.0601182654402104,0
7161-DFHUF,NO,FEMALE,0,YES,NO,71,YES,YES,NO,NO,NO,NO,NO,NO,NO,TWO YEAR,NO,MAILED CHECK,23.85,1672.1,0.783508541392904,0
7162-WPHPM,NO,MALE,0,YES,YES,58,YES,YES,DSL,YES,YES,YES,YES,NO,NO,TWO YEAR,NO,CREDIT CARD (AUTOMATIC),71.6,4230.25,2.3521681997371875,0
7163-OCEQI,NO,MALE,0,YES,YES,22,YES,YES,DSL,NO,NO,YES,YES,YES,YES,ONE YEAR,YES,MAILED CHECK,78.65,1663.75,2.5837713534822604,0
7164-BPTUT,NO,MALE,0,NO,YES,57,YES,YES,DSL,YES,YES,YES,YES,YES,YES,TWO YEAR,NO,MAILED CHECK,89.55,5012.35,2.9418528252299603,0
7167-PCEYD,NO,MALE,0,NO,NO,67,YES,NO,NO,NO,NO,NO,NO,NO,NO,TWO YEAR,YES,MAILED CHECK,19.8,1311.3,0.6504599211563732,0
7168-HDQHG,NO,FEMALE,0,YES,YES,36,YES,NO,NO,NO,NO,NO,NO,NO,NO,MONTH-TO-MONTH,NO,BANK TRANSFER (AUTOMATIC),19.2,702.9,0.6307490144546649,0
7169-YWAMK,NO,MALE,0,YES,YES,72,YES,NO,DSL,YES,YES,NO,YES,YES,NO,TWO YEAR,NO,BANK TRANSFER (AUTOMATIC),68.4,4855.35,2.247043363994744,0
7173-TETGO,NO,FEMALE,1,YES,NO,72,YES,YES,FIBER OPTIC,YES,NO,NO,NO,NO,NO,TWO YEAR,NO,BANK TRANSFER (AUTOMATIC),78.5,5602.25,2.578843626806833,0
7175-NTIXE,NO,FEMALE,0,NO,NO,25,YES,NO,DSL,YES,NO,NO,YES,YES,YES,MONTH-TO-MONTH,YES,CREDIT CARD (AUTOMATIC),76.15,1992.95,2.501642575558476,0
7176-WIONM,NO,FEMALE,0,YES,NO,12,NO,NO,DSL,NO,NO,YES,NO,YES,YES,MONTH-TO-MONTH,YES,BANK TRANSFER (AUTOMATIC),49.85,617.15,1.6376478318002627,0
7176-WRTNX,NO,MALE,0,NO,NO,70,YES,YES,FIBER OPTIC,YES,YES,YES,YES,YES,YES,TWO YEAR,YES,BANK TRANSFER (AUTOMATIC),114.95,7711.25,3.776281208935611,0
7180-PISOG,YES,MALE,0,YES,YES,1,YES,YES,FIBER OPTIC,NO,NO,NO,NO,NO,NO,MONTH-TO-MONTH,YES,ELECTRONIC CHECK,74.5,74.5,2.447437582128778,1
7181-BQYBV,YES,FEMALE,0,YES,YES,1,YES,YES,FIBER OPTIC,YES,NO,YES,NO,YES,YES,MONTH-TO-MONTH,YES,ELECTRONIC CHECK,102.45,102.45,3.3656373193166886,1
7181-OQCUT,NO,MALE,0,NO,NO,21,YES,YES,FIBER OPTIC,YES,NO,YES,NO,YES,YES,MONTH-TO-MONTH,NO,MAILED CHECK,103.85,2215.0,3.4116294349540075,0
7182-OVLBJ,NO,FEMALE,0,YES,YES,62,YES,YES,FIBER OPTIC,YES,NO,NO,NO,YES,YES,TWO YEAR,YES,BANK TRANSFER (AUTOMATIC),101.15,6638.35,3.3229303547963207,0
7184-LRUUR,NO,FEMALE,0,NO,NO,22,YES,NO,DSL,NO,YES,YES,NO,YES,NO,ONE YEAR,NO,BANK TRANSFER (AUTOMATIC),65.25,1441.8,2.143561103810775,0
7188-CBBBA,NO,FEMALE,0,NO,NO,65,YES,YES,FIBER OPTIC,NO,YES,YES,NO,YES,NO,ONE YEAR,YES,ELECTRONIC CHECK,95.5,6153.85,3.1373193166885676,0
7190-XHTWJ,NO,FEMALE,0,NO,NO,38,YES,NO,NO,NO,NO,NO,NO,NO,NO,ONE YEAR,NO,MAILED CHECK,19.3,755.5,0.6340341655716163,0
7191-ADRGF,NO,MALE,0,YES,NO,44,NO,NO,DSL,NO,YES,YES,NO,YES,YES,TWO YEAR,NO,BANK TRANSFER (AUTOMATIC),54.3,2390.45,1.7838370565045991,0
7196-LIWRH,NO,FEMALE,0,NO,NO,6,YES,NO,NO,NO,NO,NO,NO,NO,NO,TWO YEAR,NO,MAILED CHECK,19.55,124.45,0.6422470433639947,0
7197-VOJMM,NO,MALE,0,YES,NO,67,YES,NO,DSL,YES,YES,NO,YES,NO,YES,TWO YEAR,YES,CREDIT CARD (AUTOMATIC),69.2,4671.65,2.273324572930355,0
7198-GLXTC,YES,MALE,0,NO,NO,2,YES,NO,FIBER OPTIC,NO,NO,NO,NO,YES,NO,MONTH-TO-MONTH,NO,ELECTRONIC CHECK,79.0,143.65,2.59526938239159,1
7203-OYKCT,NO,MALE,0,NO,NO,72,YES,YES,FIBER OPTIC,NO,YES,YES,NO,YES,YES,ONE YEAR,YES,ELECTRONIC CHECK,104.95,7544.3,3.447766097240473,0
7205-BAIAD,NO,FEMALE,0,NO,NO,40,YES,NO,NO,NO,NO,NO,NO,NO,NO,TWO YEAR,YES,BANK TRANSFER (AUTOMATIC),20.6,827.3,0.6767411300919842,0
7206-GZCDC,YES,FEMALE,1,NO,NO,1,YES,NO,FIBER OPTIC,NO,NO,NO,NO,NO,NO,MONTH-TO-MONTH,YES,ELECTRONIC CHECK,69.25,69.25,2.2749671484888303,1
7206-PQBBZ,NO,MALE,1,YES,NO,11,YES,NO,FIBER OPTIC,NO,NO,NO,NO,NO,NO,MONTH-TO-MONTH,YES,ELECTRONIC CHECK,70.2,834.7,2.3061760840998686,0
7207-RMRDB,YES,FEMALE,0,YES,YES,65,YES,YES,FIBER OPTIC,NO,YES,YES,NO,YES,YES,MONTH-TO-MONTH,YES,ELECTRONIC CHECK,105.5,6985.65,3.4658344283837055,1
7208-PSIHR,NO,FEMALE,0,YES,NO,70,YES,YES,FIBER OPTIC,NO,NO,YES,YES,YES,YES,TWO YEAR,YES,BANK TRANSFER (AUTOMATIC),104.3,7188.5,3.426412614980289,0
7209-JCUDS,YES,MALE,0,NO,NO,10,YES,NO,FIBER OPTIC,NO,NO,YES,NO,YES,YES,MONTH-TO-MONTH,YES,ELECTRONIC CHECK,94.9,1048.85,3.1176084099868593,1
7216-EWTRS,YES,FEMALE,1,YES,NO,1,YES,YES,FIBER OPTIC,NO,NO,YES,NO,YES,YES,MONTH-TO-MONTH,YES,ELECTRONIC CHECK,100.8,100.8,3.3114323258869907,1
7216-KAOID,NO,MALE,0,YES,YES,41,YES,NO,NO,NO,NO,NO,NO,NO,NO,ONE YEAR,NO,BANK TRANSFER (AUTOMATIC),19.5,798.2,0.640604467805519,0
7217-JYHOQ,NO,MALE,0,YES,YES,24,YES,NO,DSL,YES,YES,NO,YES,NO,YES,MONTH-TO-MONTH,YES,CREDIT CARD (AUTOMATIC),70.3,1706.45,2.3094612352168196,0
7218-HKQFK,YES,MALE,0,YES,NO,2,YES,NO,FIBER OPTIC,NO,NO,NO,YES,YES,YES,MONTH-TO-MONTH,YES,ELECTRONIC CHECK,94.2,167.5,3.0946123521681996,1
7219-TLZHO,NO,FEMALE,0,YES,YES,4,YES,NO,NO,NO,NO,NO,NO,NO,NO,MONTH-TO-MONTH,NO,MAILED CHECK,20.85,62.9,0.6849540078843627,0
7225-CBZPL,NO,MALE,1,YES,NO,17,YES,YES,FIBER OPTIC,NO,NO,NO,NO,YES,YES,MONTH-TO-MONTH,YES,ELECTRONIC CHECK,94.8,1563.9,3.114323258869908,0
7225-IILWY,NO,MALE,0,YES,YES,68,YES,YES,NO,NO,NO,NO,NO,NO,NO,TWO YEAR,NO,MAILED CHECK,25.75,1686.15,0.8459264126149802,0
7228-OMTPN,YES,MALE,0,NO,NO,4,YES,NO,FIBER OPTIC,NO,NO,NO,NO,YES,YES,MONTH-TO-MONTH,YES,ELECTRONIC CHECK,88.45,370.65,2.9057161629434956,1
7228-PAQPD,NO,FEMALE,0,NO,NO,14,YES,NO,DSL,NO,NO,NO,YES,NO,YES,ONE YEAR,NO,CREDIT CARD (AUTOMATIC),59.1,772.85,1.9415243101182653,0
7233-DRTRF,NO,MALE,0,YES,NO,63,YES,YES,FIBER OPTIC,NO,YES,YES,NO,YES,YES,MONTH-TO-MONTH,YES,ELECTRONIC CHECK,102.4,6444.05,3.3639947437582127,0
7233-IOQNP,NO,FEMALE,0,YES,NO,43,NO,NO,DSL,YES,NO,NO,YES,NO,NO,MONTH-TO-MONTH,NO,BANK TRANSFER (AUTOMATIC),34.0,1505.35,1.1169513797634691,0
7233-PAHHL,NO,MALE,0,YES,YES,66,YES,YES,DSL,YES,NO,YES,YES,YES,YES,TWO YEAR,YES,MAILED CHECK,84.0,5714.25,2.759526938239159,0
7234-FECYN,YES,FEMALE,1,NO,NO,8,YES,YES,FIBER OPTIC,NO,NO,YES,NO,YES,YES,MONTH-TO-MONTH,NO,ELECTRONIC CHECK,101.35,780.5,3.329500657030223,1
7234-KMNRQ,NO,MALE,0,NO,NO,4,YES,NO,NO,NO,NO,NO,NO,NO,NO,MONTH-TO-MONTH,NO,MAILED CHECK,19.0,73.45,0.6241787122207622,0
7235-NXZCP,YES,MALE,1,NO,NO,2,YES,YES,FIBER OPTIC,NO,NO,NO,NO,NO,NO,MONTH-TO-MONTH,YES,MAILED CHECK,74.85,156.4,2.4589356110381075,1
7239-HZZCX,YES,MALE,0,NO,NO,1,YES,NO,NO,NO,NO,NO,NO,NO,NO,MONTH-TO-MONTH,NO,MAILED CHECK,19.75,19.75,0.6488173455978975,1
7240-ETPTR,YES,FEMALE,0,YES,NO,9,NO,NO,DSL,NO,NO,YES,NO,YES,YES,MONTH-TO-MONTH,YES,ELECTRONIC CHECK,48.75,442.2,1.6015111695137976,1
7240-FQLHE,YES,FEMALE,1,YES,NO,18,YES,YES,FIBER OPTIC,NO,NO,NO,YES,YES,YES,MONTH-TO-MONTH,NO,BANK TRANSFER (AUTOMATIC),99.75,1836.25,3.2769382391590014,1
7241-AJHFS,NO,MALE,0,NO,NO,32,YES,YES,FIBER OPTIC,YES,NO,NO,YES,NO,NO,MONTH-TO-MONTH,NO,BANK TRANSFER (AUTOMATIC),87.65,2766.4,2.8794349540078845,0
7242-EDTYC,NO,MALE,0,NO,YES,44,YES,NO,NO,NO,NO,NO,NO,NO,NO,TWO YEAR,NO,BANK TRANSFER (AUTOMATIC),19.55,819.95,0.6422470433639947,0
7242-QZLXF,YES,MALE,0,NO,YES,1,NO,NO,DSL,NO,NO,NO,NO,NO,NO,MONTH-TO-MONTH,YES,ELECTRONIC CHECK,25.3,25.3,0.831143232588699,1
7243-LCGGZ,NO,FEMALE,0,NO,NO,1,YES,NO,NO,NO,NO,NO,NO,NO,NO,MONTH-TO-MONTH,NO,MAILED CHECK,20.9,20.9,0.6865965834428382,0
7244-KXYZN,NO,FEMALE,0,NO,NO,24,YES,NO,NO,NO,NO,NO,NO,NO,NO,ONE YEAR,NO,CREDIT CARD (AUTOMATIC),20.45,527.35,0.6718134034165572,0
7244-QWYHG,NO,MALE,0,YES,NO,50,NO,NO,DSL,YES,NO,NO,YES,YES,NO,ONE YEAR,YES,BANK TRANSFER (AUTOMATIC),44.45,2188.45,1.4602496714848883,0
7245-JMTTQ,NO,FEMALE,0,NO,NO,51,YES,YES,FIBER OPTIC,NO,YES,YES,YES,YES,YES,ONE YEAR,YES,ELECTRONIC CHECK,111.5,5703.25,3.6629434954007882,0
7245-NIIWQ,NO,FEMALE,0,NO,NO,3,YES,NO,FIBER OPTIC,NO,NO,NO,NO,NO,NO,MONTH-TO-MONTH,YES,ELECTRONIC CHECK,69.85,199.85,2.2946780551905386,0
7246-ZGQDF,NO,FEMALE,0,NO,YES,1,YES,NO,DSL,YES,NO,NO,YES,NO,NO,MONTH-TO-MONTH,NO,ELECTRONIC CHECK,54.5,54.5,1.7904073587385019,0
7247-XOZPB,NO,MALE,0,YES,NO,53,YES,YES,DSL,YES,NO,YES,YES,YES,NO,ONE YEAR,NO,BANK TRANSFER (AUTOMATIC),77.4,4155.95,2.542706964520368,0
7248-VZQLC,YES,FEMALE,1,NO,NO,47,YES,YES,FIBER OPTIC,NO,YES,YES,NO,NO,NO,MONTH-TO-MONTH,YES,BANK TRANSFER (AUTOMATIC),85.2,3969.35,2.7989487516425755,1
7249-WBIYX,YES,MALE,0,YES,NO,10,YES,YES,FIBER OPTIC,NO,NO,NO,NO,YES,NO,MONTH-TO-MONTH,YES,ELECTRONIC CHECK,85.6,813.85,2.8120893561103806,1
7250-EQKIY,YES,FEMALE,0,YES,YES,1,YES,NO,DSL,NO,NO,YES,NO,NO,NO,MONTH-TO-MONTH,NO,MAILED CHECK,50.45,50.45,1.657358738501971,1
7251-LJBQN,NO,FEMALE,1,NO,NO,40,YES,YES,FIBER OPTIC,NO,NO,YES,YES,YES,YES,ONE YEAR,YES,CREDIT CARD (AUTOMATIC),103.75,4188.4,3.4083442838370566,0
7251-XFOIL,NO,FEMALE,0,NO,NO,61,YES,YES,FIBER OPTIC,NO,NO,YES,NO,NO,YES,MONTH-TO-MONTH,NO,MAILED CHECK,89.2,5500.6,2.9303547963206307,0
7252-NTGSS,NO,FEMALE,0,NO,NO,1,YES,NO,DSL,NO,NO,NO,NO,NO,NO,MONTH-TO-MONTH,NO,MAILED CHECK,45.15,45.15,1.483245729303548,0
7253-UVNDW,YES,FEMALE,0,NO,NO,46,YES,NO,DSL,NO,NO,YES,YES,NO,NO,TWO YEAR,NO,CREDIT CARD (AUTOMATIC),54.35,2460.15,1.7854796320630748,1
7254-IQWOZ,YES,MALE,0,NO,NO,1,YES,NO,FIBER OPTIC,NO,NO,NO,NO,NO,NO,MONTH-TO-MONTH,YES,ELECTRONIC CHECK,69.65,69.65,2.2881077529566363,1
7255-SSFBC,NO,MALE,0,YES,YES,72,YES,YES,FIBER OPTIC,NO,YES,YES,YES,YES,YES,TWO YEAR,YES,BANK TRANSFER (AUTOMATIC),112.25,8041.65,3.687582128777924,0
7266-GSSJX,NO,MALE,0,YES,YES,11,YES,NO,NO,NO,NO,NO,NO,NO,NO,MONTH-TO-MONTH,YES,ELECTRONIC CHECK,20.45,250.8,0.6718134034165572,0
7267-FRMJW,NO,FEMALE,0,YES,YES,25,YES,NO,NO,NO,NO,NO,NO,NO,NO,TWO YEAR,NO,MAILED CHECK,20.1,486.05,0.6603153745072273,0
7268-IGMFD,NO,MALE,1,NO,NO,18,YES,YES,FIBER OPTIC,NO,NO,YES,YES,YES,NO,MONTH-TO-MONTH,NO,BANK TRANSFER (AUTOMATIC),93.9,1743.9,3.0847568988173455,0
7268-WNTCP,NO,MALE,0,YES,YES,62,YES,NO,NO,NO,NO,NO,NO,NO,NO,TWO YEAR,NO,BANK TRANSFER (AUTOMATIC),20.45,1297.35,0.6718134034165572,0
7269-JISCY,NO,FEMALE,0,NO,NO,55,YES,NO,DSL,NO,NO,NO,NO,NO,NO,ONE YEAR,NO,BANK TRANSFER (AUTOMATIC),45.05,2462.6,1.4799605781865963,0
7270-BDIOA,YES,FEMALE,0,NO,NO,22,YES,YES,FIBER OPTIC,NO,NO,NO,YES,YES,NO,MONTH-TO-MONTH,YES,ELECTRONIC CHECK,90.0,1993.8,2.9566360052562417,1
7271-AJDTL,NO,FEMALE,0,YES,NO,55,YES,YES,FIBER OPTIC,NO,YES,YES,NO,YES,NO,MONTH-TO-MONTH,YES,CREDIT CARD (AUTOMATIC),94.45,5073.1,3.1028252299605783,0
7272-QDCKA,NO,MALE,0,NO,NO,28,YES,YES,FIBER OPTIC,NO,YES,NO,NO,YES,YES,ONE YEAR,NO,ELECTRONIC CHECK,100.2,2688.45,3.2917214191852824,0
7273-TEFQD,YES,MALE,1,NO,NO,3,NO,NO,DSL,NO,NO,YES,NO,NO,YES,MONTH-TO-MONTH,YES,ELECTRONIC CHECK,41.15,132.2,1.3518396846254928,1
7274-CGTOD,NO,MALE,0,NO,NO,62,NO,NO,DSL,YES,YES,YES,YES,NO,NO,TWO YEAR,YES,BANK TRANSFER (AUTOMATIC),43.7,2618.3,1.435611038107753,0
7274-RTAPZ,YES,MALE,0,NO,NO,1,YES,NO,FIBER OPTIC,NO,NO,NO,NO,YES,YES,MONTH-TO-MONTH,YES,ELECTRONIC CHECK,90.55,90.55,2.974704336399474,1
7277-KAMWT,NO,MALE,0,NO,NO,13,YES,NO,NO,NO,NO,NO,NO,NO,NO,TWO YEAR,NO,CREDIT CARD (AUTOMATIC),20.0,268.45,0.657030223390276,0
7277-OZCGZ,NO,FEMALE,0,NO,NO,22,YES,NO,FIBER OPTIC,YES,NO,NO,YES,NO,YES,MONTH-TO-MONTH,YES,ELECTRONIC CHECK,89.05,1886.25,2.9254270696452034,0
7278-CKDNC,NO,MALE,1,NO,NO,24,YES,YES,FIBER OPTIC,NO,YES,NO,NO,NO,NO,MONTH-TO-MONTH,YES,ELECTRONIC CHECK,80.5,2088.45,2.6445466491458607,0
7279-BUYWN,YES,FEMALE,1,NO,NO,41,YES,YES,FIBER OPTIC,YES,YES,YES,NO,YES,YES,MONTH-TO-MONTH,YES,ELECTRONIC CHECK,113.2,4689.5,3.7187910643889617,1
7279-NMVJC,NO,FEMALE,0,NO,NO,17,YES,NO,NO,NO,NO,NO,NO,NO,NO,ONE YEAR,NO,BANK TRANSFER (AUTOMATIC),19.9,323.15,0.6537450722733245,0
7284-BUYEC,NO,FEMALE,0,NO,NO,5,NO,NO,DSL,NO,YES,NO,NO,YES,YES,MONTH-TO-MONTH,YES,CREDIT CARD (AUTOMATIC),50.95,229.4,1.673784494086728,0
7284-ZZLOH,NO,MALE,0,YES,NO,45,YES,NO,DSL,YES,NO,YES,NO,NO,NO,TWO YEAR,NO,CREDIT CARD (AUTOMATIC),53.3,2296.25,1.7509855453350853,0
7285-KLOTR,NO,FEMALE,0,YES,NO,12,YES,YES,DSL,YES,NO,YES,NO,YES,YES,ONE YEAR,NO,ELECTRONIC CHECK,78.85,876.75,2.5903416557161627,0
7291-CDTMJ,NO,MALE,0,NO,NO,1,YES,NO,NO,NO,NO,NO,NO,NO,NO,MONTH-TO-MONTH,YES,BANK TRANSFER (AUTOMATIC),19.65,19.65,0.645532194480946,0
7293-LSCDV,NO,FEMALE,0,YES,YES,60,YES,NO,NO,NO,NO,NO,NO,NO,NO,TWO YEAR,YES,CREDIT CARD (AUTOMATIC),19.25,1103.25,0.6323915900131406,0
7294-TMAOP,YES,FEMALE,0,NO,NO,1,YES,NO,FIBER OPTIC,NO,NO,NO,NO,YES,YES,MONTH-TO-MONTH,NO,ELECTRONIC CHECK,90.55,90.55,2.974704336399474,1
7295-JOMMD,YES,FEMALE,0,NO,YES,4,YES,NO,FIBER OPTIC,NO,NO,YES,YES,YES,YES,MONTH-TO-MONTH,YES,BANK TRANSFER (AUTOMATIC),98.1,396.3,3.2227332457293034,1
7296-PIXQY,NO,FEMALE,0,YES,YES,14,YES,NO,FIBER OPTIC,NO,NO,NO,NO,NO,NO,MONTH-TO-MONTH,NO,ELECTRONIC CHECK,70.2,1046.5,2.3061760840998686,0
7297-DVYGA,NO,FEMALE,0,NO,NO,51,YES,NO,NO,NO,NO,NO,NO,NO,NO,ONE YEAR,YES,BANK TRANSFER (AUTOMATIC),19.85,996.95,0.6521024967148489,0
7298-IZWLY,NO,FEMALE,0,NO,NO,1,YES,NO,NO,NO,NO,NO,NO,NO,NO,MONTH-TO-MONTH,YES,MAILED CHECK,19.4,19.4,0.6373193166885676,0
7299-GNVPL,NO,FEMALE,0,YES,YES,23,YES,NO,FIBER OPTIC,YES,YES,NO,YES,NO,NO,MONTH-TO-MONTH,NO,MAILED CHECK,84.4,1936.85,2.7726675427069645,0
7301-ABVAD,NO,FEMALE,0,NO,NO,72,YES,YES,DSL,NO,YES,YES,YES,YES,YES,TWO YEAR,NO,BANK TRANSFER (AUTOMATIC),86.6,6350.5,2.8449408672798944,0
7302-ZHMHP,NO,FEMALE,0,NO,NO,1,YES,NO,NO,NO,NO,NO,NO,NO,NO,MONTH-TO-MONTH,NO,MAILED CHECK,19.15,19.15,0.6291064388961891,0
7305-ZWMAJ,NO,MALE,0,YES,NO,30,YES,NO,NO,NO,NO,NO,NO,NO,NO,ONE YEAR,NO,CREDIT CARD (AUTOMATIC),20.7,587.1,0.6800262812089356,0
7306-YDSOI,NO,MALE,0,YES,YES,69,YES,NO,DSL,YES,YES,YES,NO,NO,NO,TWO YEAR,YES,BANK TRANSFER (AUTOMATIC),59.75,4069.9,1.9628777923784493,0
7310-EGVHZ,NO,MALE,0,NO,NO,1,YES,NO,NO,NO,NO,NO,NO,NO,NO,MONTH-TO-MONTH,NO,BANK TRANSFER (AUTOMATIC),20.2,20.2,0.6636005256241787,0
7311-MQJCH,NO,FEMALE,0,NO,NO,5,YES,NO,NO,NO,NO,NO,NO,NO,NO,ONE YEAR,NO,ELECTRONIC CHECK,19.55,99.6,0.6422470433639947,0
7312-XSBAT,NO,MALE,0,NO,NO,1,YES,NO,DSL,YES,NO,NO,NO,NO,NO,MONTH-TO-MONTH,NO,ELECTRONIC CHECK,49.75,49.75,1.6343626806833114,0
7314-OXENN,YES,MALE,0,NO,NO,2,YES,YES,FIBER OPTIC,NO,YES,NO,NO,NO,NO,MONTH-TO-MONTH,YES,ELECTRONIC CHECK,82.0,184.65,2.6938239159001314,1
7315-WYOAW,NO,MALE,0,NO,NO,13,YES,YES,FIBER OPTIC,NO,NO,NO,YES,YES,YES,MONTH-TO-MONTH,NO,ELECTRONIC CHECK,100.75,1313.25,3.309789750328515,0
7317-GGVPB,YES,MALE,0,YES,NO,71,YES,YES,FIBER OPTIC,NO,YES,YES,YES,YES,YES,TWO YEAR,YES,CREDIT CARD (AUTOMATIC),108.6,7690.9,3.5676741130091982,1
7318-EIVKO,NO,MALE,0,NO,NO,8,YES,YES,DSL,NO,NO,NO,NO,YES,NO,MONTH-TO-MONTH,YES,ELECTRONIC CHECK,59.25,436.6,1.9464520367936924,0
7319-VENRZ,NO,MALE,0,NO,NO,7,YES,NO,DSL,NO,NO,YES,YES,YES,NO,MONTH-TO-MONTH,NO,BANK TRANSFER (AUTOMATIC),64.3,445.95,2.112352168199737,0
7319-ZNRTR,NO,MALE,0,YES,YES,25,YES,NO,NO,NO,NO,NO,NO,NO,NO,ONE YEAR,NO,ELECTRONIC CHECK,19.6,411.15,0.6438896189224704,0
7321-KKSDU,NO,MALE,0,NO,YES,32,YES,NO,NO,NO,NO,NO,NO,NO,NO,TWO YEAR,NO,MAILED CHECK,20.5,696.8,0.6734559789750328,0
7321-PKUYW,YES,FEMALE,0,NO,NO,11,YES,YES,FIBER OPTIC,NO,NO,NO,YES,YES,NO,MONTH-TO-MONTH,NO,ELECTRONIC CHECK,90.15,987.95,2.961563731931669,1
7321-VGNKU,NO,FEMALE,0,YES,NO,2,YES,NO,FIBER OPTIC,NO,NO,NO,NO,NO,NO,MONTH-TO-MONTH,YES,ELECTRONIC CHECK,70.35,120.25,2.3111038107752955,0
7321-ZNSLA,NO,MALE,0,YES,YES,13,NO,NO,DSL,YES,YES,NO,YES,NO,NO,TWO YEAR,NO,MAILED CHECK,40.55,590.35,1.3321287779237843,0
7322-OCWHC,NO,MALE,1,YES,NO,72,YES,YES,FIBER OPTIC,YES,YES,YES,YES,NO,NO,TWO YEAR,YES,BANK TRANSFER (AUTOMATIC),93.05,6735.05,3.0568331143232585,0
7325-ENZFI,NO,FEMALE,0,NO,NO,39,NO,NO,DSL,YES,YES,NO,YES,NO,NO,ONE YEAR,YES,BANK TRANSFER (AUTOMATIC),40.3,1630.4,1.3239159001314058,0
7326-RIGQZ,NO,MALE,0,YES,YES,6,YES,NO,FIBER OPTIC,NO,NO,NO,NO,NO,NO,MONTH-TO-MONTH,YES,ELECTRONIC CHECK,69.8,377.85,2.2930354796320627,0
7328-OWMOM,NO,FEMALE,0,NO,YES,31,YES,NO,NO,NO,NO,NO,NO,NO,NO,ONE YEAR,NO,CREDIT CARD (AUTOMATIC),20.1,589.25,0.6603153745072273,0
7328-ZJAJO,NO,FEMALE,0,YES,YES,59,YES,NO,NO,NO,NO,NO,NO,NO,NO,TWO YEAR,NO,CREDIT CARD (AUTOMATIC),19.5,1222.65,0.640604467805519,0
7330-WZLNC,YES,FEMALE,0,NO,NO,5,YES,YES,FIBER OPTIC,NO,YES,NO,NO,YES,NO,MONTH-TO-MONTH,YES,ELECTRONIC CHECK,90.8,455.5,2.9829172141918527,1
7336-RLLRH,NO,MALE,0,YES,NO,27,YES,YES,DSL,YES,NO,NO,YES,YES,YES,ONE YEAR,NO,MAILED CHECK,80.85,2204.35,2.6560446780551903,0
7337-CINUD,NO,FEMALE,0,YES,YES,8,YES,NO,NO,NO,NO,NO,NO,NO,NO,TWO YEAR,NO,BANK TRANSFER (AUTOMATIC),19.5,159.35,0.640604467805519,0
7338-ERIVA,NO,MALE,0,NO,YES,39,NO,NO,DSL,YES,NO,NO,YES,YES,NO,ONE YEAR,NO,BANK TRANSFER (AUTOMATIC),45.05,1790.6,1.4799605781865963,0
7339-POGZN,NO,FEMALE,0,NO,NO,4,YES,YES,DSL,NO,NO,NO,NO,NO,NO,MONTH-TO-MONTH,NO,ELECTRONIC CHECK,50.7,214.55,1.6655716162943495,0
7340-KEFQE,NO,FEMALE,0,YES,YES,51,NO,NO,DSL,YES,NO,NO,YES,NO,NO,TWO YEAR,NO,BANK TRANSFER (AUTOMATIC),34.2,1782.0,1.123521681997372,0
7341-LXCAF,YES,MALE,0,YES,NO,4,YES,YES,FIBER OPTIC,NO,NO,NO,NO,NO,NO,MONTH-TO-MONTH,YES,ELECTRONIC CHECK,74.65,301.4,2.4523653088042052,1
7343-EOBEU,NO,MALE,0,YES,NO,3,YES,YES,NO,NO,NO,NO,NO,NO,NO,MONTH-TO-MONTH,YES,MAILED CHECK,23.6,89.05,0.7752956636005256,0
7346-MEDWM,NO,FEMALE,0,NO,NO,59,YES,YES,FIBER OPTIC,NO,YES,YES,NO,NO,NO,MONTH-TO-MONTH,YES,ELECTRONIC CHECK,83.25,4949.1,2.7348883048620234,0
7349-ALMUX,NO,MALE,0,NO,NO,37,YES,NO,DSL,YES,YES,YES,YES,NO,NO,TWO YEAR,NO,BANK TRANSFER (AUTOMATIC),65.6,2313.8,2.1550591327201047,0
7351-KYHQH,NO,FEMALE,1,NO,NO,7,YES,NO,DSL,NO,YES,YES,NO,YES,NO,MONTH-TO-MONTH,YES,ELECTRONIC CHECK,64.95,493.65,2.133705650459921,0
7351-MHQVU,NO,FEMALE,0,NO,NO,6,NO,NO,DSL,YES,YES,NO,YES,NO,YES,MONTH-TO-MONTH,NO,CREDIT CARD (AUTOMATIC),50.95,307.6,1.673784494086728,0
7353-YOWFP,NO,FEMALE,0,NO,NO,7,YES,NO,NO,NO,NO,NO,NO,NO,NO,ONE YEAR,NO,MAILED CHECK,20.25,129.15,0.6652431011826544,0
7354-OIJLX,NO,MALE,0,NO,NO,9,YES,YES,FIBER OPTIC,NO,NO,NO,NO,NO,NO,MONTH-TO-MONTH,YES,ELECTRONIC CHECK,75.85,724.65,2.4917871222076213,0
7356-AYNJP,NO,FEMALE,0,NO,NO,4,YES,YES,NO,NO,NO,NO,NO,NO,NO,ONE YEAR,NO,ELECTRONIC CHECK,23.9,97.5,0.7851511169513797,0
7356-IWLFW,NO,MALE,0,YES,YES,46,YES,YES,FIBER OPTIC,NO,YES,NO,NO,NO,NO,MONTH-TO-MONTH,YES,BANK TRANSFER (AUTOMATIC),80.0,3769.7,2.628120893561104,0
7359-PTSXY,YES,MALE,0,NO,NO,1,YES,NO,DSL,NO,NO,NO,NO,NO,NO,MONTH-TO-MONTH,NO,ELECTRONIC CHECK,45.75,45.75,1.5029566360052562,1
7359-SSBJK,YES,FEMALE,1,NO,NO,64,YES,NO,DSL,YES,YES,NO,YES,YES,NO,TWO YEAR,YES,CREDIT CARD (AUTOMATIC),70.2,4481.0,2.3061760840998686,1
7359-WWYJV,NO,MALE,0,YES,NO,72,YES,YES,FIBER OPTIC,YES,YES,YES,YES,YES,YES,TWO YEAR,NO,CREDIT CARD (AUTOMATIC),114.45,8375.05,3.759855453350854,0
7361-YPXFS,NO,FEMALE,1,NO,NO,28,YES,YES,DSL,NO,YES,YES,YES,NO,NO,MONTH-TO-MONTH,NO,BANK TRANSFER (AUTOMATIC),64.45,1867.6,2.117279894875164,0
7363-QTBIW,NO,FEMALE,0,YES,NO,9,YES,NO,FIBER OPTIC,NO,NO,NO,NO,NO,YES,MONTH-TO-MONTH,YES,ELECTRONIC CHECK,79.75,769.1,2.619908015768725,0
7365-BVCJH,NO,MALE,0,NO,NO,1,NO,NO,DSL,NO,NO,NO,NO,NO,NO,MONTH-TO-MONTH,YES,ELECTRONIC CHECK,24.4,24.4,0.8015768725361366,0
7369-TRPFD,NO,MALE,0,NO,NO,19,YES,NO,NO,NO,NO,NO,NO,NO,NO,ONE YEAR,NO,MAILED CHECK,18.8,279.2,0.6176084099868594,0
7375-WMVMT,NO,MALE,1,YES,NO,71,YES,NO,FIBER OPTIC,NO,YES,YES,YES,NO,YES,TWO YEAR,YES,CREDIT CARD (AUTOMATIC),95.5,6707.15,3.1373193166885676,0
7377-DMMRI,YES,MALE,0,NO,NO,2,YES,NO,DSL,YES,NO,NO,NO,NO,NO,MONTH-TO-MONTH,YES,ELECTRONIC CHECK,47.8,92.45,1.5703022339027595,1
7379-FNIUJ,NO,MALE,0,NO,NO,2,YES,NO,FIBER OPTIC,YES,YES,NO,NO,YES,YES,MONTH-TO-MONTH,NO,ELECTRONIC CHECK,100.2,198.5,3.2917214191852824,0
7379-POKDZ,YES,MALE,0,YES,NO,3,YES,NO,FIBER OPTIC,NO,NO,NO,NO,NO,NO,MONTH-TO-MONTH,YES,ELECTRONIC CHECK,70.3,208.85,2.3094612352168196,1
7382-DFJTU,NO,MALE,0,NO,NO,18,YES,NO,DSL,NO,NO,YES,YES,NO,NO,MONTH-TO-MONTH,NO,CREDIT CARD (AUTOMATIC),55.2,1058.1,1.8134034165571618,0
7384-GHBPI,YES,MALE,0,YES,NO,3,NO,NO,DSL,NO,NO,NO,NO,NO,YES,MONTH-TO-MONTH,YES,ELECTRONIC CHECK,35.15,99.75,1.1547306176084098,1
7389-KBFIT,NO,FEMALE,0,YES,YES,2,NO,NO,DSL,NO,YES,NO,NO,NO,NO,MONTH-TO-MONTH,YES,MAILED CHECK,30.25,63.75,0.9937582128777923,0
7392-YYPYJ,NO,MALE,0,NO,NO,22,YES,YES,FIBER OPTIC,NO,YES,NO,NO,YES,YES,MONTH-TO-MONTH,YES,ELECTRONIC CHECK,100.65,2415.95,3.306504599211564,0
7394-FKDNK,YES,FEMALE,0,YES,NO,9,YES,NO,FIBER OPTIC,NO,NO,NO,NO,YES,YES,MONTH-TO-MONTH,NO,ELECTRONIC CHECK,89.45,853.1,2.9385676741130093,1
7394-LWLYN,NO,FEMALE,0,NO,NO,2,YES,NO,FIBER OPTIC,NO,NO,NO,NO,NO,NO,MONTH-TO-MONTH,YES,ELECTRONIC CHECK,70.15,123.8,2.304533508541393,0
7395-IGJOS,YES,MALE,1,YES,NO,17,YES,NO,FIBER OPTIC,NO,NO,NO,NO,NO,YES,MONTH-TO-MONTH,NO,BANK TRANSFER (AUTOMATIC),81.5,1329.2,2.6773981603153745,1
7395-XWZOY,NO,MALE,0,NO,NO,20,NO,NO,DSL,YES,YES,YES,YES,YES,NO,MONTH-TO-MONTH,YES,CREDIT CARD (AUTOMATIC),55.0,1165.55,1.8068331143232588,0
7396-VJUZB,NO,MALE,0,YES,YES,4,YES,NO,DSL,NO,NO,NO,NO,NO,NO,MONTH-TO-MONTH,NO,MAILED CHECK,45.25,155.35,1.4865308804204993,0
7398-HPYZQ,NO,MALE,0,YES,NO,71,YES,YES,DSL,YES,YES,YES,YES,YES,YES,TWO YEAR,NO,BANK TRANSFER (AUTOMATIC),90.55,6404.0,2.974704336399474,0
7398-LXGYX,NO,MALE,0,YES,NO,44,YES,YES,FIBER OPTIC,YES,NO,YES,NO,NO,NO,MONTH-TO-MONTH,YES,CREDIT CARD (AUTOMATIC),84.8,3626.35,2.78580814717477,0
7398-SKNQZ,NO,FEMALE,0,YES,NO,3,YES,YES,FIBER OPTIC,NO,NO,NO,NO,YES,YES,MONTH-TO-MONTH,NO,ELECTRONIC CHECK,94.9,273.2,3.1176084099868593,0
7399-QHBJS,NO,FEMALE,0,YES,YES,72,YES,YES,DSL,YES,YES,NO,YES,NO,NO,TWO YEAR,NO,CREDIT CARD (AUTOMATIC),66.75,4760.3,2.192838370565046,0
7401-JIXNM,NO,FEMALE,0,YES,YES,54,YES,YES,DSL,YES,YES,YES,YES,YES,YES,TWO YEAR,NO,CREDIT CARD (AUTOMATIC),91.3,4965.0,2.9993429697766096,0
7401-RUBNK,NO,FEMALE,0,YES,NO,18,YES,NO,FIBER OPTIC,YES,NO,NO,NO,NO,NO,MONTH-TO-MONTH,NO,ELECTRONIC CHECK,74.8,1438.05,2.457293035479632,0
7402-EYFXX,NO,MALE,1,NO,NO,26,YES,YES,FIBER OPTIC,NO,NO,NO,NO,YES,YES,MONTH-TO-MONTH,YES,ELECTRONIC CHECK,93.6,2404.1,3.0749014454664914,0
7402-PWYJJ,NO,FEMALE,0,YES,NO,53,YES,YES,FIBER OPTIC,NO,NO,NO,YES,NO,YES,ONE YEAR,YES,ELECTRONIC CHECK,91.15,4862.5,2.994415243101183,0
7404-JLKQG,NO,FEMALE,0,NO,NO,3,YES,NO,DSL,NO,NO,YES,NO,YES,NO,MONTH-TO-MONTH,NO,ELECTRONIC CHECK,57.55,161.45,1.890604467805519,0
7407-SUJIZ,NO,MALE,0,NO,NO,25,YES,NO,NO,NO,NO,NO,NO,NO,NO,MONTH-TO-MONTH,NO,MAILED CHECK,20.6,541.5,0.6767411300919842,0
7408-OFWXJ,NO,FEMALE,0,YES,YES,72,YES,YES,DSL,YES,YES,YES,YES,YES,YES,TWO YEAR,NO,CREDIT CARD (AUTOMATIC),89.8,6510.45,2.950065703022339,0
7409-JURKQ,NO,FEMALE,0,YES,NO,53,YES,YES,FIBER OPTIC,NO,YES,YES,YES,YES,YES,ONE YEAR,YES,BANK TRANSFER (AUTOMATIC),111.8,5809.75,3.6727989487516424,0
7409-KIUTL,YES,FEMALE,1,NO,YES,1,YES,NO,FIBER OPTIC,NO,NO,NO,NO,NO,NO,MONTH-TO-MONTH,YES,ELECTRONIC CHECK,71.0,71.0,2.3324572930354797,1
7410-KTVFV,YES,MALE,0,YES,NO,18,YES,NO,DSL,NO,NO,YES,NO,NO,NO,MONTH-TO-MONTH,YES,MAILED CHECK,49.55,878.35,1.6277923784494086,1
7410-OIEDU,NO,MALE,0,NO,NO,10,YES,NO,FIBER OPTIC,YES,NO,YES,NO,NO,NO,MONTH-TO-MONTH,YES,MAILED CHECK,79.85,887.35,2.6231931668856765,0
7410-YTJIK,YES,FEMALE,0,NO,NO,7,YES,YES,FIBER OPTIC,NO,NO,NO,NO,NO,NO,MONTH-TO-MONTH,NO,MAILED CHECK,75.45,480.75,2.478646517739816,1
7416-CKTEP,NO,FEMALE,0,YES,NO,57,YES,NO,NO,NO,NO,NO,NO,NO,NO,TWO YEAR,YES,BANK TRANSFER (AUTOMATIC),19.6,1134.25,0.6438896189224704,0
7421-ZLUPA,NO,FEMALE,0,NO,NO,8,NO,NO,DSL,NO,YES,NO,NO,NO,NO,MONTH-TO-MONTH,YES,MAILED CHECK,29.25,226.95,0.9609067017082785,0
7422-WNBTY,NO,MALE,0,YES,NO,33,YES,YES,FIBER OPTIC,NO,YES,YES,NO,NO,YES,MONTH-TO-MONTH,YES,ELECTRONIC CHECK,93.35,3092.0,3.0666885676741127,0
7426-GSWPO,NO,MALE,1,NO,NO,64,YES,YES,FIBER OPTIC,YES,YES,NO,NO,YES,YES,MONTH-TO-MONTH,YES,BANK TRANSFER (AUTOMATIC),103.5,6548.65,3.400131406044678,0
7426-RHZGU,NO,MALE,0,NO,NO,9,YES,NO,FIBER OPTIC,NO,NO,NO,YES,YES,YES,MONTH-TO-MONTH,YES,BANK TRANSFER (AUTOMATIC),95.9,827.45,3.150459921156373,0
7426-WEIJX,NO,MALE,1,YES,YES,60,YES,YES,FIBER OPTIC,YES,NO,NO,NO,NO,NO,MONTH-TO-MONTH,YES,ELECTRONIC CHECK,80.95,4859.1,2.659329829172142,0
7427-AUFPY,NO,MALE,0,NO,NO,54,YES,NO,NO,NO,NO,NO,NO,NO,NO,TWO YEAR,NO,CREDIT CARD (AUTOMATIC),19.65,1008.7,0.645532194480946,0
7432-FFVAR,NO,FEMALE,0,YES,YES,46,YES,NO,FIBER OPTIC,NO,NO,YES,YES,NO,YES,ONE YEAR,NO,BANK TRANSFER (AUTOMATIC),90.95,4236.6,2.98784494086728,0
7434-SHXLS,YES,FEMALE,0,NO,NO,1,YES,NO,NO,NO,NO,NO,NO,NO,NO,MONTH-TO-MONTH,NO,MAILED CHECK,20.9,20.9,0.6865965834428382,1
7435-ZNUYY,NO,MALE,0,NO,NO,6,YES,NO,NO,NO,NO,NO,NO,NO,NO,ONE YEAR,NO,MAILED CHECK,20.6,116.6,0.6767411300919842,0
7439-DKZTW,NO,MALE,0,NO,NO,1,YES,NO,FIBER OPTIC,NO,NO,NO,NO,YES,NO,MONTH-TO-MONTH,YES,ELECTRONIC CHECK,80.55,80.55,2.646189224704336,0
7442-YGZFK,NO,MALE,0,NO,NO,1,YES,YES,DSL,NO,NO,NO,NO,NO,NO,MONTH-TO-MONTH,YES,CREDIT CARD (AUTOMATIC),49.8,49.8,1.636005256241787,0
7445-WMRBW,NO,FEMALE,0,NO,NO,48,YES,YES,DSL,NO,YES,YES,YES,YES,NO,ONE YEAR,YES,BANK TRANSFER (AUTOMATIC),73.85,3581.4,2.4260840998685937,0
7446-KQISO,NO,MALE,0,YES,YES,45,YES,YES,FIBER OPTIC,NO,YES,YES,YES,YES,YES,TWO YEAR,YES,BANK TRANSFER (AUTOMATIC),109.75,4900.65,3.6054533508541393,0
7446-SFAOA,NO,FEMALE,0,YES,NO,37,YES,NO,NO,NO,NO,NO,NO,NO,NO,ONE YEAR,YES,BANK TRANSFER (AUTOMATIC),19.85,717.5,0.6521024967148489,0
7446-YPODE,NO,MALE,1,NO,NO,11,YES,YES,DSL,YES,YES,NO,NO,NO,NO,MONTH-TO-MONTH,NO,BANK TRANSFER (AUTOMATIC),60.25,662.95,1.9793035479632062,0
7449-HVPIV,NO,MALE,0,YES,YES,55,YES,YES,FIBER OPTIC,NO,NO,YES,NO,YES,NO,MONTH-TO-MONTH,YES,CREDIT CARD (AUTOMATIC),90.4,5099.15,2.9697766097240472,0
7450-NWRTR,YES,MALE,1,NO,NO,12,YES,YES,FIBER OPTIC,NO,NO,YES,NO,YES,YES,MONTH-TO-MONTH,YES,ELECTRONIC CHECK,99.45,1200.15,3.2670827858081473,1
7452-FOLON,NO,MALE,0,NO,YES,39,YES,YES,NO,NO,NO,NO,NO,NO,NO,ONE YEAR,NO,BANK TRANSFER (AUTOMATIC),25.45,958.45,0.8360709592641261,0
7459-IMVYU,NO,MALE,0,NO,NO,38,YES,YES,DSL,YES,YES,YES,YES,NO,NO,MONTH-TO-MONTH,NO,ELECTRONIC CHECK,69.95,2657.55,2.29796320630749,0
7459-RRWQZ,YES,FEMALE,0,NO,NO,15,YES,YES,DSL,YES,NO,NO,NO,NO,YES,MONTH-TO-MONTH,YES,BANK TRANSFER (AUTOMATIC),64.65,994.55,2.1238501971090673,1
7460-ITWWP,NO,FEMALE,1,YES,NO,45,YES,NO,FIBER OPTIC,NO,NO,YES,NO,NO,YES,MONTH-TO-MONTH,YES,ELECTRONIC CHECK,86.1,3861.45,2.8285151116951375,0
7463-IFMQU,NO,FEMALE,0,YES,NO,72,YES,NO,NO,NO,NO,NO,NO,NO,NO,TWO YEAR,NO,BANK TRANSFER (AUTOMATIC),20.05,1423.65,0.6586727989487516,0
7465-ZZRVX,NO,MALE,0,NO,NO,1,YES,NO,FIBER OPTIC,NO,NO,NO,NO,NO,NO,MONTH-TO-MONTH,YES,ELECTRONIC CHECK,70.35,70.35,2.3111038107752955,0
7469-LKBCI,NO,MALE,0,NO,NO,16,YES,NO,NO,NO,NO,NO,NO,NO,NO,TWO YEAR,NO,CREDIT CARD (AUTOMATIC),18.95,326.8,0.6225361366622865,0
7470-DYNOE,NO,MALE,0,NO,NO,53,YES,NO,DSL,NO,NO,YES,NO,NO,YES,ONE YEAR,YES,ELECTRONIC CHECK,61.1,3357.9,2.007227332457293,0
7470-MCQTK,YES,FEMALE,0,YES,NO,13,NO,NO,DSL,NO,NO,YES,NO,YES,YES,MONTH-TO-MONTH,YES,BANK TRANSFER (AUTOMATIC),48.75,633.4,1.6015111695137976,1
7471-MQPOS,NO,MALE,1,YES,YES,71,YES,YES,DSL,NO,YES,YES,YES,NO,YES,ONE YEAR,YES,BANK TRANSFER (AUTOMATIC),72.9,5139.65,2.394875164257556,0
7471-WNSUF,NO,MALE,0,YES,NO,60,YES,YES,NO,NO,NO,NO,NO,NO,NO,ONE YEAR,NO,BANK TRANSFER (AUTOMATIC),24.15,1505.9,0.7933639947437582,0
7472-EQOAV,NO,MALE,1,YES,YES,71,YES,NO,FIBER OPTIC,YES,YES,YES,NO,NO,NO,ONE YEAR,YES,BANK TRANSFER (AUTOMATIC),86.7,6179.35,2.848226018396846,0
7473-ZBDSN,NO,FEMALE,0,YES,YES,14,YES,NO,NO,NO,NO,NO,NO,NO,NO,TWO YEAR,NO,MAILED CHECK,18.8,255.55,0.6176084099868594,0
7479-NITWS,YES,MALE,0,NO,NO,7,YES,YES,FIBER OPTIC,NO,NO,YES,NO,YES,NO,MONTH-TO-MONTH,YES,CREDIT CARD (AUTOMATIC),89.35,631.85,2.9352825229960575,1
7480-QNVZJ,YES,MALE,1,NO,NO,50,YES,YES,FIBER OPTIC,NO,NO,NO,NO,YES,YES,MONTH-TO-MONTH,YES,ELECTRONIC CHECK,95.7,4816.7,3.1438896189224703,1
7480-SPLEF,NO,MALE,0,YES,YES,69,YES,YES,NO,NO,NO,NO,NO,NO,NO,TWO YEAR,YES,BANK TRANSFER (AUTOMATIC),26.0,1796.55,0.8541392904073587,0
7481-ATQQS,YES,FEMALE,1,NO,NO,49,YES,YES,FIBER OPTIC,NO,NO,YES,NO,NO,YES,MONTH-TO-MONTH,YES,CREDIT CARD (AUTOMATIC),90.85,4515.85,2.984559789750328,1
7483-IQWIB,NO,MALE,0,YES,YES,37,YES,YES,FIBER OPTIC,NO,YES,YES,NO,YES,NO,MONTH-TO-MONTH,YES,ELECTRONIC CHECK,92.95,3415.25,3.0535479632063076,0
7486-KSRVI,YES,MALE,0,NO,NO,43,YES,YES,FIBER OPTIC,NO,NO,NO,YES,YES,YES,ONE YEAR,YES,ELECTRONIC CHECK,100.0,4211.55,3.2851511169513796,1
7488-MXJIV,YES,FEMALE,0,NO,NO,4,YES,YES,FIBER OPTIC,NO,NO,NO,NO,YES,NO,MONTH-TO-MONTH,YES,ELECTRONIC CHECK,85.65,321.65,2.813731931668857,1
7492-TAFJD,NO,MALE,0,YES,YES,7,NO,NO,DSL,YES,YES,YES,NO,NO,NO,TWO YEAR,NO,MAILED CHECK,38.55,280.0,1.2664257555847567,0
7493-GVFIO,NO,MALE,0,NO,NO,57,YES,NO,NO,NO,NO,NO,NO,NO,NO,TWO YEAR,NO,CREDIT CARD (AUTOMATIC),20.55,1252.85,0.6750985545335085,0
7493-TPUWZ,YES,MALE,0,NO,NO,1,YES,YES,FIBER OPTIC,NO,YES,NO,NO,NO,NO,MONTH-TO-MONTH,YES,ELECTRONIC CHECK,79.15,79.15,2.6001971090670173,1
7495-OOKFY,YES,FEMALE,1,YES,NO,8,YES,YES,FIBER OPTIC,NO,YES,NO,NO,NO,NO,MONTH-TO-MONTH,YES,CREDIT CARD (AUTOMATIC),80.65,633.3,2.649474375821288,1
7501-IWUNG,NO,FEMALE,0,YES,YES,61,YES,NO,DSL,NO,NO,YES,YES,YES,YES,TWO YEAR,YES,BANK TRANSFER (AUTOMATIC),73.8,4616.05,2.4244415243101183,0
7501-VTYLJ,NO,FEMALE,0,NO,YES,2,YES,NO,DSL,NO,YES,NO,NO,NO,NO,MONTH-TO-MONTH,NO,MAILED CHECK,51.55,106.2,1.6934954007884362,0
7502-BNYGS,NO,FEMALE,0,YES,NO,46,YES,NO,DSL,NO,YES,NO,NO,YES,YES,MONTH-TO-MONTH,YES,CREDIT CARD (AUTOMATIC),69.1,3168.0,2.270039421813403,0
7503-EPSZW,NO,FEMALE,0,YES,YES,64,YES,YES,NO,NO,NO,NO,NO,NO,NO,TWO YEAR,YES,MAILED CHECK,24.05,1559.15,0.7900788436268068,0
7503-MIOGA,NO,FEMALE,1,YES,NO,72,YES,YES,DSL,YES,YES,YES,YES,YES,YES,TWO YEAR,YES,BANK TRANSFER (AUTOMATIC),89.85,6697.35,2.9517082785808144,0
7503-QQRVF,YES,MALE,1,YES,NO,16,YES,NO,FIBER OPTIC,NO,YES,NO,NO,NO,NO,MONTH-TO-MONTH,YES,CREDIT CARD (AUTOMATIC),74.3,1178.25,2.440867279894875,1
7503-ZGUZJ,YES,MALE,0,NO,NO,1,YES,YES,FIBER OPTIC,NO,NO,NO,NO,YES,NO,MONTH-TO-MONTH,YES,MAILED CHECK,84.65,84.65,2.780880420499343,1
7504-UWHNB,NO,MALE,0,NO,NO,25,YES,NO,FIBER OPTIC,NO,NO,NO,NO,NO,NO,MONTH-TO-MONTH,NO,ELECTRONIC CHECK,69.75,1729.35,2.291392904073587,0
7508-DQAKK,NO,FEMALE,0,NO,NO,64,YES,YES,DSL,YES,YES,YES,YES,YES,YES,TWO YEAR,YES,CREDIT CARD (AUTOMATIC),86.4,5442.05,2.838370565045992,0
7508-KBIMB,NO,MALE,0,YES,YES,24,YES,NO,DSL,YES,NO,YES,NO,NO,NO,ONE YEAR,YES,CREDIT CARD (AUTOMATIC),56.25,1454.25,1.847897503285151,0
7508-MYBOG,YES,MALE,0,YES,NO,14,YES,YES,FIBER OPTIC,NO,NO,NO,NO,YES,NO,MONTH-TO-MONTH,YES,ELECTRONIC CHECK,86.1,1235.55,2.8285151116951375,1
7508-SMHXL,NO,FEMALE,1,NO,NO,15,YES,YES,FIBER OPTIC,NO,YES,NO,NO,YES,NO,MONTH-TO-MONTH,NO,CREDIT CARD (AUTOMATIC),89.0,1288.3,2.923784494086728,0
7511-YMXVQ,YES,MALE,0,NO,NO,9,NO,NO,DSL,NO,NO,NO,NO,YES,YES,MONTH-TO-MONTH,YES,ELECTRONIC CHECK,45.4,418.8,1.4914586070959264,1
7515-LODFU,NO,MALE,1,NO,NO,69,YES,NO,NO,NO,NO,NO,NO,NO,NO,TWO YEAR,NO,CREDIT CARD (AUTOMATIC),20.3,1356.3,0.6668856767411301,0
7516-GMHUV,NO,MALE,1,YES,NO,50,YES,YES,FIBER OPTIC,YES,NO,YES,NO,YES,YES,TWO YEAR,YES,CREDIT CARD (AUTOMATIC),105.05,5163.3,3.451051248357424,0
7517-LDMPS,NO,FEMALE,0,NO,NO,12,YES,NO,FIBER OPTIC,NO,YES,NO,NO,NO,YES,MONTH-TO-MONTH,YES,ELECTRONIC CHECK,84.6,1017.35,2.779237844940867,0
7517-SAWMO,YES,FEMALE,0,YES,NO,19,YES,NO,FIBER OPTIC,YES,NO,NO,NO,NO,NO,MONTH-TO-MONTH,YES,ELECTRONIC CHECK,73.2,1441.1,2.40473061760841,1
7519-JTWQH,NO,FEMALE,0,NO,NO,69,YES,YES,FIBER OPTIC,NO,YES,YES,YES,YES,YES,TWO YEAR,YES,BANK TRANSFER (AUTOMATIC),110.5,7455.45,3.6300919842312744,0
7520-HQWJU,NO,FEMALE,0,YES,YES,66,YES,YES,DSL,YES,YES,YES,NO,NO,NO,MONTH-TO-MONTH,YES,BANK TRANSFER (AUTOMATIC),67.45,4508.65,2.2158344283837055,0
7521-AFHAB,NO,FEMALE,0,YES,YES,5,YES,NO,DSL,NO,NO,NO,NO,NO,NO,MONTH-TO-MONTH,NO,MAILED CHECK,44.8,220.45,1.4717477003942179,0
7521-YXVZY,NO,MALE,0,NO,YES,3,YES,NO,NO,NO,NO,NO,NO,NO,NO,MONTH-TO-MONTH,NO,MAILED CHECK,19.95,58.3,0.6553876478318003,0
7524-VRLPL,NO,MALE,1,NO,NO,69,YES,YES,DSL,YES,NO,YES,YES,NO,YES,TWO YEAR,NO,CREDIT CARD (AUTOMATIC),74.1,5031.0,2.434296977660972,0
7526-BEZQB,YES,MALE,0,NO,NO,12,YES,YES,FIBER OPTIC,NO,NO,NO,NO,YES,YES,MONTH-TO-MONTH,YES,ELECTRONIC CHECK,96.05,1148.1,3.1553876478318,1
7526-IVLYU,NO,MALE,0,NO,NO,3,YES,NO,NO,NO,NO,NO,NO,NO,NO,MONTH-TO-MONTH,YES,MAILED CHECK,19.65,68.35,0.645532194480946,0
7527-QNRUS,NO,MALE,0,YES,YES,17,YES,YES,NO,NO,NO,NO,NO,NO,NO,TWO YEAR,YES,MAILED CHECK,25.15,412.6,0.826215505913272,0
7529-ZDFXI,NO,MALE,1,YES,NO,57,YES,YES,FIBER OPTIC,NO,YES,NO,NO,NO,YES,MONTH-TO-MONTH,YES,ELECTRONIC CHECK,89.85,4925.35,2.9517082785808144,0
7530-HDYDS,YES,FEMALE,0,NO,NO,38,YES,NO,FIBER OPTIC,NO,YES,YES,YES,NO,NO,MONTH-TO-MONTH,YES,CREDIT CARD (AUTOMATIC),84.25,3264.5,2.767739816031537,1
7531-GQHME,NO,MALE,0,NO,NO,12,YES,NO,NO,NO,NO,NO,NO,NO,NO,MONTH-TO-MONTH,NO,CREDIT CARD (AUTOMATIC),20.05,265.45,0.6586727989487516,0
7534-BFESC,YES,MALE,1,NO,NO,24,YES,YES,FIBER OPTIC,NO,NO,NO,NO,NO,NO,MONTH-TO-MONTH,YES,ELECTRONIC CHECK,76.1,1712.7,2.4999999999999996,1
7537-CBQUZ,NO,MALE,1,NO,NO,63,YES,YES,FIBER OPTIC,YES,YES,YES,NO,YES,YES,MONTH-TO-MONTH,YES,BANK TRANSFER (AUTOMATIC),109.4,7031.45,3.5939553219448097,0
7537-RBWEA,NO,FEMALE,0,NO,NO,1,NO,NO,DSL,NO,NO,NO,NO,NO,NO,MONTH-TO-MONTH,YES,MAILED CHECK,25.15,25.15,0.826215505913272,0
7538-GWHML,YES,FEMALE,0,NO,NO,2,YES,NO,FIBER OPTIC,NO,NO,NO,NO,NO,NO,MONTH-TO-MONTH,NO,ELECTRONIC CHECK,69.65,145.15,2.2881077529566363,1
7541-YLXCL,YES,MALE,0,NO,NO,36,YES,NO,DSL,NO,YES,NO,YES,NO,YES,ONE YEAR,YES,MAILED CHECK,65.4,2498.4,2.1484888304862024,1
7542-CYDDM,NO,MALE,0,NO,NO,18,YES,NO,NO,NO,NO,NO,NO,NO,NO,MONTH-TO-MONTH,NO,MAILED CHECK,20.05,358.5,0.6586727989487516,0
7544-ZVIKX,NO,MALE,0,YES,YES,58,YES,YES,FIBER OPTIC,NO,NO,YES,YES,YES,YES,ONE YEAR,YES,BANK TRANSFER (AUTOMATIC),105.05,6004.85,3.451051248357424,0
7547-EKNFS,YES,MALE,0,YES,NO,42,YES,YES,FIBER OPTIC,NO,YES,YES,NO,YES,NO,MONTH-TO-MONTH,YES,BANK TRANSFER (AUTOMATIC),95.25,3959.35,3.129106438896189,1
7548-SEPYI,YES,FEMALE,0,NO,NO,5,YES,NO,FIBER OPTIC,NO,YES,NO,NO,YES,YES,MONTH-TO-MONTH,YES,ELECTRONIC CHECK,96.25,512.45,3.1619579500657027,1
7549-MYGPK,YES,FEMALE,0,YES,YES,63,YES,YES,FIBER OPTIC,YES,YES,YES,NO,YES,NO,MONTH-TO-MONTH,YES,ELECTRONIC CHECK,100.55,6215.35,3.303219448094612,1
7550-WIQVA,NO,MALE,0,YES,YES,50,YES,YES,FIBER OPTIC,YES,YES,YES,NO,YES,YES,ONE YEAR,YES,ELECTRONIC CHECK,108.25,5431.4,3.5561760840998686,0
7551-DACSP,YES,MALE,0,YES,YES,6,YES,NO,DSL,NO,YES,YES,NO,NO,NO,MONTH-TO-MONTH,YES,MAILED CHECK,55.3,324.25,1.816688567674113,1
7551-JOHTI,YES,FEMALE,0,NO,NO,1,YES,NO,NO,NO,NO,NO,NO,NO,NO,MONTH-TO-MONTH,NO,MAILED CHECK,19.5,19.5,0.640604467805519,1
7552-KEYGT,NO,MALE,0,YES,NO,27,YES,NO,NO,NO,NO,NO,NO,NO,NO,TWO YEAR,NO,BANK TRANSFER (AUTOMATIC),19.55,520.55,0.6422470433639947,0
7554-AKDQF,NO,FEMALE,0,YES,NO,6,YES,NO,DSL,NO,NO,NO,NO,NO,NO,MONTH-TO-MONTH,NO,MAILED CHECK,45.65,323.45,1.4996714848883048,0
7554-NEWDD,NO,MALE,0,NO,NO,10,YES,YES,NO,NO,NO,NO,NO,NO,NO,TWO YEAR,NO,BANK TRANSFER (AUTOMATIC),25.7,251.6,0.8442838370565046,0
7558-IMLMT,NO,MALE,0,YES,YES,67,YES,NO,NO,NO,NO,NO,NO,NO,NO,TWO YEAR,YES,MAILED CHECK,20.8,1411.9,0.683311432325887,0
7560-QJAVJ,NO,FEMALE,0,NO,NO,70,YES,NO,DSL,YES,NO,YES,YES,YES,YES,TWO YEAR,NO,BANK TRANSFER (AUTOMATIC),79.6,5589.45,2.614980289093298,0
7560-QRBXH,NO,FEMALE,0,NO,YES,48,YES,NO,NO,NO,NO,NO,NO,NO,NO,ONE YEAR,NO,MAILED CHECK,19.95,936.7,0.6553876478318003,0
7562-GSUHK,YES,FEMALE,0,NO,NO,16,YES,NO,FIBER OPTIC,NO,YES,YES,NO,NO,YES,MONTH-TO-MONTH,YES,CREDIT CARD (AUTOMATIC),93.2,1573.7,3.061760840998686,1
7562-UXTPG,NO,FEMALE,0,NO,NO,13,YES,NO,FIBER OPTIC,NO,NO,NO,NO,NO,NO,MONTH-TO-MONTH,YES,MAILED CHECK,70.15,886.7,2.304533508541393,0
7563-BIUPC,YES,MALE,0,NO,NO,5,YES,NO,FIBER OPTIC,NO,NO,NO,NO,YES,NO,MONTH-TO-MONTH,YES,ELECTRONIC CHECK,80.6,415.55,2.6478318002628116,1
7564-GHCVB,NO,FEMALE,0,YES,YES,72,YES,YES,FIBER OPTIC,YES,NO,NO,NO,NO,NO,TWO YEAR,NO,BANK TRANSFER (AUTOMATIC),79.05,5730.7,2.5969119579500655,0
7566-DSRLQ,NO,FEMALE,0,YES,NO,72,YES,YES,FIBER OPTIC,NO,YES,YES,YES,YES,YES,TWO YEAR,YES,ELECTRONIC CHECK,110.15,7998.8,3.618593955321945,0
7567-ECMCM,NO,MALE,0,NO,NO,24,YES,NO,FIBER OPTIC,NO,NO,NO,NO,NO,YES,MONTH-TO-MONTH,YES,CREDIT CARD (AUTOMATIC),79.85,2001.0,2.6231931668856765,0
7568-PODML,YES,MALE,0,NO,NO,1,NO,NO,DSL,NO,NO,NO,NO,YES,YES,MONTH-TO-MONTH,YES,MAILED CHECK,45.3,45.3,1.4881734559789748,1
7569-NMZYQ,NO,FEMALE,0,YES,YES,72,YES,YES,FIBER OPTIC,YES,YES,YES,YES,YES,YES,TWO YEAR,YES,BANK TRANSFER (AUTOMATIC),118.75,8672.45,3.9011169513797634,0
7570-WELNY,NO,FEMALE,0,YES,NO,68,YES,YES,FIBER OPTIC,YES,YES,NO,NO,NO,NO,TWO YEAR,YES,BANK TRANSFER (AUTOMATIC),84.7,5711.05,2.7825229960578186,0
7571-YXDAD,YES,FEMALE,0,NO,NO,2,YES,YES,FIBER OPTIC,NO,NO,NO,NO,NO,NO,MONTH-TO-MONTH,NO,CREDIT CARD (AUTOMATIC),74.9,147.15,2.4605781865965834,1
7572-KPVKK,NO,MALE,0,NO,YES,62,YES,YES,FIBER OPTIC,NO,NO,YES,YES,YES,YES,TWO YEAR,YES,ELECTRONIC CHECK,104.05,6590.5,3.4181997371879103,0
7576-ASEJU,NO,FEMALE,0,YES,YES,41,YES,NO,DSL,YES,NO,NO,YES,YES,YES,ONE YEAR,YES,CREDIT CARD (AUTOMATIC),74.7,3187.65,2.4540078843626807,0
7576-JMYWV,NO,FEMALE,1,YES,YES,46,YES,YES,FIBER OPTIC,YES,YES,NO,YES,YES,YES,MONTH-TO-MONTH,YES,ELECTRONIC CHECK,110.2,4972.1,3.6202365308804203,0
7576-OYWBN,YES,MALE,1,NO,NO,3,YES,YES,FIBER OPTIC,NO,NO,NO,NO,NO,NO,MONTH-TO-MONTH,YES,ELECTRONIC CHECK,76.05,231.8,2.498357424441524,1
7577-SWIFR,NO,MALE,0,NO,NO,1,YES,NO,FIBER OPTIC,NO,NO,NO,NO,YES,YES,MONTH-TO-MONTH,YES,ELECTRONIC CHECK,89.25,89.25,2.931997371879106,0
7579-KKLOE,NO,MALE,0,YES,YES,71,YES,YES,DSL,YES,YES,YES,YES,YES,YES,TWO YEAR,YES,MAILED CHECK,91.25,6589.6,2.9977003942181337,0
7579-OOPEC,YES,FEMALE,1,YES,NO,2,YES,NO,DSL,NO,YES,NO,NO,NO,NO,MONTH-TO-MONTH,NO,CREDIT CARD (AUTOMATIC),50.15,115.1,1.6475032851511169,1
7580-UGXNC,YES,FEMALE,1,NO,NO,2,YES,NO,DSL,YES,YES,NO,NO,NO,NO,MONTH-TO-MONTH,NO,MAILED CHECK,54.85,104.2,1.8019053876478317,1
7581-EBBOU,NO,FEMALE,0,NO,NO,60,YES,NO,DSL,NO,YES,YES,YES,YES,NO,ONE YEAR,YES,CREDIT CARD (AUTOMATIC),70.15,4224.7,2.304533508541393,0
7586-ZATGZ,NO,MALE,0,NO,NO,40,YES,YES,FIBER OPTIC,NO,NO,NO,NO,YES,NO,MONTH-TO-MONTH,YES,ELECTRONIC CHECK,84.9,3369.05,2.7890932982917214,0
7587-AOVVU,NO,MALE,0,YES,YES,27,YES,YES,FIBER OPTIC,YES,YES,NO,YES,YES,NO,MONTH-TO-MONTH,NO,ELECTRONIC CHECK,100.75,2793.55,3.309789750328515,0
7587-RZNME,YES,MALE,0,NO,NO,3,YES,NO,DSL,NO,NO,NO,NO,NO,NO,MONTH-TO-MONTH,YES,ELECTRONIC CHECK,43.3,123.65,1.4224704336399472,1
7590-VHVEG,NO,FEMALE,0,YES,NO,1,NO,NO,DSL,NO,YES,NO,NO,NO,NO,MONTH-TO-MONTH,YES,ELECTRONIC CHECK,29.85,29.85,0.9806176084099869,0
7593-JNWRU,YES,MALE,0,YES,YES,6,YES,NO,DSL,NO,NO,NO,NO,NO,NO,MONTH-TO-MONTH,YES,BANK TRANSFER (AUTOMATIC),44.6,260.8,1.4651773981603153,1
7593-XFKDI,YES,MALE,0,NO,NO,1,YES,NO,DSL,NO,NO,NO,NO,NO,NO,MONTH-TO-MONTH,NO,MAILED CHECK,46.3,46.3,1.5210249671484888,1
7594-LZNWR,NO,MALE,1,NO,NO,34,YES,NO,FIBER OPTIC,NO,NO,NO,NO,NO,NO,MONTH-TO-MONTH,NO,CREDIT CARD (AUTOMATIC),69.15,2275.1,2.2716819973718794,0
7594-RQHXR,YES,FEMALE,0,NO,YES,1,YES,NO,FIBER OPTIC,NO,NO,NO,NO,NO,YES,MONTH-TO-MONTH,YES,ELECTRONIC CHECK,79.6,79.6,2.614980289093298,1
7595-EHCDL,NO,MALE,0,YES,YES,32,NO,NO,DSL,NO,NO,YES,NO,YES,YES,MONTH-TO-MONTH,NO,CREDIT CARD (AUTOMATIC),50.6,1653.45,1.662286465177398,0
7595-EUIVN,YES,FEMALE,0,NO,NO,1,YES,NO,FIBER OPTIC,NO,YES,NO,NO,NO,NO,MONTH-TO-MONTH,NO,ELECTRONIC CHECK,75.8,75.8,2.490144546649146,1
7596-IIWYC,NO,FEMALE,0,NO,NO,27,YES,NO,NO,NO,NO,NO,NO,NO,NO,TWO YEAR,YES,BANK TRANSFER (AUTOMATIC),20.25,538.2,0.6652431011826544,0
7596-LDUXP,NO,FEMALE,0,NO,NO,12,YES,NO,FIBER OPTIC,YES,NO,NO,NO,YES,NO,ONE YEAR,YES,CREDIT CARD (AUTOMATIC),85.15,979.05,2.7973061760841,0
7596-ZYWBB,NO,FEMALE,0,NO,NO,65,YES,NO,DSL,YES,YES,NO,YES,NO,NO,TWO YEAR,YES,MAILED CHECK,59.6,3739.8,1.9579500657030222,0
7598-UAASY,YES,MALE,0,YES,NO,2,YES,NO,FIBER OPTIC,NO,NO,YES,NO,NO,NO,MONTH-TO-MONTH,NO,ELECTRONIC CHECK,76.4,151.8,2.509855453350854,1
7599-FKVXZ,YES,MALE,0,YES,NO,42,YES,YES,FIBER OPTIC,NO,NO,YES,YES,YES,YES,MONTH-TO-MONTH,YES,BANK TRANSFER (AUTOMATIC),106.15,4512.7,3.4871879106438897,1
7599-NTMDP,NO,FEMALE,0,YES,YES,62,NO,NO,DSL,YES,YES,NO,YES,YES,NO,TWO YEAR,NO,BANK TRANSFER (AUTOMATIC),48.7,3008.55,1.5998685939553219,0
7601-DHFWZ,NO,FEMALE,0,NO,NO,48,YES,YES,NO,NO,NO,NO,NO,NO,NO,TWO YEAR,NO,CREDIT CARD (AUTOMATIC),24.0,1183.05,0.7884362680683311,0
7601-GNDYK,NO,MALE,0,YES,YES,35,YES,NO,NO,NO,NO,NO,NO,NO,NO,TWO YEAR,NO,MAILED CHECK,19.6,686.95,0.6438896189224704,0
7601-WFVZV,NO,MALE,0,NO,NO,1,YES,NO,NO,NO,NO,NO,NO,NO,NO,MONTH-TO-MONTH,NO,MAILED CHECK,19.55,19.55,0.6422470433639947,0
7602-DBTOU,NO,FEMALE,0,YES,NO,71,YES,NO,NO,NO,NO,NO,NO,NO,NO,TWO YEAR,NO,MAILED CHECK,19.6,1416.5,0.6438896189224704,0
7602-MVRMB,NO,FEMALE,0,YES,YES,72,YES,YES,FIBER OPTIC,YES,NO,YES,YES,YES,YES,TWO YEAR,YES,BANK TRANSFER (AUTOMATIC),110.45,8058.85,3.628449408672799,0
7603-USHJS,YES,MALE,0,NO,YES,12,YES,YES,FIBER OPTIC,NO,NO,NO,NO,NO,NO,MONTH-TO-MONTH,YES,CREDIT CARD (AUTOMATIC),73.75,871.4,2.4227989487516424,1
7605-BDWDC,NO,FEMALE,0,NO,NO,31,NO,NO,DSL,YES,YES,NO,YES,NO,YES,TWO YEAR,YES,BANK TRANSFER (AUTOMATIC),49.85,1520.1,1.6376478318002627,0
7605-SNLQG,NO,FEMALE,0,YES,NO,45,YES,NO,DSL,NO,NO,YES,NO,NO,NO,MONTH-TO-MONTH,YES,CREDIT CARD (AUTOMATIC),50.25,2221.55,1.6507884362680683,0
7606-BPHHN,NO,MALE,0,NO,NO,72,YES,NO,NO,NO,NO,NO,NO,NO,NO,TWO YEAR,YES,CREDIT CARD (AUTOMATIC),19.8,1468.75,0.6504599211563732,0
7607-QKKTJ,NO,MALE,0,YES,YES,45,YES,YES,FIBER OPTIC,NO,YES,YES,NO,NO,YES,ONE YEAR,YES,CREDIT CARD (AUTOMATIC),95.0,4368.85,3.1208935611038107,0
7608-RGIRO,NO,MALE,0,NO,YES,62,YES,YES,NO,NO,NO,NO,NO,NO,NO,TWO YEAR,YES,MAILED CHECK,24.4,1413.0,0.8015768725361366,0
7609-NRNCA,NO,FEMALE,0,NO,NO,17,YES,NO,NO,NO,NO,NO,NO,NO,NO,ONE YEAR,NO,MAILED CHECK,19.55,280.85,0.6422470433639947,0
7609-YBPXG,NO,MALE,0,NO,NO,54,YES,YES,DSL,YES,NO,YES,YES,YES,YES,TWO YEAR,NO,BANK TRANSFER (AUTOMATIC),87.1,4735.2,2.8613666228646513,0
7610-TVOPG,NO,MALE,0,NO,NO,15,YES,YES,NO,NO,NO,NO,NO,NO,NO,MONTH-TO-MONTH,YES,ELECTRONIC CHECK,26.35,378.6,0.8656373193166885,0
7611-YKYTC,NO,MALE,0,YES,YES,22,YES,NO,FIBER OPTIC,YES,NO,NO,NO,NO,NO,MONTH-TO-MONTH,NO,BANK TRANSFER (AUTOMATIC),75.0,1573.95,2.463863337713535,0
7613-LLQFO,YES,MALE,0,NO,NO,12,YES,YES,FIBER OPTIC,NO,NO,NO,NO,YES,NO,MONTH-TO-MONTH,YES,ELECTRONIC CHECK,84.45,1059.55,2.7743101182654404,1
7614-QVWQL,YES,MALE,0,YES,YES,49,NO,NO,DSL,NO,YES,NO,NO,YES,YES,ONE YEAR,YES,BANK TRANSFER (AUTOMATIC),51.8,2541.25,1.7017082785808146,1
7615-ESMYF,YES,FEMALE,0,YES,NO,2,NO,NO,DSL,NO,NO,NO,NO,YES,YES,MONTH-TO-MONTH,NO,ELECTRONIC CHECK,44.6,97.1,1.4651773981603153,1
7617-EYGLW,NO,MALE,0,NO,NO,1,YES,NO,NO,NO,NO,NO,NO,NO,NO,MONTH-TO-MONTH,NO,ELECTRONIC CHECK,19.45,19.45,0.6389618922470434,0
7619-ODSGN,YES,MALE,0,YES,YES,24,YES,YES,DSL,YES,NO,NO,NO,NO,NO,MONTH-TO-MONTH,NO,ELECTRONIC CHECK,54.75,1338.15,1.7986202365308803,1
7619-PLRLP,NO,FEMALE,0,YES,NO,53,YES,YES,DSL,YES,YES,YES,NO,NO,YES,ONE YEAR,NO,BANK TRANSFER (AUTOMATIC),74.1,3833.95,2.434296977660972,0
7621-VPNET,NO,FEMALE,0,YES,NO,42,YES,YES,FIBER OPTIC,NO,NO,YES,YES,NO,NO,MONTH-TO-MONTH,YES,CREDIT CARD (AUTOMATIC),85.9,3729.75,2.821944809461235,0
7622-FWGEW,NO,MALE,1,YES,NO,56,YES,NO,DSL,YES,YES,YES,YES,YES,YES,TWO YEAR,YES,BANK TRANSFER (AUTOMATIC),85.65,4824.45,2.813731931668857,0
7622-NXQZR,NO,MALE,0,NO,NO,28,NO,NO,DSL,NO,NO,NO,YES,NO,NO,MONTH-TO-MONTH,YES,CREDIT CARD (AUTOMATIC),30.1,810.85,0.9888304862023654,0
7623-HKYRK,NO,MALE,0,NO,YES,6,YES,NO,NO,NO,NO,NO,NO,NO,NO,MONTH-TO-MONTH,NO,MAILED CHECK,19.7,111.65,0.6471747700394218,0
7623-TRNQN,YES,MALE,0,NO,YES,1,YES,NO,DSL,NO,NO,NO,YES,NO,NO,MONTH-TO-MONTH,YES,MAILED CHECK,49.9,49.9,1.6392904073587384,1
7625-XCQRH,YES,FEMALE,0,NO,NO,11,YES,YES,FIBER OPTIC,NO,NO,NO,NO,NO,NO,MONTH-TO-MONTH,YES,ELECTRONIC CHECK,76.5,837.95,2.5131406044678055,1
7627-JKIAZ,YES,FEMALE,0,YES,NO,37,YES,YES,FIBER OPTIC,NO,NO,YES,NO,NO,NO,MONTH-TO-MONTH,YES,CREDIT CARD (AUTOMATIC),78.95,2839.65,2.5936268068331145,1
7629-WFGLW,NO,FEMALE,1,YES,NO,56,YES,YES,FIBER OPTIC,YES,YES,YES,YES,NO,NO,ONE YEAR,NO,ELECTRONIC CHECK,95.65,5471.75,3.142247043363995,0
7629-WIXZF,NO,FEMALE,0,NO,NO,7,YES,NO,DSL,YES,NO,NO,NO,NO,YES,ONE YEAR,YES,ELECTRONIC CHECK,59.1,369.25,1.9415243101182653,0
7632-MNYOY,YES,MALE,1,NO,NO,66,YES,YES,FIBER OPTIC,NO,YES,YES,YES,YES,YES,ONE YEAR,NO,CREDIT CARD (AUTOMATIC),110.9,7432.05,3.6432325886990804,1
7632-YUTXB,NO,FEMALE,0,YES,YES,25,YES,NO,NO,NO,NO,NO,NO,NO,NO,ONE YEAR,NO,MAILED CHECK,20.05,520.1,0.6586727989487516,0
7633-MVPUY,NO,MALE,0,YES,NO,57,YES,NO,DSL,YES,YES,NO,YES,NO,NO,TWO YEAR,YES,ELECTRONIC CHECK,59.75,3450.15,1.9628777923784493,0
7634-HLQJR,NO,FEMALE,0,YES,YES,47,YES,NO,NO,NO,NO,NO,NO,NO,NO,TWO YEAR,NO,CREDIT CARD (AUTOMATIC),20.05,1016.7,0.6586727989487516,0
7634-WSWDB,NO,FEMALE,0,NO,YES,8,NO,NO,DSL,YES,NO,NO,NO,NO,YES,MONTH-TO-MONTH,YES,ELECTRONIC CHECK,38.5,330.8,1.2647831800262812,0
7636-OWBPG,NO,MALE,1,NO,NO,12,NO,NO,DSL,NO,YES,NO,NO,NO,NO,MONTH-TO-MONTH,YES,CREDIT CARD (AUTOMATIC),29.35,381.2,0.96419185282523,0
7636-PEPNS,NO,FEMALE,0,YES,YES,58,YES,NO,DSL,NO,NO,NO,NO,NO,NO,ONE YEAR,YES,MAILED CHECK,44.1,2413.05,1.4487516425755584,0
7636-XUHWW,NO,MALE,0,NO,NO,2,YES,NO,NO,NO,NO,NO,NO,NO,NO,MONTH-TO-MONTH,YES,CREDIT CARD (AUTOMATIC),19.9,33.7,0.6537450722733245,0
7638-QVMVY,YES,FEMALE,0,NO,NO,7,YES,NO,FIBER OPTIC,NO,NO,NO,NO,YES,NO,MONTH-TO-MONTH,YES,ELECTRONIC CHECK,79.0,522.95,2.59526938239159,1
7639-LIAYI,NO,MALE,0,NO,NO,52,YES,YES,DSL,YES,NO,NO,YES,YES,YES,TWO YEAR,YES,CREDIT CARD (AUTOMATIC),79.75,4217.8,2.619908015768725,0
7639-OPLNG,NO,MALE,0,YES,YES,70,YES,YES,DSL,YES,YES,YES,YES,YES,NO,TWO YEAR,YES,BANK TRANSFER (AUTOMATIC),79.25,5731.85,2.6034822601839682,0
7639-SUPCW,YES,FEMALE,0,NO,NO,22,YES,NO,DSL,YES,NO,NO,NO,NO,NO,MONTH-TO-MONTH,YES,CREDIT CARD (AUTOMATIC),48.8,1054.6,1.6031537450722733,1
7641-EUYET,YES,MALE,1,YES,YES,46,YES,YES,FIBER OPTIC,YES,YES,YES,NO,YES,NO,MONTH-TO-MONTH,YES,ELECTRONIC CHECK,100.7,4541.2,3.3081471747700393,1
7641-TQFHN,NO,MALE,0,NO,YES,39,YES,YES,FIBER OPTIC,NO,NO,NO,YES,YES,YES,TWO YEAR,NO,MAILED CHECK,100.55,3895.35,3.303219448094612,0
7643-RCHXS,NO,FEMALE,0,YES,YES,63,YES,NO,NO,NO,NO,NO,NO,NO,NO,TWO YEAR,NO,ELECTRONIC CHECK,19.35,1263.85,0.635676741130092,0
7644-OMVMY,NO,MALE,0,YES,YES,0,YES,NO,NO,NO,NO,NO,NO,NO,NO,TWO YEAR,NO,MAILED CHECK,19.85,0.0,0.6521024967148489,0
7647-GYYKX,NO,FEMALE,0,YES,YES,54,YES,NO,NO,NO,NO,NO,NO,NO,NO,TWO YEAR,YES,BANK TRANSFER (AUTOMATIC),20.35,1092.35,0.6685282522996058,0
7649-PHJVR,NO,MALE,0,NO,NO,11,YES,NO,NO,NO,NO,NO,NO,NO,NO,ONE YEAR,NO,MAILED CHECK,19.5,226.8,0.640604467805519,0
7649-SIJJF,NO,MALE,0,YES,NO,71,YES,YES,DSL,YES,YES,YES,YES,NO,YES,TWO YEAR,YES,MAILED CHECK,80.1,5585.4,2.6314060446780547,0
7654-YWJUF,NO,MALE,0,YES,NO,43,YES,NO,FIBER OPTIC,YES,NO,YES,YES,NO,NO,ONE YEAR,YES,BANK TRANSFER (AUTOMATIC),84.25,3539.25,2.767739816031537,0
7657-DYEPJ,YES,MALE,1,NO,NO,38,YES,NO,DSL,NO,YES,YES,YES,YES,NO,ONE YEAR,YES,CREDIT CARD (AUTOMATIC),70.15,2497.35,2.304533508541393,1
7658-UYUQS,NO,MALE,1,YES,NO,21,YES,NO,FIBER OPTIC,NO,NO,YES,NO,YES,NO,MONTH-TO-MONTH,NO,BANK TRANSFER (AUTOMATIC),86.55,1857.25,2.843298291721419,0
7660-HDPJV,YES,FEMALE,0,NO,NO,1,YES,NO,FIBER OPTIC,NO,NO,NO,NO,NO,NO,MONTH-TO-MONTH,YES,ELECTRONIC CHECK,69.2,69.2,2.273324572930355,1
7661-CPURM,NO,MALE,0,NO,NO,19,YES,NO,FIBER OPTIC,NO,NO,NO,YES,NO,YES,ONE YEAR,YES,CREDIT CARD (AUTOMATIC),87.7,1725.95,2.88107752956636,0
7663-CUXZB,NO,MALE,0,YES,NO,59,YES,YES,FIBER OPTIC,YES,YES,YES,YES,YES,YES,TWO YEAR,NO,ELECTRONIC CHECK,113.75,6561.25,3.7368593955321945,0
7663-RGWBC,YES,MALE,0,NO,NO,1,YES,NO,DSL,NO,NO,NO,NO,NO,NO,MONTH-TO-MONTH,YES,MAILED CHECK,44.15,44.15,1.4503942181340341,1
7663-YJHSN,NO,FEMALE,0,YES,NO,72,YES,YES,FIBER OPTIC,YES,YES,YES,YES,YES,NO,TWO YEAR,YES,BANK TRANSFER (AUTOMATIC),103.95,7556.9,3.4149145860709593,0
7663-ZTEGJ,NO,MALE,0,NO,YES,29,YES,YES,FIBER OPTIC,NO,YES,YES,YES,NO,YES,ONE YEAR,NO,CREDIT CARD (AUTOMATIC),100.55,2830.45,3.303219448094612,0
7665-NKLAV,NO,FEMALE,0,YES,YES,36,NO,NO,DSL,YES,NO,YES,YES,NO,NO,TWO YEAR,NO,CREDIT CARD (AUTOMATIC),40.65,1547.35,1.3354139290407359,0
7665-TOALD,YES,FEMALE,0,NO,NO,1,YES,NO,FIBER OPTIC,NO,NO,NO,NO,NO,NO,MONTH-TO-MONTH,YES,ELECTRONIC CHECK,69.6,69.6,2.28646517739816,1
7665-VIGUD,NO,MALE,0,NO,NO,10,YES,NO,NO,NO,NO,NO,NO,NO,NO,ONE YEAR,NO,MAILED CHECK,20.35,176.3,0.6685282522996058,0
7666-WKRON,YES,FEMALE,0,NO,NO,39,YES,NO,FIBER OPTIC,NO,NO,YES,YES,NO,NO,TWO YEAR,YES,ELECTRONIC CHECK,80.45,3201.55,2.642904073587385,1
7668-XCFYV,NO,FEMALE,1,YES,NO,17,YES,YES,FIBER OPTIC,NO,NO,NO,NO,YES,YES,MONTH-TO-MONTH,YES,ELECTRONIC CHECK,92.55,1614.7,3.0404073587385017,0
7669-LCRSD,NO,MALE,0,YES,YES,12,YES,NO,DSL,NO,NO,NO,NO,YES,NO,MONTH-TO-MONTH,YES,MAILED CHECK,56.3,628.65,1.8495400788436267,0
7670-ZBPOQ,NO,FEMALE,0,YES,NO,58,YES,YES,DSL,YES,NO,NO,YES,NO,NO,ONE YEAR,YES,BANK TRANSFER (AUTOMATIC),61.05,3478.75,2.005584756898817,0
7672-VFMXZ,NO,MALE,0,YES,NO,57,YES,NO,DSL,YES,NO,NO,YES,NO,NO,MONTH-TO-MONTH,NO,ELECTRONIC CHECK,55.7,3171.6,1.8298291721419186,0
7673-BQGKU,NO,FEMALE,0,YES,YES,69,YES,NO,NO,NO,NO,NO,NO,NO,NO,TWO YEAR,NO,BANK TRANSFER (AUTOMATIC),20.15,1337.5,0.6619579500657029,0
7673-LPRNY,NO,FEMALE,0,NO,NO,23,YES,YES,DSL,YES,NO,YES,NO,YES,YES,ONE YEAR,YES,ELECTRONIC CHECK,78.55,1843.05,2.5804862023653086,0
7674-YTAFD,NO,FEMALE,0,NO,NO,33,YES,NO,FIBER OPTIC,NO,YES,NO,YES,NO,NO,ONE YEAR,YES,BANK TRANSFER (AUTOMATIC),79.95,2684.85,2.6264783180026283,0
7675-OZCZG,YES,FEMALE,1,NO,NO,3,YES,NO,DSL,NO,NO,NO,NO,NO,NO,MONTH-TO-MONTH,NO,ELECTRONIC CHECK,45.0,127.1,1.4783180026281209,1
7677-SJJJK,NO,MALE,0,YES,YES,8,YES,NO,NO,NO,NO,NO,NO,NO,NO,ONE YEAR,NO,CREDIT CARD (AUTOMATIC),19.9,153.95,0.6537450722733245,0
7682-AZNDK,NO,MALE,0,YES,YES,34,YES,NO,FIBER OPTIC,NO,YES,YES,NO,YES,NO,MONTH-TO-MONTH,YES,ELECTRONIC CHECK,89.85,3091.75,2.9517082785808144,0
7683-CBDKJ,YES,MALE,0,YES,YES,14,YES,NO,DSL,YES,YES,NO,NO,YES,NO,MONTH-TO-MONTH,YES,ELECTRONIC CHECK,65.45,937.6,2.150131406044678,1
7684-XSZIY,NO,MALE,0,YES,YES,72,YES,YES,NO,NO,NO,NO,NO,NO,NO,TWO YEAR,NO,BANK TRANSFER (AUTOMATIC),24.3,1643.25,0.7982917214191853,0
7688-AWMDX,NO,MALE,0,YES,NO,71,YES,NO,DSL,YES,NO,NO,YES,NO,NO,TWO YEAR,NO,BANK TRANSFER (AUTOMATIC),54.5,3778.2,1.7904073587385019,0
7690-KPNCU,NO,MALE,0,YES,YES,64,YES,NO,DSL,YES,NO,YES,NO,YES,YES,ONE YEAR,YES,CREDIT CARD (AUTOMATIC),73.05,4688.65,2.3998028909329827,0
7691-KGKGP,NO,MALE,0,YES,YES,53,YES,NO,DSL,NO,YES,NO,YES,YES,NO,MONTH-TO-MONTH,NO,CREDIT CARD (AUTOMATIC),65.0,3363.8,2.135348226018397,0
7691-XVTZH,NO,FEMALE,0,YES,NO,68,YES,YES,FIBER OPTIC,NO,NO,YES,NO,YES,NO,TWO YEAR,YES,BANK TRANSFER (AUTOMATIC),89.95,5974.3,2.9549934296977662,0
7693-LCKZL,YES,MALE,0,YES,YES,5,YES,YES,FIBER OPTIC,NO,YES,NO,NO,NO,NO,MONTH-TO-MONTH,YES,ELECTRONIC CHECK,80.15,385.0,2.633048620236531,1
7693-QPEFS,NO,MALE,1,NO,NO,52,YES,YES,FIBER OPTIC,NO,NO,NO,NO,NO,NO,MONTH-TO-MONTH,YES,BANK TRANSFER (AUTOMATIC),72.95,3829.75,2.3965177398160313,0
7694-VLBWQ,YES,MALE,0,YES,NO,67,YES,YES,FIBER OPTIC,NO,YES,YES,NO,YES,YES,ONE YEAR,NO,ELECTRONIC CHECK,104.1,7040.85,3.419842312746386,1
7695-PKLCZ,NO,FEMALE,0,NO,NO,68,YES,NO,NO,NO,NO,NO,NO,NO,NO,TWO YEAR,NO,CREDIT CARD (AUTOMATIC),20.5,1424.9,0.6734559789750328,0
7696-AMHOD,NO,FEMALE,0,YES,YES,49,YES,NO,DSL,NO,YES,YES,NO,YES,YES,ONE YEAR,NO,CREDIT CARD (AUTOMATIC),78.0,3824.2,2.562417871222076,0
7696-CFTAT,NO,MALE,0,YES,YES,37,YES,NO,NO,NO,NO,NO,NO,NO,NO,TWO YEAR,NO,BANK TRANSFER (AUTOMATIC),19.8,726.1,0.6504599211563732,0
7698-YFGEZ,NO,MALE,0,NO,NO,1,YES,NO,NO,NO,NO,NO,NO,NO,NO,MONTH-TO-MONTH,NO,MAILED CHECK,20.0,20.0,0.657030223390276,0
7703-ZEKEF,YES,MALE,0,NO,NO,23,YES,YES,FIBER OPTIC,NO,NO,YES,NO,NO,NO,MONTH-TO-MONTH,YES,ELECTRONIC CHECK,81.0,1917.1,2.6609724047306176,1
7706-DZNKK,NO,MALE,0,NO,NO,11,YES,NO,NO,NO,NO,NO,NO,NO,NO,MONTH-TO-MONTH,YES,CREDIT CARD (AUTOMATIC),20.45,237.3,0.6718134034165572,0
7706-YLMQA,NO,FEMALE,0,NO,NO,70,YES,NO,NO,NO,NO,NO,NO,NO,NO,ONE YEAR,NO,BANK TRANSFER (AUTOMATIC),19.7,1341.5,0.6471747700394218,0
7707-PYBBH,NO,MALE,0,NO,NO,40,YES,NO,DSL,YES,YES,NO,YES,NO,NO,MONTH-TO-MONTH,YES,MAILED CHECK,61.9,2647.1,2.033508541392904,0
7710-JSYOA,NO,FEMALE,0,YES,YES,69,YES,YES,FIBER OPTIC,NO,YES,NO,YES,NO,YES,TWO YEAR,YES,BANK TRANSFER (AUTOMATIC),93.3,6398.05,3.065045992115637,0
7711-GQBZC,NO,FEMALE,0,YES,YES,71,YES,YES,NO,NO,NO,NO,NO,NO,NO,TWO YEAR,NO,BANK TRANSFER (AUTOMATIC),24.7,1810.55,0.8114323258869908,0
7711-YIJWC,NO,MALE,0,YES,YES,61,YES,NO,DSL,YES,YES,YES,YES,YES,YES,ONE YEAR,NO,BANK TRANSFER (AUTOMATIC),84.9,5264.5,2.7890932982917214,0
7714-YXSMB,NO,FEMALE,0,NO,NO,26,YES,YES,FIBER OPTIC,NO,NO,YES,NO,YES,YES,MONTH-TO-MONTH,YES,BANK TRANSFER (AUTOMATIC),100.5,2599.95,3.3015768725361365,0
7716-YTYHG,YES,FEMALE,0,YES,YES,48,YES,YES,FIBER OPTIC,NO,NO,NO,NO,NO,YES,ONE YEAR,YES,MAILED CHECK,82.05,4029.95,2.695466491458607,1
7717-BICXI,NO,MALE,0,YES,YES,60,YES,NO,NO,NO,NO,NO,NO,NO,NO,TWO YEAR,NO,MAILED CHECK,20.55,1205.05,0.6750985545335085,0
7718-RXDGG,NO,MALE,0,YES,NO,15,YES,NO,FIBER OPTIC,NO,NO,NO,NO,NO,NO,MONTH-TO-MONTH,YES,BANK TRANSFER (AUTOMATIC),68.6,1108.6,2.253613666228646,0
7718-UPSKJ,NO,FEMALE,0,YES,NO,69,YES,NO,FIBER OPTIC,YES,YES,NO,YES,YES,YES,ONE YEAR,YES,CREDIT CARD (AUTOMATIC),106.4,7251.9,3.495400788436268,0
7721-DVEKZ,NO,FEMALE,0,NO,NO,1,YES,NO,NO,NO,NO,NO,NO,NO,NO,MONTH-TO-MONTH,NO,MAILED CHECK,19.65,19.65,0.645532194480946,0
7721-JXEAW,YES,MALE,0,YES,NO,59,NO,NO,DSL,NO,YES,NO,NO,NO,YES,MONTH-TO-MONTH,YES,BANK TRANSFER (AUTOMATIC),41.05,2452.7,1.3485545335085412,1
7722-CVFXN,NO,MALE,0,YES,YES,54,YES,YES,FIBER OPTIC,NO,YES,NO,YES,YES,YES,ONE YEAR,YES,ELECTRONIC CHECK,105.2,5637.85,3.4559789750328513,0
7722-VJRQD,NO,MALE,0,YES,YES,72,NO,NO,DSL,YES,NO,YES,YES,YES,YES,TWO YEAR,NO,BANK TRANSFER (AUTOMATIC),60.95,4549.05,2.002299605781866,0
7727-SHVZV,NO,FEMALE,0,NO,NO,9,YES,NO,NO,NO,NO,NO,NO,NO,NO,MONTH-TO-MONTH,NO,BANK TRANSFER (AUTOMATIC),19.5,150.35,0.640604467805519,0
7729-JTEEC,NO,MALE,0,YES,YES,2,YES,NO,DSL,NO,NO,NO,NO,NO,NO,MONTH-TO-MONTH,YES,ELECTRONIC CHECK,44.5,90.05,1.461892247043364,0
7729-XBTWX,NO,MALE,0,YES,YES,66,YES,NO,NO,NO,NO,NO,NO,NO,NO,TWO YEAR,YES,MAILED CHECK,19.75,1344.5,0.6488173455978975,0
7730-CLDSV,NO,FEMALE,0,YES,YES,72,YES,YES,FIBER OPTIC,NO,YES,YES,YES,NO,YES,TWO YEAR,YES,BANK TRANSFER (AUTOMATIC),98.65,7129.45,3.2408015768725362,0
7730-IUTDZ,YES,MALE,0,NO,NO,43,YES,NO,FIBER OPTIC,YES,NO,NO,NO,NO,NO,MONTH-TO-MONTH,YES,ELECTRONIC CHECK,75.2,3198.6,2.4704336399474376,1
7733-UDMTP,NO,FEMALE,1,NO,NO,57,NO,NO,DSL,NO,YES,YES,NO,YES,YES,MONTH-TO-MONTH,YES,ELECTRONIC CHECK,55.0,3094.05,1.8068331143232588,0
7734-DBOAI,YES,FEMALE,0,YES,YES,1,NO,NO,DSL,NO,NO,NO,YES,YES,NO,MONTH-TO-MONTH,NO,ELECTRONIC CHECK,40.1,40.1,1.3173455978975033,1
7739-LAXOG,YES,FEMALE,0,YES,YES,32,YES,YES,FIBER OPTIC,NO,NO,YES,NO,NO,YES,MONTH-TO-MONTH,YES,BANK TRANSFER (AUTOMATIC),91.05,2954.5,2.991130091984231,1
7740-BTPUX,NO,MALE,1,YES,NO,55,YES,YES,FIBER OPTIC,NO,YES,YES,YES,YES,YES,TWO YEAR,YES,ELECTRONIC CHECK,113.6,6292.7,3.731931668856767,0
7740-KKCXF,NO,MALE,0,YES,NO,51,NO,NO,DSL,NO,YES,NO,NO,NO,NO,MONTH-TO-MONTH,YES,CREDIT CARD (AUTOMATIC),30.05,1529.45,0.9871879106438896,0
7742-MYPGI,NO,FEMALE,0,YES,YES,6,YES,NO,DSL,NO,NO,NO,YES,NO,NO,MONTH-TO-MONTH,YES,MAILED CHECK,48.8,297.35,1.6031537450722733,0
7743-EXURX,YES,MALE,0,YES,YES,8,YES,NO,DSL,NO,NO,YES,NO,NO,NO,MONTH-TO-MONTH,YES,ELECTRONIC CHECK,51.05,415.05,1.6770696452036793,1
7746-AWNQW,NO,FEMALE,0,NO,NO,28,NO,NO,DSL,NO,NO,YES,YES,NO,NO,MONTH-TO-MONTH,YES,MAILED CHECK,35.75,961.4,1.1744415243101183,0
7746-QYVCO,NO,MALE,0,YES,YES,16,YES,NO,DSL,YES,YES,NO,NO,NO,NO,ONE YEAR,YES,MAILED CHECK,55.85,857.8,1.8347568988173455,0
7748-UMTRK,NO,FEMALE,1,NO,YES,30,YES,YES,FIBER OPTIC,NO,NO,NO,YES,YES,YES,MONTH-TO-MONTH,YES,ELECTRONIC CHECK,101.3,2974.5,3.3278580814717476,0
7750-EYXWZ,NO,FEMALE,0,NO,NO,12,NO,NO,DSL,NO,YES,YES,YES,YES,YES,ONE YEAR,NO,ELECTRONIC CHECK,60.65,743.3,1.9924441524310117,0
7752-XUSCI,YES,FEMALE,0,NO,NO,60,YES,YES,FIBER OPTIC,NO,YES,YES,NO,YES,YES,MONTH-TO-MONTH,YES,ELECTRONIC CHECK,105.9,6396.45,3.478975032851511,1
7753-USQYQ,NO,MALE,0,NO,NO,55,YES,NO,DSL,NO,YES,NO,YES,NO,YES,ONE YEAR,YES,ELECTRONIC CHECK,64.2,3627.3,2.109067017082786,0
7754-IXRMC,NO,FEMALE,0,NO,NO,1,YES,NO,DSL,NO,NO,NO,NO,NO,NO,MONTH-TO-MONTH,NO,MAILED CHECK,45.35,45.35,1.4898160315374507,0
7758-UJWYS,NO,MALE,0,YES,YES,34,NO,NO,DSL,NO,NO,NO,YES,YES,NO,TWO YEAR,YES,ELECTRONIC CHECK,40.55,1325.85,1.3321287779237843,0
7758-XKCBS,YES,MALE,0,NO,NO,15,NO,NO,DSL,NO,NO,NO,YES,NO,NO,MONTH-TO-MONTH,YES,ELECTRONIC CHECK,29.7,438.25,0.9756898817345597,1
7760-OYPDY,YES,FEMALE,0,NO,NO,2,YES,NO,FIBER OPTIC,NO,NO,NO,NO,YES,NO,MONTH-TO-MONTH,YES,ELECTRONIC CHECK,80.65,144.15,2.649474375821288,1
7762-ONLJY,NO,FEMALE,0,YES,YES,6,YES,NO,NO,NO,NO,NO,NO,NO,NO,ONE YEAR,NO,MAILED CHECK,19.7,94.45,0.6471747700394218,0
7762-URZQH,YES,MALE,0,YES,NO,66,YES,YES,FIBER OPTIC,YES,NO,YES,NO,YES,YES,TWO YEAR,YES,CREDIT CARD (AUTOMATIC),106.05,6981.35,3.483902759526938,1
7764-BDPEE,NO,MALE,0,NO,YES,3,YES,NO,NO,NO,NO,NO,NO,NO,NO,MONTH-TO-MONTH,NO,MAILED CHECK,20.85,60.65,0.6849540078843627,0
7765-LWVVH,NO,FEMALE,0,YES,YES,72,YES,YES,FIBER OPTIC,YES,YES,NO,NO,YES,NO,TWO YEAR,YES,ELECTRONIC CHECK,95.1,6843.15,3.124178712220762,0
7766-CLTIC,NO,FEMALE,0,NO,NO,10,YES,NO,DSL,NO,NO,NO,YES,NO,YES,MONTH-TO-MONTH,YES,MAILED CHECK,60.95,629.55,2.002299605781866,0
7767-UXAGJ,YES,MALE,0,NO,NO,1,YES,YES,DSL,NO,NO,NO,NO,NO,NO,MONTH-TO-MONTH,YES,ELECTRONIC CHECK,50.45,50.45,1.657358738501971,1
7771-CFQRQ,NO,FEMALE,0,YES,YES,47,YES,NO,DSL,NO,YES,NO,YES,NO,YES,TWO YEAR,NO,BANK TRANSFER (AUTOMATIC),63.8,3007.25,2.09592641261498,0
7771-ZONAT,NO,MALE,0,NO,NO,22,NO,NO,DSL,NO,NO,YES,YES,YES,YES,TWO YEAR,NO,BANK TRANSFER (AUTOMATIC),56.75,1304.85,1.864323258869908,0
7774-OJSXI,YES,MALE,0,NO,NO,31,YES,YES,FIBER OPTIC,NO,YES,YES,NO,YES,YES,ONE YEAR,YES,ELECTRONIC CHECK,103.45,3066.45,3.3984888304862024,1
7776-QGYJC,NO,FEMALE,0,YES,YES,39,YES,NO,FIBER OPTIC,NO,NO,YES,YES,NO,NO,MONTH-TO-MONTH,YES,BANK TRANSFER (AUTOMATIC),81.5,3107.3,2.6773981603153745,0
7776-QWNFX,YES,MALE,1,YES,NO,30,YES,NO,DSL,NO,YES,NO,NO,NO,NO,MONTH-TO-MONTH,YES,BANK TRANSFER (AUTOMATIC),50.4,1527.5,1.6557161629434953,1
7777-UNYHB,NO,FEMALE,0,YES,YES,12,YES,NO,NO,NO,NO,NO,NO,NO,NO,MONTH-TO-MONTH,YES,CREDIT CARD (AUTOMATIC),20.1,232.4,0.6603153745072273,0
7779-LGOVN,YES,MALE,1,YES,NO,10,YES,YES,FIBER OPTIC,NO,NO,NO,NO,NO,YES,MONTH-TO-MONTH,YES,ELECTRONIC CHECK,86.65,856.65,2.8465834428383707,1
7779-ORAEL,NO,MALE,1,YES,NO,45,YES,YES,DSL,YES,NO,YES,YES,NO,YES,TWO YEAR,NO,CREDIT CARD (AUTOMATIC),75.15,3480.35,2.468791064388962,0
7780-OTDSO,YES,MALE,0,YES,NO,18,YES,YES,FIBER OPTIC,YES,NO,NO,NO,YES,YES,MONTH-TO-MONTH,YES,ELECTRONIC CHECK,99.4,1742.95,3.2654402102496713,1
7781-EWARA,NO,MALE,0,YES,YES,70,NO,NO,DSL,NO,YES,YES,YES,YES,YES,ONE YEAR,NO,ELECTRONIC CHECK,60.35,4138.7,1.9825886990801576,0
7781-HVGMK,NO,FEMALE,0,YES,YES,72,NO,NO,DSL,YES,YES,YES,YES,YES,YES,TWO YEAR,YES,CREDIT CARD (AUTOMATIC),65.2,4784.45,2.1419185282522997,0
7783-YKGDV,YES,FEMALE,0,NO,NO,12,YES,YES,FIBER OPTIC,YES,YES,YES,NO,NO,YES,MONTH-TO-MONTH,YES,BANK TRANSFER (AUTOMATIC),99.7,1238.45,3.2752956636005255,1
7785-RDVIG,NO,FEMALE,0,YES,YES,3,YES,NO,NO,NO,NO,NO,NO,NO,NO,MONTH-TO-MONTH,NO,MAILED CHECK,19.3,54.7,0.6340341655716163,0
7786-WBJYI,YES,FEMALE,0,NO,NO,4,YES,YES,FIBER OPTIC,NO,YES,NO,NO,NO,NO,MONTH-TO-MONTH,NO,BANK TRANSFER (AUTOMATIC),77.95,305.55,2.5607752956636003,1
7787-BNTZM,NO,MALE,0,NO,NO,6,YES,NO,NO,NO,NO,NO,NO,NO,NO,MONTH-TO-MONTH,NO,BANK TRANSFER (AUTOMATIC),20.15,130.5,0.6619579500657029,0
7789-CRUVC,NO,FEMALE,1,YES,NO,61,YES,YES,FIBER OPTIC,YES,YES,YES,YES,NO,NO,MONTH-TO-MONTH,YES,CREDIT CARD (AUTOMATIC),94.2,5895.45,3.0946123521681996,0
7789-HKSBS,NO,FEMALE,1,YES,NO,42,YES,YES,FIBER OPTIC,YES,NO,YES,NO,YES,YES,ONE YEAR,YES,BANK TRANSFER (AUTOMATIC),105.2,4599.15,3.4559789750328513,0
7794-JASDG,NO,MALE,0,NO,NO,1,YES,NO,DSL,YES,NO,NO,NO,NO,NO,MONTH-TO-MONTH,YES,MAILED CHECK,50.75,50.75,1.6672141918528252,0
7795-CFOCW,NO,MALE,0,NO,NO,45,NO,NO,DSL,YES,NO,YES,YES,NO,NO,ONE YEAR,NO,BANK TRANSFER (AUTOMATIC),42.3,1840.75,1.3896189224704334,0
7797-EJMDP,NO,FEMALE,0,NO,NO,8,YES,NO,DSL,YES,NO,NO,YES,NO,YES,MONTH-TO-MONTH,NO,BANK TRANSFER (AUTOMATIC),66.05,574.5,2.169842312746386,0
7798-JVXYM,NO,FEMALE,0,NO,NO,14,YES,NO,DSL,NO,NO,NO,YES,YES,YES,MONTH-TO-MONTH,YES,ELECTRONIC CHECK,69.65,921.4,2.2881077529566363,0
7799-DSEWS,NO,MALE,0,NO,NO,18,YES,NO,DSL,YES,NO,YES,YES,YES,NO,MONTH-TO-MONTH,YES,ELECTRONIC CHECK,68.35,1299.8,2.245400788436268,0
7799-LGRDP,NO,FEMALE,0,NO,NO,43,YES,YES,NO,NO,NO,NO,NO,NO,NO,TWO YEAR,YES,CREDIT CARD (AUTOMATIC),25.7,1188.2,0.8442838370565046,0
7801-CEDNV,NO,MALE,0,YES,NO,27,YES,NO,DSL,YES,NO,NO,NO,NO,NO,ONE YEAR,NO,CREDIT CARD (AUTOMATIC),48.7,1421.75,1.5998685939553219,0
7801-KICAO,NO,FEMALE,0,NO,NO,18,YES,YES,FIBER OPTIC,NO,NO,NO,NO,NO,NO,MONTH-TO-MONTH,YES,ELECTRONIC CHECK,74.15,1345.75,2.4359395532194483,0
7802-EFKNY,YES,MALE,0,YES,NO,5,NO,NO,DSL,NO,NO,NO,NO,NO,NO,MONTH-TO-MONTH,YES,ELECTRONIC CHECK,24.95,100.4,0.8196452036793692,1
7803-XOCCZ,NO,FEMALE,0,YES,YES,52,YES,NO,FIBER OPTIC,YES,NO,YES,YES,NO,NO,MONTH-TO-MONTH,YES,BANK TRANSFER (AUTOMATIC),84.05,4326.8,2.7611695137976344,0
7808-DVWEP,NO,MALE,0,YES,NO,3,YES,NO,NO,NO,NO,NO,NO,NO,NO,MONTH-TO-MONTH,NO,BANK TRANSFER (AUTOMATIC),20.0,49.65,0.657030223390276,0
7811-JIVPF,NO,FEMALE,0,NO,NO,23,YES,NO,DSL,NO,NO,YES,NO,NO,NO,MONTH-TO-MONTH,NO,CREDIT CARD (AUTOMATIC),49.7,1081.25,1.6327201051248357,0
7812-FZHPE,YES,FEMALE,0,YES,YES,17,YES,YES,NO,NO,NO,NO,NO,NO,NO,MONTH-TO-MONTH,NO,MAILED CHECK,24.1,409.9,0.7917214191852825,1
7813-TKCVO,NO,FEMALE,0,YES,NO,20,YES,NO,NO,NO,NO,NO,NO,NO,NO,ONE YEAR,NO,MAILED CHECK,20.35,393.15,0.6685282522996058,0
7813-ZGGAW,NO,MALE,1,NO,NO,31,YES,YES,FIBER OPTIC,NO,NO,YES,YES,YES,NO,MONTH-TO-MONTH,YES,BANK TRANSFER (AUTOMATIC),96.6,2877.95,3.1734559789750327,0
7814-LEEVE,NO,FEMALE,0,YES,NO,1,YES,NO,NO,NO,NO,NO,NO,NO,NO,MONTH-TO-MONTH,YES,BANK TRANSFER (AUTOMATIC),20.3,20.3,0.6668856767411301,0
7815-PDTHL,NO,MALE,0,NO,NO,35,YES,NO,NO,NO,NO,NO,NO,NO,NO,TWO YEAR,YES,MAILED CHECK,20.2,684.4,0.6636005256241787,0
7816-VGHTO,NO,FEMALE,0,YES,YES,6,NO,NO,DSL,NO,YES,YES,YES,NO,NO,TWO YEAR,NO,MAILED CHECK,40.55,217.5,1.3321287779237843,0
7817-BOQPW,YES,FEMALE,0,NO,NO,2,YES,YES,FIBER OPTIC,NO,NO,NO,NO,NO,NO,MONTH-TO-MONTH,YES,ELECTRONIC CHECK,75.55,166.3,2.481931668856767,1
7817-OMJNA,NO,MALE,0,NO,NO,14,YES,NO,NO,NO,NO,NO,NO,NO,NO,ONE YEAR,NO,BANK TRANSFER (AUTOMATIC),20.4,275.7,0.6701708278580814,0
7820-ZYGNY,NO,MALE,0,NO,NO,63,YES,YES,FIBER OPTIC,NO,YES,NO,NO,NO,YES,ONE YEAR,NO,CREDIT CARD (AUTOMATIC),90.45,5825.5,2.971419185282523,0
7821-DPRQE,NO,MALE,0,YES,NO,68,YES,YES,FIBER OPTIC,YES,YES,NO,YES,YES,YES,MONTH-TO-MONTH,YES,ELECTRONIC CHECK,107.7,7320.9,3.538107752956636,0
7823-JSOAG,NO,MALE,0,NO,NO,3,YES,YES,FIBER OPTIC,NO,NO,NO,NO,NO,NO,MONTH-TO-MONTH,NO,ELECTRONIC CHECK,74.5,217.45,2.447437582128778,0
7824-PANSQ,NO,MALE,0,NO,NO,58,YES,YES,FIBER OPTIC,NO,NO,NO,YES,NO,NO,MONTH-TO-MONTH,NO,BANK TRANSFER (AUTOMATIC),80.65,4807.35,2.649474375821288,0
7825-ECJRF,YES,FEMALE,0,NO,NO,19,YES,NO,FIBER OPTIC,YES,NO,YES,YES,YES,YES,MONTH-TO-MONTH,YES,ELECTRONIC CHECK,106.6,1934.45,3.5019710906701706,1
7825-GKXMW,YES,FEMALE,0,NO,NO,1,YES,NO,DSL,NO,NO,NO,NO,NO,NO,MONTH-TO-MONTH,NO,ELECTRONIC CHECK,45.8,45.8,1.5045992115637317,1
7826-VVKWT,NO,FEMALE,1,YES,YES,24,YES,NO,FIBER OPTIC,NO,NO,YES,NO,YES,YES,TWO YEAR,YES,ELECTRONIC CHECK,96.55,2263.45,3.171813403416557,0
7831-QGOXH,YES,FEMALE,0,NO,NO,18,YES,YES,FIBER OPTIC,NO,NO,NO,NO,YES,NO,MONTH-TO-MONTH,YES,ELECTRONIC CHECK,85.2,1553.9,2.7989487516425755,1
7833-PKIHD,NO,MALE,0,YES,YES,51,YES,NO,DSL,YES,NO,NO,YES,YES,YES,ONE YEAR,YES,BANK TRANSFER (AUTOMATIC),76.4,3966.3,2.509855453350854,0
7838-LAZFO,NO,MALE,0,YES,NO,45,YES,NO,DSL,YES,YES,YES,NO,YES,YES,ONE YEAR,NO,BANK TRANSFER (AUTOMATIC),78.8,3597.5,2.5886990801576872,0
7839-NUIAA,NO,FEMALE,0,YES,YES,61,YES,YES,DSL,YES,YES,NO,NO,NO,NO,MONTH-TO-MONTH,NO,ELECTRONIC CHECK,59.8,3641.5,1.964520367936925,0
7839-QRKXN,YES,FEMALE,0,NO,NO,1,YES,NO,NO,NO,NO,NO,NO,NO,NO,MONTH-TO-MONTH,YES,MAILED CHECK,20.2,20.2,0.6636005256241787,1
7841-FCRQD,NO,FEMALE,0,YES,NO,33,YES,NO,DSL,NO,YES,NO,YES,NO,NO,ONE YEAR,YES,CREDIT CARD (AUTOMATIC),53.75,1857.3,1.7657687253613665,0
7841-TZDMQ,YES,MALE,0,NO,NO,2,YES,NO,DSL,NO,NO,NO,NO,NO,NO,MONTH-TO-MONTH,YES,CREDIT CARD (AUTOMATIC),46.0,84.5,1.5111695137976346,1
7845-URHJN,YES,FEMALE,0,YES,NO,8,YES,NO,NO,NO,NO,NO,NO,NO,NO,MONTH-TO-MONTH,NO,BANK TRANSFER (AUTOMATIC),20.15,156.25,0.6619579500657029,1
7850-THJMU,NO,FEMALE,0,YES,YES,26,YES,NO,NO,NO,NO,NO,NO,NO,NO,TWO YEAR,NO,CREDIT CARD (AUTOMATIC),19.65,494.9,0.645532194480946,0
7850-VWJUU,NO,FEMALE,0,NO,NO,23,YES,NO,FIBER OPTIC,YES,NO,NO,NO,NO,NO,MONTH-TO-MONTH,YES,BANK TRANSFER (AUTOMATIC),75.0,1778.5,2.463863337713535,0
7851-FLGGQ,YES,MALE,0,NO,NO,1,NO,NO,DSL,NO,YES,NO,YES,NO,YES,MONTH-TO-MONTH,YES,MAILED CHECK,44.65,44.65,1.466819973718791,1
7851-WZEKY,YES,FEMALE,0,NO,NO,2,YES,YES,FIBER OPTIC,NO,NO,NO,NO,YES,YES,MONTH-TO-MONTH,YES,ELECTRONIC CHECK,95.15,196.9,3.125821287779238,1
7852-LECYP,NO,MALE,1,YES,NO,13,YES,YES,FIBER OPTIC,YES,YES,NO,NO,NO,YES,MONTH-TO-MONTH,NO,CREDIT CARD (AUTOMATIC),93.8,1261.0,3.081471747700394,0
7853-GVUDZ,YES,FEMALE,0,YES,YES,1,YES,NO,NO,NO,NO,NO,NO,NO,NO,MONTH-TO-MONTH,YES,CREDIT CARD (AUTOMATIC),20.15,20.15,0.6619579500657029,1
7853-OETYL,NO,FEMALE,0,YES,NO,4,NO,NO,DSL,YES,NO,NO,NO,NO,NO,MONTH-TO-MONTH,YES,ELECTRONIC CHECK,29.05,129.6,0.9543363994743758,0
7853-WNZSY,NO,MALE,0,NO,NO,1,YES,NO,NO,NO,NO,NO,NO,NO,NO,MONTH-TO-MONTH,YES,CREDIT CARD (AUTOMATIC),19.75,19.75,0.6488173455978975,0
7854-EDSSA,YES,MALE,0,NO,NO,22,YES,YES,DSL,YES,YES,NO,NO,NO,NO,MONTH-TO-MONTH,NO,ELECTRONIC CHECK,59.0,1254.7,1.938239159001314,1
7854-EKTJL,YES,FEMALE,0,NO,YES,2,YES,NO,NO,NO,NO,NO,NO,NO,NO,MONTH-TO-MONTH,YES,ELECTRONIC CHECK,19.6,35.85,0.6438896189224704,1
7854-FOKSF,YES,MALE,0,NO,NO,1,NO,NO,DSL,NO,NO,NO,NO,NO,YES,MONTH-TO-MONTH,NO,ELECTRONIC CHECK,35.9,35.9,1.1793692509855453,1
7855-DIWPO,NO,FEMALE,0,NO,NO,21,YES,NO,FIBER OPTIC,NO,NO,NO,NO,NO,NO,MONTH-TO-MONTH,YES,ELECTRONIC CHECK,68.65,1493.2,2.2552562417871225,0
7856-GANIL,NO,MALE,1,YES,NO,45,YES,YES,FIBER OPTIC,NO,YES,YES,YES,YES,NO,ONE YEAR,YES,BANK TRANSFER (AUTOMATIC),98.7,4525.8,3.2424441524310117,0
7858-GTZSP,NO,FEMALE,0,NO,NO,12,YES,YES,FIBER OPTIC,NO,NO,NO,NO,NO,YES,MONTH-TO-MONTH,YES,ELECTRONIC CHECK,86.55,1066.9,2.843298291721419,0
7860-KSUGX,NO,MALE,0,YES,YES,72,YES,YES,DSL,YES,YES,YES,NO,NO,NO,TWO YEAR,NO,CREDIT CARD (AUTOMATIC),64.45,4720.0,2.117279894875164,0
7860-UXCRM,NO,MALE,0,YES,YES,63,YES,NO,DSL,YES,YES,YES,YES,YES,NO,TWO YEAR,NO,CREDIT CARD (AUTOMATIC),74.5,4674.55,2.447437582128778,0
7861-UVUFT,YES,FEMALE,0,YES,NO,15,YES,NO,FIBER OPTIC,NO,NO,YES,NO,YES,NO,MONTH-TO-MONTH,YES,ELECTRONIC CHECK,84.3,1308.4,2.769382391590013,1
7868-BGSZA,NO,MALE,0,YES,NO,43,YES,YES,DSL,YES,NO,YES,NO,YES,YES,ONE YEAR,YES,ELECTRONIC CHECK,80.2,3581.6,2.6346911957950065,0
7868-TMWMZ,NO,FEMALE,1,YES,NO,60,YES,NO,FIBER OPTIC,YES,YES,YES,YES,YES,YES,TWO YEAR,YES,BANK TRANSFER (AUTOMATIC),110.0,6668.35,3.6136662286465175,0
7869-ZYDST,NO,MALE,0,YES,NO,31,YES,YES,DSL,NO,NO,NO,NO,YES,NO,MONTH-TO-MONTH,YES,CREDIT CARD (AUTOMATIC),59.05,1882.8,1.9398817345597896,0
7872-BAAZR,NO,FEMALE,0,YES,YES,53,YES,NO,NO,NO,NO,NO,NO,NO,NO,ONE YEAR,NO,BANK TRANSFER (AUTOMATIC),19.55,1007.9,0.6422470433639947,0
7872-RDDLZ,NO,FEMALE,1,NO,NO,67,YES,YES,DSL,NO,YES,NO,NO,NO,NO,MONTH-TO-MONTH,NO,ELECTRONIC CHECK,54.9,3725.5,1.8035479632063074,0
7873-CVMAW,NO,MALE,0,NO,NO,72,YES,YES,DSL,YES,YES,YES,YES,YES,YES,TWO YEAR,NO,CREDIT CARD (AUTOMATIC),88.55,6362.35,2.9090013140604465,0
7874-ECPQJ,NO,FEMALE,0,NO,YES,4,YES,NO,NO,NO,NO,NO,NO,NO,NO,MONTH-TO-MONTH,YES,BANK TRANSFER (AUTOMATIC),20.05,85.5,0.6586727989487516,0
7876-AEHIG,NO,FEMALE,0,NO,YES,51,NO,NO,DSL,YES,NO,YES,YES,YES,YES,ONE YEAR,NO,BANK TRANSFER (AUTOMATIC),60.15,3077.0,1.9760183968462548,0
7876-BEUTG,NO,FEMALE,0,NO,NO,15,YES,YES,DSL,NO,NO,NO,NO,NO,NO,MONTH-TO-MONTH,YES,MAILED CHECK,48.8,720.1,1.6031537450722733,0
7876-DNYAP,NO,FEMALE,0,YES,YES,69,YES,NO,NO,NO,NO,NO,NO,NO,NO,TWO YEAR,NO,CREDIT CARD (AUTOMATIC),19.8,1436.95,0.6504599211563732,0
7878-JGDKK,NO,MALE,0,NO,NO,4,YES,NO,DSL,NO,NO,NO,NO,NO,NO,MONTH-TO-MONTH,NO,MAILED CHECK,44.55,220.75,1.4635348226018394,0
7878-RTCZG,NO,FEMALE,0,NO,NO,1,YES,NO,NO,NO,NO,NO,NO,NO,NO,MONTH-TO-MONTH,NO,MAILED CHECK,19.9,19.9,0.6537450722733245,0
7879-CGSFV,NO,MALE,0,NO,NO,55,YES,NO,FIBER OPTIC,YES,YES,NO,NO,YES,YES,ONE YEAR,YES,MAILED CHECK,100.9,5552.05,3.314717477003942,0
7880-XSOJX,NO,MALE,0,NO,NO,4,NO,NO,DSL,YES,YES,NO,YES,NO,NO,MONTH-TO-MONTH,NO,MAILED CHECK,42.4,146.4,1.392904073587385,0
7881-EVUAD,YES,FEMALE,0,NO,NO,2,NO,NO,DSL,YES,YES,NO,NO,NO,YES,MONTH-TO-MONTH,YES,ELECTRONIC CHECK,42.6,72.4,1.3994743758212878,1
7881-INRLC,YES,MALE,0,NO,NO,45,YES,YES,FIBER OPTIC,NO,YES,NO,NO,YES,YES,MONTH-TO-MONTH,YES,CREDIT CARD (AUTOMATIC),100.85,4740.0,3.313074901445466,1
7883-ROJOC,NO,FEMALE,0,YES,NO,19,YES,NO,DSL,NO,NO,NO,NO,NO,NO,MONTH-TO-MONTH,NO,MAILED CHECK,44.9,839.65,1.4750328515111695,0
7890-VYYWG,YES,MALE,1,YES,NO,3,NO,NO,DSL,NO,NO,NO,NO,YES,NO,MONTH-TO-MONTH,YES,MAILED CHECK,36.45,93.7,1.197437582128778,1
7892-POOKP,YES,FEMALE,0,YES,NO,28,YES,YES,FIBER OPTIC,NO,NO,YES,YES,YES,YES,MONTH-TO-MONTH,YES,ELECTRONIC CHECK,104.8,3046.05,3.442838370565046,1
7892-QVYKW,NO,FEMALE,0,YES,YES,23,YES,YES,FIBER OPTIC,NO,NO,NO,NO,NO,YES,MONTH-TO-MONTH,NO,ELECTRONIC CHECK,85.6,1868.4,2.8120893561103806,0
7893-IXHRQ,YES,MALE,0,NO,NO,1,YES,NO,NO,NO,NO,NO,NO,NO,NO,MONTH-TO-MONTH,NO,ELECTRONIC CHECK,20.55,20.55,0.6750985545335085,1
7895-VONWT,NO,FEMALE,0,NO,NO,25,NO,NO,DSL,NO,NO,YES,NO,YES,YES,MONTH-TO-MONTH,YES,ELECTRONIC CHECK,48.25,1293.8,1.5850854139290407,0
7898-PDWQE,NO,MALE,0,YES,NO,71,YES,YES,DSL,YES,YES,YES,YES,NO,YES,TWO YEAR,NO,CREDIT CARD (AUTOMATIC),80.4,5727.15,2.6412614980289093,0
7901-HXJVA,NO,MALE,0,NO,NO,14,YES,NO,FIBER OPTIC,NO,NO,YES,NO,NO,NO,MONTH-TO-MONTH,NO,ELECTRONIC CHECK,76.45,1117.55,2.5114980289093296,0
7901-IIDQV,NO,MALE,0,NO,NO,24,YES,YES,DSL,NO,NO,NO,YES,NO,NO,ONE YEAR,NO,BANK TRANSFER (AUTOMATIC),54.6,1242.25,1.7936925098554533,0
7901-TBKJX,NO,MALE,1,NO,NO,56,YES,YES,FIBER OPTIC,NO,NO,YES,NO,YES,YES,MONTH-TO-MONTH,YES,ELECTRONIC CHECK,101.05,5594.0,3.319645203679369,0
7903-CMPEY,YES,MALE,1,YES,NO,1,YES,YES,FIBER OPTIC,YES,NO,NO,NO,NO,NO,MONTH-TO-MONTH,YES,ELECTRONIC CHECK,80.3,80.3,2.637976346911958,1
7905-NJMXS,NO,MALE,1,YES,NO,7,YES,YES,DSL,YES,YES,NO,YES,NO,NO,MONTH-TO-MONTH,NO,ELECTRONIC CHECK,64.2,475.0,2.109067017082786,0
7905-TVXTA,NO,FEMALE,0,NO,NO,5,YES,NO,DSL,YES,NO,NO,YES,YES,NO,MONTH-TO-MONTH,YES,ELECTRONIC CHECK,64.35,352.65,2.1139947437582127,0
7908-QCBCA,YES,FEMALE,0,YES,NO,1,YES,NO,FIBER OPTIC,NO,NO,NO,NO,NO,NO,MONTH-TO-MONTH,YES,MAILED CHECK,69.4,69.4,2.2798948751642576,1
7909-FIOIY,NO,FEMALE,0,YES,YES,19,NO,NO,DSL,NO,NO,NO,NO,NO,NO,MONTH-TO-MONTH,YES,MAILED CHECK,24.85,434.8,0.8163600525624178,0
7912-SYRQT,YES,FEMALE,0,NO,NO,7,YES,YES,FIBER OPTIC,NO,NO,NO,NO,NO,NO,MONTH-TO-MONTH,YES,BANK TRANSFER (AUTOMATIC),75.1,552.95,2.4671484888304858,1
7916-VCCPB,NO,FEMALE,0,YES,YES,16,YES,NO,FIBER OPTIC,NO,YES,NO,NO,NO,NO,MONTH-TO-MONTH,NO,BANK TRANSFER (AUTOMATIC),73.25,1195.75,2.4063731931668855,0
7919-ZODZZ,NO,FEMALE,0,YES,YES,10,YES,NO,DSL,NO,YES,YES,NO,NO,YES,ONE YEAR,YES,MAILED CHECK,65.9,660.05,2.1649145860709593,0
7921-BEPCI,NO,FEMALE,0,NO,NO,72,YES,YES,DSL,YES,YES,NO,NO,NO,NO,TWO YEAR,NO,BANK TRANSFER (AUTOMATIC),59.75,4265.0,1.9628777923784493,0
7921-LMDFQ,NO,MALE,1,NO,NO,51,YES,NO,FIBER OPTIC,NO,NO,YES,NO,YES,YES,ONE YEAR,YES,BANK TRANSFER (AUTOMATIC),94.0,4905.75,3.088042049934297,0
7923-IYJWY,NO,MALE,1,NO,NO,67,YES,YES,FIBER OPTIC,YES,YES,YES,YES,YES,YES,TWO YEAR,YES,CREDIT CARD (AUTOMATIC),116.1,7839.85,3.8140604467805517,0
7924-GJZFI,NO,FEMALE,1,YES,NO,25,YES,NO,FIBER OPTIC,NO,NO,NO,NO,NO,NO,MONTH-TO-MONTH,YES,ELECTRONIC CHECK,69.3,1813.1,2.2766097240473058,0
7925-PNRGI,NO,FEMALE,0,YES,YES,45,YES,YES,DSL,YES,YES,YES,YES,YES,NO,MONTH-TO-MONTH,NO,MAILED CHECK,81.3,3541.1,2.6708278580814717,0
7926-IJOOU,NO,MALE,0,NO,NO,1,YES,NO,NO,NO,NO,NO,NO,NO,NO,MONTH-TO-MONTH,NO,CREDIT CARD (AUTOMATIC),19.3,19.3,0.6340341655716163,0
7927-AUXBZ,YES,FEMALE,0,NO,NO,30,YES,NO,FIBER OPTIC,NO,NO,NO,YES,YES,NO,MONTH-TO-MONTH,NO,ELECTRONIC CHECK,85.15,2555.9,2.7973061760841,1
7928-VJYAB,NO,MALE,0,YES,YES,11,YES,NO,FIBER OPTIC,NO,NO,NO,NO,YES,YES,MONTH-TO-MONTH,NO,ELECTRONIC CHECK,90.6,1020.2,2.9763469119579495,0
7929-DMBCV,NO,FEMALE,0,YES,NO,20,YES,NO,FIBER OPTIC,NO,NO,YES,YES,NO,NO,MONTH-TO-MONTH,YES,MAILED CHECK,81.0,1683.7,2.6609724047306176,0
7929-SKFGK,NO,MALE,0,YES,NO,70,YES,YES,FIBER OPTIC,YES,YES,YES,YES,YES,YES,TWO YEAR,NO,CREDIT CARD (AUTOMATIC),114.3,8244.3,3.754927726675427,0
7931-PXHFC,YES,MALE,0,NO,NO,38,YES,NO,DSL,NO,NO,YES,YES,NO,YES,ONE YEAR,YES,MAILED CHECK,62.3,2354.8,2.0466491458607092,1
7932-WPTDS,YES,FEMALE,1,YES,NO,1,NO,NO,DSL,NO,NO,NO,NO,NO,NO,MONTH-TO-MONTH,YES,ELECTRONIC CHECK,24.8,24.8,0.8147174770039421,1
7938-OUHIO,YES,MALE,0,NO,NO,3,YES,NO,FIBER OPTIC,NO,NO,YES,YES,YES,YES,MONTH-TO-MONTH,YES,ELECTRONIC CHECK,98.7,293.65,3.2424441524310117,1
7940-UQQUG,NO,FEMALE,0,YES,YES,64,YES,YES,FIBER OPTIC,YES,NO,NO,YES,YES,YES,ONE YEAR,YES,BANK TRANSFER (AUTOMATIC),104.4,6721.6,3.4296977660972403,0
7941-RCJOW,NO,MALE,0,NO,NO,65,YES,NO,NO,NO,NO,NO,NO,NO,NO,TWO YEAR,YES,CREDIT CARD (AUTOMATIC),19.55,1218.65,0.6422470433639947,0
7943-RQCHR,YES,FEMALE,0,NO,NO,9,YES,YES,FIBER OPTIC,NO,NO,NO,NO,YES,YES,MONTH-TO-MONTH,YES,ELECTRONIC CHECK,94.75,889.9,3.112680683311432,1
7945-HLKEA,NO,FEMALE,0,NO,NO,60,YES,YES,DSL,YES,NO,YES,YES,NO,NO,ONE YEAR,NO,ELECTRONIC CHECK,64.75,4039.5,2.1271353482260182,0
7945-PRBVF,NO,MALE,0,NO,NO,35,YES,NO,NO,NO,NO,NO,NO,NO,NO,TWO YEAR,NO,BANK TRANSFER (AUTOMATIC),21.45,705.45,0.704664914586071,0
7950-XWOVN,NO,MALE,0,NO,NO,11,NO,NO,DSL,NO,YES,YES,NO,NO,NO,MONTH-TO-MONTH,NO,MAILED CHECK,34.7,383.55,1.1399474375821288,0
7951-QKZPL,YES,FEMALE,0,YES,YES,33,YES,YES,NO,NO,NO,NO,NO,NO,NO,TWO YEAR,YES,MAILED CHECK,24.5,740.3,0.804862023653088,1
7951-VRDVK,NO,FEMALE,0,NO,NO,36,YES,NO,DSL,YES,YES,YES,YES,YES,YES,ONE YEAR,NO,BANK TRANSFER (AUTOMATIC),85.85,3003.55,2.8203022339027592,0
7952-OBOYL,NO,MALE,0,NO,NO,3,YES,NO,FIBER OPTIC,NO,NO,YES,YES,YES,NO,MONTH-TO-MONTH,YES,MAILED CHECK,89.85,244.45,2.9517082785808144,0
7954-MLBUN,NO,MALE,0,NO,NO,31,YES,NO,FIBER OPTIC,NO,NO,YES,YES,YES,YES,TWO YEAR,NO,BANK TRANSFER (AUTOMATIC),99.45,3109.9,3.2670827858081473,0
7956-XQWGU,NO,MALE,0,NO,NO,27,YES,NO,NO,NO,NO,NO,NO,NO,NO,MONTH-TO-MONTH,YES,CREDIT CARD (AUTOMATIC),19.4,460.25,0.6373193166885676,0
7957-RYHQD,YES,FEMALE,1,NO,NO,40,YES,NO,FIBER OPTIC,YES,YES,NO,NO,NO,NO,MONTH-TO-MONTH,YES,CREDIT CARD (AUTOMATIC),79.2,3233.85,2.6018396846254928,1
7963-GQRMY,YES,FEMALE,0,YES,YES,3,YES,NO,DSL,NO,NO,NO,NO,NO,NO,MONTH-TO-MONTH,NO,MAILED CHECK,44.3,134.5,1.455321944809461,1
7963-SHNDT,NO,FEMALE,0,NO,NO,52,NO,NO,DSL,YES,YES,NO,YES,NO,NO,TWO YEAR,NO,MAILED CHECK,39.1,1982.1,1.2844940867279895,0
7964-VEXDG,NO,MALE,0,NO,YES,21,YES,YES,FIBER OPTIC,YES,NO,NO,NO,NO,NO,MONTH-TO-MONTH,NO,ELECTRONIC CHECK,80.35,1747.2,2.6396189224704334,0
7964-YESJC,NO,FEMALE,0,YES,NO,24,YES,YES,DSL,YES,YES,YES,NO,NO,NO,MONTH-TO-MONTH,NO,MAILED CHECK,66.3,1559.45,2.1780551905387644,0
7964-ZRKKG,NO,MALE,0,YES,NO,67,YES,YES,FIBER OPTIC,NO,YES,NO,NO,YES,NO,ONE YEAR,YES,BANK TRANSFER (AUTOMATIC),88.4,5798.3,2.9040735873850196,0
7966-YOTQW,NO,MALE,0,NO,NO,10,YES,YES,DSL,YES,NO,NO,NO,NO,NO,MONTH-TO-MONTH,YES,CREDIT CARD (AUTOMATIC),54.5,568.2,1.7904073587385019,0
7967-HYCDE,NO,MALE,0,NO,NO,8,YES,NO,FIBER OPTIC,NO,NO,NO,NO,NO,NO,MONTH-TO-MONTH,NO,BANK TRANSFER (AUTOMATIC),70.7,553.4,2.3226018396846255,0
7968-QUXNS,NO,MALE,0,NO,NO,6,YES,NO,NO,NO,NO,NO,NO,NO,NO,MONTH-TO-MONTH,NO,MAILED CHECK,18.95,110.15,0.6225361366622865,0
7969-AULMZ,YES,FEMALE,0,NO,NO,21,YES,YES,FIBER OPTIC,NO,NO,NO,NO,YES,YES,MONTH-TO-MONTH,YES,ELECTRONIC CHECK,97.35,2119.5,3.198094612352168,1
7969-FFOWG,NO,MALE,0,YES,YES,65,YES,NO,NO,NO,NO,NO,NO,NO,NO,TWO YEAR,NO,MAILED CHECK,19.9,1292.6,0.6537450722733245,0
7971-HLVXI,NO,MALE,0,YES,YES,72,YES,YES,FIBER OPTIC,NO,NO,NO,NO,NO,YES,TWO YEAR,YES,CREDIT CARD (AUTOMATIC),84.5,6130.85,2.775952693823916,0
7973-DZRKH,NO,FEMALE,0,NO,YES,66,YES,YES,FIBER OPTIC,YES,NO,YES,YES,NO,NO,TWO YEAR,YES,CREDIT CARD (AUTOMATIC),90.95,5930.05,2.98784494086728,0
7975-JMZNT,NO,MALE,0,YES,NO,66,YES,YES,DSL,YES,YES,YES,YES,YES,YES,TWO YEAR,NO,BANK TRANSFER (AUTOMATIC),91.7,6075.9,3.012483574244415,0
7975-TZMLR,NO,MALE,0,NO,NO,47,YES,YES,FIBER OPTIC,NO,YES,YES,NO,YES,YES,ONE YEAR,YES,ELECTRONIC CHECK,103.1,4889.3,3.3869908015768724,0
7976-CICYS,NO,MALE,0,NO,NO,4,YES,NO,NO,NO,NO,NO,NO,NO,NO,MONTH-TO-MONTH,YES,CREDIT CARD (AUTOMATIC),20.7,83.75,0.6800262812089356,0
7977-HXJKU,NO,MALE,0,NO,YES,21,YES,NO,NO,NO,NO,NO,NO,NO,NO,TWO YEAR,NO,MAILED CHECK,19.6,397.0,0.6438896189224704,0
7978-DKUQH,NO,FEMALE,0,YES,NO,25,YES,NO,FIBER OPTIC,NO,NO,YES,NO,NO,NO,MONTH-TO-MONTH,YES,ELECTRONIC CHECK,74.6,1797.75,2.450722733245729,0
7979-CORPM,YES,MALE,0,NO,NO,24,YES,YES,FIBER OPTIC,NO,YES,NO,NO,YES,NO,MONTH-TO-MONTH,YES,CREDIT CARD (AUTOMATIC),90.55,2282.55,2.974704336399474,1
7980-MHFLQ,NO,FEMALE,0,YES,YES,72,YES,YES,NO,NO,NO,NO,NO,NO,NO,TWO YEAR,NO,MAILED CHECK,24.9,1859.2,0.8180026281208935,0
7982-VCELR,NO,FEMALE,0,NO,NO,36,YES,NO,FIBER OPTIC,NO,YES,NO,NO,YES,YES,MONTH-TO-MONTH,YES,CREDIT CARD (AUTOMATIC),94.8,3565.65,3.114323258869908,0
7989-AWGEH,NO,MALE,0,YES,YES,49,NO,NO,DSL,YES,NO,NO,NO,NO,YES,MONTH-TO-MONTH,YES,ELECTRONIC CHECK,39.2,1838.15,1.2877792378449409,0
7989-CHGTL,YES,MALE,0,NO,NO,1,YES,NO,NO,NO,NO,NO,NO,NO,NO,MONTH-TO-MONTH,YES,MAILED CHECK,19.6,19.6,0.6438896189224704,1
7989-VCQOH,NO,MALE,0,YES,YES,18,YES,NO,DSL,YES,NO,YES,YES,YES,YES,MONTH-TO-MONTH,NO,ELECTRONIC CHECK,83.25,1611.15,2.7348883048620234,0
7993-NQLJE,NO,MALE,0,YES,YES,15,YES,NO,FIBER OPTIC,YES,NO,NO,NO,NO,NO,MONTH-TO-MONTH,NO,MAILED CHECK,75.1,1151.55,2.4671484888304858,0
7993-PYKOF,YES,MALE,0,YES,NO,8,YES,NO,FIBER OPTIC,YES,NO,NO,NO,NO,NO,MONTH-TO-MONTH,NO,ELECTRONIC CHECK,75.0,632.95,2.463863337713535,1
7994-UYIVZ,NO,MALE,0,YES,NO,8,YES,YES,FIBER OPTIC,NO,NO,NO,NO,NO,YES,MONTH-TO-MONTH,YES,BANK TRANSFER (AUTOMATIC),85.65,659.45,2.813731931668857,0
7994-XIRTR,NO,MALE,1,NO,NO,54,YES,NO,DSL,NO,NO,YES,YES,NO,YES,ONE YEAR,NO,BANK TRANSFER (AUTOMATIC),65.25,3529.95,2.143561103810775,0
7995-ZHHNZ,NO,MALE,0,YES,NO,42,YES,YES,DSL,YES,NO,NO,NO,NO,NO,ONE YEAR,NO,CREDIT CARD (AUTOMATIC),56.1,2386.85,1.842969776609724,0
7996-BPXHY,NO,FEMALE,0,YES,YES,13,YES,YES,NO,NO,NO,NO,NO,NO,NO,TWO YEAR,YES,BANK TRANSFER (AUTOMATIC),25.0,332.5,0.8212877792378449,0
7996-MHXLW,NO,FEMALE,0,NO,NO,66,YES,YES,NO,NO,NO,NO,NO,NO,NO,TWO YEAR,YES,CREDIT CARD (AUTOMATIC),25.15,1683.6,0.826215505913272,0
7997-EASSD,NO,FEMALE,0,YES,NO,63,YES,YES,FIBER OPTIC,NO,NO,NO,YES,NO,NO,ONE YEAR,YES,CREDIT CARD (AUTOMATIC),81.2,4965.1,2.6675427069645203,0
7998-WNZEM,NO,MALE,0,NO,NO,71,YES,YES,DSL,YES,YES,YES,YES,NO,YES,TWO YEAR,NO,BANK TRANSFER (AUTOMATIC),80.6,5708.2,2.6478318002628116,0
7998-ZLXWN,NO,FEMALE,0,YES,NO,15,YES,NO,NO,NO,NO,NO,NO,NO,NO,MONTH-TO-MONTH,NO,CREDIT CARD (AUTOMATIC),20.45,330.8,0.6718134034165572,0
8000-REIQB,YES,FEMALE,1,NO,NO,1,YES,NO,FIBER OPTIC,NO,NO,NO,NO,NO,NO,MONTH-TO-MONTH,YES,ELECTRONIC CHECK,69.95,69.95,2.29796320630749,1
8003-EWNDZ,NO,FEMALE,0,NO,NO,10,YES,NO,NO,NO,NO,NO,NO,NO,NO,MONTH-TO-MONTH,YES,ELECTRONIC CHECK,21.2,222.65,0.6964520367936925,0
8006-PYCSW,NO,FEMALE,0,NO,NO,2,YES,NO,NO,NO,NO,NO,NO,NO,NO,MONTH-TO-MONTH,NO,MAILED CHECK,20.1,39.8,0.6603153745072273,0
8007-YYPWD,NO,FEMALE,0,NO,NO,15,YES,YES,NO,NO,NO,NO,NO,NO,NO,TWO YEAR,NO,BANK TRANSFER (AUTOMATIC),25.05,369.1,0.8229303547963206,0
8008-ESFLK,NO,FEMALE,0,YES,NO,53,YES,NO,FIBER OPTIC,YES,YES,YES,YES,YES,YES,ONE YEAR,NO,ELECTRONIC CHECK,110.5,5835.5,3.6300919842312744,0
8008-HAWED,YES,MALE,0,NO,NO,14,NO,NO,DSL,NO,NO,YES,NO,YES,YES,MONTH-TO-MONTH,YES,ELECTRONIC CHECK,50.75,712.75,1.6672141918528252,1
8008-OTEZX,NO,FEMALE,0,YES,YES,35,YES,NO,NO,NO,NO,NO,NO,NO,NO,ONE YEAR,NO,MAILED CHECK,19.65,708.8,0.645532194480946,0
8010-EZLOU,YES,MALE,1,NO,NO,15,YES,YES,FIBER OPTIC,NO,YES,NO,NO,NO,NO,MONTH-TO-MONTH,YES,ELECTRONIC CHECK,80.2,1217.25,2.6346911957950065,1
8012-SOUDQ,NO,FEMALE,1,NO,NO,43,YES,YES,FIBER OPTIC,NO,YES,NO,NO,YES,NO,MONTH-TO-MONTH,YES,ELECTRONIC CHECK,90.25,3838.75,2.96484888304862,0
8015-IHCGW,NO,FEMALE,0,YES,YES,72,YES,YES,FIBER OPTIC,YES,YES,YES,YES,YES,YES,TWO YEAR,YES,ELECTRONIC CHECK,115.5,8425.15,3.7943495400788434,0
8016-NCFVO,NO,MALE,1,NO,NO,55,YES,YES,FIBER OPTIC,YES,YES,YES,YES,YES,YES,MONTH-TO-MONTH,YES,ELECTRONIC CHECK,116.5,6382.55,3.827201051248357,0
8016-ZMGMO,NO,FEMALE,1,YES,NO,66,YES,YES,DSL,NO,YES,YES,NO,YES,NO,ONE YEAR,YES,BANK TRANSFER (AUTOMATIC),70.85,4738.85,2.3275295663600524,0
8017-LXHFA,YES,FEMALE,1,NO,NO,23,YES,NO,FIBER OPTIC,NO,YES,NO,NO,YES,YES,MONTH-TO-MONTH,YES,ELECTRONIC CHECK,94.75,2293.6,3.112680683311432,1
8017-UVSZU,NO,FEMALE,0,YES,NO,40,YES,YES,DSL,NO,YES,NO,NO,NO,NO,MONTH-TO-MONTH,NO,CREDIT CARD (AUTOMATIC),56.6,2379.1,1.8593955321944808,0
8019-ENHXU,YES,MALE,0,YES,NO,42,YES,YES,FIBER OPTIC,NO,YES,YES,YES,NO,YES,MONTH-TO-MONTH,YES,ELECTRONIC CHECK,99.45,4138.05,3.2670827858081473,1
8020-BWHYL,YES,FEMALE,1,NO,NO,15,YES,NO,FIBER OPTIC,NO,YES,NO,NO,NO,NO,MONTH-TO-MONTH,YES,CREDIT CARD (AUTOMATIC),75.3,1147.45,2.473718791064389,1
8022-BECSI,NO,MALE,0,NO,NO,22,YES,NO,NO,NO,NO,NO,NO,NO,NO,ONE YEAR,NO,MAILED CHECK,19.6,422.5,0.6438896189224704,0
8023-QHAIO,NO,FEMALE,1,YES,NO,56,YES,YES,FIBER OPTIC,NO,NO,NO,YES,NO,NO,MONTH-TO-MONTH,YES,BANK TRANSFER (AUTOMATIC),76.85,4275.75,2.524638633377135,0
8024-XNAFQ,NO,FEMALE,1,NO,NO,72,YES,YES,FIBER OPTIC,YES,YES,YES,YES,NO,YES,TWO YEAR,YES,BANK TRANSFER (AUTOMATIC),107.4,7748.75,3.5282522996057817,0
8028-PNXHQ,NO,MALE,0,YES,YES,62,YES,YES,NO,NO,NO,NO,NO,NO,NO,TWO YEAR,YES,BANK TRANSFER (AUTOMATIC),24.25,1424.6,0.7966491458607096,0
8029-XYPWT,NO,MALE,1,YES,NO,71,YES,YES,FIBER OPTIC,YES,YES,YES,YES,YES,YES,TWO YEAR,YES,BANK TRANSFER (AUTOMATIC),115.05,8016.6,3.779566360052562,0
8033-ATFAS,NO,FEMALE,0,YES,YES,39,YES,NO,DSL,NO,NO,YES,NO,YES,NO,MONTH-TO-MONTH,YES,MAILED CHECK,59.85,2341.5,1.9661629434954007,0
8033-VCZGH,NO,MALE,0,YES,NO,50,YES,YES,FIBER OPTIC,YES,NO,YES,NO,YES,YES,ONE YEAR,YES,ELECTRONIC CHECK,103.95,5231.3,3.4149145860709593,0
8034-RYTVV,NO,FEMALE,0,NO,NO,55,YES,YES,FIBER OPTIC,YES,NO,YES,NO,NO,NO,ONE YEAR,YES,CREDIT CARD (AUTOMATIC),84.25,4589.85,2.767739816031537,0
8035-BUYVG,YES,MALE,0,YES,NO,40,NO,NO,DSL,YES,YES,YES,NO,NO,NO,ONE YEAR,YES,ELECTRONIC CHECK,42.35,1716.45,1.3912614980289093,1
8035-PWSEV,NO,FEMALE,0,NO,NO,6,YES,NO,FIBER OPTIC,NO,NO,YES,YES,NO,YES,MONTH-TO-MONTH,YES,ELECTRONIC CHECK,89.25,487.05,2.931997371879106,0
8039-ACLPL,NO,FEMALE,0,YES,YES,72,YES,NO,DSL,YES,YES,YES,NO,NO,YES,TWO YEAR,NO,CREDIT CARD (AUTOMATIC),68.75,4888.2,2.2585413929040734,0
8039-EQPIM,NO,MALE,0,YES,NO,69,NO,NO,DSL,YES,NO,YES,YES,YES,YES,TWO YEAR,NO,BANK TRANSFER (AUTOMATIC),60.25,4055.5,1.9793035479632062,0
8040-MNRTF,NO,FEMALE,0,NO,NO,1,YES,NO,FIBER OPTIC,NO,NO,NO,NO,NO,NO,MONTH-TO-MONTH,NO,MAILED CHECK,71.1,71.1,2.3357424441524306,0
8041-TMEID,NO,MALE,1,YES,NO,63,YES,YES,FIBER OPTIC,YES,YES,YES,NO,YES,YES,TWO YEAR,NO,CREDIT CARD (AUTOMATIC),108.5,6991.9,3.564388961892247,0
8042-JVNFH,YES,MALE,0,NO,NO,1,YES,NO,FIBER OPTIC,NO,NO,NO,NO,NO,NO,MONTH-TO-MONTH,YES,MAILED CHECK,71.35,71.35,2.3439553219448093,1
8042-RNLKO,NO,MALE,0,NO,NO,66,YES,YES,NO,NO,NO,NO,NO,NO,NO,ONE YEAR,NO,BANK TRANSFER (AUTOMATIC),25.45,1699.15,0.8360709592641261,0
8043-PNYSD,NO,MALE,0,YES,YES,63,YES,NO,NO,NO,NO,NO,NO,NO,NO,TWO YEAR,NO,MAILED CHECK,19.55,1245.6,0.6422470433639947,0
8044-BGWPI,NO,MALE,0,YES,YES,12,YES,NO,NO,NO,NO,NO,NO,NO,NO,MONTH-TO-MONTH,YES,ELECTRONIC CHECK,21.15,306.05,0.6948094612352167,0
8046-DNVTL,NO,MALE,0,YES,NO,62,NO,NO,DSL,YES,YES,NO,YES,NO,NO,TWO YEAR,YES,CREDIT CARD (AUTOMATIC),38.6,2345.55,1.2680683311432326,0
8048-DSDFQ,NO,MALE,0,NO,NO,1,YES,NO,NO,NO,NO,NO,NO,NO,NO,MONTH-TO-MONTH,NO,MAILED CHECK,20.2,20.2,0.6636005256241787,0
8049-WJCLQ,NO,MALE,0,YES,YES,10,YES,NO,DSL,NO,NO,YES,NO,YES,NO,MONTH-TO-MONTH,NO,MAILED CHECK,60.2,563.5,1.9776609724047307,0
8050-DVOJX,NO,MALE,1,NO,NO,49,YES,YES,DSL,YES,YES,YES,YES,NO,YES,TWO YEAR,NO,CREDIT CARD (AUTOMATIC),81.35,4060.9,2.672470433639947,0
8050-WYBND,NO,FEMALE,0,NO,YES,22,NO,NO,DSL,NO,NO,YES,NO,YES,YES,ONE YEAR,YES,CREDIT CARD (AUTOMATIC),49.45,1031.4,1.6245072273324572,0
8050-XGRVL,NO,FEMALE,0,YES,YES,62,YES,NO,DSL,YES,NO,YES,NO,NO,NO,ONE YEAR,NO,CREDIT CARD (AUTOMATIC),54.75,3425.35,1.7986202365308803,0
8051-HJRLT,YES,FEMALE,1,NO,NO,1,YES,NO,FIBER OPTIC,NO,NO,NO,NO,NO,NO,MONTH-TO-MONTH,YES,ELECTRONIC CHECK,70.55,70.55,2.3176741130091982,1
8053-WWDRO,YES,FEMALE,0,YES,NO,6,YES,NO,NO,NO,NO,NO,NO,NO,NO,MONTH-TO-MONTH,NO,BANK TRANSFER (AUTOMATIC),19.5,146.3,0.640604467805519,1
8058-DMYRU,NO,MALE,1,NO,NO,54,YES,YES,FIBER OPTIC,NO,YES,NO,NO,NO,YES,MONTH-TO-MONTH,YES,ELECTRONIC CHECK,90.05,4931.8,2.958278580814717,0
8058-INTPH,YES,FEMALE,0,NO,NO,1,YES,NO,FIBER OPTIC,NO,NO,NO,NO,YES,NO,MONTH-TO-MONTH,YES,ELECTRONIC CHECK,79.65,79.65,2.616622864651774,1
8058-JMEQO,YES,FEMALE,1,NO,NO,9,YES,YES,FIBER OPTIC,NO,NO,NO,NO,NO,YES,MONTH-TO-MONTH,YES,ELECTRONIC CHECK,84.45,762.5,2.7743101182654404,1
8059-UDZFY,NO,FEMALE,1,NO,YES,33,YES,YES,FIBER OPTIC,NO,YES,YES,NO,YES,YES,MONTH-TO-MONTH,YES,BANK TRANSFER (AUTOMATIC),105.35,3465.05,3.460906701708278,0
8060-HIWJJ,NO,MALE,0,NO,NO,64,YES,YES,DSL,NO,YES,YES,YES,YES,YES,TWO YEAR,NO,CREDIT CARD (AUTOMATIC),86.55,5632.55,2.843298291721419,0
8062-YBDOE,YES,MALE,1,NO,NO,1,YES,NO,FIBER OPTIC,NO,NO,NO,NO,NO,NO,MONTH-TO-MONTH,YES,ELECTRONIC CHECK,69.65,69.65,2.2881077529566363,1
8063-GBATB,YES,FEMALE,1,NO,NO,27,YES,YES,FIBER OPTIC,NO,NO,NO,NO,NO,YES,MONTH-TO-MONTH,YES,ELECTRONIC CHECK,85.25,2287.25,2.800591327201051,1
8063-RJYNF,YES,MALE,0,NO,NO,16,YES,NO,FIBER OPTIC,YES,NO,NO,NO,YES,YES,MONTH-TO-MONTH,YES,ELECTRONIC CHECK,94.25,1483.25,3.096254927726675,1
8064-RAVOH,NO,MALE,0,NO,YES,1,YES,NO,DSL,NO,NO,YES,NO,NO,NO,MONTH-TO-MONTH,YES,ELECTRONIC CHECK,49.85,49.85,1.6376478318002627,0
8065-BVEPF,NO,MALE,1,NO,NO,65,YES,NO,FIBER OPTIC,NO,YES,YES,NO,YES,YES,MONTH-TO-MONTH,YES,BANK TRANSFER (AUTOMATIC),99.1,6496.15,3.255584756898817,0
8065-QBYTO,NO,FEMALE,1,NO,NO,71,YES,YES,FIBER OPTIC,YES,YES,NO,YES,YES,NO,ONE YEAR,YES,CREDIT CARD (AUTOMATIC),99.65,7181.25,3.27365308804205,0
8065-YKXKD,YES,FEMALE,0,NO,NO,10,YES,YES,FIBER OPTIC,NO,NO,NO,NO,NO,NO,MONTH-TO-MONTH,YES,ELECTRONIC CHECK,74.75,799.65,2.455650459921156,1
8066-POXGX,YES,FEMALE,0,NO,NO,13,NO,NO,DSL,NO,NO,NO,NO,NO,YES,MONTH-TO-MONTH,YES,ELECTRONIC CHECK,35.1,446.1,1.1530880420499343,1
8067-NIOYM,NO,FEMALE,0,YES,YES,24,YES,NO,NO,NO,NO,NO,NO,NO,NO,TWO YEAR,YES,CREDIT CARD (AUTOMATIC),21.1,490.65,0.6931668856767411,0
8069-RHUXK,NO,FEMALE,0,YES,YES,67,NO,NO,DSL,YES,NO,NO,YES,NO,NO,TWO YEAR,NO,CREDIT CARD (AUTOMATIC),35.7,2545.7,1.1727989487516426,0
8069-YQQAJ,NO,MALE,0,NO,NO,14,NO,NO,DSL,NO,YES,NO,NO,NO,NO,MONTH-TO-MONTH,YES,MAILED CHECK,31.1,419.7,1.0216819973718791,0
8070-AAWZP,NO,MALE,1,YES,NO,24,NO,NO,DSL,NO,NO,YES,YES,NO,NO,MONTH-TO-MONTH,NO,MAILED CHECK,34.25,828.2,1.1251642575558476,0
8071-SBTRN,NO,FEMALE,0,NO,NO,70,YES,YES,FIBER OPTIC,YES,YES,YES,NO,YES,YES,TWO YEAR,YES,MAILED CHECK,111.15,7737.55,3.6514454664914586,0
8073-IJDCM,YES,FEMALE,0,NO,NO,1,YES,NO,NO,NO,NO,NO,NO,NO,NO,MONTH-TO-MONTH,YES,MAILED CHECK,20.3,20.3,0.6668856767411301,1
8075-GXIUB,NO,MALE,1,YES,NO,9,YES,NO,NO,NO,NO,NO,NO,NO,NO,ONE YEAR,NO,CREDIT CARD (AUTOMATIC),19.85,183.15,0.6521024967148489,0
8076-FEZKJ,NO,MALE,0,NO,NO,10,YES,NO,NO,NO,NO,NO,NO,NO,NO,ONE YEAR,NO,MAILED CHECK,19.5,225.85,0.640604467805519,0
8079-XRJRS,YES,MALE,0,YES,NO,65,YES,YES,FIBER OPTIC,YES,YES,YES,NO,NO,NO,ONE YEAR,NO,ELECTRONIC CHECK,89.75,5769.6,2.948423127463863,1
8080-DDEMJ,YES,MALE,1,NO,NO,1,YES,NO,DSL,NO,NO,NO,NO,NO,NO,MONTH-TO-MONTH,NO,ELECTRONIC CHECK,45.1,45.1,1.4816031537450722,1
8080-POTJR,NO,FEMALE,0,NO,NO,30,YES,YES,DSL,YES,NO,YES,NO,YES,YES,ONE YEAR,YES,CREDIT CARD (AUTOMATIC),79.3,2427.1,2.605124835742444,0
8082-GHXOP,NO,MALE,0,NO,YES,13,YES,NO,DSL,NO,NO,NO,NO,NO,NO,MONTH-TO-MONTH,NO,MAILED CHECK,44.0,659.35,1.445466491458607,0
8083-YTZES,YES,MALE,0,NO,NO,4,YES,YES,FIBER OPTIC,NO,NO,NO,NO,NO,NO,MONTH-TO-MONTH,YES,ELECTRONIC CHECK,74.35,265.35,2.4425098554533506,1
8084-OIVBS,NO,FEMALE,0,NO,NO,11,YES,NO,NO,NO,NO,NO,NO,NO,NO,ONE YEAR,NO,MAILED CHECK,20.0,211.95,0.657030223390276,0
8085-MSNLK,NO,FEMALE,0,YES,NO,62,YES,YES,FIBER OPTIC,YES,YES,YES,YES,YES,YES,TWO YEAR,NO,MAILED CHECK,113.95,6891.4,3.7434296977660972,0
8086-OVPWV,YES,MALE,0,NO,NO,2,YES,NO,FIBER OPTIC,NO,NO,NO,NO,NO,YES,MONTH-TO-MONTH,YES,ELECTRONIC CHECK,80.2,181.1,2.6346911957950065,1
8087-LGYHQ,NO,MALE,0,NO,NO,9,YES,NO,FIBER OPTIC,NO,NO,YES,NO,YES,YES,MONTH-TO-MONTH,YES,ELECTRONIC CHECK,94.05,811.65,3.0896846254927723,0
8089-UZWLX,NO,FEMALE,1,NO,NO,71,YES,YES,FIBER OPTIC,NO,NO,YES,NO,YES,YES,TWO YEAR,NO,BANK TRANSFER (AUTOMATIC),104.05,7413.55,3.4181997371879103,0
8091-TTVAX,NO,MALE,0,YES,NO,58,YES,YES,FIBER OPTIC,NO,NO,YES,NO,YES,YES,ONE YEAR,NO,CREDIT CARD (AUTOMATIC),100.35,5681.1,3.2966491458607092,0
8092-NLTGF,NO,MALE,0,NO,NO,72,YES,YES,NO,NO,NO,NO,NO,NO,NO,TWO YEAR,NO,BANK TRANSFER (AUTOMATIC),24.75,1777.6,0.8130749014454665,0
8095-WANWK,NO,FEMALE,0,NO,NO,10,YES,NO,DSL,NO,NO,NO,NO,NO,NO,MONTH-TO-MONTH,NO,MAILED CHECK,45.25,428.7,1.4865308804204993,0
8096-LOIST,NO,FEMALE,0,NO,NO,19,YES,NO,DSL,NO,NO,NO,NO,NO,YES,MONTH-TO-MONTH,YES,ELECTRONIC CHECK,56.2,1093.4,1.8462549277266755,0
8097-OMULG,NO,MALE,0,YES,YES,59,YES,NO,DSL,NO,YES,YES,YES,YES,YES,ONE YEAR,NO,CREDIT CARD (AUTOMATIC),76.75,4541.9,2.5213534822601837,0
8097-VBQTZ,NO,MALE,0,NO,NO,54,YES,NO,DSL,YES,YES,NO,YES,YES,NO,MONTH-TO-MONTH,YES,MAILED CHECK,69.9,3883.3,2.2963206307490145,0
8098-LLAZX,YES,FEMALE,1,NO,NO,4,YES,YES,FIBER OPTIC,NO,NO,NO,NO,YES,YES,MONTH-TO-MONTH,YES,ELECTRONIC CHECK,95.45,396.1,3.135676741130092,1
8098-TDCBU,NO,FEMALE,0,YES,NO,42,YES,YES,NO,NO,NO,NO,NO,NO,NO,TWO YEAR,NO,ELECTRONIC CHECK,25.25,1108.2,0.8295006570302234,0
8099-MZPUJ,NO,MALE,0,YES,YES,48,YES,YES,FIBER OPTIC,YES,YES,YES,YES,YES,YES,TWO YEAR,NO,CREDIT CARD (AUTOMATIC),111.8,5443.65,3.6727989487516424,0
8100-HZZLJ,NO,FEMALE,0,NO,YES,43,YES,NO,DSL,YES,YES,NO,NO,NO,YES,MONTH-TO-MONTH,YES,ELECTRONIC CHECK,63.95,2737.05,2.100854139290407,0
8100-PNJMH,NO,MALE,0,YES,YES,68,YES,YES,DSL,YES,YES,YES,YES,YES,YES,TWO YEAR,YES,CREDIT CARD (AUTOMATIC),88.85,6132.7,2.9188567674113006,0
8104-OSKWT,NO,FEMALE,0,NO,NO,12,YES,YES,FIBER OPTIC,YES,NO,NO,NO,NO,NO,MONTH-TO-MONTH,YES,ELECTRONIC CHECK,79.8,1001.2,2.621550591327201,0
8106-GWQOK,NO,MALE,0,YES,NO,38,NO,NO,DSL,YES,YES,NO,YES,YES,YES,TWO YEAR,YES,BANK TRANSFER (AUTOMATIC),60.0,2193.2,1.9710906701708277,0
8107-KNCIM,NO,MALE,1,YES,NO,14,YES,YES,FIBER OPTIC,NO,NO,NO,NO,NO,NO,MONTH-TO-MONTH,YES,ELECTRONIC CHECK,75.1,1013.35,2.4671484888304858,0
8107-RZLNV,NO,MALE,0,YES,NO,72,YES,YES,FIBER OPTIC,NO,YES,YES,NO,YES,YES,TWO YEAR,YES,BANK TRANSFER (AUTOMATIC),106.3,7565.35,3.4921156373193165,0
8108-UXRQN,NO,FEMALE,0,YES,YES,11,NO,NO,DSL,YES,NO,NO,NO,YES,YES,MONTH-TO-MONTH,NO,ELECTRONIC CHECK,50.55,565.35,1.6606438896189224,0
8109-YUOHE,NO,MALE,0,NO,NO,17,YES,NO,DSL,YES,YES,NO,NO,NO,NO,ONE YEAR,NO,MAILED CHECK,56.1,946.95,1.842969776609724,0
8111-BKVDS,NO,FEMALE,0,NO,NO,10,NO,NO,DSL,YES,YES,YES,NO,NO,NO,MONTH-TO-MONTH,NO,BANK TRANSFER (AUTOMATIC),40.7,449.3,1.3370565045992115,0
8111-RKSPX,YES,MALE,0,NO,NO,4,YES,YES,FIBER OPTIC,NO,NO,NO,NO,NO,NO,MONTH-TO-MONTH,YES,BANK TRANSFER (AUTOMATIC),72.2,305.55,2.371879106438896,1
8111-SLLHI,YES,MALE,1,YES,NO,39,YES,YES,FIBER OPTIC,NO,YES,YES,NO,YES,YES,MONTH-TO-MONTH,YES,ELECTRONIC CHECK,105.65,4284.8,3.4707621550591328,1
8118-LSUEL,YES,MALE,1,NO,NO,23,YES,YES,FIBER OPTIC,NO,YES,YES,NO,YES,YES,MONTH-TO-MONTH,YES,ELECTRONIC CHECK,106.4,2483.5,3.495400788436268,1
8118-TJAFG,NO,MALE,0,YES,YES,9,YES,NO,FIBER OPTIC,NO,YES,NO,YES,YES,YES,MONTH-TO-MONTH,YES,ELECTRONIC CHECK,101.5,906.85,3.3344283837056503,0
8120-JDCAM,NO,MALE,0,YES,YES,4,YES,NO,FIBER OPTIC,NO,NO,NO,NO,NO,NO,MONTH-TO-MONTH,YES,MAILED CHECK,69.55,284.9,2.2848226018396844,0
8123-QBNAZ,NO,FEMALE,0,YES,YES,36,YES,YES,FIBER OPTIC,YES,NO,YES,NO,YES,YES,MONTH-TO-MONTH,YES,CREDIT CARD (AUTOMATIC),104.5,3684.95,3.4329829172141917,0
8124-NZVGJ,NO,FEMALE,0,NO,NO,6,NO,NO,DSL,NO,NO,NO,YES,YES,YES,ONE YEAR,YES,MAILED CHECK,49.25,255.6,1.6179369250985545,0
8125-QPFJD,NO,FEMALE,0,YES,NO,72,YES,YES,DSL,YES,NO,YES,YES,YES,YES,TWO YEAR,YES,BANK TRANSFER (AUTOMATIC),84.9,6065.3,2.7890932982917214,0
8128-YVJRG,YES,FEMALE,0,NO,NO,7,YES,YES,FIBER OPTIC,YES,NO,NO,NO,NO,NO,MONTH-TO-MONTH,YES,MAILED CHECK,79.65,604.7,2.616622864651774,1
8129-GMVGI,NO,FEMALE,0,YES,YES,56,YES,NO,NO,NO,NO,NO,NO,NO,NO,TWO YEAR,NO,MAILED CHECK,20.05,1090.1,0.6586727989487516,0
8132-YPVBX,NO,FEMALE,0,NO,NO,6,YES,NO,FIBER OPTIC,NO,YES,NO,NO,NO,YES,MONTH-TO-MONTH,YES,MAILED CHECK,85.95,514.6,2.823587385019711,0
8133-ANHHJ,NO,FEMALE,1,NO,NO,49,YES,YES,FIBER OPTIC,YES,YES,YES,YES,NO,YES,ONE YEAR,NO,BANK TRANSFER (AUTOMATIC),103.0,5166.2,3.383705650459921,0
8138-EALND,NO,MALE,0,NO,NO,15,YES,NO,NO,NO,NO,NO,NO,NO,NO,MONTH-TO-MONTH,NO,MAILED CHECK,19.75,311.6,0.6488173455978975,0
8143-ETQTI,NO,FEMALE,0,YES,YES,23,YES,NO,NO,NO,NO,NO,NO,NO,NO,TWO YEAR,YES,MAILED CHECK,19.65,451.55,0.645532194480946,0
8144-DGHXP,NO,FEMALE,0,NO,NO,54,YES,NO,DSL,YES,NO,YES,YES,YES,YES,TWO YEAR,NO,ELECTRONIC CHECK,80.6,4299.95,2.6478318002628116,0
8146-QQKZH,NO,FEMALE,0,YES,NO,71,YES,NO,DSL,YES,NO,YES,YES,YES,YES,TWO YEAR,NO,BANK TRANSFER (AUTOMATIC),81.85,5924.4,2.688896189224704,0
8148-BPLZQ,NO,MALE,0,NO,NO,34,YES,NO,DSL,NO,YES,NO,NO,NO,NO,MONTH-TO-MONTH,YES,ELECTRONIC CHECK,49.8,1734.2,1.636005256241787,0
8148-NLEGT,NO,FEMALE,0,YES,YES,42,YES,YES,NO,NO,NO,NO,NO,NO,NO,TWO YEAR,NO,ELECTRONIC CHECK,22.95,1014.25,0.7539421813403416,0
8148-WOCMK,NO,MALE,0,YES,YES,8,YES,NO,NO,NO,NO,NO,NO,NO,NO,TWO YEAR,NO,CREDIT CARD (AUTOMATIC),19.6,125.0,0.6438896189224704,0
8149-AIQCG,NO,MALE,0,NO,NO,39,YES,YES,FIBER OPTIC,NO,NO,NO,NO,NO,NO,MONTH-TO-MONTH,YES,CREDIT CARD (AUTOMATIC),73.15,2730.85,2.4030880420499345,0
8149-RSOUN,YES,FEMALE,0,NO,NO,1,YES,YES,FIBER OPTIC,NO,NO,NO,NO,YES,YES,MONTH-TO-MONTH,YES,ELECTRONIC CHECK,93.85,93.85,3.0831143232588696,1
8150-QUDFX,NO,MALE,0,NO,NO,2,YES,NO,NO,NO,NO,NO,NO,NO,NO,MONTH-TO-MONTH,NO,MAILED CHECK,19.85,51.6,0.6521024967148489,0
8152-UOBNY,NO,FEMALE,1,NO,NO,50,YES,YES,FIBER OPTIC,NO,YES,NO,YES,YES,YES,ONE YEAR,YES,ELECTRONIC CHECK,106.8,5347.95,3.5085413929040734,0
8152-VETUR,NO,FEMALE,0,YES,NO,72,YES,YES,FIBER OPTIC,NO,YES,NO,NO,YES,YES,TWO YEAR,YES,CREDIT CARD (AUTOMATIC),97.7,6869.7,3.209592641261498,0
8155-IBNHG,YES,FEMALE,0,YES,NO,24,YES,YES,FIBER OPTIC,NO,NO,NO,NO,NO,NO,MONTH-TO-MONTH,YES,CREDIT CARD (AUTOMATIC),75.4,1747.85,2.4770039421813403,1
8158-WPEZG,NO,MALE,0,NO,NO,11,NO,NO,DSL,NO,YES,NO,YES,NO,NO,MONTH-TO-MONTH,YES,ELECTRONIC CHECK,35.65,425.1,1.171156373193167,0
8160-HOWOX,NO,FEMALE,0,NO,NO,7,YES,NO,DSL,NO,NO,NO,NO,YES,YES,MONTH-TO-MONTH,YES,ELECTRONIC CHECK,66.85,458.1,2.196123521681997,0
8161-QYMTT,NO,MALE,0,NO,NO,7,YES,YES,FIBER OPTIC,NO,NO,NO,NO,YES,YES,MONTH-TO-MONTH,YES,ELECTRONIC CHECK,94.1,701.3,3.0913272010512483,0
8164-OCKUJ,NO,FEMALE,0,YES,YES,59,YES,NO,NO,NO,NO,NO,NO,NO,NO,TWO YEAR,NO,MAILED CHECK,20.6,1286.0,0.6767411300919842,0
8165-CBKXO,NO,MALE,0,YES,YES,66,NO,NO,DSL,NO,YES,YES,NO,YES,YES,TWO YEAR,YES,CREDIT CARD (AUTOMATIC),56.75,3708.4,1.864323258869908,0
8165-ZJRNM,NO,FEMALE,0,YES,YES,72,YES,YES,NO,NO,NO,NO,NO,NO,NO,TWO YEAR,NO,BANK TRANSFER (AUTOMATIC),23.75,1679.25,0.7802233902759527,0
8166-ORCHU,NO,MALE,1,YES,NO,33,YES,NO,FIBER OPTIC,YES,YES,NO,YES,NO,YES,ONE YEAR,YES,ELECTRONIC CHECK,93.55,3055.5,3.0732588699080154,0
8166-ZZTFS,YES,FEMALE,1,YES,NO,66,YES,YES,DSL,NO,YES,YES,NO,YES,YES,TWO YEAR,YES,BANK TRANSFER (AUTOMATIC),80.55,5265.1,2.646189224704336,1
8167-GJLRN,NO,MALE,0,NO,NO,3,NO,NO,DSL,NO,NO,NO,YES,NO,NO,MONTH-TO-MONTH,NO,ELECTRONIC CHECK,30.4,82.15,0.9986859395532194,0
8168-UQWWF,YES,FEMALE,0,NO,NO,11,YES,YES,FIBER OPTIC,NO,NO,YES,NO,YES,YES,MONTH-TO-MONTH,YES,BANK TRANSFER (AUTOMATIC),97.85,1105.4,3.2145203679369247,1
8169-SAEJD,NO,MALE,1,YES,NO,69,NO,NO,DSL,YES,YES,NO,NO,YES,YES,TWO YEAR,NO,CREDIT CARD (AUTOMATIC),56.55,3952.65,1.8577529566360051,0
8173-RXAYP,NO,FEMALE,0,YES,YES,24,YES,NO,NO,NO,NO,NO,NO,NO,NO,TWO YEAR,NO,MAILED CHECK,19.7,452.55,0.6471747700394218,0
8174-LNWMW,NO,FEMALE,0,NO,NO,31,YES,NO,NO,NO,NO,NO,NO,NO,NO,TWO YEAR,NO,CREDIT CARD (AUTOMATIC),20.9,689.35,0.6865965834428382,0
8174-TBVCF,NO,FEMALE,0,YES,NO,70,YES,YES,DSL,YES,YES,YES,YES,YES,YES,TWO YEAR,YES,CREDIT CARD (AUTOMATIC),94.8,6859.05,3.114323258869908,0
8178-EYZUO,YES,MALE,0,NO,NO,46,YES,YES,FIBER OPTIC,YES,YES,NO,NO,NO,YES,MONTH-TO-MONTH,YES,ELECTRONIC CHECK,93.7,4154.8,3.0781865965834427,1
8180-AKMJV,NO,FEMALE,0,NO,NO,1,YES,NO,DSL,NO,NO,NO,NO,NO,NO,MONTH-TO-MONTH,YES,CREDIT CARD (AUTOMATIC),44.55,44.55,1.4635348226018394,0
8181-YHCMF,NO,FEMALE,0,YES,YES,68,NO,NO,DSL,NO,YES,YES,YES,YES,YES,TWO YEAR,NO,CREDIT CARD (AUTOMATIC),60.3,4109.0,1.9809461235216819,0
8182-BJDSI,YES,FEMALE,0,NO,NO,28,YES,YES,FIBER OPTIC,NO,YES,NO,NO,NO,YES,MONTH-TO-MONTH,YES,ELECTRONIC CHECK,89.95,2625.55,2.9549934296977662,1
8182-PNAGI,YES,MALE,0,NO,NO,12,YES,NO,DSL,NO,NO,NO,YES,NO,NO,MONTH-TO-MONTH,NO,BANK TRANSFER (AUTOMATIC),50.25,593.75,1.6507884362680683,1
8183-ONMXC,YES,FEMALE,0,NO,NO,2,YES,NO,FIBER OPTIC,NO,NO,NO,NO,NO,YES,MONTH-TO-MONTH,NO,ELECTRONIC CHECK,80.75,159.45,2.652759526938239,1
8184-WMOFI,NO,MALE,0,YES,YES,62,YES,NO,DSL,YES,NO,YES,YES,NO,YES,ONE YEAR,NO,CREDIT CARD (AUTOMATIC),71.4,4487.3,2.345597897503285,0
8185-UPYBR,YES,MALE,0,YES,NO,6,YES,YES,FIBER OPTIC,NO,NO,NO,NO,NO,NO,MONTH-TO-MONTH,YES,ELECTRONIC CHECK,75.5,438.0,2.4802890932982917,1
8189-DUKMV,NO,FEMALE,0,YES,NO,4,YES,NO,NO,NO,NO,NO,NO,NO,NO,ONE YEAR,NO,BANK TRANSFER (AUTOMATIC),20.5,79.05,0.6734559789750328,0
8189-HBVRW,NO,FEMALE,0,NO,NO,53,YES,YES,FIBER OPTIC,YES,YES,YES,NO,NO,NO,MONTH-TO-MONTH,NO,ELECTRONIC CHECK,90.8,4921.2,2.9829172141918527,0
8189-XRIKE,NO,FEMALE,1,NO,NO,32,YES,NO,FIBER OPTIC,NO,NO,NO,NO,YES,YES,MONTH-TO-MONTH,NO,ELECTRONIC CHECK,90.95,2897.95,2.98784494086728,0
8190-ZTQFB,NO,MALE,0,NO,NO,41,NO,NO,DSL,NO,NO,YES,NO,YES,YES,ONE YEAR,YES,ELECTRONIC CHECK,51.35,2075.1,1.6869250985545334,0
8191-XWSZG,NO,FEMALE,0,NO,NO,52,YES,NO,NO,NO,NO,NO,NO,NO,NO,ONE YEAR,NO,MAILED CHECK,20.65,1022.95,0.6783837056504598,0
8194-PEEBY,NO,FEMALE,0,YES,YES,24,YES,NO,NO,NO,NO,NO,NO,NO,NO,ONE YEAR,NO,MAILED CHECK,19.9,533.5,0.6537450722733245,0
8197-BFWVU,NO,FEMALE,0,YES,YES,72,YES,YES,DSL,YES,YES,YES,YES,YES,YES,TWO YEAR,YES,BANK TRANSFER (AUTOMATIC),93.25,6688.95,3.0634034165571613,0
8198-RKSZG,NO,FEMALE,0,YES,YES,14,YES,YES,DSL,NO,YES,NO,YES,YES,YES,MONTH-TO-MONTH,NO,CREDIT CARD (AUTOMATIC),80.45,1137.05,2.642904073587385,0
8199-ZLLSA,YES,MALE,0,NO,NO,67,YES,YES,FIBER OPTIC,YES,YES,YES,YES,YES,YES,ONE YEAR,YES,BANK TRANSFER (AUTOMATIC),118.35,7804.15,3.8879763469119575,1
8200-KLNYW,NO,FEMALE,0,YES,NO,21,YES,NO,DSL,YES,NO,YES,YES,YES,YES,ONE YEAR,NO,MAILED CHECK,80.9,1714.95,2.657687253613666,0
8200-LGKSR,NO,MALE,0,YES,NO,71,YES,YES,DSL,YES,NO,YES,YES,YES,YES,TWO YEAR,NO,ELECTRONIC CHECK,83.2,6126.1,2.733245729303548,0
8201-AAXCB,NO,MALE,0,YES,YES,25,YES,YES,DSL,NO,NO,NO,NO,YES,NO,MONTH-TO-MONTH,NO,ELECTRONIC CHECK,60.35,1404.65,1.9825886990801576,0
8203-XJZRC,NO,MALE,0,NO,NO,1,YES,NO,NO,NO,NO,NO,NO,NO,NO,MONTH-TO-MONTH,NO,MAILED CHECK,20.25,20.25,0.6652431011826544,0
8204-TIFGJ,NO,FEMALE,0,NO,NO,23,YES,NO,NO,NO,NO,NO,NO,NO,NO,MONTH-TO-MONTH,YES,BANK TRANSFER (AUTOMATIC),20.3,470.6,0.6668856767411301,0
8204-YJCLA,NO,MALE,1,YES,YES,72,NO,NO,DSL,YES,YES,YES,YES,YES,YES,TWO YEAR,YES,BANK TRANSFER (AUTOMATIC),64.8,4732.35,2.1287779237844937,0
8205-MQUGY,NO,MALE,0,YES,YES,12,YES,NO,DSL,YES,NO,NO,NO,NO,NO,MONTH-TO-MONTH,YES,ELECTRONIC CHECK,49.2,571.15,1.6162943495400788,0
8205-OTCHB,YES,MALE,0,NO,NO,22,NO,NO,DSL,NO,YES,YES,NO,NO,YES,ONE YEAR,YES,BANK TRANSFER (AUTOMATIC),43.75,903.6,1.4372536136662286,1
8205-VSLRB,NO,MALE,0,YES,NO,70,YES,YES,DSL,YES,NO,YES,YES,NO,YES,TWO YEAR,NO,CREDIT CARD (AUTOMATIC),77.3,5498.2,2.5394218134034166,0
8207-DMRVL,NO,MALE,0,YES,YES,72,YES,YES,FIBER OPTIC,YES,YES,YES,YES,YES,YES,TWO YEAR,NO,BANK TRANSFER (AUTOMATIC),114.55,8306.05,3.763140604467805,0
8207-VVMYB,NO,FEMALE,0,YES,NO,70,YES,YES,NO,NO,NO,NO,NO,NO,NO,TWO YEAR,YES,BANK TRANSFER (AUTOMATIC),26.0,2006.95,0.8541392904073587,0
8208-EUMTE,NO,MALE,0,NO,NO,16,NO,NO,DSL,YES,YES,YES,YES,YES,NO,TWO YEAR,NO,MAILED CHECK,54.85,916.15,1.8019053876478317,0
8212-CRQXP,NO,FEMALE,0,YES,NO,22,YES,NO,FIBER OPTIC,NO,NO,NO,NO,YES,NO,MONTH-TO-MONTH,YES,CREDIT CARD (AUTOMATIC),80.0,1706.45,2.628120893561104,0
8212-DJRCH,NO,MALE,0,YES,YES,5,YES,NO,FIBER OPTIC,YES,NO,YES,NO,NO,YES,MONTH-TO-MONTH,YES,MAILED CHECK,90.35,434.5,2.9681340341655713,0
8213-TAZPM,NO,FEMALE,0,YES,YES,69,YES,YES,FIBER OPTIC,NO,YES,YES,YES,YES,YES,ONE YEAR,YES,BANK TRANSFER (AUTOMATIC),108.75,7493.05,3.5726018396846255,0
8215-NGSPE,NO,FEMALE,0,YES,YES,42,YES,NO,NO,NO,NO,NO,NO,NO,NO,TWO YEAR,NO,MAILED CHECK,20.0,833.55,0.657030223390276,0
8216-AZUUZ,NO,FEMALE,0,YES,YES,42,YES,NO,FIBER OPTIC,NO,NO,YES,YES,YES,YES,TWO YEAR,YES,ELECTRONIC CHECK,100.4,4303.65,3.298291721419185,0
8217-QYOHV,NO,MALE,0,NO,NO,5,YES,NO,DSL,YES,NO,NO,YES,NO,NO,MONTH-TO-MONTH,YES,MAILED CHECK,55.75,266.95,1.8314717477003941,0
8218-FFJDS,NO,FEMALE,0,YES,NO,72,YES,YES,DSL,YES,YES,NO,YES,YES,YES,TWO YEAR,YES,BANK TRANSFER (AUTOMATIC),86.4,6058.95,2.838370565045992,0
8219-VYBVI,NO,MALE,0,NO,YES,39,YES,YES,NO,NO,NO,NO,NO,NO,NO,TWO YEAR,NO,MAILED CHECK,25.0,1004.35,0.8212877792378449,0
8220-OCUFY,NO,FEMALE,0,NO,NO,21,YES,NO,DSL,YES,NO,YES,YES,NO,NO,ONE YEAR,YES,ELECTRONIC CHECK,60.25,1258.35,1.9793035479632062,0
8221-EQDGL,NO,MALE,0,YES,NO,35,YES,NO,DSL,YES,YES,YES,NO,NO,NO,MONTH-TO-MONTH,NO,MAILED CHECK,61.0,2130.45,2.0039421813403417,0
8221-HVAYI,NO,MALE,0,YES,YES,35,YES,YES,DSL,YES,YES,YES,YES,NO,NO,TWO YEAR,YES,CREDIT CARD (AUTOMATIC),69.15,2490.15,2.2716819973718794,0
8224-DWCKX,NO,MALE,1,NO,NO,12,YES,YES,FIBER OPTIC,NO,NO,NO,NO,NO,NO,MONTH-TO-MONTH,YES,CREDIT CARD (AUTOMATIC),73.3,828.05,2.4080157687253614,0
8224-IVVPA,NO,FEMALE,0,NO,NO,27,YES,NO,DSL,YES,YES,NO,NO,NO,NO,MONTH-TO-MONTH,YES,MAILED CHECK,56.7,1652.95,1.8626806833114324,0
8224-KDLKN,NO,MALE,0,YES,YES,72,YES,YES,NO,NO,NO,NO,NO,NO,NO,TWO YEAR,NO,BANK TRANSFER (AUTOMATIC),25.0,1738.9,0.8212877792378449,0
8224-UAXBZ,NO,FEMALE,0,YES,NO,58,NO,NO,DSL,YES,YES,NO,NO,YES,NO,ONE YEAR,YES,ELECTRONIC CHECK,45.35,2540.1,1.4898160315374507,0
8225-BTJAU,YES,MALE,1,NO,NO,10,YES,NO,FIBER OPTIC,NO,NO,NO,NO,NO,YES,MONTH-TO-MONTH,YES,ELECTRONIC CHECK,79.25,793.55,2.6034822601839682,1
8226-BXGES,NO,MALE,0,YES,NO,64,YES,YES,FIBER OPTIC,YES,YES,YES,NO,NO,NO,ONE YEAR,NO,BANK TRANSFER (AUTOMATIC),89.45,5692.65,2.9385676741130093,0
8229-BUJHX,NO,FEMALE,0,YES,YES,71,YES,NO,NO,NO,NO,NO,NO,NO,NO,TWO YEAR,NO,BANK TRANSFER (AUTOMATIC),20.5,1500.95,0.6734559789750328,0
8229-MYEJZ,NO,FEMALE,0,NO,NO,10,YES,NO,DSL,NO,YES,NO,NO,NO,NO,MONTH-TO-MONTH,NO,ELECTRONIC CHECK,51.2,498.25,1.6819973718791064,0
8229-TNIQA,YES,FEMALE,0,NO,NO,4,YES,NO,DSL,NO,NO,NO,NO,NO,NO,MONTH-TO-MONTH,YES,MAILED CHECK,45.3,196.95,1.4881734559789748,1
8231-BSWXX,NO,MALE,0,NO,NO,71,YES,YES,FIBER OPTIC,NO,YES,NO,NO,NO,NO,ONE YEAR,YES,CREDIT CARD (AUTOMATIC),79.05,5552.5,2.5969119579500655,0
8232-CTLKO,NO,FEMALE,0,YES,YES,66,YES,NO,DSL,YES,NO,NO,NO,YES,NO,TWO YEAR,YES,ELECTRONIC CHECK,59.75,3996.8,1.9628777923784493,0
8232-UTFOZ,NO,MALE,0,NO,NO,69,YES,NO,NO,NO,NO,NO,NO,NO,NO,TWO YEAR,NO,CREDIT CARD (AUTOMATIC),19.95,1399.35,0.6553876478318003,0
8234-GSZYK,NO,MALE,0,NO,NO,43,YES,YES,NO,NO,NO,NO,NO,NO,NO,TWO YEAR,NO,BANK TRANSFER (AUTOMATIC),26.45,1110.05,0.8689224704336399,0
8237-ULIXL,NO,FEMALE,0,YES,NO,72,YES,YES,NO,NO,NO,NO,NO,NO,NO,TWO YEAR,NO,CREDIT CARD (AUTOMATIC),24.85,1871.85,0.8163600525624178,0
8241-JUIQO,NO,FEMALE,0,NO,NO,61,YES,NO,NO,NO,NO,NO,NO,NO,NO,ONE YEAR,NO,BANK TRANSFER (AUTOMATIC),19.45,1336.35,0.6389618922470434,0
8242-JSVBO,NO,MALE,0,NO,NO,7,YES,NO,DSL,NO,NO,NO,NO,NO,NO,MONTH-TO-MONTH,YES,BANK TRANSFER (AUTOMATIC),44.65,322.5,1.466819973718791,0
8242-PDSGJ,NO,MALE,0,YES,NO,70,NO,NO,DSL,YES,NO,YES,YES,NO,NO,TWO YEAR,YES,CREDIT CARD (AUTOMATIC),39.15,2692.75,1.2861366622864652,0
8242-SOQUO,NO,FEMALE,1,NO,NO,5,YES,NO,FIBER OPTIC,NO,YES,NO,NO,YES,NO,MONTH-TO-MONTH,YES,ELECTRONIC CHECK,84.7,392.5,2.7825229960578186,0
8245-UMPYT,YES,FEMALE,1,NO,NO,16,YES,YES,FIBER OPTIC,NO,NO,NO,NO,YES,YES,MONTH-TO-MONTH,YES,ELECTRONIC CHECK,96.4,1581.2,3.16688567674113,1
8246-SHFGA,NO,MALE,0,NO,NO,17,YES,NO,NO,NO,NO,NO,NO,NO,NO,MONTH-TO-MONTH,NO,CREDIT CARD (AUTOMATIC),21.1,385.55,0.6931668856767411,0
8249-THVEC,NO,MALE,0,YES,YES,51,YES,NO,NO,NO,NO,NO,NO,NO,NO,ONE YEAR,NO,MAILED CHECK,19.4,997.75,0.6373193166885676,0
8250-ZNGGW,NO,FEMALE,1,NO,NO,5,YES,NO,DSL,YES,YES,NO,YES,NO,NO,MONTH-TO-MONTH,NO,CREDIT CARD (AUTOMATIC),59.9,287.85,1.9678055190538764,0
8257-RZAHR,YES,FEMALE,0,YES,NO,14,YES,YES,DSL,YES,NO,NO,NO,YES,NO,MONTH-TO-MONTH,YES,BANK TRANSFER (AUTOMATIC),64.7,941.0,2.1254927726675428,1
8258-GSTJK,YES,MALE,1,NO,NO,3,YES,YES,FIBER OPTIC,NO,NO,NO,NO,NO,NO,MONTH-TO-MONTH,YES,ELECTRONIC CHECK,77.0,237.75,2.5295663600525624,1
8259-DZLIZ,NO,FEMALE,0,YES,YES,64,YES,YES,DSL,NO,YES,NO,NO,NO,NO,ONE YEAR,YES,BANK TRANSFER (AUTOMATIC),53.85,3399.85,1.769053876478318,0
8259-NFJTV,NO,FEMALE,0,YES,YES,7,NO,NO,DSL,YES,NO,NO,YES,NO,NO,MONTH-TO-MONTH,NO,MAILED CHECK,34.65,246.6,1.1383048620236529,0
8260-NGFNY,YES,FEMALE,0,NO,NO,1,NO,NO,DSL,NO,NO,NO,NO,NO,NO,MONTH-TO-MONTH,NO,MAILED CHECK,25.2,25.2,0.8278580814717477,1
8261-GWDBQ,NO,FEMALE,1,YES,NO,60,YES,YES,FIBER OPTIC,YES,YES,YES,YES,YES,YES,TWO YEAR,YES,BANK TRANSFER (AUTOMATIC),116.05,6925.9,3.8124178712220758,0
8262-COGGB,NO,MALE,0,NO,NO,1,YES,NO,NO,NO,NO,NO,NO,NO,NO,MONTH-TO-MONTH,YES,MAILED CHECK,20.45,20.45,0.6718134034165572,0
8263-JQAIK,YES,MALE,1,NO,NO,2,NO,NO,DSL,NO,NO,NO,NO,NO,NO,MONTH-TO-MONTH,YES,MAILED CHECK,24.45,47.5,0.8032194480946123,1
8263-OKETD,NO,FEMALE,0,NO,NO,20,YES,YES,DSL,NO,YES,NO,YES,NO,YES,MONTH-TO-MONTH,YES,CREDIT CARD (AUTOMATIC),68.9,1370.35,2.2634691195795007,0
8263-QMNTJ,NO,MALE,0,YES,NO,72,YES,YES,FIBER OPTIC,YES,YES,YES,YES,YES,YES,TWO YEAR,YES,ELECTRONIC CHECK,115.55,8425.3,3.795992115637319,0
8265-HKSOW,NO,FEMALE,0,YES,YES,72,YES,YES,FIBER OPTIC,YES,YES,YES,YES,NO,YES,TWO YEAR,NO,CREDIT CARD (AUTOMATIC),107.45,7658.3,3.5298948751642576,0
8266-VBFQL,NO,MALE,0,NO,NO,4,YES,NO,FIBER OPTIC,NO,NO,YES,YES,NO,YES,MONTH-TO-MONTH,YES,ELECTRONIC CHECK,90.4,356.65,2.9697766097240472,0
8267-KFGYD,NO,MALE,0,NO,YES,1,YES,NO,NO,NO,NO,NO,NO,NO,NO,MONTH-TO-MONTH,YES,MAILED CHECK,21.05,21.05,0.6915243101182654,0
8267-ZNYVZ,YES,FEMALE,0,YES,NO,33,YES,NO,FIBER OPTIC,YES,NO,YES,YES,YES,YES,ONE YEAR,YES,ELECTRONIC CHECK,103.75,3361.05,3.4083442838370566,1
8268-YDIXR,NO,MALE,0,YES,NO,56,YES,YES,FIBER OPTIC,YES,YES,YES,NO,NO,NO,ONE YEAR,YES,ELECTRONIC CHECK,93.15,5253.95,3.0601182654402104,0
8270-RKSAP,NO,MALE,0,NO,NO,9,YES,NO,FIBER OPTIC,NO,NO,NO,NO,NO,NO,MONTH-TO-MONTH,YES,ELECTRONIC CHECK,70.5,597.9,2.3160315374507228,0
8272-ONJLV,NO,MALE,0,NO,NO,12,YES,NO,FIBER OPTIC,NO,NO,YES,NO,YES,YES,ONE YEAR,NO,ELECTRONIC CHECK,95.7,1184.0,3.1438896189224703,0
8276-MQBYC,YES,MALE,1,NO,NO,51,YES,YES,FIBER OPTIC,NO,NO,YES,NO,YES,YES,MONTH-TO-MONTH,YES,ELECTRONIC CHECK,97.8,4913.3,3.2128777923784493,1
8277-RVRSV,NO,FEMALE,0,YES,YES,33,YES,YES,NO,NO,NO,NO,NO,NO,NO,ONE YEAR,NO,CREDIT CARD (AUTOMATIC),24.15,800.3,0.7933639947437582,0
8280-MQRQN,YES,FEMALE,0,NO,NO,1,YES,NO,DSL,NO,NO,YES,NO,NO,NO,MONTH-TO-MONTH,YES,MAILED CHECK,50.45,50.45,1.657358738501971,1
8285-ABVLB,NO,FEMALE,0,YES,NO,70,YES,NO,NO,NO,NO,NO,NO,NO,NO,TWO YEAR,NO,CREDIT CARD (AUTOMATIC),19.85,1328.35,0.6521024967148489,0
8286-AFUYI,NO,MALE,0,NO,NO,1,YES,NO,DSL,YES,NO,NO,NO,NO,NO,MONTH-TO-MONTH,NO,ELECTRONIC CHECK,47.95,47.95,1.5752299605781865,0
8290-YWKHZ,YES,FEMALE,1,YES,NO,32,YES,YES,FIBER OPTIC,NO,NO,NO,NO,YES,YES,MONTH-TO-MONTH,YES,ELECTRONIC CHECK,93.2,2931.0,3.061760840998686,1
8292-FRFZQ,NO,FEMALE,0,NO,NO,39,NO,NO,DSL,YES,YES,NO,YES,NO,NO,ONE YEAR,NO,BANK TRANSFER (AUTOMATIC),41.15,1700.9,1.3518396846254928,0
8292-ITGYJ,NO,FEMALE,0,YES,YES,45,YES,YES,NO,NO,NO,NO,NO,NO,NO,TWO YEAR,YES,BANK TRANSFER (AUTOMATIC),24.65,1138.8,0.8097897503285151,0
8292-TYSPY,YES,MALE,0,NO,NO,19,YES,NO,DSL,NO,NO,YES,YES,NO,NO,MONTH-TO-MONTH,YES,CREDIT CARD (AUTOMATIC),55.0,1046.5,1.8068331143232588,1
8294-UIMBA,NO,FEMALE,0,NO,NO,30,YES,NO,FIBER OPTIC,NO,NO,NO,YES,YES,YES,ONE YEAR,YES,BANK TRANSFER (AUTOMATIC),94.4,2638.1,3.1011826544021024,0
8295-FHIVV,NO,MALE,0,NO,NO,7,YES,NO,NO,NO,NO,NO,NO,NO,NO,MONTH-TO-MONTH,YES,MAILED CHECK,19.4,168.65,0.6373193166885676,0
8295-KMENE,NO,FEMALE,0,YES,YES,59,YES,YES,DSL,YES,NO,YES,YES,YES,NO,TWO YEAR,YES,MAILED CHECK,76.45,4519.5,2.5114980289093296,0
8305-VHZBZ,YES,MALE,0,NO,NO,1,YES,NO,NO,NO,NO,NO,NO,NO,NO,MONTH-TO-MONTH,YES,MAILED CHECK,20.2,20.2,0.6636005256241787,1
8309-IEYJD,NO,FEMALE,1,NO,NO,1,YES,NO,FIBER OPTIC,NO,NO,NO,NO,NO,NO,MONTH-TO-MONTH,YES,MAILED CHECK,70.6,70.6,2.3193166885676737,0
8309-PPCED,NO,FEMALE,0,YES,NO,72,YES,YES,FIBER OPTIC,NO,YES,YES,YES,YES,YES,TWO YEAR,YES,BANK TRANSFER (AUTOMATIC),110.45,7982.5,3.628449408672799,0
8311-UEUAB,NO,FEMALE,0,YES,YES,67,YES,YES,DSL,YES,NO,NO,NO,YES,YES,TWO YEAR,YES,ELECTRONIC CHECK,75.5,5229.45,2.4802890932982917,0
8313-AFGBW,NO,MALE,0,YES,NO,47,YES,NO,DSL,NO,YES,YES,NO,YES,YES,TWO YEAR,NO,ELECTRONIC CHECK,73.6,3522.65,2.417871222076215,0
8313-KTIHG,NO,MALE,0,NO,NO,4,YES,NO,DSL,NO,NO,NO,YES,YES,NO,MONTH-TO-MONTH,YES,ELECTRONIC CHECK,61.3,249.4,2.0137976346911954,0
8313-NDOIA,NO,FEMALE,0,NO,NO,24,YES,YES,FIBER OPTIC,NO,YES,YES,NO,YES,YES,MONTH-TO-MONTH,YES,ELECTRONIC CHECK,104.15,2494.65,3.421484888304862,0
8314-DPQHL,NO,MALE,0,NO,NO,9,NO,NO,DSL,YES,NO,YES,YES,NO,YES,ONE YEAR,NO,MAILED CHECK,50.8,463.6,1.6688567674113008,0
8314-HTWVE,NO,FEMALE,0,YES,YES,7,YES,NO,NO,NO,NO,NO,NO,NO,NO,TWO YEAR,NO,MAILED CHECK,19.85,144.15,0.6521024967148489,0
8316-BBQAY,NO,FEMALE,0,NO,NO,65,NO,NO,DSL,YES,NO,YES,YES,YES,YES,TWO YEAR,NO,CREDIT CARD (AUTOMATIC),59.95,3921.1,1.9694480946123523,0
8317-BVKSO,NO,MALE,0,NO,NO,14,YES,NO,NO,NO,NO,NO,NO,NO,NO,MONTH-TO-MONTH,YES,ELECTRONIC CHECK,20.05,299.3,0.6586727989487516,0
8318-LCNBW,NO,MALE,0,YES,NO,35,NO,NO,DSL,YES,NO,YES,NO,YES,YES,ONE YEAR,NO,CREDIT CARD (AUTOMATIC),53.15,1930.9,1.7460578186596583,0
8319-QBEHW,NO,MALE,0,NO,YES,26,NO,NO,DSL,NO,YES,NO,NO,YES,NO,ONE YEAR,YES,BANK TRANSFER (AUTOMATIC),39.95,1023.75,1.3124178712220762,0
8325-QRPZR,NO,FEMALE,0,NO,NO,7,YES,NO,FIBER OPTIC,NO,NO,YES,NO,NO,NO,MONTH-TO-MONTH,YES,ELECTRONIC CHECK,75.15,525.0,2.468791064388962,0
8327-LZKAS,YES,FEMALE,1,YES,NO,43,YES,YES,FIBER OPTIC,NO,NO,YES,YES,YES,YES,ONE YEAR,YES,ELECTRONIC CHECK,107.55,4533.9,3.5331800262812085,1
8327-WKMIE,NO,MALE,0,NO,NO,37,YES,NO,NO,NO,NO,NO,NO,NO,NO,ONE YEAR,NO,CREDIT CARD (AUTOMATIC),20.15,785.75,0.6619579500657029,0
8328-SKJNO,NO,MALE,0,NO,YES,23,NO,NO,DSL,YES,YES,NO,YES,NO,NO,ONE YEAR,NO,BANK TRANSFER (AUTOMATIC),40.65,947.4,1.3354139290407359,0
8329-GWVPJ,NO,FEMALE,0,YES,YES,50,YES,NO,FIBER OPTIC,NO,NO,NO,NO,NO,NO,MONTH-TO-MONTH,YES,BANK TRANSFER (AUTOMATIC),69.75,3557.7,2.291392904073587,0
8329-IBCTI,YES,FEMALE,0,NO,NO,1,YES,NO,NO,NO,NO,NO,NO,NO,NO,MONTH-TO-MONTH,NO,MAILED CHECK,19.65,19.65,0.645532194480946,1
8329-UTMVM,NO,MALE,1,NO,NO,27,YES,YES,FIBER OPTIC,NO,YES,NO,YES,YES,YES,ONE YEAR,YES,BANK TRANSFER (AUTOMATIC),104.65,2964.0,3.437910643889619,0
8331-ZXFOE,NO,FEMALE,0,NO,NO,58,YES,YES,DSL,YES,YES,YES,YES,NO,NO,ONE YEAR,YES,CREDIT CARD (AUTOMATIC),71.1,4299.2,2.3357424441524306,0
8332-OSJDW,NO,MALE,0,YES,YES,12,YES,YES,NO,NO,NO,NO,NO,NO,NO,ONE YEAR,NO,MAILED CHECK,26.4,314.95,0.8672798948751642,0
8336-TAVKX,NO,FEMALE,1,YES,NO,72,YES,YES,DSL,YES,YES,YES,YES,NO,YES,TWO YEAR,NO,BANK TRANSFER (AUTOMATIC),78.45,5682.25,2.577201051248357,0
8337-MSSXB,YES,FEMALE,0,NO,NO,14,YES,NO,FIBER OPTIC,NO,YES,NO,NO,NO,YES,MONTH-TO-MONTH,YES,ELECTRONIC CHECK,86.3,1180.95,2.8350854139290407,1
8337-UPOAQ,YES,MALE,1,YES,NO,10,YES,YES,FIBER OPTIC,NO,NO,YES,NO,NO,YES,MONTH-TO-MONTH,YES,ELECTRONIC CHECK,89.8,914.3,2.950065703022339,1
8338-QIUNR,NO,MALE,0,YES,YES,72,YES,YES,DSL,YES,NO,YES,YES,NO,NO,TWO YEAR,YES,CREDIT CARD (AUTOMATIC),66.5,4811.6,2.1846254927726676,0
8344-WFMFH,NO,MALE,0,NO,YES,9,YES,NO,DSL,NO,YES,NO,NO,NO,NO,MONTH-TO-MONTH,YES,ELECTRONIC CHECK,50.1,484.05,1.6458607095926412,0
8345-MVDYC,NO,FEMALE,0,NO,NO,45,YES,NO,DSL,YES,NO,YES,YES,YES,YES,TWO YEAR,NO,BANK TRANSFER (AUTOMATIC),81.65,3618.7,2.6823258869908018,0
8347-GDTMP,NO,FEMALE,0,YES,NO,64,YES,NO,NO,NO,NO,NO,NO,NO,NO,TWO YEAR,NO,CREDIT CARD (AUTOMATIC),19.45,1225.65,0.6389618922470434,0
8348-HFYIV,YES,MALE,0,NO,NO,2,NO,NO,DSL,NO,NO,YES,NO,YES,YES,MONTH-TO-MONTH,YES,ELECTRONIC CHECK,49.25,90.35,1.6179369250985545,1
8348-JLBUG,NO,MALE,1,YES,NO,64,YES,NO,FIBER OPTIC,YES,NO,YES,NO,NO,NO,ONE YEAR,NO,CREDIT CARD (AUTOMATIC),80.3,5017.7,2.637976346911958,0
8350-NYMVI,NO,FEMALE,0,NO,NO,39,NO,NO,DSL,NO,YES,YES,YES,NO,NO,MONTH-TO-MONTH,NO,BANK TRANSFER (AUTOMATIC),41.1,1597.05,1.350197109067017,0
8356-WUAOJ,NO,FEMALE,0,YES,NO,1,YES,NO,DSL,NO,NO,NO,NO,NO,NO,MONTH-TO-MONTH,YES,ELECTRONIC CHECK,45.0,45.0,1.4783180026281209,0
8357-EQXFO,YES,FEMALE,0,NO,NO,7,YES,NO,FIBER OPTIC,NO,NO,YES,NO,YES,YES,MONTH-TO-MONTH,YES,ELECTRONIC CHECK,95.35,660.9,3.1323915900131403,1
8361-LBRDI,NO,FEMALE,0,NO,NO,58,YES,YES,NO,NO,NO,NO,NO,NO,NO,TWO YEAR,NO,CREDIT CARD (AUTOMATIC),24.35,1423.85,0.7999342969776609,0
8361-LTMKD,YES,MALE,1,YES,NO,4,YES,YES,FIBER OPTIC,NO,NO,NO,NO,NO,NO,MONTH-TO-MONTH,YES,MAILED CHECK,74.4,306.6,2.4441524310118266,1
8364-TRMMK,YES,FEMALE,0,NO,NO,3,YES,YES,DSL,NO,NO,NO,NO,NO,NO,MONTH-TO-MONTH,YES,MAILED CHECK,50.65,151.3,1.6639290407358738,1
8372-JUXUI,YES,MALE,0,NO,YES,1,YES,YES,FIBER OPTIC,NO,NO,NO,NO,NO,NO,MONTH-TO-MONTH,YES,ELECTRONIC CHECK,74.35,74.35,2.4425098554533506,1
8374-UULRV,NO,MALE,0,NO,NO,72,YES,YES,DSL,YES,YES,NO,YES,YES,YES,TWO YEAR,NO,CREDIT CARD (AUTOMATIC),86.05,6309.65,2.826872536136662,0
8374-XGEJJ,YES,MALE,1,YES,NO,43,YES,YES,FIBER OPTIC,NO,YES,NO,NO,YES,YES,MONTH-TO-MONTH,YES,ELECTRONIC CHECK,101.0,4388.4,3.3180026281208934,1
8375-DKEBR,YES,FEMALE,1,NO,NO,1,YES,NO,FIBER OPTIC,NO,NO,NO,NO,NO,NO,MONTH-TO-MONTH,YES,ELECTRONIC CHECK,69.6,69.6,2.28646517739816,1
8375-KVTHK,NO,MALE,0,YES,NO,68,YES,NO,FIBER OPTIC,NO,YES,NO,YES,YES,YES,ONE YEAR,YES,ELECTRONIC CHECK,100.3,6754.35,3.2950065703022338,0
8378-LKJAF,NO,MALE,0,YES,YES,38,YES,YES,FIBER OPTIC,NO,NO,YES,NO,YES,YES,MONTH-TO-MONTH,YES,CREDIT CARD (AUTOMATIC),101.15,3956.7,3.3229303547963207,0
8380-MQINP,NO,FEMALE,0,YES,YES,55,YES,NO,NO,NO,NO,NO,NO,NO,NO,TWO YEAR,NO,MAILED CHECK,20.3,1079.05,0.6668856767411301,0
8380-PEFPE,YES,MALE,0,NO,YES,1,YES,NO,FIBER OPTIC,NO,NO,NO,NO,NO,NO,MONTH-TO-MONTH,YES,ELECTRONIC CHECK,71.65,71.65,2.353810775295664,1
8382-SHQEH,YES,FEMALE,0,YES,NO,8,YES,YES,FIBER OPTIC,NO,NO,NO,NO,NO,YES,MONTH-TO-MONTH,YES,ELECTRONIC CHECK,84.9,764.95,2.7890932982917214,1
8383-SGHJU,NO,FEMALE,0,NO,NO,33,YES,YES,DSL,YES,NO,NO,YES,NO,NO,ONE YEAR,NO,ELECTRONIC CHECK,59.4,1952.8,1.9513797634691195,0
8384-FZBJK,NO,FEMALE,0,YES,YES,57,YES,YES,FIBER OPTIC,NO,YES,NO,NO,YES,YES,MONTH-TO-MONTH,YES,ELECTRONIC CHECK,100.6,5611.7,3.304862023653088,0
8387-MOJJT,YES,FEMALE,0,YES,YES,42,YES,NO,FIBER OPTIC,NO,NO,NO,NO,YES,NO,MONTH-TO-MONTH,YES,CREDIT CARD (AUTOMATIC),77.95,3384.0,2.5607752956636003,1
8387-UGUSU,NO,FEMALE,0,YES,YES,15,YES,NO,NO,NO,NO,NO,NO,NO,NO,MONTH-TO-MONTH,NO,MAILED CHECK,20.05,284.3,0.6586727989487516,0
8388-DMKAE,NO,FEMALE,0,NO,NO,8,YES,NO,NO,NO,NO,NO,NO,NO,NO,TWO YEAR,NO,MAILED CHECK,20.25,174.65,0.6652431011826544,0
8388-FYNPZ,NO,MALE,0,NO,NO,4,YES,NO,DSL,YES,NO,YES,NO,NO,NO,MONTH-TO-MONTH,NO,ELECTRONIC CHECK,56.75,245.15,1.864323258869908,0
8390-FESFV,NO,FEMALE,0,NO,NO,62,YES,YES,DSL,NO,YES,YES,YES,YES,YES,TWO YEAR,NO,BANK TRANSFER (AUTOMATIC),84.5,5193.2,2.775952693823916,0
8393-DLHGA,YES,MALE,0,NO,YES,25,YES,NO,FIBER OPTIC,NO,YES,NO,NO,YES,YES,MONTH-TO-MONTH,YES,ELECTRONIC CHECK,95.9,2448.75,3.150459921156373,1
8393-JMVMB,NO,MALE,0,NO,NO,1,YES,NO,NO,NO,NO,NO,NO,NO,NO,MONTH-TO-MONTH,NO,MAILED CHECK,19.45,19.45,0.6389618922470434,0
8395-ETZKQ,NO,MALE,1,YES,YES,68,YES,NO,NO,NO,NO,NO,NO,NO,NO,ONE YEAR,NO,BANK TRANSFER (AUTOMATIC),19.5,1193.55,0.640604467805519,0
8397-MVTAZ,YES,MALE,0,YES,NO,34,YES,YES,FIBER OPTIC,NO,NO,YES,NO,YES,YES,MONTH-TO-MONTH,YES,ELECTRONIC CHECK,100.05,3480.0,3.286793692509855,1
8398-TBIYD,NO,FEMALE,0,NO,NO,72,YES,YES,FIBER OPTIC,YES,NO,NO,YES,NO,NO,TWO YEAR,YES,BANK TRANSFER (AUTOMATIC),84.7,6185.15,2.7825229960578186,0
8399-YNDCH,YES,MALE,1,NO,NO,21,YES,NO,DSL,NO,NO,YES,NO,YES,NO,MONTH-TO-MONTH,YES,BANK TRANSFER (AUTOMATIC),60.05,1236.15,1.9727332457293034,1
8400-WZICQ,NO,FEMALE,0,YES,YES,55,YES,NO,DSL,YES,YES,NO,NO,NO,NO,MONTH-TO-MONTH,NO,ELECTRONIC CHECK,55.7,3131.8,1.8298291721419186,0
8401-EMUWF,NO,MALE,0,YES,YES,42,YES,YES,DSL,YES,YES,NO,NO,YES,NO,MONTH-TO-MONTH,YES,BANK TRANSFER (AUTOMATIC),69.4,3058.3,2.2798948751642576,0
8402-EIVQS,NO,MALE,0,YES,NO,67,YES,NO,FIBER OPTIC,YES,YES,NO,NO,YES,YES,ONE YEAR,YES,CREDIT CARD (AUTOMATIC),100.9,6733.15,3.314717477003942,0
8402-OOOHJ,NO,FEMALE,0,NO,NO,41,YES,NO,NO,NO,NO,NO,NO,NO,NO,TWO YEAR,NO,MAILED CHECK,20.65,835.15,0.6783837056504598,0
8404-FYDIB,NO,MALE,0,NO,NO,26,YES,YES,FIBER OPTIC,YES,YES,NO,NO,NO,NO,MONTH-TO-MONTH,YES,CREDIT CARD (AUTOMATIC),86.65,2208.75,2.8465834428383707,0
8404-GFGCZ,NO,MALE,0,YES,NO,4,YES,YES,DSL,NO,NO,YES,NO,YES,NO,MONTH-TO-MONTH,NO,ELECTRONIC CHECK,65.6,250.1,2.1550591327201047,0
8404-VIOMB,NO,FEMALE,0,NO,NO,66,NO,NO,DSL,YES,YES,YES,YES,YES,YES,TWO YEAR,YES,BANK TRANSFER (AUTOMATIC),62.5,4136.4,2.0532194480946124,0
8404-VLQFB,NO,FEMALE,0,YES,YES,15,YES,YES,NO,NO,NO,NO,NO,NO,NO,MONTH-TO-MONTH,YES,ELECTRONIC CHECK,25.25,394.85,0.8295006570302234,0
8405-IGQFX,NO,FEMALE,0,NO,NO,63,YES,NO,FIBER OPTIC,NO,NO,YES,YES,YES,NO,ONE YEAR,YES,CREDIT CARD (AUTOMATIC),90.05,5817.0,2.958278580814717,0
8406-LNMHF,NO,MALE,1,YES,NO,59,YES,NO,FIBER OPTIC,YES,YES,YES,NO,NO,NO,ONE YEAR,YES,CREDIT CARD (AUTOMATIC),82.95,4903.15,2.7250328515111697,0
8409-WQJUX,NO,FEMALE,0,NO,NO,25,NO,NO,DSL,NO,NO,YES,YES,YES,YES,ONE YEAR,NO,ELECTRONIC CHECK,54.2,1423.15,1.780551905387648,0
8410-BGQXN,NO,MALE,0,NO,NO,4,YES,NO,NO,NO,NO,NO,NO,NO,NO,MONTH-TO-MONTH,NO,MAILED CHECK,19.4,93.4,0.6373193166885676,0
8413-VONUO,YES,MALE,0,NO,NO,2,YES,NO,FIBER OPTIC,NO,YES,NO,NO,YES,YES,MONTH-TO-MONTH,NO,ELECTRONIC CHECK,95.65,167.3,3.142247043363995,1
8413-YNHNV,NO,MALE,0,NO,NO,69,YES,YES,DSL,YES,YES,YES,YES,YES,YES,TWO YEAR,NO,MAILED CHECK,90.65,6322.1,2.977989487516426,0
8414-MYSHR,YES,MALE,1,NO,NO,5,YES,NO,FIBER OPTIC,NO,NO,NO,NO,YES,YES,MONTH-TO-MONTH,YES,ELECTRONIC CHECK,91.4,449.75,3.002628120893561,1
8414-OOEEL,NO,MALE,0,NO,YES,66,YES,NO,DSL,NO,YES,YES,YES,YES,YES,TWO YEAR,YES,CREDIT CARD (AUTOMATIC),79.5,5196.1,2.611695137976347,0
8417-FMLZI,YES,MALE,0,YES,YES,6,YES,NO,FIBER OPTIC,NO,YES,NO,NO,NO,YES,MONTH-TO-MONTH,YES,CREDIT CARD (AUTOMATIC),83.55,477.55,2.7447437582128775,1
8417-GSODA,NO,MALE,0,YES,YES,28,YES,YES,FIBER OPTIC,NO,NO,NO,NO,YES,YES,ONE YEAR,NO,BANK TRANSFER (AUTOMATIC),92.2,2568.15,3.028909329829172,0
8421-WZOOW,NO,FEMALE,1,YES,YES,57,YES,NO,FIBER OPTIC,NO,YES,YES,YES,YES,NO,MONTH-TO-MONTH,YES,CREDIT CARD (AUTOMATIC),95.3,5567.45,3.130749014454665,0
8429-XIBUM,YES,MALE,0,NO,NO,22,YES,YES,FIBER OPTIC,YES,NO,NO,NO,YES,YES,MONTH-TO-MONTH,YES,BANK TRANSFER (AUTOMATIC),101.35,2317.1,3.329500657030223,1
8430-TWCBX,NO,FEMALE,0,YES,NO,49,YES,NO,NO,NO,NO,NO,NO,NO,NO,ONE YEAR,NO,CREDIT CARD (AUTOMATIC),20.7,1032.05,0.6800262812089356,0
8433-WPJTV,NO,FEMALE,1,YES,YES,65,YES,YES,FIBER OPTIC,NO,NO,YES,YES,YES,YES,ONE YEAR,YES,BANK TRANSFER (AUTOMATIC),103.9,6767.1,3.4132720105124834,0
8433-WXGNA,YES,MALE,0,NO,NO,2,YES,NO,FIBER OPTIC,YES,NO,NO,NO,NO,NO,MONTH-TO-MONTH,YES,ELECTRONIC CHECK,75.7,189.2,2.4868593955321945,1
8434-PNQZX,NO,FEMALE,0,NO,NO,42,YES,YES,DSL,NO,NO,YES,YES,YES,YES,TWO YEAR,YES,CREDIT CARD (AUTOMATIC),78.45,3373.4,2.577201051248357,0
8434-VGEQQ,NO,MALE,0,YES,YES,61,YES,NO,NO,NO,NO,NO,NO,NO,NO,TWO YEAR,NO,CREDIT CARD (AUTOMATIC),20.55,1305.95,0.6750985545335085,0
8436-BJUMM,YES,MALE,0,YES,YES,26,YES,YES,FIBER OPTIC,NO,NO,NO,NO,YES,NO,MONTH-TO-MONTH,YES,ELECTRONIC CHECK,83.75,2070.6,2.7513140604467803,1
8439-LTUGF,NO,MALE,0,NO,NO,10,YES,NO,NO,NO,NO,NO,NO,NO,NO,MONTH-TO-MONTH,YES,CREDIT CARD (AUTOMATIC),20.0,198.6,0.657030223390276,0
8441-SHIPE,NO,FEMALE,0,NO,NO,67,YES,YES,NO,NO,NO,NO,NO,NO,NO,TWO YEAR,YES,BANK TRANSFER (AUTOMATIC),25.6,1790.35,0.8409986859395532,0
8443-WVPSS,YES,MALE,0,YES,NO,10,YES,NO,FIBER OPTIC,NO,YES,NO,YES,YES,YES,MONTH-TO-MONTH,YES,ELECTRONIC CHECK,99.85,990.9,3.2802233902759523,1
8443-ZRDBZ,YES,MALE,0,NO,NO,4,YES,YES,FIBER OPTIC,NO,NO,NO,NO,NO,NO,MONTH-TO-MONTH,YES,ELECTRONIC CHECK,76.05,318.9,2.498357424441524,1
8444-WRIDW,YES,FEMALE,1,NO,NO,66,YES,YES,FIBER OPTIC,NO,YES,NO,NO,NO,NO,MONTH-TO-MONTH,YES,CREDIT CARD (AUTOMATIC),80.45,5224.35,2.642904073587385,1
8445-DNBAE,NO,MALE,0,NO,YES,1,YES,YES,DSL,NO,NO,NO,NO,NO,NO,MONTH-TO-MONTH,YES,ELECTRONIC CHECK,50.05,50.05,1.6442181340341655,0
8450-JOVAH,YES,MALE,0,YES,YES,2,YES,YES,DSL,YES,NO,NO,NO,NO,NO,MONTH-TO-MONTH,NO,MAILED CHECK,56.7,113.55,1.8626806833114324,1
8450-LUGUK,NO,FEMALE,0,YES,YES,37,YES,YES,NO,NO,NO,NO,NO,NO,NO,TWO YEAR,YES,BANK TRANSFER (AUTOMATIC),24.1,861.85,0.7917214191852825,0
8450-UYIBU,NO,FEMALE,1,NO,NO,35,NO,NO,DSL,NO,NO,YES,NO,YES,NO,MONTH-TO-MONTH,YES,ELECTRONIC CHECK,39.85,1434.6,1.3091327201051248,0
8454-AATJP,NO,FEMALE,0,NO,NO,72,YES,YES,FIBER OPTIC,YES,YES,YES,YES,YES,YES,TWO YEAR,NO,CREDIT CARD (AUTOMATIC),115.05,8405.0,3.779566360052562,0
8455-HIRAQ,NO,FEMALE,0,NO,NO,8,YES,NO,DSL,NO,NO,NO,NO,NO,NO,MONTH-TO-MONTH,NO,MAILED CHECK,44.45,369.3,1.4602496714848883,0
8456-QDAVC,NO,MALE,0,NO,NO,19,YES,NO,FIBER OPTIC,NO,NO,NO,NO,YES,NO,MONTH-TO-MONTH,YES,BANK TRANSFER (AUTOMATIC),78.7,1495.1,2.585413929040736,0
8457-XIGKN,NO,MALE,0,NO,NO,20,YES,NO,NO,NO,NO,NO,NO,NO,NO,MONTH-TO-MONTH,YES,CREDIT CARD (AUTOMATIC),19.6,356.15,0.6438896189224704,0
8461-EFQYM,NO,FEMALE,0,NO,NO,38,YES,YES,NO,NO,NO,NO,NO,NO,NO,ONE YEAR,YES,ELECTRONIC CHECK,24.25,914.4,0.7966491458607096,0
8464-EETCQ,NO,MALE,0,NO,NO,57,YES,NO,NO,NO,NO,NO,NO,NO,NO,TWO YEAR,NO,CREDIT CARD (AUTOMATIC),18.8,1094.35,0.6176084099868594,0
8465-SBRXP,NO,MALE,0,YES,YES,38,YES,YES,FIBER OPTIC,NO,NO,YES,YES,YES,NO,TWO YEAR,YES,BANK TRANSFER (AUTOMATIC),94.9,3616.25,3.1176084099868593,0
8466-PZBLH,NO,MALE,0,YES,YES,67,YES,YES,FIBER OPTIC,YES,NO,NO,YES,YES,YES,TWO YEAR,NO,BANK TRANSFER (AUTOMATIC),104.6,6885.75,3.436268068331143,0
8467-WYNSR,NO,MALE,0,NO,NO,22,YES,NO,DSL,YES,NO,NO,YES,NO,NO,MONTH-TO-MONTH,NO,MAILED CHECK,55.1,1253.15,1.8101182654402102,0
8468-EHYJA,NO,FEMALE,0,YES,NO,57,YES,YES,FIBER OPTIC,YES,NO,NO,NO,YES,YES,MONTH-TO-MONTH,YES,ELECTRONIC CHECK,99.65,5497.05,3.27365308804205,0
8468-FZTOE,NO,FEMALE,0,YES,YES,72,YES,NO,DSL,YES,YES,YES,YES,NO,YES,TWO YEAR,YES,ELECTRONIC CHECK,74.35,5237.4,2.4425098554533506,0
8469-SNFFH,NO,MALE,0,YES,NO,70,YES,YES,DSL,YES,YES,YES,YES,YES,NO,ONE YEAR,NO,BANK TRANSFER (AUTOMATIC),79.4,5528.9,2.6084099868593955,0
8473-VUVJN,YES,MALE,1,NO,NO,1,YES,YES,FIBER OPTIC,NO,NO,NO,NO,NO,NO,MONTH-TO-MONTH,YES,ELECTRONIC CHECK,73.65,73.65,2.4195137976346914,1
8474-UMLNT,NO,FEMALE,0,NO,NO,13,YES,NO,DSL,YES,YES,NO,YES,NO,YES,MONTH-TO-MONTH,NO,BANK TRANSFER (AUTOMATIC),67.8,842.25,2.227332457293035,0
8480-PPONV,NO,MALE,0,YES,YES,62,YES,YES,FIBER OPTIC,YES,YES,YES,YES,YES,YES,TWO YEAR,NO,BANK TRANSFER (AUTOMATIC),115.55,7159.05,3.795992115637319,0
8481-YYXWG,YES,FEMALE,0,NO,NO,5,YES,NO,FIBER OPTIC,NO,YES,NO,YES,NO,YES,MONTH-TO-MONTH,YES,ELECTRONIC CHECK,89.35,461.7,2.9352825229960575,1
8485-GJCDN,YES,FEMALE,1,NO,NO,5,YES,NO,FIBER OPTIC,NO,NO,NO,NO,NO,NO,MONTH-TO-MONTH,YES,MAILED CHECK,69.05,318.5,2.2683968462549275,1
8486-AYEQH,NO,FEMALE,0,NO,NO,31,YES,YES,FIBER OPTIC,NO,NO,NO,NO,NO,NO,MONTH-TO-MONTH,YES,ELECTRONIC CHECK,76.05,2227.8,2.498357424441524,0
8490-BXHEO,NO,MALE,1,NO,NO,18,YES,YES,FIBER OPTIC,NO,YES,NO,NO,NO,NO,MONTH-TO-MONTH,YES,CREDIT CARD (AUTOMATIC),80.55,1411.65,2.646189224704336,0
8495-LJDFO,NO,FEMALE,1,NO,NO,64,YES,YES,FIBER OPTIC,YES,NO,YES,YES,YES,YES,MONTH-TO-MONTH,YES,BANK TRANSFER (AUTOMATIC),108.95,7111.3,3.5791721419185283,0
8495-PRWFH,NO,FEMALE,1,NO,NO,42,YES,YES,DSL,NO,NO,YES,NO,NO,NO,MONTH-TO-MONTH,NO,ELECTRONIC CHECK,55.65,2421.75,1.8281865965834427,0
8496-DMZUK,NO,MALE,0,NO,NO,30,YES,YES,FIBER OPTIC,YES,YES,YES,NO,NO,NO,ONE YEAR,NO,BANK TRANSFER (AUTOMATIC),90.4,2820.65,2.9697766097240472,0
8496-EJAUI,YES,MALE,0,NO,NO,19,YES,NO,FIBER OPTIC,NO,YES,NO,NO,NO,NO,MONTH-TO-MONTH,YES,CREDIT CARD (AUTOMATIC),73.85,1424.5,2.4260840998685937,1
8498-XXGWA,NO,FEMALE,0,YES,NO,65,YES,NO,DSL,YES,NO,YES,NO,NO,NO,MONTH-TO-MONTH,YES,MAILED CHECK,55.15,3673.15,1.8117608409986858,0
8499-BRXTD,NO,MALE,0,NO,NO,18,YES,NO,NO,NO,NO,NO,NO,NO,NO,ONE YEAR,NO,MAILED CHECK,20.1,401.85,0.6603153745072273,0
8510-AWCXC,YES,FEMALE,1,NO,NO,13,YES,YES,FIBER OPTIC,YES,NO,NO,NO,YES,YES,MONTH-TO-MONTH,YES,ELECTRONIC CHECK,100.8,1308.1,3.3114323258869907,1
8510-BBWMU,NO,FEMALE,0,NO,NO,41,YES,NO,NO,NO,NO,NO,NO,NO,NO,ONE YEAR,YES,MAILED CHECK,19.75,806.95,0.6488173455978975,0
8510-TMWYB,NO,FEMALE,0,YES,YES,54,YES,YES,DSL,NO,YES,YES,NO,NO,NO,TWO YEAR,YES,BANK TRANSFER (AUTOMATIC),59.8,3246.45,1.964520367936925,0
8512-WIWYV,NO,MALE,0,NO,NO,32,YES,NO,NO,NO,NO,NO,NO,NO,NO,ONE YEAR,NO,CREDIT CARD (AUTOMATIC),20.35,707.5,0.6685282522996058,0
8513-OLYGY,NO,MALE,0,YES,NO,72,YES,YES,FIBER OPTIC,YES,YES,YES,YES,YES,YES,TWO YEAR,NO,CREDIT CARD (AUTOMATIC),115.8,8332.15,3.8042049934296975,0
8514-VZHEB,NO,MALE,0,YES,YES,59,YES,NO,NO,NO,NO,NO,NO,NO,NO,TWO YEAR,NO,MAILED CHECK,19.5,1147.85,0.640604467805519,0
8515-OCTJS,YES,FEMALE,0,NO,NO,25,YES,YES,NO,NO,NO,NO,NO,NO,NO,TWO YEAR,NO,CREDIT CARD (AUTOMATIC),24.75,692.1,0.8130749014454665,1
8519-IMDHU,YES,MALE,1,YES,NO,15,YES,YES,FIBER OPTIC,NO,NO,NO,NO,NO,YES,MONTH-TO-MONTH,YES,BANK TRANSFER (AUTOMATIC),85.6,1345.55,2.8120893561103806,1
8519-QJGJD,YES,FEMALE,0,NO,NO,14,YES,NO,FIBER OPTIC,NO,NO,YES,NO,NO,NO,MONTH-TO-MONTH,NO,ELECTRONIC CHECK,75.35,1025.95,2.4753613666228644,1
8532-UEFWH,NO,MALE,0,YES,YES,52,YES,YES,NO,NO,NO,NO,NO,NO,NO,TWO YEAR,NO,MAILED CHECK,25.75,1345.85,0.8459264126149802,0
8535-SFUTN,NO,MALE,0,NO,NO,61,YES,YES,FIBER OPTIC,YES,NO,YES,NO,YES,YES,MONTH-TO-MONTH,YES,ELECTRONIC CHECK,106.45,6300.15,3.497043363994744,0
8540-ZQGEA,NO,FEMALE,0,YES,NO,54,YES,NO,NO,NO,NO,NO,NO,NO,NO,TWO YEAR,NO,CREDIT CARD (AUTOMATIC),20.05,1102.4,0.6586727989487516,0
8541-QVFKM,NO,FEMALE,0,NO,NO,8,YES,YES,FIBER OPTIC,NO,NO,NO,NO,NO,NO,MONTH-TO-MONTH,YES,ELECTRONIC CHECK,73.5,632.2,2.414586070959264,0
8543-MSDMF,NO,MALE,0,NO,NO,3,YES,NO,DSL,YES,NO,YES,NO,YES,YES,MONTH-TO-MONTH,YES,ELECTRONIC CHECK,77.4,206.15,2.542706964520368,0
8544-GOQSH,NO,FEMALE,0,NO,NO,14,YES,NO,FIBER OPTIC,NO,YES,NO,YES,NO,NO,MONTH-TO-MONTH,YES,CREDIT CARD (AUTOMATIC),80.05,1112.3,2.6297634691195793,0
8544-JNBOX,NO,MALE,0,NO,NO,72,YES,NO,NO,NO,NO,NO,NO,NO,NO,TWO YEAR,YES,MAILED CHECK,20.8,1521.2,0.683311432325887,0
8547-NSBBO,NO,MALE,0,NO,NO,35,YES,YES,FIBER OPTIC,YES,YES,YES,YES,NO,NO,MONTH-TO-MONTH,YES,MAILED CHECK,96.75,3403.4,3.1783837056504596,0
8548-AWOFC,NO,MALE,0,YES,NO,66,YES,YES,DSL,NO,NO,NO,YES,NO,YES,MONTH-TO-MONTH,NO,ELECTRONIC CHECK,63.85,4264.6,2.097568988173456,0
8550-XSXUQ,NO,MALE,0,YES,NO,48,YES,YES,DSL,NO,YES,YES,NO,NO,YES,ONE YEAR,YES,CREDIT CARD (AUTOMATIC),70.55,3420.5,2.3176741130091982,0
8552-OBVRU,NO,FEMALE,1,YES,YES,48,YES,NO,FIBER OPTIC,YES,NO,YES,YES,YES,YES,MONTH-TO-MONTH,YES,ELECTRONIC CHECK,104.5,5068.05,3.4329829172141917,0
8559-CIZFV,YES,MALE,0,YES,YES,21,YES,YES,DSL,YES,YES,NO,YES,YES,NO,ONE YEAR,NO,MAILED CHECK,77.5,1625.0,2.5459921156373193,1
8559-WNQZS,NO,MALE,0,NO,NO,1,YES,NO,NO,NO,NO,NO,NO,NO,NO,TWO YEAR,NO,MAILED CHECK,20.45,20.45,0.6718134034165572,0
8561-NMTBD,NO,FEMALE,0,YES,YES,67,YES,YES,FIBER OPTIC,NO,YES,YES,YES,YES,YES,ONE YEAR,YES,CREDIT CARD (AUTOMATIC),112.35,7388.45,3.6908672798948747,0
8562-GHPPI,NO,FEMALE,0,NO,NO,1,YES,NO,NO,NO,NO,NO,NO,NO,NO,MONTH-TO-MONTH,NO,CREDIT CARD (AUTOMATIC),19.8,19.8,0.6504599211563732,0
8563-IIOXK,YES,MALE,0,YES,YES,7,YES,NO,DSL,YES,NO,NO,NO,NO,NO,ONE YEAR,YES,ELECTRONIC CHECK,49.75,331.3,1.6343626806833114,1
8563-OYMQY,NO,MALE,0,NO,NO,17,YES,NO,FIBER OPTIC,NO,YES,YES,NO,NO,YES,MONTH-TO-MONTH,YES,CREDIT CARD (AUTOMATIC),90.95,1612.2,2.98784494086728,0
8564-LDKFL,NO,MALE,0,YES,NO,40,YES,YES,FIBER OPTIC,NO,YES,YES,NO,YES,YES,ONE YEAR,YES,BANK TRANSFER (AUTOMATIC),106.0,4178.65,3.4822601839684624,0
8565-CLBZW,YES,MALE,0,NO,NO,24,YES,YES,FIBER OPTIC,NO,NO,YES,NO,YES,NO,MONTH-TO-MONTH,YES,MAILED CHECK,89.85,2165.05,2.9517082785808144,1
8565-HBFNN,NO,MALE,0,YES,NO,69,YES,YES,FIBER OPTIC,YES,YES,YES,YES,NO,YES,ONE YEAR,YES,CREDIT CARD (AUTOMATIC),107.2,7317.1,3.521681997371879,0
8565-WUXZU,NO,MALE,1,YES,NO,72,YES,NO,FIBER OPTIC,YES,YES,NO,YES,NO,NO,TWO YEAR,YES,CREDIT CARD (AUTOMATIC),84.8,6141.65,2.78580814717477,0
8566-YPRGL,NO,FEMALE,0,NO,NO,1,YES,NO,NO,NO,NO,NO,NO,NO,NO,MONTH-TO-MONTH,YES,MAILED CHECK,19.5,19.5,0.640604467805519,0
8570-KLJYJ,NO,FEMALE,0,NO,NO,36,YES,YES,DSL,YES,NO,NO,NO,NO,NO,ONE YEAR,NO,MAILED CHECK,54.45,1893.5,1.7887647831800264,0
8571-ZCMCX,NO,FEMALE,0,YES,YES,47,NO,NO,DSL,YES,YES,YES,NO,YES,YES,TWO YEAR,YES,CREDIT CARD (AUTOMATIC),60.0,2768.65,1.9710906701708277,0
8573-CGOCC,NO,MALE,0,NO,NO,16,YES,NO,NO,NO,NO,NO,NO,NO,NO,MONTH-TO-MONTH,NO,CREDIT CARD (AUTOMATIC),19.75,294.9,0.6488173455978975,0
8573-JGCZW,NO,MALE,0,NO,NO,17,YES,NO,NO,NO,NO,NO,NO,NO,NO,ONE YEAR,YES,BANK TRANSFER (AUTOMATIC),19.65,351.55,0.645532194480946,0
8577-QSOCG,NO,FEMALE,0,YES,YES,38,YES,NO,NO,NO,NO,NO,NO,NO,NO,TWO YEAR,YES,MAILED CHECK,20.2,746.05,0.6636005256241787,0
8580-AECUZ,YES,MALE,1,NO,NO,1,YES,NO,FIBER OPTIC,NO,NO,NO,NO,YES,NO,MONTH-TO-MONTH,YES,ELECTRONIC CHECK,79.1,79.1,2.598554533508541,1
8580-QVLOC,YES,FEMALE,1,YES,YES,72,YES,YES,DSL,YES,YES,YES,YES,YES,YES,TWO YEAR,NO,CREDIT CARD (AUTOMATIC),92.45,6440.25,3.0371222076215507,1
8582-KRHPJ,NO,MALE,0,NO,NO,50,NO,NO,DSL,YES,YES,NO,NO,NO,NO,MONTH-TO-MONTH,YES,MAILED CHECK,35.0,1782.4,1.149802890932983,0
8584-KMVXD,NO,FEMALE,0,NO,NO,8,YES,NO,FIBER OPTIC,NO,YES,NO,NO,NO,NO,MONTH-TO-MONTH,NO,ELECTRONIC CHECK,75.6,535.55,2.4835742444152427,0
8587-XYZSF,NO,MALE,0,NO,NO,67,YES,NO,DSL,NO,NO,NO,YES,NO,NO,TWO YEAR,NO,BANK TRANSFER (AUTOMATIC),50.55,3260.1,1.6606438896189224,0
8590-OHDIW,NO,FEMALE,0,YES,YES,38,YES,NO,NO,NO,NO,NO,NO,NO,NO,ONE YEAR,NO,MAILED CHECK,20.3,749.35,0.6668856767411301,0
8590-YFFQO,NO,MALE,0,YES,NO,70,YES,NO,DSL,YES,YES,YES,YES,NO,NO,TWO YEAR,NO,CREDIT CARD (AUTOMATIC),64.95,4523.25,2.133705650459921,0
8591-NXRCV,NO,FEMALE,0,NO,NO,41,YES,YES,DSL,YES,NO,YES,YES,NO,YES,MONTH-TO-MONTH,YES,BANK TRANSFER (AUTOMATIC),74.65,3090.65,2.4523653088042052,0
8591-TKMZH,NO,MALE,0,YES,YES,59,YES,YES,FIBER OPTIC,YES,YES,NO,YES,YES,YES,TWO YEAR,YES,MAILED CHECK,111.1,6555.2,3.6498028909329827,0
8592-PLTMQ,NO,FEMALE,0,NO,NO,64,YES,YES,NO,NO,NO,NO,NO,NO,NO,ONE YEAR,NO,MAILED CHECK,24.7,1642.75,0.8114323258869908,0
8593-WHYHV,YES,MALE,0,NO,NO,3,YES,YES,FIBER OPTIC,NO,NO,NO,NO,NO,YES,MONTH-TO-MONTH,YES,ELECTRONIC CHECK,85.3,264.8,2.802233902759527,1
8595-SIZNC,NO,FEMALE,1,YES,NO,22,YES,YES,NO,NO,NO,NO,NO,NO,NO,ONE YEAR,NO,BANK TRANSFER (AUTOMATIC),25.6,548.8,0.8409986859395532,0
8597-CTXVJ,NO,MALE,0,NO,YES,70,YES,YES,DSL,YES,YES,NO,YES,NO,NO,ONE YEAR,NO,BANK TRANSFER (AUTOMATIC),64.95,4551.5,2.133705650459921,0
8597-CWYHH,NO,MALE,0,NO,NO,43,YES,YES,FIBER OPTIC,NO,NO,NO,NO,YES,YES,ONE YEAR,NO,MAILED CHECK,94.35,3921.3,3.0995400788436265,0
8601-QACRS,YES,FEMALE,0,NO,NO,5,YES,YES,DSL,NO,NO,NO,NO,NO,NO,MONTH-TO-MONTH,YES,MAILED CHECK,50.6,249.95,1.662286465177398,1
8603-IJWDN,YES,MALE,0,NO,NO,1,YES,YES,FIBER OPTIC,NO,NO,NO,NO,NO,YES,MONTH-TO-MONTH,YES,ELECTRONIC CHECK,86.6,86.6,2.8449408672798944,1
8605-ITULD,NO,FEMALE,0,NO,NO,1,YES,NO,NO,NO,NO,NO,NO,NO,NO,MONTH-TO-MONTH,NO,MAILED CHECK,19.55,19.55,0.6422470433639947,0
8606-CIQUL,NO,MALE,1,YES,YES,72,YES,YES,FIBER OPTIC,YES,YES,YES,YES,YES,YES,TWO YEAR,YES,CREDIT CARD (AUTOMATIC),115.75,8399.15,3.802562417871222,0
8606-OEGQZ,NO,FEMALE,0,NO,YES,18,YES,YES,NO,NO,NO,NO,NO,NO,NO,TWO YEAR,NO,CREDIT CARD (AUTOMATIC),25.3,454.65,0.831143232588699,0
8608-OZTLB,NO,MALE,0,YES,YES,38,YES,NO,DSL,YES,YES,YES,YES,YES,NO,ONE YEAR,NO,ELECTRONIC CHECK,74.05,2802.3,2.4326544021024965,0
8610-WFCJF,YES,FEMALE,0,YES,YES,49,YES,YES,FIBER OPTIC,NO,NO,NO,NO,YES,YES,MONTH-TO-MONTH,YES,ELECTRONIC CHECK,95.6,4783.5,3.140604467805519,1
8610-ZIKJJ,NO,FEMALE,0,YES,YES,2,YES,NO,NO,NO,NO,NO,NO,NO,NO,ONE YEAR,NO,MAILED CHECK,20.3,31.9,0.6668856767411301,0
8612-GXIDD,NO,MALE,0,YES,YES,12,YES,YES,NO,NO,NO,NO,NO,NO,NO,TWO YEAR,YES,BANK TRANSFER (AUTOMATIC),25.4,313.0,0.8344283837056504,0
8614-VGMMV,YES,FEMALE,0,NO,NO,15,YES,YES,DSL,NO,NO,NO,NO,NO,NO,MONTH-TO-MONTH,YES,ELECTRONIC CHECK,49.1,679.55,1.6130091984231274,1
8617-ENBDS,NO,MALE,0,NO,NO,3,YES,NO,FIBER OPTIC,NO,NO,YES,NO,NO,NO,MONTH-TO-MONTH,YES,CREDIT CARD (AUTOMATIC),73.6,232.5,2.417871222076215,0
8619-IJNDK,NO,FEMALE,0,YES,YES,71,YES,NO,DSL,YES,YES,YES,YES,NO,NO,TWO YEAR,NO,CREDIT CARD (AUTOMATIC),64.05,4492.9,2.1041392904073586,0
8620-RJPZN,NO,FEMALE,0,NO,NO,1,YES,NO,NO,NO,NO,NO,NO,NO,NO,MONTH-TO-MONTH,NO,ELECTRONIC CHECK,20.7,20.7,0.6800262812089356,0
8621-MNIHH,YES,FEMALE,1,YES,NO,34,YES,YES,FIBER OPTIC,NO,YES,YES,NO,NO,YES,MONTH-TO-MONTH,YES,ELECTRONIC CHECK,94.25,3217.55,3.096254927726675,1
8622-ZLFKO,NO,FEMALE,0,YES,NO,6,YES,YES,FIBER OPTIC,NO,YES,NO,NO,NO,YES,MONTH-TO-MONTH,YES,ELECTRONIC CHECK,90.75,512.25,2.981274638633377,0
8623-TMRBY,YES,MALE,1,YES,YES,51,YES,YES,FIBER OPTIC,NO,YES,YES,NO,NO,NO,MONTH-TO-MONTH,YES,ELECTRONIC CHECK,84.2,4146.05,2.7660972404730617,1
8623-ULFNQ,NO,FEMALE,1,NO,NO,26,YES,YES,DSL,NO,NO,NO,YES,NO,YES,MONTH-TO-MONTH,YES,ELECTRONIC CHECK,66.05,1652.4,2.169842312746386,0
8624-GIOUT,YES,FEMALE,0,NO,NO,49,YES,YES,DSL,YES,YES,NO,NO,NO,NO,MONTH-TO-MONTH,YES,CREDIT CARD (AUTOMATIC),59.75,2934.3,1.9628777923784493,1
8625-AZYZY,YES,MALE,0,YES,NO,24,YES,YES,FIBER OPTIC,NO,YES,YES,NO,YES,YES,MONTH-TO-MONTH,YES,ELECTRONIC CHECK,104.65,2542.45,3.437910643889619,1
8626-PTQGE,NO,MALE,0,NO,NO,69,NO,NO,DSL,YES,YES,NO,YES,YES,YES,TWO YEAR,YES,BANK TRANSFER (AUTOMATIC),60.05,4176.7,1.9727332457293034,0
8626-XHBIE,NO,MALE,0,NO,YES,56,YES,YES,NO,NO,NO,NO,NO,NO,NO,TWO YEAR,YES,MAILED CHECK,24.8,1424.2,0.8147174770039421,0
8627-EHGIP,YES,MALE,0,NO,NO,44,NO,NO,DSL,NO,YES,YES,NO,YES,YES,ONE YEAR,YES,MAILED CHECK,53.95,2375.4,1.7723390275952695,1
8627-ZYGSZ,NO,MALE,0,YES,NO,47,YES,YES,FIBER OPTIC,NO,YES,NO,NO,NO,NO,ONE YEAR,YES,ELECTRONIC CHECK,78.9,3650.35,2.5919842312746386,0
8628-MFKAX,NO,FEMALE,1,YES,NO,72,YES,YES,FIBER OPTIC,YES,YES,YES,YES,YES,YES,TWO YEAR,YES,CREDIT CARD (AUTOMATIC),116.75,8277.05,3.835413929040736,0
8630-FJLIB,NO,FEMALE,0,NO,NO,18,YES,NO,FIBER OPTIC,NO,NO,NO,NO,NO,NO,MONTH-TO-MONTH,YES,ELECTRONIC CHECK,69.8,1221.65,2.2930354796320627,0
8630-QSGXK,NO,MALE,0,YES,NO,51,YES,YES,DSL,NO,NO,NO,YES,YES,YES,TWO YEAR,YES,BANK TRANSFER (AUTOMATIC),75.2,3901.25,2.4704336399474376,0
8631-NBHFZ,YES,MALE,1,YES,YES,66,YES,YES,DSL,YES,YES,YES,YES,YES,NO,TWO YEAR,NO,CREDIT CARD (AUTOMATIC),79.4,5154.6,2.6084099868593955,1
8631-WUXGY,NO,FEMALE,0,NO,YES,46,YES,NO,FIBER OPTIC,NO,YES,YES,NO,YES,YES,MONTH-TO-MONTH,YES,ELECTRONIC CHECK,99.8,4391.25,3.278580814717477,0
8631-XVRZL,NO,MALE,0,NO,NO,9,YES,NO,NO,NO,NO,NO,NO,NO,NO,ONE YEAR,YES,MAILED CHECK,20.15,163.7,0.6619579500657029,0
8634-CILSZ,YES,MALE,0,NO,NO,69,YES,YES,FIBER OPTIC,NO,YES,NO,YES,YES,YES,ONE YEAR,YES,BANK TRANSFER (AUTOMATIC),104.7,7220.35,3.4395532194480944,1
8634-MPHTR,YES,MALE,1,YES,NO,47,YES,YES,FIBER OPTIC,NO,NO,YES,NO,YES,YES,MONTH-TO-MONTH,YES,ELECTRONIC CHECK,100.05,4871.05,3.286793692509855,1
8637-XJIVR,YES,FEMALE,0,NO,NO,12,YES,YES,FIBER OPTIC,YES,NO,NO,NO,NO,NO,MONTH-TO-MONTH,YES,ELECTRONIC CHECK,78.95,927.35,2.5936268068331145,1
8639-NHQEI,NO,FEMALE,0,YES,YES,72,YES,YES,FIBER OPTIC,YES,YES,NO,NO,YES,NO,TWO YEAR,YES,BANK TRANSFER (AUTOMATIC),95.9,6954.15,3.150459921156373,0
8640-SDGKB,YES,MALE,0,NO,NO,4,YES,NO,DSL,NO,NO,YES,YES,YES,YES,MONTH-TO-MONTH,YES,ELECTRONIC CHECK,74.4,299.7,2.4441524310118266,1
8642-GVWRF,YES,FEMALE,0,YES,NO,2,YES,NO,FIBER OPTIC,NO,YES,YES,NO,NO,NO,MONTH-TO-MONTH,NO,BANK TRANSFER (AUTOMATIC),79.7,165.0,2.6182654402102497,1
8644-XLFBW,YES,MALE,1,NO,NO,1,YES,NO,FIBER OPTIC,NO,NO,NO,NO,NO,NO,MONTH-TO-MONTH,YES,ELECTRONIC CHECK,71.65,71.65,2.353810775295664,1
8644-XYTSV,NO,MALE,0,YES,NO,42,NO,NO,DSL,YES,NO,NO,NO,YES,NO,MONTH-TO-MONTH,YES,BANK TRANSFER (AUTOMATIC),40.15,1626.05,1.318988173455979,0
8645-KOMJQ,NO,MALE,0,YES,YES,69,YES,YES,DSL,NO,YES,YES,YES,YES,YES,TWO YEAR,YES,BANK TRANSFER (AUTOMATIC),81.95,5601.4,2.692181340341656,0
8645-KWHJO,NO,MALE,0,NO,NO,14,NO,NO,DSL,NO,NO,YES,YES,YES,YES,MONTH-TO-MONTH,YES,ELECTRONIC CHECK,55.0,771.95,1.8068331143232588,0
8646-JCOMS,NO,FEMALE,0,YES,NO,66,YES,YES,FIBER OPTIC,NO,YES,YES,YES,NO,NO,ONE YEAR,YES,BANK TRANSFER (AUTOMATIC),90.55,6130.95,2.974704336399474,0
8647-SDTWQ,NO,MALE,0,YES,YES,57,YES,YES,FIBER OPTIC,NO,NO,NO,NO,NO,NO,MONTH-TO-MONTH,YES,ELECTRONIC CHECK,74.3,4018.35,2.440867279894875,0
8648-PFRMP,NO,FEMALE,1,NO,NO,14,NO,NO,DSL,NO,NO,NO,NO,YES,YES,MONTH-TO-MONTH,YES,ELECTRONIC CHECK,46.35,672.7,1.5226675427069645,0
8650-RHRKE,YES,MALE,0,NO,NO,4,NO,NO,DSL,NO,NO,YES,NO,NO,NO,MONTH-TO-MONTH,YES,ELECTRONIC CHECK,29.65,118.5,0.974047306176084,1
8651-ENBZX,YES,FEMALE,1,NO,NO,60,YES,YES,FIBER OPTIC,NO,NO,YES,YES,YES,YES,ONE YEAR,YES,ELECTRONIC CHECK,106.0,6441.4,3.4822601839684624,1
8652-YHIYU,NO,FEMALE,0,NO,YES,16,YES,YES,FIBER OPTIC,NO,NO,NO,YES,NO,NO,ONE YEAR,YES,CREDIT CARD (AUTOMATIC),79.5,1264.2,2.611695137976347,0
8654-DHAOW,NO,FEMALE,0,NO,NO,2,YES,YES,DSL,NO,YES,NO,NO,NO,NO,MONTH-TO-MONTH,NO,MAILED CHECK,54.15,101.65,1.778909329829172,0
8659-HDIYE,NO,FEMALE,1,NO,NO,64,YES,YES,DSL,NO,YES,YES,YES,NO,YES,MONTH-TO-MONTH,NO,CREDIT CARD (AUTOMATIC),74.65,4869.35,2.4523653088042052,0
8659-IOOPU,NO,FEMALE,0,YES,YES,71,YES,YES,FIBER OPTIC,YES,NO,YES,YES,NO,YES,TWO YEAR,NO,ELECTRONIC CHECK,100.45,7159.7,3.299934296977661,0
8660-BUETV,NO,FEMALE,0,NO,NO,3,YES,NO,DSL,NO,NO,NO,NO,NO,NO,MONTH-TO-MONTH,NO,MAILED CHECK,44.75,148.05,1.4701051248357424,0
8661-BOYNW,NO,FEMALE,0,YES,NO,72,YES,YES,DSL,YES,NO,YES,YES,YES,YES,TWO YEAR,YES,CREDIT CARD (AUTOMATIC),84.4,6096.45,2.7726675427069645,0
8663-UPDGF,NO,FEMALE,0,NO,NO,26,YES,YES,DSL,YES,YES,NO,NO,YES,NO,MONTH-TO-MONTH,YES,BANK TRANSFER (AUTOMATIC),69.5,1800.05,2.283180026281209,0
8665-UTDHZ,YES,MALE,0,YES,YES,1,NO,NO,DSL,NO,YES,NO,NO,NO,NO,MONTH-TO-MONTH,NO,ELECTRONIC CHECK,30.2,30.2,0.9921156373193166,1
8668-KNZTI,NO,MALE,0,NO,NO,52,YES,NO,DSL,YES,NO,YES,NO,NO,NO,ONE YEAR,NO,ELECTRONIC CHECK,53.75,2790.65,1.7657687253613665,0
8670-ERCJH,NO,MALE,0,NO,NO,72,YES,YES,FIBER OPTIC,YES,YES,YES,YES,YES,YES,TWO YEAR,NO,BANK TRANSFER (AUTOMATIC),113.4,8164.1,3.725361366622865,0
8670-MEFCP,NO,FEMALE,0,YES,YES,36,YES,YES,DSL,YES,YES,YES,YES,YES,YES,TWO YEAR,YES,CREDIT CARD (AUTOMATIC),92.9,3379.25,3.0519053876478317,0
8671-KKKOS,NO,FEMALE,0,YES,NO,46,NO,NO,DSL,YES,YES,NO,NO,YES,NO,MONTH-TO-MONTH,NO,ELECTRONIC CHECK,45.55,2062.15,1.4963863337713532,0
8672-OAUPW,NO,MALE,0,NO,YES,51,YES,NO,DSL,NO,NO,NO,YES,NO,NO,ONE YEAR,NO,CREDIT CARD (AUTOMATIC),47.85,2356.75,1.5719448094612352,0
8676-OOQEJ,NO,MALE,0,NO,NO,4,NO,NO,DSL,NO,NO,NO,YES,NO,NO,MONTH-TO-MONTH,NO,ELECTRONIC CHECK,30.5,118.4,1.0019710906701709,0
8676-TRMJS,YES,MALE,0,NO,NO,3,YES,YES,FIBER OPTIC,NO,NO,NO,NO,NO,NO,MONTH-TO-MONTH,NO,MAILED CHECK,75.0,209.1,2.463863337713535,1
8677-HDZEE,NO,FEMALE,0,NO,NO,56,YES,YES,FIBER OPTIC,NO,YES,NO,YES,YES,YES,MONTH-TO-MONTH,YES,BANK TRANSFER (AUTOMATIC),105.45,5916.95,3.46419185282523,0
8679-JOEVF,YES,FEMALE,1,NO,NO,16,YES,NO,DSL,NO,NO,NO,YES,YES,NO,MONTH-TO-MONTH,NO,ELECTRONIC CHECK,59.4,1023.9,1.9513797634691195,1
8679-LZBMD,NO,MALE,0,YES,NO,44,YES,NO,FIBER OPTIC,NO,NO,NO,NO,YES,YES,ONE YEAR,YES,BANK TRANSFER (AUTOMATIC),90.65,3974.15,2.977989487516426,0
8680-CGLTP,NO,MALE,0,NO,NO,29,YES,NO,DSL,YES,YES,NO,YES,NO,NO,ONE YEAR,YES,ELECTRONIC CHECK,58.75,1696.2,1.9300262812089355,0
8681-ICONS,NO,MALE,0,YES,YES,29,YES,NO,NO,NO,NO,NO,NO,NO,NO,MONTH-TO-MONTH,YES,MAILED CHECK,20.65,654.85,0.6783837056504598,0
8685-WHQPW,YES,FEMALE,1,NO,NO,22,YES,YES,FIBER OPTIC,NO,NO,NO,NO,NO,NO,MONTH-TO-MONTH,YES,BANK TRANSFER (AUTOMATIC),74.4,1692.6,2.4441524310118266,1
8687-BAFGU,NO,MALE,0,NO,NO,1,YES,NO,FIBER OPTIC,NO,NO,NO,YES,NO,NO,MONTH-TO-MONTH,NO,ELECTRONIC CHECK,74.0,74.0,2.431011826544021,0
8690-UPCZI,NO,MALE,0,YES,YES,29,YES,YES,DSL,YES,NO,NO,YES,YES,NO,ONE YEAR,NO,BANK TRANSFER (AUTOMATIC),69.05,1958.45,2.2683968462549275,0
8690-ZVLCL,NO,FEMALE,0,YES,YES,68,YES,YES,DSL,YES,YES,YES,YES,YES,YES,TWO YEAR,NO,CREDIT CARD (AUTOMATIC),88.0,6161.9,2.890932982917214,0
8695-ARGXZ,NO,MALE,1,YES,NO,34,YES,YES,FIBER OPTIC,NO,NO,NO,NO,NO,NO,MONTH-TO-MONTH,YES,ELECTRONIC CHECK,75.55,2425.4,2.481931668856767,0
8695-WDYEA,NO,MALE,0,NO,NO,1,YES,NO,DSL,YES,NO,NO,NO,NO,NO,MONTH-TO-MONTH,NO,MAILED CHECK,51.25,51.25,1.683639947437582,0
8696-JKZNU,YES,FEMALE,1,NO,NO,37,YES,YES,FIBER OPTIC,NO,NO,NO,NO,NO,NO,MONTH-TO-MONTH,YES,ELECTRONIC CHECK,76.25,2841.55,2.504927726675427,1
8699-ASUFO,YES,MALE,1,YES,NO,7,YES,YES,FIBER OPTIC,NO,NO,NO,NO,NO,NO,MONTH-TO-MONTH,YES,MAILED CHECK,74.4,527.9,2.4441524310118266,1
8701-DGLVH,NO,MALE,0,NO,NO,51,YES,NO,NO,NO,NO,NO,NO,NO,NO,TWO YEAR,NO,MAILED CHECK,20.45,1042.65,0.6718134034165572,0
8705-DWKTI,NO,MALE,0,NO,NO,52,YES,NO,FIBER OPTIC,NO,NO,YES,NO,NO,YES,MONTH-TO-MONTH,YES,CREDIT CARD (AUTOMATIC),83.8,4331.4,2.752956636005256,0
8705-WZCYL,NO,MALE,0,NO,NO,1,YES,NO,DSL,NO,NO,NO,NO,NO,NO,MONTH-TO-MONTH,YES,ELECTRONIC CHECK,44.8,44.8,1.4717477003942179,0
8706-HRADD,NO,MALE,0,NO,NO,21,NO,NO,DSL,YES,NO,NO,YES,YES,NO,MONTH-TO-MONTH,YES,MAILED CHECK,43.55,1011.5,1.4306833114323256,0
8707-HOEDG,NO,FEMALE,0,YES,YES,70,YES,YES,FIBER OPTIC,NO,YES,YES,YES,YES,YES,TWO YEAR,YES,ELECTRONIC CHECK,110.2,7689.8,3.6202365308804203,0
8707-RMEZH,NO,FEMALE,1,YES,NO,69,YES,NO,FIBER OPTIC,YES,YES,NO,NO,NO,YES,ONE YEAR,NO,CREDIT CARD (AUTOMATIC),87.3,6055.55,2.8679369250985545,0
8708-XPXHZ,YES,FEMALE,0,YES,YES,42,YES,YES,FIBER OPTIC,NO,NO,NO,NO,YES,YES,MONTH-TO-MONTH,YES,ELECTRONIC CHECK,94.2,4186.3,3.0946123521681996,1
8709-KRDVL,NO,FEMALE,0,NO,NO,33,YES,YES,FIBER OPTIC,NO,YES,NO,NO,YES,YES,MONTH-TO-MONTH,YES,ELECTRONIC CHECK,100.0,3320.6,3.2851511169513796,0
8710-YGLWG,NO,MALE,0,NO,NO,1,YES,NO,DSL,NO,NO,NO,NO,NO,NO,MONTH-TO-MONTH,YES,MAILED CHECK,44.9,44.9,1.4750328515111695,0
8711-LOBKY,NO,MALE,0,YES,YES,59,YES,NO,NO,NO,NO,NO,NO,NO,NO,TWO YEAR,NO,MAILED CHECK,19.85,1188.25,0.6521024967148489,0
8713-IGZSO,NO,MALE,0,NO,NO,2,YES,YES,NO,NO,NO,NO,NO,NO,NO,MONTH-TO-MONTH,NO,MAILED CHECK,24.85,62.0,0.8163600525624178,0
8714-CTZJW,NO,FEMALE,0,NO,NO,4,YES,NO,FIBER OPTIC,NO,NO,YES,NO,NO,YES,MONTH-TO-MONTH,YES,CREDIT CARD (AUTOMATIC),82.85,319.6,2.721747700394218,0
8714-EUHJO,YES,FEMALE,0,YES,YES,31,YES,YES,FIBER OPTIC,NO,YES,NO,NO,NO,YES,MONTH-TO-MONTH,YES,ELECTRONIC CHECK,91.15,2995.45,2.994415243101183,1
8715-KKTFG,NO,FEMALE,0,YES,NO,61,YES,YES,FIBER OPTIC,NO,NO,YES,YES,YES,YES,ONE YEAR,YES,BANK TRANSFER (AUTOMATIC),103.3,6518.35,3.393561103810775,0
8717-VCTXJ,NO,MALE,0,NO,NO,42,YES,NO,NO,NO,NO,NO,NO,NO,NO,ONE YEAR,YES,MAILED CHECK,19.55,839.4,0.6422470433639947,0
8718-PTMEZ,YES,FEMALE,0,NO,NO,13,NO,NO,DSL,NO,YES,NO,NO,NO,NO,MONTH-TO-MONTH,YES,ELECTRONIC CHECK,31.05,347.25,1.0200394218134035,1
8720-RQSBJ,NO,MALE,1,NO,NO,1,YES,NO,DSL,NO,NO,NO,NO,NO,NO,MONTH-TO-MONTH,NO,ELECTRONIC CHECK,44.0,44.0,1.445466491458607,0
8722-NGNBH,YES,MALE,0,NO,NO,5,NO,NO,DSL,YES,NO,YES,YES,NO,NO,MONTH-TO-MONTH,NO,MAILED CHECK,40.0,223.45,1.314060446780552,1
8722-PRFDV,NO,FEMALE,0,YES,YES,71,YES,NO,DSL,YES,NO,YES,NO,YES,YES,TWO YEAR,NO,CREDIT CARD (AUTOMATIC),77.55,5574.35,2.5476346911957948,0
8725-JEDFD,NO,MALE,0,NO,NO,27,YES,NO,FIBER OPTIC,NO,NO,NO,NO,NO,NO,MONTH-TO-MONTH,YES,MAILED CHECK,69.05,1793.25,2.2683968462549275,0
8727-JQFHV,NO,MALE,0,YES,YES,57,YES,NO,NO,NO,NO,NO,NO,NO,NO,TWO YEAR,NO,MAILED CHECK,20.75,1123.15,0.6816688567674113,0
8727-XDPUD,NO,MALE,0,NO,NO,37,NO,NO,DSL,NO,NO,NO,NO,YES,NO,TWO YEAR,NO,CREDIT CARD (AUTOMATIC),35.8,1316.9,1.1760840998685937,0
8728-SKJLR,NO,MALE,0,NO,NO,41,YES,NO,FIBER OPTIC,NO,NO,NO,YES,NO,NO,MONTH-TO-MONTH,YES,ELECTRONIC CHECK,74.25,3089.1,2.4392247043363993,0
8731-WBBMB,NO,FEMALE,0,YES,NO,26,YES,NO,DSL,NO,YES,YES,YES,YES,YES,MONTH-TO-MONTH,NO,BANK TRANSFER (AUTOMATIC),81.9,2078.55,2.69053876478318,0
8734-DKSTZ,NO,FEMALE,0,YES,YES,10,YES,YES,FIBER OPTIC,NO,NO,NO,NO,NO,YES,MONTH-TO-MONTH,NO,ELECTRONIC CHECK,85.95,858.6,2.823587385019711,0
8734-FNWVH,NO,MALE,0,YES,YES,31,YES,YES,DSL,NO,NO,NO,NO,NO,YES,MONTH-TO-MONTH,NO,BANK TRANSFER (AUTOMATIC),59.7,1825.5,1.9612352168199738,0
8735-DCXNF,NO,MALE,0,YES,NO,10,YES,NO,DSL,YES,NO,NO,YES,NO,NO,MONTH-TO-MONTH,YES,CREDIT CARD (AUTOMATIC),54.95,568.85,1.8051905387647833,0
8735-IJJEG,NO,MALE,0,YES,NO,14,YES,NO,DSL,NO,NO,YES,NO,NO,NO,MONTH-TO-MONTH,NO,CREDIT CARD (AUTOMATIC),50.2,668.85,1.6491458607095926,0
8735-NBLWT,NO,MALE,0,NO,YES,9,YES,NO,NO,NO,NO,NO,NO,NO,NO,MONTH-TO-MONTH,NO,MAILED CHECK,20.4,184.1,0.6701708278580814,0
8735-SDUFN,NO,FEMALE,1,YES,NO,72,YES,YES,NO,NO,NO,NO,NO,NO,NO,TWO YEAR,NO,BANK TRANSFER (AUTOMATIC),24.3,1778.7,0.7982917214191853,0
8738-JOKAR,NO,FEMALE,0,NO,NO,42,YES,NO,DSL,YES,YES,NO,YES,NO,YES,ONE YEAR,YES,MAILED CHECK,67.7,2882.25,2.224047306176084,0
8739-QOTTN,NO,FEMALE,0,YES,NO,2,YES,NO,NO,NO,NO,NO,NO,NO,NO,MONTH-TO-MONTH,NO,MAILED CHECK,20.35,41.85,0.6685282522996058,0
8739-WWKDU,YES,MALE,1,NO,NO,25,YES,YES,FIBER OPTIC,NO,YES,NO,NO,YES,NO,MONTH-TO-MONTH,YES,ELECTRONIC CHECK,89.5,2196.15,2.940210249671485,1
8739-XNIKG,NO,FEMALE,0,NO,NO,5,YES,YES,FIBER OPTIC,NO,NO,NO,NO,YES,NO,MONTH-TO-MONTH,YES,ELECTRONIC CHECK,84.0,424.75,2.759526938239159,0
8740-CRYFY,YES,MALE,0,NO,NO,1,YES,NO,FIBER OPTIC,NO,NO,NO,NO,YES,NO,MONTH-TO-MONTH,YES,ELECTRONIC CHECK,78.95,78.95,2.5936268068331145,1
8740-XLHDR,YES,MALE,0,NO,NO,5,NO,NO,DSL,YES,YES,YES,YES,NO,NO,MONTH-TO-MONTH,YES,MAILED CHECK,43.25,219.0,1.4208278580814717,1
8741-LQOBK,NO,FEMALE,0,YES,YES,46,NO,NO,DSL,YES,YES,NO,NO,NO,NO,MONTH-TO-MONTH,NO,BANK TRANSFER (AUTOMATIC),35.05,1620.25,1.1514454664914584,0
8745-PVESG,NO,FEMALE,0,NO,NO,57,NO,NO,DSL,YES,NO,YES,YES,NO,NO,ONE YEAR,YES,CREDIT CARD (AUTOMATIC),41.1,2258.25,1.350197109067017,0
8746-BFOAJ,NO,MALE,1,NO,NO,21,YES,NO,NO,NO,NO,NO,NO,NO,NO,ONE YEAR,NO,BANK TRANSFER (AUTOMATIC),20.5,429.55,0.6734559789750328,0
8746-OQQRW,NO,MALE,0,NO,NO,4,YES,YES,NO,NO,NO,NO,NO,NO,NO,MONTH-TO-MONTH,NO,MAILED CHECK,25.25,101.9,0.8295006570302234,0
8747-UDCOI,NO,FEMALE,0,YES,NO,65,YES,NO,NO,NO,NO,NO,NO,NO,NO,TWO YEAR,NO,BANK TRANSFER (AUTOMATIC),19.35,1319.95,0.635676741130092,0
8748-HFWBO,NO,MALE,0,YES,YES,19,YES,NO,NO,NO,NO,NO,NO,NO,NO,ONE YEAR,NO,MAILED CHECK,19.9,357.7,0.6537450722733245,0
8749-CLJXC,NO,MALE,0,NO,NO,1,YES,NO,NO,NO,NO,NO,NO,NO,NO,MONTH-TO-MONTH,NO,MAILED CHECK,20.05,20.05,0.6586727989487516,0
8749-JMNKX,YES,MALE,1,YES,NO,51,YES,YES,FIBER OPTIC,YES,NO,YES,NO,YES,NO,MONTH-TO-MONTH,YES,BANK TRANSFER (AUTOMATIC),93.8,4750.95,3.081471747700394,1
8749-TZYEC,NO,MALE,0,YES,NO,72,YES,YES,NO,NO,NO,NO,NO,NO,NO,TWO YEAR,NO,CREDIT CARD (AUTOMATIC),24.8,1874.3,0.8147174770039421,0
8750-QWZAJ,NO,FEMALE,0,YES,YES,70,YES,NO,NO,NO,NO,NO,NO,NO,NO,TWO YEAR,NO,BANK TRANSFER (AUTOMATIC),19.8,1378.75,0.6504599211563732,0
8751-EDEKA,NO,FEMALE,0,YES,NO,28,YES,NO,FIBER OPTIC,NO,YES,YES,NO,NO,YES,MONTH-TO-MONTH,NO,CREDIT CARD (AUTOMATIC),89.9,2433.5,2.9533508541392903,0
8752-GHJFU,NO,MALE,1,YES,NO,71,YES,YES,FIBER OPTIC,YES,YES,YES,YES,NO,NO,ONE YEAR,YES,ELECTRONIC CHECK,92.0,6585.2,3.0223390275952693,0
8752-IMQOS,NO,MALE,0,YES,YES,5,YES,NO,NO,NO,NO,NO,NO,NO,NO,ONE YEAR,NO,MAILED CHECK,20.1,85.1,0.6603153745072273,0
8752-STIVR,YES,FEMALE,0,NO,NO,4,YES,NO,FIBER OPTIC,NO,NO,NO,NO,YES,NO,MONTH-TO-MONTH,YES,ELECTRONIC CHECK,79.0,303.15,2.59526938239159,1
8755-IWJHN,NO,MALE,1,YES,NO,69,YES,YES,FIBER OPTIC,NO,YES,YES,NO,NO,YES,MONTH-TO-MONTH,YES,BANK TRANSFER (AUTOMATIC),95.35,6382.0,3.1323915900131403,0
8755-OGKNA,NO,FEMALE,0,YES,YES,57,YES,NO,NO,NO,NO,NO,NO,NO,NO,TWO YEAR,NO,BANK TRANSFER (AUTOMATIC),19.5,1167.6,0.640604467805519,0
8756-RDDLT,NO,FEMALE,0,NO,NO,68,NO,NO,DSL,NO,YES,NO,YES,NO,YES,MONTH-TO-MONTH,NO,ELECTRONIC CHECK,44.95,3085.35,1.4766754270696452,0
8757-TFHHJ,NO,MALE,0,NO,NO,1,YES,NO,DSL,YES,NO,NO,NO,NO,NO,MONTH-TO-MONTH,YES,CREDIT CARD (AUTOMATIC),49.8,49.8,1.636005256241787,0
8760-ZRHKE,NO,FEMALE,1,YES,YES,71,YES,YES,DSL,YES,YES,NO,NO,YES,NO,ONE YEAR,NO,ELECTRONIC CHECK,69.2,4982.5,2.273324572930355,0
8761-NSOBC,YES,MALE,0,NO,NO,44,YES,NO,FIBER OPTIC,NO,YES,NO,YES,YES,YES,MONTH-TO-MONTH,NO,ELECTRONIC CHECK,100.55,4398.15,3.303219448094612,1
8763-KIAFH,NO,FEMALE,0,YES,YES,27,YES,NO,NO,NO,NO,NO,NO,NO,NO,ONE YEAR,YES,MAILED CHECK,20.55,583.3,0.6750985545335085,0
8766-PAFNE,NO,MALE,0,YES,NO,71,YES,NO,DSL,NO,YES,YES,YES,YES,YES,TWO YEAR,YES,CREDIT CARD (AUTOMATIC),79.1,5564.85,2.598554533508541,0
8769-KKTPH,NO,FEMALE,0,YES,YES,63,YES,YES,FIBER OPTIC,YES,NO,NO,NO,YES,YES,ONE YEAR,YES,CREDIT CARD (AUTOMATIC),99.65,6311.2,3.27365308804205,0
8773-HHUOZ,YES,FEMALE,0,NO,YES,17,YES,NO,DSL,NO,NO,NO,NO,YES,YES,MONTH-TO-MONTH,YES,MAILED CHECK,64.7,1093.1,2.1254927726675428,1
8774-GSBUN,NO,MALE,0,YES,NO,72,YES,YES,NO,NO,NO,NO,NO,NO,NO,TWO YEAR,NO,MAILED CHECK,25.4,1797.1,0.8344283837056504,0
8775-CEBBJ,YES,FEMALE,0,NO,NO,9,YES,NO,DSL,NO,NO,NO,NO,NO,NO,MONTH-TO-MONTH,YES,BANK TRANSFER (AUTOMATIC),44.2,403.35,1.4520367936925098,1
8775-ERLNB,NO,MALE,1,YES,NO,1,YES,YES,FIBER OPTIC,NO,NO,NO,NO,NO,NO,MONTH-TO-MONTH,NO,ELECTRONIC CHECK,74.3,74.3,2.440867279894875,0
8775-LHDJH,YES,FEMALE,1,YES,NO,1,YES,YES,FIBER OPTIC,NO,YES,NO,NO,YES,NO,MONTH-TO-MONTH,YES,ELECTRONIC CHECK,90.6,90.6,2.9763469119579495,1
8777-MBMTS,NO,FEMALE,1,YES,NO,65,YES,NO,FIBER OPTIC,NO,YES,YES,YES,YES,YES,TWO YEAR,YES,CREDIT CARD (AUTOMATIC),105.85,6725.5,3.477332457293035,0
8777-PVYGU,NO,FEMALE,0,YES,NO,52,YES,NO,DSL,YES,NO,YES,NO,YES,NO,ONE YEAR,YES,MAILED CHECK,64.3,3410.6,2.112352168199737,0
8778-LMWTJ,NO,FEMALE,0,NO,NO,9,YES,NO,FIBER OPTIC,YES,NO,NO,NO,NO,NO,MONTH-TO-MONTH,YES,ELECTRONIC CHECK,74.85,708.2,2.4589356110381075,0
8779-QRDMV,YES,MALE,1,NO,NO,1,NO,NO,DSL,NO,NO,YES,NO,NO,YES,MONTH-TO-MONTH,YES,ELECTRONIC CHECK,39.65,39.65,1.302562417871222,1
8779-YIQQA,NO,MALE,0,YES,YES,21,YES,NO,NO,NO,NO,NO,NO,NO,NO,ONE YEAR,NO,MAILED CHECK,19.8,350.1,0.6504599211563732,0
8780-IHCRN,NO,MALE,0,YES,YES,63,YES,YES,NO,NO,NO,NO,NO,NO,NO,TWO YEAR,NO,CREDIT CARD (AUTOMATIC),24.65,1574.5,0.8097897503285151,0
8780-IXSTS,YES,FEMALE,0,NO,NO,6,YES,YES,FIBER OPTIC,NO,YES,NO,NO,YES,NO,MONTH-TO-MONTH,YES,ELECTRONIC CHECK,90.1,521.3,2.9599211563731926,1
8780-RSYYU,NO,FEMALE,0,NO,NO,25,YES,NO,NO,NO,NO,NO,NO,NO,NO,MONTH-TO-MONTH,YES,CREDIT CARD (AUTOMATIC),19.2,532.1,0.6307490144546649,0
8780-YRMTT,NO,FEMALE,0,NO,NO,66,NO,NO,DSL,YES,YES,YES,YES,NO,NO,TWO YEAR,YES,MAILED CHECK,47.4,3177.25,1.557161629434954,0
8782-LKFPK,NO,MALE,0,NO,NO,44,YES,YES,FIBER OPTIC,NO,NO,YES,NO,NO,YES,MONTH-TO-MONTH,YES,MAILED CHECK,90.4,4063.0,2.9697766097240472,0
8782-NUUOL,NO,MALE,0,NO,NO,60,YES,NO,DSL,YES,NO,YES,YES,YES,YES,ONE YEAR,NO,MAILED CHECK,79.0,4801.1,2.59526938239159,0
8784-CGILN,YES,FEMALE,0,NO,NO,18,YES,YES,FIBER OPTIC,NO,NO,NO,YES,YES,YES,MONTH-TO-MONTH,YES,BANK TRANSFER (AUTOMATIC),99.85,1776.95,3.2802233902759523,1
8785-CJSHH,NO,FEMALE,0,YES,NO,60,YES,YES,FIBER OPTIC,NO,YES,NO,NO,YES,YES,MONTH-TO-MONTH,YES,ELECTRONIC CHECK,99.8,5985.75,3.278580814717477,0
8785-EPNCG,YES,MALE,0,NO,NO,11,YES,YES,NO,NO,NO,NO,NO,NO,NO,MONTH-TO-MONTH,NO,CREDIT CARD (AUTOMATIC),23.15,245.2,0.7605124835742444,1
8788-DOXSU,NO,MALE,0,NO,NO,59,YES,NO,DSL,NO,NO,YES,NO,NO,YES,ONE YEAR,YES,BANK TRANSFER (AUTOMATIC),61.35,3645.5,2.0154402102496713,0
8791-GFXLZ,NO,MALE,0,NO,NO,12,YES,NO,DSL,NO,YES,NO,NO,NO,NO,MONTH-TO-MONTH,YES,BANK TRANSFER (AUTOMATIC),49.05,593.05,1.6113666228646517,0
8792-AOROI,NO,FEMALE,0,YES,NO,8,YES,NO,DSL,YES,NO,NO,YES,NO,YES,TWO YEAR,NO,MAILED CHECK,65.5,564.35,2.151773981603154,0
8799-OXZMD,NO,FEMALE,0,NO,NO,28,NO,NO,DSL,NO,NO,YES,NO,NO,NO,MONTH-TO-MONTH,YES,MAILED CHECK,29.75,790.7,0.9773324572930354,0
8800-JOOCF,NO,FEMALE,0,NO,YES,12,YES,YES,FIBER OPTIC,NO,NO,NO,NO,YES,NO,MONTH-TO-MONTH,YES,ELECTRONIC CHECK,84.05,966.55,2.7611695137976344,0
8800-ZKRFW,NO,FEMALE,0,YES,YES,30,YES,YES,FIBER OPTIC,NO,YES,YES,YES,YES,YES,MONTH-TO-MONTH,YES,ELECTRONIC CHECK,107.5,3242.5,3.531537450722733,0
8802-UNOJF,YES,MALE,1,NO,NO,12,YES,NO,FIBER OPTIC,NO,YES,YES,YES,NO,NO,MONTH-TO-MONTH,YES,MAILED CHECK,83.8,1029.75,2.752956636005256,1
8805-JNRAZ,NO,FEMALE,0,NO,NO,2,YES,NO,DSL,NO,YES,NO,NO,NO,NO,MONTH-TO-MONTH,NO,MAILED CHECK,49.2,103.7,1.6162943495400788,0
8806-EAGWC,YES,MALE,0,NO,NO,3,YES,NO,DSL,NO,NO,NO,NO,YES,NO,MONTH-TO-MONTH,NO,MAILED CHECK,55.15,159.15,1.8117608409986858,1
8807-ARQET,NO,FEMALE,0,NO,NO,41,NO,NO,DSL,NO,YES,NO,NO,NO,YES,MONTH-TO-MONTH,YES,ELECTRONIC CHECK,40.35,1677.85,1.3255584756898817,0
8807-OPMBM,NO,FEMALE,0,YES,YES,55,YES,YES,NO,NO,NO,NO,NO,NO,NO,TWO YEAR,YES,CREDIT CARD (AUTOMATIC),25.65,1388.0,0.8426412614980289,0
8808-ELEHO,YES,MALE,1,NO,NO,8,YES,YES,FIBER OPTIC,NO,NO,YES,NO,NO,NO,MONTH-TO-MONTH,YES,ELECTRONIC CHECK,81.25,585.95,2.669185282522996,1
8809-RIHDD,YES,MALE,0,YES,YES,72,YES,YES,FIBER OPTIC,NO,YES,YES,NO,YES,YES,TWO YEAR,YES,ELECTRONIC CHECK,103.4,7372.65,3.3968462549277265,1
8809-XKHMD,NO,MALE,0,YES,NO,72,YES,YES,FIBER OPTIC,YES,YES,NO,YES,NO,YES,TWO YEAR,YES,BANK TRANSFER (AUTOMATIC),100.55,7325.1,3.303219448094612,0
8812-ZRHFP,NO,FEMALE,0,YES,YES,30,YES,NO,FIBER OPTIC,NO,NO,YES,NO,NO,YES,ONE YEAR,NO,ELECTRONIC CHECK,86.45,2538.05,2.840013140604468,0
8815-LMFLX,NO,MALE,0,YES,YES,25,YES,YES,NO,NO,NO,NO,NO,NO,NO,MONTH-TO-MONTH,YES,BANK TRANSFER (AUTOMATIC),25.4,546.85,0.8344283837056504,0
8816-VXNZD,YES,FEMALE,0,NO,NO,1,YES,YES,FIBER OPTIC,NO,NO,NO,NO,NO,NO,MONTH-TO-MONTH,YES,ELECTRONIC CHECK,75.1,75.1,2.4671484888304858,1
8818-DOPVL,NO,FEMALE,1,NO,NO,46,YES,YES,FIBER OPTIC,NO,YES,YES,NO,YES,YES,MONTH-TO-MONTH,YES,ELECTRONIC CHECK,104.45,4863.85,3.431340341655716,0
8818-XYFCQ,YES,MALE,0,YES,YES,32,YES,YES,FIBER OPTIC,YES,NO,NO,NO,YES,YES,MONTH-TO-MONTH,YES,CREDIT CARD (AUTOMATIC),99.55,3204.65,3.270367936925098,1
8819-IMISP,NO,MALE,0,NO,NO,31,YES,YES,FIBER OPTIC,NO,YES,NO,NO,NO,NO,MONTH-TO-MONTH,YES,ELECTRONIC CHECK,80.45,2429.1,2.642904073587385,0
8819-WFGGJ,NO,MALE,0,YES,NO,68,NO,NO,DSL,YES,NO,YES,NO,YES,YES,TWO YEAR,YES,BANK TRANSFER (AUTOMATIC),54.1,3794.5,1.7772667542706964,0
8819-ZBYNA,NO,FEMALE,0,YES,NO,58,YES,YES,FIBER OPTIC,YES,YES,NO,YES,YES,YES,TWO YEAR,YES,CREDIT CARD (AUTOMATIC),109.1,6393.65,3.584099868593955,0
8821-KVZKQ,NO,FEMALE,0,YES,YES,70,NO,NO,DSL,NO,YES,YES,YES,YES,YES,ONE YEAR,YES,BANK TRANSFER (AUTOMATIC),58.4,4113.15,1.9185282522996057,0
8821-XNHVZ,YES,FEMALE,0,YES,YES,1,YES,NO,FIBER OPTIC,NO,NO,NO,NO,YES,NO,MONTH-TO-MONTH,YES,MAILED CHECK,80.05,80.05,2.6297634691195793,1
8822-KNBHV,NO,FEMALE,0,NO,NO,48,YES,YES,DSL,YES,YES,YES,NO,YES,YES,ONE YEAR,YES,CREDIT CARD (AUTOMATIC),83.45,3887.85,2.7414586070959266,0
8823-RLPWL,NO,FEMALE,0,YES,NO,72,YES,YES,FIBER OPTIC,YES,YES,YES,NO,YES,YES,TWO YEAR,YES,CREDIT CARD (AUTOMATIC),110.65,8065.65,3.6350197109067017,0
8824-RWFXJ,YES,MALE,0,YES,YES,3,YES,NO,DSL,NO,YES,YES,NO,NO,NO,MONTH-TO-MONTH,YES,MAILED CHECK,56.15,168.15,1.8446123521681996,1
8835-VSDSE,YES,FEMALE,0,YES,NO,2,YES,NO,FIBER OPTIC,NO,NO,NO,NO,NO,NO,MONTH-TO-MONTH,YES,ELECTRONIC CHECK,70.7,141.45,2.3226018396846255,1
8837-VVWLQ,YES,FEMALE,0,NO,NO,8,YES,NO,FIBER OPTIC,YES,NO,NO,NO,YES,NO,MONTH-TO-MONTH,NO,ELECTRONIC CHECK,84.95,668.4,2.7907358738501973,1
8838-GPHZP,NO,FEMALE,0,NO,NO,63,YES,NO,NO,NO,NO,NO,NO,NO,NO,TWO YEAR,YES,MAILED CHECK,20.6,1298.7,0.6767411300919842,0
8840-DQLGN,YES,FEMALE,1,YES,NO,35,YES,YES,FIBER OPTIC,YES,YES,NO,YES,YES,NO,MONTH-TO-MONTH,YES,BANK TRANSFER (AUTOMATIC),100.5,3653.35,3.3015768725361365,1
8844-TONUD,YES,MALE,0,YES,YES,13,YES,NO,FIBER OPTIC,NO,NO,YES,NO,YES,YES,MONTH-TO-MONTH,YES,MAILED CHECK,96.65,1162.85,3.1750985545335086,1
8845-LWKGE,NO,FEMALE,0,YES,YES,30,YES,NO,DSL,NO,NO,YES,YES,YES,NO,ONE YEAR,YES,ELECTRONIC CHECK,64.5,1985.15,2.11892247043364,0
8847-GEOOQ,NO,MALE,0,YES,NO,60,NO,NO,DSL,NO,YES,YES,YES,YES,YES,MONTH-TO-MONTH,YES,BANK TRANSFER (AUTOMATIC),60.2,3582.4,1.9776609724047307,0
8849-AYPTR,NO,MALE,0,YES,NO,33,YES,NO,FIBER OPTIC,NO,NO,NO,NO,YES,YES,MONTH-TO-MONTH,NO,ELECTRONIC CHECK,91.25,2964.05,2.9977003942181337,0
8849-GYOKR,YES,FEMALE,0,YES,NO,54,YES,YES,FIBER OPTIC,YES,YES,NO,NO,YES,YES,ONE YEAR,NO,BANK TRANSFER (AUTOMATIC),106.55,5763.3,3.5003285151116947,1
8849-PRIQJ,NO,FEMALE,0,YES,YES,67,YES,YES,FIBER OPTIC,YES,NO,YES,YES,YES,YES,ONE YEAR,YES,ELECTRONIC CHECK,109.4,7281.6,3.5939553219448097,0
8851-RAGOV,NO,FEMALE,0,YES,NO,25,YES,NO,DSL,YES,YES,NO,YES,NO,YES,MONTH-TO-MONTH,YES,MAILED CHECK,71.05,1837.7,2.334099868593955,0
8853-TZDGH,NO,FEMALE,0,NO,NO,72,YES,YES,FIBER OPTIC,NO,YES,YES,YES,YES,YES,TWO YEAR,YES,BANK TRANSFER (AUTOMATIC),111.6,8012.75,3.6662286465177396,0
8854-CCVSQ,YES,MALE,0,NO,NO,18,YES,YES,FIBER OPTIC,NO,YES,NO,NO,NO,NO,MONTH-TO-MONTH,YES,ELECTRONIC CHECK,80.65,1451.9,2.649474375821288,1
8857-CUPFQ,NO,MALE,0,YES,NO,63,YES,NO,NO,NO,NO,NO,NO,NO,NO,TWO YEAR,NO,MAILED CHECK,19.25,1237.65,0.6323915900131406,0
8859-AXJZP,NO,MALE,0,YES,YES,39,YES,YES,NO,NO,NO,NO,NO,NO,NO,TWO YEAR,YES,MAILED CHECK,23.8,903.8,0.7818659658344284,0
8859-DZTGQ,NO,MALE,0,NO,NO,33,YES,NO,NO,NO,NO,NO,NO,NO,NO,TWO YEAR,NO,MAILED CHECK,20.35,689.75,0.6685282522996058,0
8859-YSTWS,NO,MALE,0,NO,NO,48,YES,NO,NO,NO,NO,NO,NO,NO,NO,ONE YEAR,NO,BANK TRANSFER (AUTOMATIC),19.95,1004.5,0.6553876478318003,0
8861-HGGKB,YES,FEMALE,0,NO,NO,10,YES,YES,FIBER OPTIC,NO,NO,NO,NO,NO,YES,MONTH-TO-MONTH,NO,ELECTRONIC CHECK,86.45,830.85,2.840013140604468,1
8865-TNMNX,NO,MALE,0,YES,YES,10,YES,NO,DSL,NO,YES,NO,NO,NO,NO,ONE YEAR,NO,MAILED CHECK,49.55,475.7,1.6277923784494086,0
8868-GAGIO,NO,MALE,0,YES,NO,45,YES,YES,FIBER OPTIC,YES,NO,YES,NO,NO,NO,MONTH-TO-MONTH,YES,MAILED CHECK,84.55,3713.95,2.7775952693823913,0
8868-WOZGU,YES,MALE,0,NO,NO,28,YES,YES,FIBER OPTIC,NO,YES,YES,NO,YES,YES,MONTH-TO-MONTH,YES,ELECTRONIC CHECK,105.7,2979.5,3.4724047306176082,1
8869-LIHMK,NO,FEMALE,0,NO,NO,64,YES,YES,FIBER OPTIC,YES,YES,YES,YES,YES,YES,TWO YEAR,YES,BANK TRANSFER (AUTOMATIC),115.1,7334.05,3.781208935611038,0
8869-TORSS,YES,FEMALE,0,NO,NO,48,YES,NO,DSL,YES,NO,YES,YES,NO,NO,ONE YEAR,YES,CREDIT CARD (AUTOMATIC),60.35,2896.4,1.9825886990801576,1
8871-JLMHM,NO,FEMALE,0,YES,NO,68,YES,YES,FIBER OPTIC,NO,YES,YES,YES,NO,NO,TWO YEAR,NO,CREDIT CARD (AUTOMATIC),90.2,6297.65,2.9632063074901445,0
8873-GLDMH,NO,FEMALE,0,NO,NO,6,YES,YES,FIBER OPTIC,NO,NO,NO,NO,NO,NO,MONTH-TO-MONTH,YES,MAILED CHECK,73.85,401.3,2.4260840998685937,0
8873-TMKGR,NO,MALE,0,NO,NO,29,YES,NO,NO,NO,NO,NO,NO,NO,NO,ONE YEAR,NO,MAILED CHECK,19.1,529.5,0.6274638633377135,0
8874-EJNSR,NO,MALE,0,YES,YES,39,YES,YES,NO,NO,NO,NO,NO,NO,NO,TWO YEAR,NO,MAILED CHECK,25.2,987.95,0.8278580814717477,0
8875-AKBYH,NO,MALE,1,NO,NO,20,YES,YES,FIBER OPTIC,NO,NO,NO,NO,YES,NO,MONTH-TO-MONTH,YES,ELECTRONIC CHECK,84.35,1745.2,2.7710249671484886,0
8878-HMWBV,YES,MALE,0,NO,NO,3,YES,NO,DSL,NO,NO,YES,NO,NO,NO,MONTH-TO-MONTH,YES,ELECTRONIC CHECK,49.15,169.05,1.614651773981603,1
8878-RYUKI,NO,FEMALE,0,NO,NO,52,YES,NO,DSL,NO,NO,YES,NO,NO,YES,MONTH-TO-MONTH,YES,ELECTRONIC CHECK,59.45,3043.7,1.9530223390275954,0
8879-XUAHX,NO,MALE,0,YES,NO,71,YES,YES,FIBER OPTIC,YES,YES,YES,YES,YES,YES,TWO YEAR,YES,ELECTRONIC CHECK,116.25,8564.75,3.818988173455979,0
8879-ZKJOF,NO,FEMALE,0,NO,NO,41,YES,NO,DSL,YES,NO,YES,YES,YES,YES,ONE YEAR,YES,BANK TRANSFER (AUTOMATIC),79.85,3320.75,2.6231931668856765,0
8882-TLVRW,NO,MALE,0,YES,YES,69,NO,NO,DSL,YES,NO,YES,YES,NO,NO,TWO YEAR,NO,MAILED CHECK,39.1,2779.5,1.2844940867279895,0
8883-ANODQ,NO,FEMALE,0,YES,YES,68,YES,YES,FIBER OPTIC,NO,YES,YES,NO,NO,NO,TWO YEAR,YES,CREDIT CARD (AUTOMATIC),84.4,5746.75,2.7726675427069645,0
8883-GRDWQ,NO,MALE,1,NO,NO,20,YES,NO,DSL,YES,NO,NO,YES,NO,NO,ONE YEAR,NO,MAILED CHECK,54.0,1055.9,1.773981603153745,0
8884-ADFVN,YES,MALE,1,YES,NO,7,YES,YES,FIBER OPTIC,NO,NO,YES,NO,YES,YES,MONTH-TO-MONTH,YES,ELECTRONIC CHECK,101.95,700.85,3.3492115637319317,1
8884-FEEWR,NO,MALE,0,NO,NO,35,YES,NO,NO,NO,NO,NO,NO,NO,NO,ONE YEAR,NO,BANK TRANSFER (AUTOMATIC),20.6,754.0,0.6767411300919842,0
8884-MRNSU,NO,MALE,0,YES,YES,17,YES,NO,NO,NO,NO,NO,NO,NO,NO,ONE YEAR,NO,BANK TRANSFER (AUTOMATIC),19.9,329.75,0.6537450722733245,0
8885-QSQBX,NO,FEMALE,0,NO,NO,1,YES,NO,DSL,YES,NO,NO,NO,NO,NO,MONTH-TO-MONTH,NO,BANK TRANSFER (AUTOMATIC),49.55,49.55,1.6277923784494086,0
8887-IPQNC,NO,FEMALE,0,YES,NO,7,YES,NO,DSL,NO,NO,NO,NO,NO,NO,MONTH-TO-MONTH,YES,MAILED CHECK,44.25,313.45,1.4536793692509855,0
8894-JVDCV,NO,FEMALE,0,NO,NO,62,YES,YES,FIBER OPTIC,YES,YES,YES,YES,YES,YES,ONE YEAR,YES,CREDIT CARD (AUTOMATIC),115.05,7133.45,3.779566360052562,0
8896-BQTTI,NO,MALE,0,NO,NO,1,YES,YES,NO,NO,NO,NO,NO,NO,NO,MONTH-TO-MONTH,YES,MAILED CHECK,25.0,25.0,0.8212877792378449,0
8896-RAZCR,NO,FEMALE,0,NO,YES,44,YES,NO,NO,NO,NO,NO,NO,NO,NO,TWO YEAR,NO,MAILED CHECK,19.9,868.1,0.6537450722733245,0
8898-KASCD,NO,MALE,0,NO,NO,39,NO,NO,DSL,NO,NO,YES,YES,NO,NO,ONE YEAR,NO,MAILED CHECK,35.55,1309.15,1.1678712220762153,0
8901-HJXTF,YES,FEMALE,0,YES,YES,12,NO,NO,DSL,NO,YES,NO,NO,NO,NO,MONTH-TO-MONTH,NO,MAILED CHECK,29.2,309.1,0.9592641261498028,1
8901-UPRHR,NO,FEMALE,0,YES,YES,72,YES,YES,FIBER OPTIC,NO,YES,YES,YES,YES,YES,TWO YEAR,YES,BANK TRANSFER (AUTOMATIC),109.2,7711.45,3.5873850197109065,0
8902-ZEOVF,NO,MALE,0,YES,YES,47,YES,NO,NO,NO,NO,NO,NO,NO,NO,ONE YEAR,NO,MAILED CHECK,20.05,951.55,0.6586727989487516,0
8903-WMRNW,NO,FEMALE,0,YES,NO,15,YES,NO,FIBER OPTIC,YES,NO,YES,NO,YES,YES,MONTH-TO-MONTH,NO,ELECTRONIC CHECK,101.75,1669.4,3.342641261498029,0
8903-XEBGX,NO,MALE,0,NO,YES,2,YES,NO,DSL,NO,NO,NO,NO,NO,YES,MONTH-TO-MONTH,YES,ELECTRONIC CHECK,55.3,108.65,1.816688567674113,0
8904-OPDCK,NO,MALE,1,YES,NO,54,NO,NO,DSL,NO,NO,NO,NO,NO,NO,MONTH-TO-MONTH,YES,BANK TRANSFER (AUTOMATIC),24.95,1364.75,0.8196452036793692,0
8905-IAZPF,NO,FEMALE,0,YES,NO,69,YES,NO,FIBER OPTIC,NO,YES,NO,NO,YES,YES,ONE YEAR,YES,CREDIT CARD (AUTOMATIC),95.65,6744.2,3.142247043363995,0
8908-NMQTX,NO,MALE,0,NO,NO,72,NO,NO,DSL,YES,YES,YES,YES,YES,YES,TWO YEAR,YES,BANK TRANSFER (AUTOMATIC),65.6,4566.5,2.1550591327201047,0
8908-SLFCJ,NO,FEMALE,0,NO,NO,21,YES,NO,NO,NO,NO,NO,NO,NO,NO,TWO YEAR,YES,CREDIT CARD (AUTOMATIC),20.85,435.25,0.6849540078843627,0
8909-BOLNL,NO,MALE,0,NO,NO,3,YES,NO,NO,NO,NO,NO,NO,NO,NO,ONE YEAR,NO,MAILED CHECK,21.2,52.05,0.6964520367936925,0
8910-ICHIU,NO,FEMALE,0,NO,NO,46,YES,NO,FIBER OPTIC,YES,YES,YES,NO,YES,NO,ONE YEAR,YES,CREDIT CARD (AUTOMATIC),95.65,4664.2,3.142247043363995,0
8910-LEDAG,NO,MALE,1,YES,NO,34,YES,NO,FIBER OPTIC,NO,NO,NO,NO,NO,NO,MONTH-TO-MONTH,NO,CREDIT CARD (AUTOMATIC),71.55,2427.35,2.350525624178712,0
8914-RBTSB,YES,MALE,0,YES,NO,31,YES,YES,FIBER OPTIC,NO,YES,YES,NO,YES,NO,MONTH-TO-MONTH,NO,ELECTRONIC CHECK,93.8,3019.5,3.081471747700394,1
8915-NNTRC,NO,MALE,0,YES,YES,72,YES,YES,FIBER OPTIC,YES,YES,NO,YES,YES,YES,TWO YEAR,YES,CREDIT CARD (AUTOMATIC),107.7,7919.8,3.538107752956636,0
8917-FAEMR,NO,FEMALE,0,NO,NO,37,YES,NO,NO,NO,NO,NO,NO,NO,NO,TWO YEAR,NO,MAILED CHECK,19.85,784.25,0.6521024967148489,0
8917-SZTTJ,NO,MALE,0,YES,YES,60,YES,NO,NO,NO,NO,NO,NO,NO,NO,TWO YEAR,NO,CREDIT CARD (AUTOMATIC),19.65,1161.75,0.645532194480946,0
8919-FYFQZ,YES,MALE,1,YES,NO,44,NO,NO,DSL,NO,YES,NO,NO,NO,NO,MONTH-TO-MONTH,YES,ELECTRONIC CHECK,30.35,1359.7,0.9970433639947438,1
8920-NAVAY,NO,MALE,1,NO,NO,62,YES,YES,FIBER OPTIC,NO,YES,YES,YES,YES,YES,ONE YEAR,YES,BANK TRANSFER (AUTOMATIC),110.75,7053.35,3.638304862023653,0
8922-LIEGH,YES,FEMALE,1,NO,NO,25,YES,YES,FIBER OPTIC,NO,YES,NO,NO,NO,YES,MONTH-TO-MONTH,YES,ELECTRONIC CHECK,89.7,2187.55,2.9467805519053876,1
8922-NPKBJ,NO,MALE,0,YES,YES,42,YES,NO,NO,NO,NO,NO,NO,NO,NO,TWO YEAR,NO,MAILED CHECK,19.35,867.3,0.635676741130092,0
8929-KSWIH,NO,MALE,0,NO,NO,25,YES,NO,FIBER OPTIC,NO,NO,YES,YES,YES,YES,TWO YEAR,NO,BANK TRANSFER (AUTOMATIC),99.3,2513.5,3.26215505913272,0
8930-XOTDP,NO,FEMALE,0,YES,YES,18,YES,NO,DSL,NO,NO,NO,NO,YES,NO,MONTH-TO-MONTH,NO,MAILED CHECK,55.95,1082.8,1.838042049934297,0
8931-GJJIQ,YES,FEMALE,0,NO,NO,9,YES,YES,FIBER OPTIC,NO,NO,NO,NO,NO,YES,MONTH-TO-MONTH,YES,ELECTRONIC CHECK,83.3,803.3,2.7365308804204993,1
8932-CZHRQ,NO,MALE,0,NO,NO,68,YES,YES,DSL,YES,YES,YES,NO,NO,YES,ONE YEAR,NO,CREDIT CARD (AUTOMATIC),76.75,5233.25,2.5213534822601837,0
8937-RDTHP,YES,MALE,0,NO,NO,1,YES,NO,FIBER OPTIC,YES,NO,NO,NO,NO,YES,MONTH-TO-MONTH,YES,MAILED CHECK,84.6,84.6,2.779237844940867,1
8938-UMKPI,YES,FEMALE,0,NO,NO,47,YES,YES,FIBER OPTIC,NO,YES,YES,NO,YES,YES,MONTH-TO-MONTH,YES,ELECTRONIC CHECK,106.4,5127.95,3.495400788436268,1
8942-DBMHZ,NO,MALE,0,NO,NO,12,YES,NO,NO,NO,NO,NO,NO,NO,NO,MONTH-TO-MONTH,NO,MAILED CHECK,20.45,255.35,0.6718134034165572,0
8943-URTMR,YES,FEMALE,0,NO,NO,2,YES,NO,FIBER OPTIC,NO,NO,NO,NO,YES,NO,MONTH-TO-MONTH,YES,MAILED CHECK,79.65,152.7,2.616622864651774,1
8944-AILEF,NO,MALE,0,YES,NO,15,YES,NO,NO,NO,NO,NO,NO,NO,NO,MONTH-TO-MONTH,YES,CREDIT CARD (AUTOMATIC),19.45,340.85,0.6389618922470434,0
8945-GRKHX,YES,FEMALE,0,NO,YES,1,YES,NO,FIBER OPTIC,NO,NO,NO,NO,NO,YES,MONTH-TO-MONTH,NO,ELECTRONIC CHECK,78.65,78.65,2.5837713534822604,1
8945-MUQUF,YES,MALE,0,NO,NO,51,YES,YES,FIBER OPTIC,YES,YES,NO,NO,YES,NO,ONE YEAR,YES,ELECTRONIC CHECK,94.8,4837.6,3.114323258869908,1
8946-BFWSG,NO,MALE,0,YES,YES,63,YES,YES,NO,NO,NO,NO,NO,NO,NO,TWO YEAR,NO,MAILED CHECK,25.25,1573.05,0.8295006570302234,0
8947-YRTDV,NO,MALE,0,YES,YES,32,YES,NO,FIBER OPTIC,YES,YES,YES,NO,NO,YES,ONE YEAR,NO,MAILED CHECK,94.8,3131.55,3.114323258869908,0
8949-JTMAY,YES,FEMALE,0,NO,NO,29,YES,YES,FIBER OPTIC,NO,NO,YES,NO,YES,YES,MONTH-TO-MONTH,YES,CREDIT CARD (AUTOMATIC),98.6,2933.2,3.2391590013140603,1
8950-MTZNV,NO,MALE,0,NO,NO,1,YES,NO,DSL,NO,NO,NO,NO,NO,NO,MONTH-TO-MONTH,YES,MAILED CHECK,44.95,44.95,1.4766754270696452,0
8952-WCVCD,NO,FEMALE,0,YES,NO,41,YES,NO,FIBER OPTIC,YES,YES,YES,NO,YES,YES,ONE YEAR,YES,BANK TRANSFER (AUTOMATIC),104.45,4162.05,3.431340341655716,0
8957-THMOA,NO,FEMALE,0,NO,YES,50,YES,NO,NO,NO,NO,NO,NO,NO,NO,TWO YEAR,NO,CREDIT CARD (AUTOMATIC),20.15,970.85,0.6619579500657029,0
8958-JPTRR,NO,FEMALE,0,YES,NO,56,YES,YES,NO,NO,NO,NO,NO,NO,NO,ONE YEAR,NO,ELECTRONIC CHECK,24.3,1261.7,0.7982917214191853,0
8961-QDZZJ,NO,FEMALE,0,YES,YES,57,YES,NO,FIBER OPTIC,NO,YES,NO,NO,YES,YES,ONE YEAR,YES,ELECTRONIC CHECK,95.0,5535.8,3.1208935611038107,0
8963-JLGJT,NO,MALE,0,NO,YES,3,YES,NO,DSL,YES,NO,YES,NO,NO,NO,MONTH-TO-MONTH,NO,MAILED CHECK,55.9,157.55,1.8363994743758212,0
8963-MQVYN,NO,FEMALE,0,NO,YES,22,YES,NO,NO,NO,NO,NO,NO,NO,NO,MONTH-TO-MONTH,YES,ELECTRONIC CHECK,20.55,469.85,0.6750985545335085,0
8966-KZXXA,NO,MALE,0,YES,YES,36,YES,YES,NO,NO,NO,NO,NO,NO,NO,TWO YEAR,NO,CREDIT CARD (AUTOMATIC),25.1,930.95,0.8245729303547963,0
8966-OIQHG,NO,FEMALE,0,YES,YES,22,YES,NO,NO,NO,NO,NO,NO,NO,NO,ONE YEAR,NO,BANK TRANSFER (AUTOMATIC),20.75,452.35,0.6816688567674113,0
8966-SNIZF,NO,FEMALE,0,YES,NO,70,YES,NO,NO,NO,NO,NO,NO,NO,NO,TWO YEAR,NO,BANK TRANSFER (AUTOMATIC),19.45,1303.5,0.6389618922470434,0
8967-SZQAS,NO,FEMALE,0,NO,NO,14,YES,NO,DSL,NO,YES,NO,NO,NO,NO,MONTH-TO-MONTH,NO,ELECTRONIC CHECK,50.45,765.45,1.657358738501971,0
8969-PRHFK,NO,MALE,0,NO,NO,18,YES,NO,NO,NO,NO,NO,NO,NO,NO,ONE YEAR,NO,MAILED CHECK,19.65,411.25,0.645532194480946,0
8970-ANWXO,NO,FEMALE,0,NO,NO,23,YES,YES,DSL,NO,NO,NO,YES,YES,YES,ONE YEAR,YES,MAILED CHECK,73.75,1756.6,2.4227989487516424,0
8972-HJWNV,YES,FEMALE,1,YES,NO,7,YES,YES,FIBER OPTIC,NO,NO,NO,NO,NO,YES,MONTH-TO-MONTH,YES,ELECTRONIC CHECK,84.55,646.85,2.7775952693823913,1
8974-OVACP,NO,FEMALE,0,NO,NO,1,YES,NO,NO,NO,NO,NO,NO,NO,NO,MONTH-TO-MONTH,NO,MAILED CHECK,20.15,20.15,0.6619579500657029,0
8975-SKGRX,NO,MALE,0,YES,NO,71,YES,YES,FIBER OPTIC,YES,YES,YES,YES,YES,YES,TWO YEAR,YES,BANK TRANSFER (AUTOMATIC),116.1,8310.55,3.8140604467805517,0
8976-OQHGT,YES,FEMALE,0,YES,YES,4,YES,NO,DSL,NO,YES,NO,YES,NO,NO,MONTH-TO-MONTH,NO,MAILED CHECK,56.5,235.1,1.8561103810775295,1
8979-CAMGB,NO,MALE,1,NO,NO,64,YES,YES,FIBER OPTIC,NO,NO,YES,YES,YES,YES,ONE YEAR,NO,ELECTRONIC CHECK,102.1,6688.1,3.3541392904073586,0
8980-WQFWL,NO,FEMALE,0,NO,NO,35,YES,NO,DSL,NO,NO,YES,NO,NO,YES,MONTH-TO-MONTH,YES,ELECTRONIC CHECK,62.1,2096.1,2.040078843626807,0
8981-FJGLA,NO,MALE,0,NO,YES,11,YES,YES,FIBER OPTIC,NO,NO,YES,NO,NO,NO,MONTH-TO-MONTH,YES,MAILED CHECK,78.0,851.8,2.562417871222076,0
8982-NHAVY,NO,MALE,0,NO,NO,27,YES,YES,FIBER OPTIC,NO,NO,YES,NO,YES,YES,ONE YEAR,YES,BANK TRANSFER (AUTOMATIC),100.5,2673.45,3.3015768725361365,0
8984-EYLLL,NO,MALE,0,YES,NO,64,YES,YES,FIBER OPTIC,NO,YES,NO,YES,YES,YES,TWO YEAR,YES,ELECTRONIC CHECK,105.25,6823.4,3.4576215505913273,0
8984-HPEMB,NO,FEMALE,0,NO,NO,71,YES,YES,FIBER OPTIC,YES,YES,YES,YES,YES,YES,TWO YEAR,YES,ELECTRONIC CHECK,118.65,8477.6,3.897831800262812,0
8985-OOPOS,NO,FEMALE,0,NO,NO,1,YES,NO,DSL,NO,NO,YES,YES,YES,YES,ONE YEAR,NO,CREDIT CARD (AUTOMATIC),74.1,74.1,2.434296977660972,0
8988-ECPJR,YES,FEMALE,1,YES,YES,34,YES,YES,FIBER OPTIC,NO,YES,NO,NO,NO,NO,MONTH-TO-MONTH,YES,MAILED CHECK,79.6,2718.3,2.614980289093298,1
8990-YOZLV,NO,FEMALE,0,NO,NO,69,YES,YES,DSL,YES,YES,NO,YES,NO,NO,TWO YEAR,YES,MAILED CHECK,66.9,4577.9,2.197766097240473,0
8990-ZXLSU,NO,FEMALE,0,NO,NO,9,YES,NO,FIBER OPTIC,NO,NO,NO,NO,NO,NO,MONTH-TO-MONTH,NO,ELECTRONIC CHECK,69.05,651.5,2.2683968462549275,0
8992-CEUEN,NO,FEMALE,0,NO,NO,1,YES,NO,NO,NO,NO,NO,NO,NO,NO,MONTH-TO-MONTH,NO,ELECTRONIC CHECK,18.85,18.85,0.6192509855453351,0
8992-JQYUN,YES,MALE,0,YES,NO,1,NO,NO,DSL,NO,NO,YES,NO,YES,YES,MONTH-TO-MONTH,YES,ELECTRONIC CHECK,50.35,50.35,1.6540735873850196,1
8992-OBVDG,NO,MALE,0,NO,NO,21,YES,NO,DSL,NO,NO,YES,NO,NO,YES,MONTH-TO-MONTH,NO,MAILED CHECK,61.65,1393.6,2.0252956636005255,0
8992-VONJD,NO,FEMALE,0,NO,YES,13,YES,NO,DSL,YES,YES,NO,NO,NO,NO,MONTH-TO-MONTH,YES,ELECTRONIC CHECK,56.0,764.55,1.8396846254927726,0
8993-IZEUX,NO,MALE,0,NO,NO,7,YES,NO,FIBER OPTIC,NO,NO,NO,NO,NO,NO,MONTH-TO-MONTH,NO,BANK TRANSFER (AUTOMATIC),69.15,488.65,2.2716819973718794,0
8993-PHFWD,YES,FEMALE,0,NO,NO,3,NO,NO,DSL,NO,NO,NO,NO,NO,NO,MONTH-TO-MONTH,NO,ELECTRONIC CHECK,25.25,58.9,0.8295006570302234,1
8996-ZROXE,NO,MALE,1,NO,NO,57,YES,NO,DSL,NO,NO,YES,YES,NO,NO,ONE YEAR,YES,ELECTRONIC CHECK,53.5,3035.8,1.757555847568988,0
8999-BOHSE,YES,FEMALE,1,NO,NO,11,YES,NO,FIBER OPTIC,NO,NO,NO,NO,YES,YES,MONTH-TO-MONTH,NO,BANK TRANSFER (AUTOMATIC),89.7,1047.7,2.9467805519053876,1
8999-EXMNO,NO,FEMALE,0,YES,YES,19,YES,NO,NO,NO,NO,NO,NO,NO,NO,TWO YEAR,NO,MAILED CHECK,20.15,387.7,0.6619579500657029,0
8999-XXGNS,NO,FEMALE,1,YES,NO,72,YES,YES,FIBER OPTIC,NO,YES,YES,NO,YES,YES,ONE YEAR,YES,CREDIT CARD (AUTOMATIC),105.75,7629.85,3.474047306176084,0
8999-YPYBV,NO,MALE,0,YES,YES,45,YES,NO,DSL,YES,YES,YES,YES,YES,YES,TWO YEAR,YES,MAILED CHECK,84.35,3858.05,2.7710249671484886,0
9000-PLFUZ,NO,FEMALE,1,YES,NO,60,NO,NO,DSL,NO,YES,NO,NO,YES,YES,TWO YEAR,YES,CREDIT CARD (AUTOMATIC),49.45,2907.55,1.6245072273324572,0
9003-CPATH,NO,MALE,0,NO,NO,42,YES,YES,FIBER OPTIC,NO,NO,YES,NO,NO,NO,MONTH-TO-MONTH,NO,ELECTRONIC CHECK,79.9,3313.4,2.6248357424441524,0
9013-AQORL,NO,FEMALE,0,NO,YES,48,NO,NO,DSL,NO,YES,YES,NO,NO,YES,MONTH-TO-MONTH,NO,CREDIT CARD (AUTOMATIC),45.55,2108.35,1.4963863337713532,0
9018-PCIOK,NO,FEMALE,0,NO,NO,55,YES,NO,DSL,NO,YES,YES,NO,NO,YES,TWO YEAR,YES,MAILED CHECK,64.75,3617.1,2.1271353482260182,0
9019-QVLZD,YES,FEMALE,0,NO,NO,1,YES,NO,FIBER OPTIC,NO,NO,NO,NO,YES,NO,MONTH-TO-MONTH,NO,ELECTRONIC CHECK,79.55,79.55,2.6133377135348224,1
9025-AOMKI,YES,FEMALE,0,NO,NO,6,YES,YES,FIBER OPTIC,NO,NO,NO,NO,YES,YES,MONTH-TO-MONTH,YES,BANK TRANSFER (AUTOMATIC),93.55,536.4,3.0732588699080154,1
9025-ZRPVR,YES,MALE,0,NO,NO,9,YES,NO,NO,NO,NO,NO,NO,NO,NO,MONTH-TO-MONTH,YES,MAILED CHECK,18.95,185.6,0.6225361366622865,1
9026-LHEVG,NO,FEMALE,0,NO,NO,9,NO,NO,DSL,NO,YES,NO,NO,NO,YES,MONTH-TO-MONTH,NO,ELECTRONIC CHECK,40.75,359.4,1.3386990801576872,0
9026-RNUJS,YES,MALE,1,NO,NO,5,YES,NO,DSL,NO,NO,YES,NO,NO,NO,MONTH-TO-MONTH,NO,ELECTRONIC CHECK,50.35,237.25,1.6540735873850196,1
9027-TMATR,NO,FEMALE,0,YES,NO,43,YES,NO,DSL,YES,NO,YES,YES,YES,YES,TWO YEAR,YES,ELECTRONIC CHECK,78.8,3460.3,2.5886990801576872,0
9027-YFHQJ,NO,MALE,0,NO,NO,7,YES,YES,NO,NO,NO,NO,NO,NO,NO,MONTH-TO-MONTH,YES,BANK TRANSFER (AUTOMATIC),25.05,152.95,0.8229303547963206,0
9028-LIHRP,NO,MALE,0,YES,YES,71,YES,NO,FIBER OPTIC,YES,YES,YES,YES,YES,NO,TWO YEAR,NO,CREDIT CARD (AUTOMATIC),100.2,7209.0,3.2917214191852824,0
9029-FEGVJ,NO,FEMALE,1,YES,NO,32,YES,YES,FIBER OPTIC,NO,NO,YES,NO,NO,NO,MONTH-TO-MONTH,NO,MAILED CHECK,79.3,2570.0,2.605124835742444,0
9030-QGZNL,NO,FEMALE,0,NO,NO,8,YES,NO,NO,NO,NO,NO,NO,NO,NO,TWO YEAR,NO,MAILED CHECK,20.85,161.65,0.6849540078843627,0
9031-ZVQPT,NO,MALE,0,YES,NO,72,YES,YES,FIBER OPTIC,NO,YES,YES,YES,YES,YES,TWO YEAR,YES,ELECTRONIC CHECK,108.2,7840.6,3.5545335085413927,0
9033-EOXWV,YES,FEMALE,0,NO,NO,12,YES,YES,DSL,NO,NO,NO,YES,YES,YES,ONE YEAR,NO,MAILED CHECK,74.05,872.65,2.4326544021024965,1
9036-CSKBW,NO,FEMALE,0,NO,NO,51,YES,YES,FIBER OPTIC,YES,YES,YES,NO,YES,YES,ONE YEAR,NO,BANK TRANSFER (AUTOMATIC),107.45,5680.9,3.5298948751642576,0
9039-RBEEE,YES,MALE,0,NO,NO,39,NO,NO,DSL,YES,YES,NO,YES,YES,NO,MONTH-TO-MONTH,YES,CREDIT CARD (AUTOMATIC),48.95,1880.85,1.6080814717477003,1
9039-ZVJDC,NO,MALE,0,NO,NO,3,YES,NO,NO,NO,NO,NO,NO,NO,NO,MONTH-TO-MONTH,YES,MAILED CHECK,19.1,53.05,0.6274638633377135,0
9040-KZVWO,NO,MALE,0,NO,NO,26,YES,NO,FIBER OPTIC,NO,YES,NO,NO,NO,NO,ONE YEAR,NO,BANK TRANSFER (AUTOMATIC),75.5,2018.1,2.4802890932982917,0
9046-DQMTP,NO,MALE,0,NO,NO,35,YES,NO,NO,NO,NO,NO,NO,NO,NO,MONTH-TO-MONTH,NO,BANK TRANSFER (AUTOMATIC),20.75,739.9,0.6816688567674113,0
9046-JBFWA,NO,MALE,0,NO,YES,27,YES,NO,NO,NO,NO,NO,NO,NO,NO,MONTH-TO-MONTH,NO,MAILED CHECK,19.15,537.35,0.6291064388961891,0
9048-JVYVF,YES,MALE,0,NO,NO,3,YES,NO,DSL,NO,NO,NO,YES,YES,YES,MONTH-TO-MONTH,YES,ELECTRONIC CHECK,69.35,191.35,2.2782522996057817,1
9050-IKDZA,NO,FEMALE,1,NO,NO,2,YES,NO,FIBER OPTIC,NO,NO,NO,NO,YES,NO,MONTH-TO-MONTH,NO,MAILED CHECK,81.5,162.55,2.6773981603153745,0
9050-QLROH,YES,MALE,0,NO,NO,18,YES,YES,FIBER OPTIC,NO,NO,YES,NO,NO,YES,MONTH-TO-MONTH,YES,CREDIT CARD (AUTOMATIC),90.7,1597.25,2.9796320630749014,1
9052-DHNKM,NO,MALE,0,NO,NO,26,YES,YES,DSL,YES,YES,NO,NO,NO,NO,ONE YEAR,NO,ELECTRONIC CHECK,61.55,1581.95,2.022010512483574,0
9052-VKDUW,NO,FEMALE,1,YES,NO,65,YES,YES,FIBER OPTIC,YES,YES,YES,NO,YES,YES,MONTH-TO-MONTH,YES,CREDIT CARD (AUTOMATIC),109.4,7227.45,3.5939553219448097,0
9053-EJUNL,NO,MALE,0,NO,NO,41,YES,YES,FIBER OPTIC,NO,YES,NO,NO,YES,NO,MONTH-TO-MONTH,YES,ELECTRONIC CHECK,89.2,3645.75,2.9303547963206307,0
9053-JZFKV,YES,MALE,0,NO,NO,67,YES,YES,FIBER OPTIC,YES,YES,YES,YES,YES,YES,TWO YEAR,NO,CREDIT CARD (AUTOMATIC),116.2,7752.3,3.817345597897503,1
9054-FOWNV,NO,MALE,0,YES,YES,22,YES,YES,FIBER OPTIC,NO,NO,YES,NO,YES,NO,MONTH-TO-MONTH,YES,ELECTRONIC CHECK,88.75,1885.15,2.9155716162943492,0
9055-MOJJJ,NO,FEMALE,0,YES,YES,64,YES,NO,DSL,YES,NO,NO,YES,YES,NO,ONE YEAR,NO,MAILED CHECK,65.8,4068.0,2.1616294349540075,0
9057-MSWCO,YES,MALE,1,YES,NO,27,NO,NO,DSL,YES,NO,NO,NO,NO,NO,MONTH-TO-MONTH,NO,CREDIT CARD (AUTOMATIC),30.75,805.1,1.0101839684625493,1
9057-SIHCH,YES,FEMALE,0,NO,NO,3,YES,YES,FIBER OPTIC,NO,NO,NO,NO,YES,YES,MONTH-TO-MONTH,YES,ELECTRONIC CHECK,96.6,291.9,3.1734559789750327,1
9058-CBREO,YES,FEMALE,1,NO,NO,1,YES,YES,DSL,NO,NO,NO,NO,NO,NO,MONTH-TO-MONTH,NO,MAILED CHECK,50.55,50.55,1.6606438896189224,1
9058-HRZSV,NO,FEMALE,1,YES,NO,65,YES,NO,FIBER OPTIC,YES,YES,YES,NO,NO,YES,MONTH-TO-MONTH,NO,ELECTRONIC CHECK,94.4,6126.15,3.1011826544021024,0
9058-MJLZC,NO,FEMALE,0,NO,NO,24,YES,NO,FIBER OPTIC,YES,NO,NO,NO,YES,YES,MONTH-TO-MONTH,YES,ELECTRONIC CHECK,94.6,2283.15,3.107752956636005,0
9060-HJJRW,NO,FEMALE,0,NO,NO,51,NO,NO,DSL,NO,YES,YES,NO,YES,YES,ONE YEAR,YES,CREDIT CARD (AUTOMATIC),56.4,2928.5,1.852825229960578,0
9061-TIHDA,YES,MALE,1,YES,NO,13,YES,YES,FIBER OPTIC,NO,NO,NO,NO,YES,YES,MONTH-TO-MONTH,YES,ELECTRONIC CHECK,95.25,1233.65,3.129106438896189,1
9063-ZGTUY,YES,FEMALE,0,YES,YES,61,YES,NO,NO,NO,NO,NO,NO,NO,NO,MONTH-TO-MONTH,YES,MAILED CHECK,19.4,1182.55,0.6373193166885676,1
9065-ZCPQX,NO,MALE,0,YES,NO,72,YES,YES,DSL,YES,YES,YES,YES,NO,YES,TWO YEAR,NO,BANK TRANSFER (AUTOMATIC),78.85,5763.15,2.5903416557161627,0
9066-QRSDU,NO,FEMALE,0,YES,NO,69,YES,YES,NO,NO,NO,NO,NO,NO,NO,ONE YEAR,YES,ELECTRONIC CHECK,26.3,1763.55,0.8639947437582128,0
9067-SQTNS,NO,MALE,0,YES,YES,44,YES,NO,NO,NO,NO,NO,NO,NO,NO,ONE YEAR,NO,BANK TRANSFER (AUTOMATIC),20.6,926.0,0.6767411300919842,0
9067-YGSCA,NO,FEMALE,0,NO,NO,70,YES,YES,NO,NO,NO,NO,NO,NO,NO,ONE YEAR,NO,CREDIT CARD (AUTOMATIC),26.05,1856.4,0.8557818659658344,0
9068-FHQHD,NO,FEMALE,0,YES,YES,40,YES,NO,NO,NO,NO,NO,NO,NO,NO,TWO YEAR,NO,BANK TRANSFER (AUTOMATIC),20.15,777.35,0.6619579500657029,0
9068-VPWQQ,NO,MALE,0,YES,NO,61,YES,YES,DSL,YES,NO,YES,YES,NO,YES,TWO YEAR,NO,CREDIT CARD (AUTOMATIC),75.35,4729.3,2.4753613666228644,0
9069-LGEUL,NO,MALE,0,YES,NO,23,YES,NO,DSL,YES,NO,NO,NO,NO,YES,MONTH-TO-MONTH,YES,BANK TRANSFER (AUTOMATIC),59.95,1406.0,1.9694480946123523,0
9070-BCKQP,NO,FEMALE,0,YES,NO,72,YES,YES,FIBER OPTIC,YES,NO,YES,YES,YES,YES,TWO YEAR,YES,CREDIT CARD (AUTOMATIC),110.15,7881.2,3.618593955321945,0
9073-ZZIAY,NO,MALE,0,YES,YES,62,YES,NO,DSL,YES,YES,YES,YES,YES,YES,TWO YEAR,NO,ELECTRONIC CHECK,86.1,5215.25,2.8285151116951375,0
9074-KGVOX,NO,MALE,0,YES,YES,50,NO,NO,DSL,YES,NO,NO,NO,YES,NO,MONTH-TO-MONTH,YES,CREDIT CARD (AUTOMATIC),39.45,2021.35,1.2959921156373193,0
9076-AXYIK,NO,MALE,1,YES,NO,64,YES,YES,FIBER OPTIC,NO,NO,YES,YES,YES,YES,TWO YEAR,NO,ELECTRONIC CHECK,102.1,6538.45,3.3541392904073586,0
9079-LWTFD,NO,MALE,0,NO,NO,47,YES,YES,FIBER OPTIC,YES,YES,NO,YES,YES,NO,MONTH-TO-MONTH,NO,MAILED CHECK,100.75,4669.2,3.309789750328515,0
9079-YEXQJ,YES,FEMALE,0,NO,NO,54,YES,YES,FIBER OPTIC,NO,YES,YES,YES,YES,YES,MONTH-TO-MONTH,NO,ELECTRONIC CHECK,111.1,6014.85,3.6498028909329827,1
9081-WWXKP,NO,FEMALE,0,YES,YES,47,YES,NO,NO,NO,NO,NO,NO,NO,NO,TWO YEAR,NO,CREDIT CARD (AUTOMATIC),20.25,873.4,0.6652431011826544,0
9084-OAYKL,NO,MALE,0,NO,NO,58,YES,NO,NO,NO,NO,NO,NO,NO,NO,TWO YEAR,NO,MAILED CHECK,20.8,1212.25,0.683311432325887,0
9086-YJYXS,NO,MALE,0,YES,YES,34,YES,YES,DSL,NO,NO,YES,NO,YES,YES,ONE YEAR,NO,BANK TRANSFER (AUTOMATIC),77.2,2753.8,2.536136662286465,0
9087-EYCPR,NO,FEMALE,0,NO,NO,60,YES,YES,NO,NO,NO,NO,NO,NO,NO,TWO YEAR,NO,MAILED CHECK,25.0,1505.05,0.8212877792378449,0
9089-UOWJG,NO,FEMALE,0,YES,YES,12,YES,NO,DSL,NO,NO,YES,NO,YES,NO,MONTH-TO-MONTH,YES,CREDIT CARD (AUTOMATIC),58.35,740.55,1.91688567674113,0
9090-SGQXL,YES,MALE,1,YES,NO,68,YES,YES,FIBER OPTIC,NO,YES,YES,NO,YES,YES,MONTH-TO-MONTH,YES,ELECTRONIC CHECK,105.3,7299.65,3.4592641261498027,1
9091-WTUUY,NO,MALE,0,YES,YES,64,YES,NO,DSL,YES,NO,YES,YES,YES,NO,TWO YEAR,NO,MAILED CHECK,69.25,4447.75,2.2749671484888303,0
9092-GDZKO,NO,MALE,0,NO,NO,22,YES,YES,NO,NO,NO,NO,NO,NO,NO,MONTH-TO-MONTH,YES,CREDIT CARD (AUTOMATIC),24.85,493.4,0.8163600525624178,0
9093-FPDLG,NO,FEMALE,0,NO,NO,11,YES,NO,FIBER OPTIC,NO,YES,YES,YES,NO,YES,MONTH-TO-MONTH,YES,ELECTRONIC CHECK,94.2,999.9,3.0946123521681996,0
9094-AZPHK,NO,FEMALE,0,NO,NO,15,YES,YES,FIBER OPTIC,NO,YES,NO,NO,YES,YES,MONTH-TO-MONTH,YES,ELECTRONIC CHECK,100.15,1415.0,3.290078843626807,0
9095-HFAFX,YES,FEMALE,0,NO,NO,5,YES,NO,FIBER OPTIC,NO,NO,NO,NO,YES,NO,MONTH-TO-MONTH,YES,CREDIT CARD (AUTOMATIC),81.0,389.6,2.6609724047306176,1
9097-ZUBYC,NO,MALE,0,YES,NO,14,YES,NO,DSL,NO,NO,NO,YES,NO,NO,MONTH-TO-MONTH,NO,BANK TRANSFER (AUTOMATIC),48.8,664.4,1.6031537450722733,0
9099-FTUHS,NO,FEMALE,0,NO,NO,23,YES,YES,DSL,YES,NO,NO,NO,NO,NO,MONTH-TO-MONTH,NO,ELECTRONIC CHECK,54.4,1249.25,1.7871222076215505,0
9101-BWFSS,YES,FEMALE,0,YES,NO,50,YES,YES,FIBER OPTIC,YES,YES,NO,YES,YES,YES,ONE YEAR,NO,ELECTRONIC CHECK,108.55,5610.7,3.5660315374507223,1
9101-NTIXF,NO,MALE,0,NO,NO,2,YES,NO,NO,NO,NO,NO,NO,NO,NO,MONTH-TO-MONTH,NO,MAILED CHECK,19.4,50.6,0.6373193166885676,0
9102-IAYHT,YES,FEMALE,0,YES,YES,17,YES,YES,FIBER OPTIC,NO,NO,NO,NO,NO,YES,MONTH-TO-MONTH,YES,ELECTRONIC CHECK,85.45,1451.6,2.807161629434954,1
9102-OXKFY,NO,MALE,0,NO,NO,59,YES,YES,DSL,NO,NO,YES,NO,NO,NO,TWO YEAR,NO,CREDIT CARD (AUTOMATIC),54.15,3116.15,1.778909329829172,0
9103-CXVOK,NO,MALE,0,YES,YES,1,YES,NO,NO,NO,NO,NO,NO,NO,NO,MONTH-TO-MONTH,NO,ELECTRONIC CHECK,19.75,19.75,0.6488173455978975,0
9103-TCIHJ,YES,FEMALE,0,NO,NO,15,YES,YES,DSL,YES,NO,NO,NO,NO,NO,MONTH-TO-MONTH,YES,MAILED CHECK,55.7,899.8,1.8298291721419186,1
9107-UKCKY,NO,MALE,0,YES,NO,61,YES,YES,DSL,NO,YES,YES,NO,YES,YES,ONE YEAR,YES,ELECTRONIC CHECK,79.8,4914.8,2.621550591327201,0
9108-EJFJP,NO,FEMALE,0,YES,NO,1,YES,NO,DSL,YES,YES,NO,NO,NO,NO,MONTH-TO-MONTH,YES,MAILED CHECK,53.55,53.55,1.7591984231274638,0
9108-EQPNQ,NO,FEMALE,0,YES,YES,10,YES,YES,NO,NO,NO,NO,NO,NO,NO,TWO YEAR,NO,CREDIT CARD (AUTOMATIC),26.1,225.55,0.8574244415243101,0
9110-HSGTV,NO,FEMALE,0,NO,NO,69,YES,NO,DSL,YES,NO,YES,YES,YES,YES,TWO YEAR,YES,CREDIT CARD (AUTOMATIC),82.45,5555.3,2.708607095926413,0
9112-WSNPU,NO,FEMALE,1,NO,NO,35,YES,NO,FIBER OPTIC,NO,NO,NO,NO,NO,NO,MONTH-TO-MONTH,NO,ELECTRONIC CHECK,70.55,2419.0,2.3176741130091982,0
9114-AAFQH,NO,FEMALE,0,YES,NO,48,YES,NO,DSL,NO,YES,YES,NO,NO,YES,ONE YEAR,YES,ELECTRONIC CHECK,65.65,3094.65,2.156701708278581,0
9114-DPSIA,NO,MALE,0,YES,YES,72,YES,YES,DSL,YES,YES,YES,YES,NO,YES,TWO YEAR,NO,CREDIT CARD (AUTOMATIC),81.0,5750.0,2.6609724047306176,0
9114-VEPUF,NO,MALE,0,YES,NO,62,YES,YES,FIBER OPTIC,YES,YES,NO,NO,NO,YES,ONE YEAR,NO,ELECTRONIC CHECK,96.1,6001.45,3.157030223390276,0
9115-YQHGA,NO,MALE,0,NO,NO,40,YES,NO,DSL,NO,NO,NO,YES,NO,NO,MONTH-TO-MONTH,YES,ELECTRONIC CHECK,51.1,2092.9,1.678712220762155,0
9117-SHLZX,YES,MALE,0,NO,NO,1,YES,NO,DSL,NO,NO,NO,NO,NO,NO,MONTH-TO-MONTH,YES,MAILED CHECK,45.7,45.7,1.5013140604467805,1
9121-PHQSR,NO,MALE,1,YES,NO,16,YES,YES,FIBER OPTIC,NO,NO,NO,NO,YES,NO,MONTH-TO-MONTH,YES,CREDIT CARD (AUTOMATIC),85.05,1391.15,2.794021024967148,0
9122-UMROB,NO,MALE,0,NO,NO,1,YES,NO,NO,NO,NO,NO,NO,NO,NO,MONTH-TO-MONTH,NO,MAILED CHECK,20.3,20.3,0.6668856767411301,0
9124-LHCJQ,YES,FEMALE,0,NO,NO,1,YES,YES,FIBER OPTIC,NO,NO,NO,NO,NO,YES,MONTH-TO-MONTH,YES,MAILED CHECK,85.45,85.45,2.807161629434954,1
9127-FHJBZ,NO,MALE,0,YES,YES,72,YES,YES,FIBER OPTIC,YES,YES,YES,YES,YES,YES,TWO YEAR,YES,ELECTRONIC CHECK,114.0,8093.15,3.7450722733245727,0
9127-QRZMH,NO,MALE,0,YES,NO,44,YES,NO,DSL,YES,YES,NO,YES,NO,NO,ONE YEAR,YES,BANK TRANSFER (AUTOMATIC),59.85,2603.95,1.9661629434954007,0
9128-CPXKI,NO,FEMALE,0,NO,NO,59,YES,NO,FIBER OPTIC,NO,NO,YES,NO,YES,YES,TWO YEAR,NO,ELECTRONIC CHECK,95.8,5655.45,3.1471747700394217,0
9129-UXERG,NO,FEMALE,1,NO,NO,18,YES,YES,FIBER OPTIC,NO,YES,NO,YES,YES,YES,MONTH-TO-MONTH,YES,CREDIT CARD (AUTOMATIC),103.6,1806.35,3.4034165571616293,0
9133-AYJZG,NO,FEMALE,0,NO,NO,23,YES,YES,FIBER OPTIC,NO,YES,NO,NO,YES,YES,MONTH-TO-MONTH,YES,CREDIT CARD (AUTOMATIC),98.7,2249.1,3.2424441524310117,0
9134-CEQMF,YES,MALE,1,YES,NO,7,YES,NO,FIBER OPTIC,NO,NO,NO,NO,YES,YES,MONTH-TO-MONTH,YES,ELECTRONIC CHECK,89.5,676.7,2.940210249671485,1
9134-WYRVP,NO,MALE,0,NO,NO,51,YES,NO,FIBER OPTIC,YES,NO,NO,NO,YES,NO,ONE YEAR,NO,MAILED CHECK,86.35,4267.15,2.836727989487516,0
9135-HSWOC,NO,MALE,0,YES,YES,64,YES,NO,NO,NO,NO,NO,NO,NO,NO,TWO YEAR,YES,BANK TRANSFER (AUTOMATIC),19.7,1274.05,0.6471747700394218,0
9135-MGVPY,NO,MALE,0,YES,NO,69,YES,NO,DSL,YES,YES,YES,YES,YES,YES,TWO YEAR,YES,MAILED CHECK,84.7,5878.9,2.7825229960578186,0
9136-ALYBR,YES,MALE,0,NO,NO,1,NO,NO,DSL,NO,NO,NO,NO,NO,NO,MONTH-TO-MONTH,YES,MAILED CHECK,24.45,24.45,0.8032194480946123,1
9137-NOQKA,NO,MALE,1,NO,NO,2,YES,NO,NO,NO,NO,NO,NO,NO,NO,MONTH-TO-MONTH,NO,ELECTRONIC CHECK,19.2,37.2,0.6307490144546649,0
9137-UIYPG,NO,FEMALE,0,YES,YES,35,YES,NO,FIBER OPTIC,YES,NO,YES,YES,YES,YES,MONTH-TO-MONTH,YES,ELECTRONIC CHECK,106.9,3756.45,3.511826544021025,0
9138-EFSMO,NO,MALE,0,YES,YES,26,YES,NO,FIBER OPTIC,NO,NO,NO,NO,NO,YES,ONE YEAR,NO,BANK TRANSFER (AUTOMATIC),78.95,2034.25,2.5936268068331145,0
9139-TWBAS,NO,FEMALE,0,YES,NO,26,NO,NO,DSL,YES,YES,YES,NO,YES,NO,ONE YEAR,NO,BANK TRANSFER (AUTOMATIC),47.85,1190.5,1.5719448094612352,0
9139-WQQDY,YES,FEMALE,0,YES,YES,49,YES,YES,FIBER OPTIC,NO,YES,NO,NO,YES,YES,ONE YEAR,NO,MAILED CHECK,100.45,4941.8,3.299934296977661,1
9140-CZQZZ,NO,FEMALE,0,YES,NO,68,YES,NO,DSL,YES,YES,NO,YES,YES,YES,TWO YEAR,YES,BANK TRANSFER (AUTOMATIC),79.6,5515.8,2.614980289093298,0
9142-KZXOP,NO,MALE,0,NO,NO,44,YES,NO,FIBER OPTIC,NO,NO,NO,NO,NO,NO,MONTH-TO-MONTH,NO,CREDIT CARD (AUTOMATIC),68.85,2958.95,2.261826544021025,0
9142-XMYJH,NO,FEMALE,0,NO,NO,29,YES,NO,NO,NO,NO,NO,NO,NO,NO,MONTH-TO-MONTH,NO,CREDIT CARD (AUTOMATIC),19.35,601.6,0.635676741130092,0
9143-CANJF,NO,FEMALE,0,YES,YES,24,YES,NO,DSL,YES,NO,NO,YES,NO,NO,MONTH-TO-MONTH,NO,ELECTRONIC CHECK,55.15,1319.85,1.8117608409986858,0
9146-JRIOX,NO,FEMALE,0,YES,YES,14,YES,YES,NO,NO,NO,NO,NO,NO,NO,MONTH-TO-MONTH,NO,MAILED CHECK,25.55,372.45,0.8393561103810775,0
9150-HEPMB,NO,MALE,0,NO,NO,56,YES,NO,DSL,YES,NO,YES,NO,NO,NO,ONE YEAR,NO,MAILED CHECK,52.7,3019.7,1.731274638633377,0
9150-KPBJQ,NO,FEMALE,0,NO,NO,6,YES,NO,NO,NO,NO,NO,NO,NO,NO,TWO YEAR,NO,CREDIT CARD (AUTOMATIC),19.65,116.85,0.645532194480946,0
9152-AMKAK,NO,MALE,0,NO,NO,6,YES,NO,DSL,YES,NO,YES,YES,YES,YES,TWO YEAR,YES,MAILED CHECK,80.25,493.4,2.636333771353482,0
9153-BTBVV,NO,FEMALE,0,YES,NO,71,YES,YES,NO,NO,NO,NO,NO,NO,NO,TWO YEAR,NO,BANK TRANSFER (AUTOMATIC),25.0,1753.0,0.8212877792378449,0
9154-QDGTH,NO,MALE,0,YES,YES,43,YES,YES,FIBER OPTIC,NO,NO,YES,YES,YES,YES,ONE YEAR,YES,CREDIT CARD (AUTOMATIC),104.3,4451.85,3.426412614980289,0
9158-VCTQB,YES,FEMALE,0,YES,NO,41,YES,YES,FIBER OPTIC,YES,YES,YES,YES,YES,YES,MONTH-TO-MONTH,YES,BANK TRANSFER (AUTOMATIC),113.6,4594.95,3.731931668856767,1
9163-GHAYE,NO,FEMALE,0,NO,NO,15,YES,NO,DSL,NO,YES,NO,NO,NO,NO,MONTH-TO-MONTH,NO,ELECTRONIC CHECK,48.85,736.8,1.604796320630749,0
9167-APMXZ,NO,FEMALE,0,NO,NO,22,YES,YES,FIBER OPTIC,NO,NO,NO,NO,YES,NO,MONTH-TO-MONTH,YES,BANK TRANSFER (AUTOMATIC),84.15,1821.95,2.7644546649145862,0
9168-INPSZ,NO,FEMALE,1,YES,NO,44,YES,YES,FIBER OPTIC,NO,NO,YES,YES,YES,YES,MONTH-TO-MONTH,NO,ELECTRONIC CHECK,104.15,4495.65,3.421484888304862,0
9169-BSVIN,NO,MALE,0,NO,NO,12,YES,YES,DSL,NO,NO,YES,NO,YES,YES,MONTH-TO-MONTH,NO,BANK TRANSFER (AUTOMATIC),74.75,827.05,2.455650459921156,0
9170-ARBTB,NO,FEMALE,0,YES,YES,52,YES,NO,NO,NO,NO,NO,NO,NO,NO,ONE YEAR,NO,CREDIT CARD (AUTOMATIC),19.6,1012.4,0.6438896189224704,0
9170-CCKOU,YES,MALE,0,YES,NO,17,YES,YES,FIBER OPTIC,YES,YES,YES,NO,NO,NO,MONTH-TO-MONTH,NO,CREDIT CARD (AUTOMATIC),90.2,1454.15,2.9632063074901445,1
9170-GYZJC,YES,FEMALE,0,YES,YES,41,YES,YES,DSL,YES,YES,YES,YES,NO,YES,MONTH-TO-MONTH,NO,CREDIT CARD (AUTOMATIC),79.9,3326.2,2.6248357424441524,1
9172-ANCRX,YES,FEMALE,0,NO,NO,10,YES,YES,FIBER OPTIC,YES,NO,NO,NO,YES,YES,MONTH-TO-MONTH,YES,ELECTRONIC CHECK,98.7,973.25,3.2424441524310117,1
9172-JITSM,YES,FEMALE,0,YES,YES,26,YES,NO,FIBER OPTIC,NO,NO,NO,NO,YES,YES,MONTH-TO-MONTH,YES,ELECTRONIC CHECK,90.8,2361.8,2.9829172141918527,1
9173-IVZVP,NO,FEMALE,0,YES,YES,53,YES,NO,NO,NO,NO,NO,NO,NO,NO,TWO YEAR,NO,MAILED CHECK,20.9,1146.05,0.6865965834428382,0
9174-FKWZE,YES,FEMALE,1,NO,NO,1,YES,NO,NO,NO,NO,NO,NO,NO,NO,MONTH-TO-MONTH,YES,ELECTRONIC CHECK,19.45,19.45,0.6389618922470434,1
9174-IHETN,NO,FEMALE,0,NO,YES,50,YES,NO,FIBER OPTIC,NO,NO,NO,NO,NO,NO,TWO YEAR,NO,CREDIT CARD (AUTOMATIC),70.35,3533.6,2.3111038107752955,0
9178-JHUVJ,NO,MALE,0,YES,YES,24,YES,YES,NO,NO,NO,NO,NO,NO,NO,TWO YEAR,YES,BANK TRANSFER (AUTOMATIC),24.1,587.4,0.7917214191852825,0
9184-GALIL,NO,FEMALE,0,YES,YES,38,YES,NO,NO,NO,NO,NO,NO,NO,NO,MONTH-TO-MONTH,NO,MAILED CHECK,20.45,781.25,0.6718134034165572,0
9185-TQCVP,YES,MALE,0,YES,NO,14,YES,YES,FIBER OPTIC,NO,NO,NO,NO,NO,YES,MONTH-TO-MONTH,YES,ELECTRONIC CHECK,85.15,1139.2,2.7973061760841,1
9189-JWSHV,YES,FEMALE,1,YES,NO,24,YES,YES,FIBER OPTIC,NO,NO,NO,NO,YES,YES,MONTH-TO-MONTH,YES,ELECTRONIC CHECK,93.55,2264.05,3.0732588699080154,1
9190-MFJLN,YES,MALE,1,NO,NO,19,YES,NO,FIBER OPTIC,NO,NO,YES,NO,YES,YES,MONTH-TO-MONTH,YES,CREDIT CARD (AUTOMATIC),95.9,1777.9,3.150459921156373,1
9191-MYQKX,YES,FEMALE,0,YES,NO,7,YES,NO,FIBER OPTIC,NO,NO,YES,NO,NO,NO,MONTH-TO-MONTH,YES,BANK TRANSFER (AUTOMATIC),75.15,496.9,2.468791064388962,1
9194-GFVOI,NO,FEMALE,0,YES,NO,42,YES,YES,DSL,YES,NO,YES,YES,YES,YES,TWO YEAR,NO,CREDIT CARD (AUTOMATIC),84.35,3571.6,2.7710249671484886,0
9199-PWQVC,NO,FEMALE,0,YES,NO,63,YES,YES,DSL,YES,YES,NO,NO,YES,YES,ONE YEAR,YES,CREDIT CARD (AUTOMATIC),79.7,4786.15,2.6182654402102497,0
9200-NLNPD,NO,MALE,0,YES,NO,56,NO,NO,DSL,NO,NO,YES,YES,YES,YES,ONE YEAR,YES,BANK TRANSFER (AUTOMATIC),54.05,2959.8,1.7756241787122207,0
9206-GVPEQ,YES,MALE,0,YES,NO,13,NO,NO,DSL,YES,NO,NO,YES,YES,YES,MONTH-TO-MONTH,YES,ELECTRONIC CHECK,54.45,706.85,1.7887647831800264,1
9207-ZPANB,NO,MALE,0,NO,NO,37,YES,YES,DSL,YES,YES,YES,YES,NO,NO,ONE YEAR,NO,ELECTRONIC CHECK,67.45,2443.3,2.2158344283837055,0
9208-OLGAQ,NO,FEMALE,1,NO,NO,18,YES,NO,FIBER OPTIC,NO,NO,YES,NO,NO,YES,MONTH-TO-MONTH,YES,ELECTRONIC CHECK,84.95,1443.65,2.7907358738501973,0
9209-NWPGU,NO,MALE,0,NO,NO,44,YES,NO,DSL,YES,NO,NO,YES,YES,NO,ONE YEAR,NO,ELECTRONIC CHECK,65.4,2774.55,2.1484888304862024,0
9210-IAHGH,YES,FEMALE,0,NO,NO,7,YES,NO,DSL,NO,NO,NO,YES,YES,YES,MONTH-TO-MONTH,YES,CREDIT CARD (AUTOMATIC),70.75,450.8,2.324244415243101,1
9214-EKVXR,NO,FEMALE,0,NO,NO,1,YES,NO,DSL,NO,NO,NO,NO,NO,NO,MONTH-TO-MONTH,YES,MAILED CHECK,44.0,44.0,1.445466491458607,0
9220-CXRSC,NO,FEMALE,0,YES,YES,69,YES,YES,DSL,YES,NO,NO,YES,NO,NO,TWO YEAR,NO,CREDIT CARD (AUTOMATIC),61.4,4059.85,2.0170827858081473,0
9220-ZNKJI,NO,FEMALE,1,YES,NO,55,YES,NO,FIBER OPTIC,NO,NO,YES,YES,YES,NO,TWO YEAR,NO,CREDIT CARD (AUTOMATIC),88.8,4805.3,2.917214191852825,0
9221-OTIVJ,YES,FEMALE,1,NO,NO,14,YES,YES,FIBER OPTIC,NO,YES,YES,NO,YES,YES,MONTH-TO-MONTH,YES,ELECTRONIC CHECK,104.85,1531.4,3.4444809461235213,1
9223-UCPVT,YES,FEMALE,0,NO,NO,1,YES,NO,FIBER OPTIC,NO,NO,YES,NO,YES,YES,MONTH-TO-MONTH,NO,ELECTRONIC CHECK,94.4,94.4,3.1011826544021024,1
9224-VTYID,NO,MALE,0,YES,YES,47,YES,YES,DSL,YES,YES,YES,YES,YES,YES,TWO YEAR,YES,MAILED CHECK,90.5,4318.35,2.9730617608409986,0
9225-BZLNZ,NO,MALE,0,YES,NO,72,YES,YES,DSL,YES,YES,YES,NO,YES,YES,TWO YEAR,YES,ELECTRONIC CHECK,85.25,6083.1,2.800591327201051,0
9227-LUNBG,YES,FEMALE,0,NO,NO,1,NO,NO,DSL,NO,NO,NO,NO,NO,NO,MONTH-TO-MONTH,NO,ELECTRONIC CHECK,24.6,24.6,0.8081471747700394,1
9227-UAQFT,NO,MALE,0,NO,NO,16,YES,NO,NO,NO,NO,NO,NO,NO,NO,TWO YEAR,NO,MAILED CHECK,19.75,284.35,0.6488173455978975,0
9227-YBAXE,NO,FEMALE,0,YES,YES,65,YES,YES,DSL,YES,YES,NO,YES,YES,YES,TWO YEAR,YES,BANK TRANSFER (AUTOMATIC),82.5,5215.1,2.7102496714848883,0
9229-RQABD,NO,MALE,0,NO,NO,18,YES,YES,NO,NO,NO,NO,NO,NO,NO,ONE YEAR,NO,MAILED CHECK,23.75,424.5,0.7802233902759527,0
9231-ZJYAM,YES,FEMALE,1,NO,NO,4,YES,NO,FIBER OPTIC,NO,NO,NO,NO,YES,NO,MONTH-TO-MONTH,YES,ELECTRONIC CHECK,78.85,292.8,2.5903416557161627,1
9233-PSYHO,NO,FEMALE,1,NO,NO,45,YES,YES,FIBER OPTIC,NO,NO,YES,NO,YES,YES,ONE YEAR,YES,BANK TRANSFER (AUTOMATIC),100.15,4459.8,3.290078843626807,0
9236-NDUCW,NO,FEMALE,0,NO,NO,21,NO,NO,DSL,YES,NO,NO,YES,NO,NO,TWO YEAR,NO,MAILED CHECK,35.1,770.4,1.1530880420499343,0
9237-HQITU,YES,FEMALE,0,NO,NO,2,YES,NO,FIBER OPTIC,NO,NO,NO,NO,NO,NO,MONTH-TO-MONTH,YES,ELECTRONIC CHECK,70.7,151.65,2.3226018396846255,1
9239-GZHZE,NO,FEMALE,0,YES,NO,72,YES,YES,FIBER OPTIC,YES,YES,YES,YES,YES,YES,TWO YEAR,YES,CREDIT CARD (AUTOMATIC),113.65,8124.2,3.733574244415243,0
9239-ZBZZV,YES,FEMALE,0,NO,NO,6,NO,NO,DSL,NO,NO,YES,NO,YES,YES,MONTH-TO-MONTH,YES,ELECTRONIC CHECK,47.95,305.1,1.5752299605781865,1
9242-TKFSV,NO,MALE,0,YES,YES,72,NO,NO,DSL,YES,YES,YES,YES,YES,YES,TWO YEAR,YES,CREDIT CARD (AUTOMATIC),65.1,4754.3,2.138633377135348,0
9244-ZVAPM,NO,MALE,0,NO,NO,1,YES,NO,DSL,NO,NO,NO,NO,NO,NO,MONTH-TO-MONTH,NO,MAILED CHECK,45.6,45.6,1.4980289093298291,0
9248-OJYKK,YES,MALE,1,NO,NO,1,YES,YES,FIBER OPTIC,NO,NO,NO,NO,NO,NO,MONTH-TO-MONTH,YES,ELECTRONIC CHECK,76.45,76.45,2.5114980289093296,1
9249-FXSCK,YES,FEMALE,0,NO,NO,52,YES,YES,FIBER OPTIC,YES,YES,NO,YES,YES,YES,ONE YEAR,YES,CREDIT CARD (AUTOMATIC),111.25,5916.45,3.65473061760841,1
9250-WYPLL,YES,FEMALE,0,NO,NO,5,YES,YES,FIBER OPTIC,NO,NO,NO,NO,NO,NO,MONTH-TO-MONTH,NO,ELECTRONIC CHECK,75.55,413.65,2.481931668856767,1
9251-AWQGT,NO,FEMALE,0,YES,YES,48,YES,NO,NO,NO,NO,NO,NO,NO,NO,TWO YEAR,NO,MAILED CHECK,20.0,935.9,0.657030223390276,0
9251-WNSOD,NO,FEMALE,0,YES,NO,67,YES,YES,DSL,YES,YES,YES,NO,NO,YES,ONE YEAR,NO,MAILED CHECK,75.1,5064.45,2.4671484888304858,0
9253-QXKBE,YES,MALE,1,YES,NO,29,YES,YES,FIBER OPTIC,NO,NO,NO,NO,YES,YES,MONTH-TO-MONTH,YES,ELECTRONIC CHECK,94.45,2653.65,3.1028252299605783,1
9253-VIFJQ,NO,MALE,0,YES,NO,65,YES,YES,DSL,YES,YES,YES,NO,NO,NO,ONE YEAR,NO,CREDIT CARD (AUTOMATIC),67.05,4309.55,2.2026938239159,0
9254-RBFON,YES,FEMALE,0,YES,YES,17,YES,NO,FIBER OPTIC,NO,NO,YES,YES,YES,YES,ONE YEAR,NO,BANK TRANSFER (AUTOMATIC),98.6,1704.95,3.2391590013140603,1
9256-JTBNZ,NO,FEMALE,0,NO,NO,11,YES,NO,NO,NO,NO,NO,NO,NO,NO,MONTH-TO-MONTH,NO,BANK TRANSFER (AUTOMATIC),20.3,246.3,0.6668856767411301,0
9257-AZMTZ,NO,FEMALE,0,YES,YES,52,YES,NO,NO,NO,NO,NO,NO,NO,NO,TWO YEAR,NO,BANK TRANSFER (AUTOMATIC),20.1,1078.75,0.6603153745072273,0
9258-CNWAC,NO,FEMALE,0,YES,YES,71,YES,YES,FIBER OPTIC,YES,YES,YES,YES,YES,YES,TWO YEAR,NO,CREDIT CARD (AUTOMATIC),113.65,8166.8,3.733574244415243,0
9259-PACGQ,YES,FEMALE,0,YES,NO,34,YES,YES,DSL,YES,YES,NO,YES,NO,NO,MONTH-TO-MONTH,NO,ELECTRONIC CHECK,62.65,2274.9,2.0581471747700393,1
9261-WDCAF,NO,MALE,0,NO,NO,3,YES,NO,DSL,NO,NO,NO,NO,NO,YES,MONTH-TO-MONTH,NO,MAILED CHECK,54.65,189.1,1.795335085413929,0
9269-CQOOL,YES,MALE,0,NO,YES,3,YES,NO,DSL,NO,NO,NO,NO,YES,NO,MONTH-TO-MONTH,YES,CREDIT CARD (AUTOMATIC),54.7,169.45,1.7969776609724049,1
9272-LSVYH,NO,MALE,0,NO,NO,10,YES,NO,FIBER OPTIC,NO,NO,NO,NO,NO,NO,MONTH-TO-MONTH,NO,MAILED CHECK,70.15,735.5,2.304533508541393,0
9274-CNFMO,YES,MALE,1,YES,NO,4,YES,YES,FIBER OPTIC,NO,NO,NO,NO,NO,NO,MONTH-TO-MONTH,NO,ELECTRONIC CHECK,74.95,308.7,2.462220762155059,1
9274-UARKJ,NO,FEMALE,0,NO,NO,15,YES,NO,FIBER OPTIC,NO,YES,NO,NO,YES,NO,MONTH-TO-MONTH,YES,BANK TRANSFER (AUTOMATIC),83.2,1130.0,2.733245729303548,0
9277-JOOMO,NO,FEMALE,0,NO,NO,3,YES,YES,NO,NO,NO,NO,NO,NO,NO,MONTH-TO-MONTH,NO,MAILED CHECK,24.6,86.35,0.8081471747700394,0
9278-VZKCD,NO,FEMALE,1,YES,NO,52,YES,YES,FIBER OPTIC,YES,YES,YES,NO,YES,YES,MONTH-TO-MONTH,YES,ELECTRONIC CHECK,109.1,5647.95,3.584099868593955,0
9279-CJEOJ,NO,FEMALE,1,NO,NO,21,YES,YES,FIBER OPTIC,NO,NO,NO,NO,YES,YES,MONTH-TO-MONTH,YES,BANK TRANSFER (AUTOMATIC),95.4,2025.1,3.134034165571616,0
9281-CEDRU,NO,FEMALE,0,YES,NO,68,YES,NO,DSL,NO,YES,NO,YES,YES,NO,TWO YEAR,NO,BANK TRANSFER (AUTOMATIC),64.1,4326.25,2.105781865965834,0
9281-OFDMF,NO,MALE,1,NO,NO,39,YES,YES,FIBER OPTIC,NO,YES,NO,NO,NO,YES,MONTH-TO-MONTH,NO,ELECTRONIC CHECK,90.7,3413.25,2.9796320630749014,0
9281-PKKZE,NO,FEMALE,0,YES,NO,46,NO,NO,DSL,NO,NO,NO,NO,YES,YES,MONTH-TO-MONTH,YES,ELECTRONIC CHECK,43.95,2007.85,1.4438239159001314,0
9282-IZGQK,YES,FEMALE,0,NO,NO,1,YES,YES,FIBER OPTIC,NO,NO,NO,NO,NO,YES,MONTH-TO-MONTH,YES,ELECTRONIC CHECK,85.0,85.0,2.7923784494086727,1
9283-LZQOH,YES,MALE,0,YES,YES,13,YES,YES,FIBER OPTIC,NO,NO,NO,NO,NO,NO,MONTH-TO-MONTH,YES,CREDIT CARD (AUTOMATIC),74.4,896.75,2.4441524310118266,1
9286-BHDQG,NO,MALE,0,YES,YES,72,NO,NO,DSL,YES,YES,YES,YES,NO,NO,TWO YEAR,NO,CREDIT CARD (AUTOMATIC),45.25,3139.8,1.4865308804204993,0
9286-DOJGF,YES,FEMALE,1,YES,NO,38,YES,YES,FIBER OPTIC,NO,NO,NO,NO,NO,NO,MONTH-TO-MONTH,YES,BANK TRANSFER (AUTOMATIC),74.95,2869.85,2.462220762155059,1
9289-LBQVU,NO,MALE,0,YES,NO,64,YES,YES,DSL,NO,YES,NO,YES,NO,YES,ONE YEAR,YES,MAILED CHECK,70.15,4480.7,2.304533508541393,0
9290-SHCMB,NO,FEMALE,1,NO,NO,13,YES,NO,FIBER OPTIC,NO,NO,YES,NO,YES,YES,MONTH-TO-MONTH,YES,ELECTRONIC CHECK,96.85,1235.55,3.181668856767411,0
9294-TDIPC,NO,MALE,0,NO,YES,5,YES,NO,NO,NO,NO,NO,NO,NO,NO,MONTH-TO-MONTH,NO,MAILED CHECK,20.2,83.75,0.6636005256241787,0
9297-EONCV,NO,FEMALE,0,NO,NO,72,YES,YES,DSL,YES,YES,YES,YES,YES,YES,TWO YEAR,YES,BANK TRANSFER (AUTOMATIC),91.35,6697.2,3.000985545335085,0
9297-FVVDH,NO,FEMALE,0,YES,YES,57,YES,YES,DSL,YES,NO,YES,YES,YES,YES,TWO YEAR,YES,ELECTRONIC CHECK,84.5,4845.4,2.775952693823916,0
9298-WGMRW,NO,FEMALE,0,YES,NO,72,YES,YES,FIBER OPTIC,YES,YES,YES,YES,YES,YES,TWO YEAR,YES,BANK TRANSFER (AUTOMATIC),115.5,8312.75,3.7943495400788434,0
9300-AGZNL,YES,MALE,1,NO,NO,1,YES,YES,FIBER OPTIC,NO,NO,NO,NO,YES,YES,MONTH-TO-MONTH,YES,ELECTRONIC CHECK,94.0,94.0,3.088042049934297,1
9300-RENDD,YES,MALE,0,NO,NO,1,YES,NO,FIBER OPTIC,NO,NO,NO,NO,YES,NO,MONTH-TO-MONTH,YES,ELECTRONIC CHECK,79.95,79.95,2.6264783180026283,1
9305-CDSKC,YES,FEMALE,0,NO,NO,8,YES,YES,FIBER OPTIC,NO,NO,YES,NO,YES,YES,MONTH-TO-MONTH,YES,ELECTRONIC CHECK,99.65,820.5,3.27365308804205,1
9306-CPCBC,YES,FEMALE,0,NO,NO,3,YES,YES,FIBER OPTIC,NO,NO,NO,NO,NO,NO,MONTH-TO-MONTH,YES,ELECTRONIC CHECK,74.25,210.3,2.4392247043363993,1
9308-ANMVE,NO,MALE,0,NO,YES,47,YES,NO,DSL,YES,YES,NO,NO,NO,NO,MONTH-TO-MONTH,YES,ELECTRONIC CHECK,55.3,2654.05,1.816688567674113,0
9309-BZGNT,NO,MALE,1,YES,NO,69,NO,NO,DSL,NO,NO,YES,NO,NO,NO,ONE YEAR,YES,CREDIT CARD (AUTOMATIC),29.8,2134.3,0.9789750328515111,0
9313-CDOGY,NO,MALE,0,YES,YES,38,YES,NO,NO,NO,NO,NO,NO,NO,NO,MONTH-TO-MONTH,NO,ELECTRONIC CHECK,19.6,717.3,0.6438896189224704,0
9313-QOLTZ,NO,MALE,0,NO,NO,26,YES,NO,NO,NO,NO,NO,NO,NO,NO,MONTH-TO-MONTH,NO,MAILED CHECK,20.9,518.3,0.6865965834428382,0
9314-IJWSQ,NO,FEMALE,0,YES,YES,14,YES,YES,FIBER OPTIC,NO,NO,NO,NO,YES,NO,MONTH-TO-MONTH,YES,ELECTRONIC CHECK,84.8,1203.9,2.78580814717477,0
9314-QDMDW,NO,MALE,0,NO,NO,11,YES,NO,DSL,NO,YES,NO,NO,YES,NO,ONE YEAR,YES,ELECTRONIC CHECK,61.25,729.95,2.01215505913272,0
9317-WZPGV,YES,FEMALE,1,NO,NO,2,YES,NO,FIBER OPTIC,NO,NO,NO,NO,NO,YES,MONTH-TO-MONTH,YES,BANK TRANSFER (AUTOMATIC),79.75,159.4,2.619908015768725,1
9318-NKNFC,YES,MALE,0,NO,NO,1,YES,NO,NO,NO,NO,NO,NO,NO,NO,MONTH-TO-MONTH,YES,MAILED CHECK,18.85,18.85,0.6192509855453351,1
9323-HGFWY,NO,FEMALE,0,YES,NO,27,YES,NO,FIBER OPTIC,YES,NO,NO,YES,YES,YES,ONE YEAR,YES,CREDIT CARD (AUTOMATIC),101.9,2681.15,3.347568988173456,0
9327-QSDED,NO,MALE,0,NO,NO,8,YES,NO,DSL,NO,NO,NO,NO,NO,NO,MONTH-TO-MONTH,NO,MAILED CHECK,43.55,335.4,1.4306833114323256,0
9330-DHBFL,NO,FEMALE,0,YES,YES,23,YES,NO,DSL,YES,YES,YES,YES,NO,NO,ONE YEAR,YES,MAILED CHECK,66.25,1533.8,2.176412614980289,0
9330-IJWIO,YES,FEMALE,0,NO,NO,13,YES,YES,FIBER OPTIC,YES,NO,NO,NO,YES,YES,MONTH-TO-MONTH,YES,ELECTRONIC CHECK,100.35,1358.85,3.2966491458607092,1
9330-VOFSZ,NO,FEMALE,0,YES,NO,60,YES,YES,FIBER OPTIC,NO,YES,YES,YES,YES,YES,TWO YEAR,YES,CREDIT CARD (AUTOMATIC),110.8,6640.7,3.6399474375821286,0
9332-GYWLO,NO,FEMALE,0,YES,YES,6,YES,NO,DSL,NO,NO,NO,NO,YES,NO,MONTH-TO-MONTH,NO,ELECTRONIC CHECK,54.85,355.1,1.8019053876478317,0
9334-GWGOW,NO,MALE,1,YES,NO,7,YES,YES,FIBER OPTIC,NO,NO,NO,NO,NO,NO,MONTH-TO-MONTH,YES,ELECTRONIC CHECK,74.85,485.25,2.4589356110381075,0
9337-SRRNI,NO,MALE,0,NO,YES,66,YES,YES,NO,NO,NO,NO,NO,NO,NO,TWO YEAR,YES,CREDIT CARD (AUTOMATIC),25.3,1673.8,0.831143232588699,0
9339-FIIJL,NO,MALE,0,YES,NO,72,YES,YES,DSL,NO,YES,YES,YES,YES,YES,TWO YEAR,NO,BANK TRANSFER (AUTOMATIC),85.95,6151.9,2.823587385019711,0
9342-VNIMQ,NO,MALE,0,NO,NO,33,YES,YES,DSL,NO,YES,NO,NO,NO,NO,MONTH-TO-MONTH,YES,BANK TRANSFER (AUTOMATIC),54.65,1665.2,1.795335085413929,0
9347-AERRL,NO,MALE,0,YES,NO,23,YES,NO,NO,NO,NO,NO,NO,NO,NO,ONE YEAR,NO,CREDIT CARD (AUTOMATIC),19.3,486.2,0.6340341655716163,0
9348-ROUAI,NO,FEMALE,0,YES,YES,59,YES,YES,DSL,YES,YES,YES,YES,YES,YES,TWO YEAR,NO,CREDIT CARD (AUTOMATIC),90.3,5194.05,2.966491458607096,0
9348-YVOMK,NO,MALE,0,NO,NO,4,YES,NO,DSL,NO,NO,NO,NO,NO,NO,MONTH-TO-MONTH,YES,CREDIT CARD (AUTOMATIC),44.8,176.2,1.4717477003942179,0
9350-VLHMB,NO,MALE,0,YES,YES,67,YES,YES,FIBER OPTIC,NO,YES,NO,NO,NO,YES,MONTH-TO-MONTH,YES,BANK TRANSFER (AUTOMATIC),89.55,6373.1,2.9418528252299603,0
9350-ZXYJC,NO,FEMALE,0,NO,NO,4,YES,YES,NO,NO,NO,NO,NO,NO,NO,TWO YEAR,YES,CREDIT CARD (AUTOMATIC),25.3,116.95,0.831143232588699,0
9351-HXDMR,NO,MALE,0,YES,NO,72,YES,YES,FIBER OPTIC,YES,NO,YES,YES,YES,YES,TWO YEAR,YES,CREDIT CARD (AUTOMATIC),110.9,8240.85,3.6432325886990804,0
9351-LZYGF,NO,FEMALE,0,YES,NO,42,YES,YES,DSL,YES,YES,NO,YES,NO,NO,MONTH-TO-MONTH,YES,CREDIT CARD (AUTOMATIC),66.4,2727.8,2.181340341655716,0
9355-NPPFS,NO,FEMALE,1,NO,NO,26,YES,NO,FIBER OPTIC,NO,NO,NO,NO,NO,YES,MONTH-TO-MONTH,YES,ELECTRONIC CHECK,78.8,2006.1,2.5886990801576872,0
9356-AXGMP,NO,MALE,0,YES,NO,38,YES,YES,FIBER OPTIC,YES,NO,YES,YES,YES,YES,ONE YEAR,YES,ELECTRONIC CHECK,110.7,4428.6,3.636662286465177,0
9357-UJRUN,NO,MALE,0,YES,NO,24,YES,YES,DSL,YES,NO,NO,YES,NO,NO,ONE YEAR,YES,ELECTRONIC CHECK,58.35,1346.9,1.91688567674113,0
9359-JANWS,NO,FEMALE,0,YES,NO,65,YES,NO,DSL,YES,NO,YES,YES,NO,NO,TWO YEAR,NO,CREDIT CARD (AUTOMATIC),58.9,3857.1,1.9349540078843626,0
9359-UGBTK,NO,FEMALE,0,NO,NO,67,YES,NO,DSL,YES,NO,YES,YES,NO,YES,ONE YEAR,YES,BANK TRANSFER (AUTOMATIC),72.35,4991.5,2.376806833114323,0
9360-AHGNL,YES,FEMALE,1,YES,NO,43,YES,YES,FIBER OPTIC,YES,NO,YES,YES,YES,YES,ONE YEAR,YES,MAILED CHECK,109.55,4830.25,3.598883048620236,1
9360-OMDZZ,NO,MALE,0,NO,NO,24,YES,YES,FIBER OPTIC,NO,NO,NO,NO,YES,YES,MONTH-TO-MONTH,YES,ELECTRONIC CHECK,94.1,2322.85,3.0913272010512483,0
9361-YNQWJ,NO,FEMALE,0,NO,NO,64,YES,YES,NO,NO,NO,NO,NO,NO,NO,ONE YEAR,YES,BANK TRANSFER (AUTOMATIC),24.4,1601.2,0.8015768725361366,0
9362-MWODR,NO,FEMALE,0,NO,YES,40,YES,NO,DSL,YES,NO,NO,YES,YES,NO,MONTH-TO-MONTH,YES,CREDIT CARD (AUTOMATIC),64.1,2460.35,2.105781865965834,0
9364-YKUVW,NO,MALE,0,NO,NO,15,YES,NO,NO,NO,NO,NO,NO,NO,NO,MONTH-TO-MONTH,YES,MAILED CHECK,19.8,309.4,0.6504599211563732,0
9365-CSLBQ,NO,MALE,0,NO,YES,71,YES,YES,NO,NO,NO,NO,NO,NO,NO,TWO YEAR,NO,MAILED CHECK,24.35,1654.6,0.7999342969776609,0
9365-SRSZE,NO,MALE,1,YES,NO,27,YES,NO,FIBER OPTIC,NO,NO,NO,NO,NO,NO,MONTH-TO-MONTH,YES,ELECTRONIC CHECK,70.55,1943.9,2.3176741130091982,0
9367-OIUXP,NO,MALE,0,NO,NO,4,YES,NO,NO,NO,NO,NO,NO,NO,NO,MONTH-TO-MONTH,NO,MAILED CHECK,20.7,73.05,0.6800262812089356,0
9367-TCUYN,NO,FEMALE,0,NO,NO,12,YES,NO,NO,NO,NO,NO,NO,NO,NO,MONTH-TO-MONTH,NO,MAILED CHECK,20.1,223.6,0.6603153745072273,0
9367-WXLCH,YES,MALE,0,NO,NO,8,YES,YES,FIBER OPTIC,NO,NO,NO,NO,NO,YES,MONTH-TO-MONTH,NO,BANK TRANSFER (AUTOMATIC),84.5,662.65,2.775952693823916,1
9369-XFEHK,YES,FEMALE,1,YES,NO,33,YES,YES,FIBER OPTIC,NO,YES,NO,NO,NO,NO,MONTH-TO-MONTH,YES,BANK TRANSFER (AUTOMATIC),80.6,2656.5,2.6478318002628116,1
9371-BITHB,NO,FEMALE,0,YES,YES,52,YES,NO,NO,NO,NO,NO,NO,NO,NO,TWO YEAR,NO,MAILED CHECK,19.85,1070.5,0.6521024967148489,0
9372-TXXPS,NO,FEMALE,0,YES,NO,60,YES,NO,DSL,YES,YES,NO,YES,NO,NO,TWO YEAR,NO,BANK TRANSFER (AUTOMATIC),59.85,3483.45,1.9661629434954007,0
9373-WSLOY,NO,MALE,1,YES,NO,33,NO,NO,DSL,NO,YES,YES,YES,YES,NO,MONTH-TO-MONTH,YES,ELECTRONIC CHECK,50.0,1750.85,1.6425755584756898,0
9374-YOLBJ,NO,FEMALE,0,YES,YES,1,YES,NO,NO,NO,NO,NO,NO,NO,NO,MONTH-TO-MONTH,NO,ELECTRONIC CHECK,19.25,19.25,0.6323915900131406,0
9375-MHRRS,NO,MALE,0,NO,NO,6,YES,NO,DSL,NO,NO,NO,YES,NO,NO,MONTH-TO-MONTH,NO,MAILED CHECK,50.05,288.35,1.6442181340341655,0
9378-FXTIZ,YES,FEMALE,0,YES,NO,54,YES,YES,DSL,NO,NO,NO,NO,YES,YES,ONE YEAR,YES,CREDIT CARD (AUTOMATIC),70.15,3715.65,2.304533508541393,1
9381-NDKME,YES,FEMALE,1,YES,NO,24,NO,NO,DSL,NO,NO,YES,NO,NO,YES,MONTH-TO-MONTH,YES,CREDIT CARD (AUTOMATIC),40.65,933.3,1.3354139290407359,1
9385-EHGDO,NO,FEMALE,0,YES,YES,35,YES,NO,NO,NO,NO,NO,NO,NO,NO,TWO YEAR,YES,MAILED CHECK,19.85,739.35,0.6521024967148489,0
9385-NXKDA,NO,FEMALE,0,YES,NO,72,YES,YES,DSL,YES,YES,YES,NO,YES,YES,TWO YEAR,YES,CREDIT CARD (AUTOMATIC),82.65,5919.35,2.7151773981603156,0
9386-LDCZR,NO,MALE,0,NO,NO,43,YES,NO,FIBER OPTIC,YES,YES,YES,YES,NO,NO,ONE YEAR,YES,CREDIT CARD (AUTOMATIC),90.65,3882.3,2.977989487516426,0
9388-ZEYVT,NO,MALE,0,NO,NO,43,NO,NO,DSL,NO,NO,YES,YES,NO,YES,ONE YEAR,NO,ELECTRONIC CHECK,44.15,1931.3,1.4503942181340341,0
9389-ACWBI,NO,FEMALE,0,YES,YES,5,YES,NO,FIBER OPTIC,NO,NO,NO,NO,NO,NO,MONTH-TO-MONTH,NO,CREDIT CARD (AUTOMATIC),69.95,320.4,2.29796320630749,0
9391-DXGGG,NO,FEMALE,1,NO,NO,44,YES,NO,FIBER OPTIC,NO,YES,YES,NO,NO,YES,ONE YEAR,NO,CREDIT CARD (AUTOMATIC),89.15,3990.75,2.928712220762155,0
9391-EOYLI,YES,MALE,1,YES,NO,12,YES,NO,FIBER OPTIC,NO,NO,NO,NO,NO,YES,MONTH-TO-MONTH,YES,ELECTRONIC CHECK,80.45,950.2,2.642904073587385,1
9391-LMANN,NO,MALE,0,NO,YES,53,YES,NO,FIBER OPTIC,YES,YES,YES,NO,NO,YES,ONE YEAR,NO,ELECTRONIC CHECK,95.95,5036.9,3.152102496714849,0
9391-TTOYH,NO,FEMALE,0,NO,NO,23,YES,NO,NO,NO,NO,NO,NO,NO,NO,MONTH-TO-MONTH,YES,MAILED CHECK,19.5,470.2,0.640604467805519,0
9391-YZEJW,NO,FEMALE,0,NO,NO,62,YES,YES,FIBER OPTIC,NO,NO,NO,NO,YES,YES,ONE YEAR,YES,BANK TRANSFER (AUTOMATIC),94.0,5757.2,3.088042049934297,0
9392-XBGTD,NO,MALE,0,NO,YES,27,YES,NO,NO,NO,NO,NO,NO,NO,NO,TWO YEAR,NO,MAILED CHECK,20.6,581.85,0.6767411300919842,0
9396-ZSFLL,NO,FEMALE,0,NO,NO,15,YES,YES,DSL,NO,NO,NO,NO,NO,NO,MONTH-TO-MONTH,NO,MAILED CHECK,48.85,631.4,1.604796320630749,0
9397-TZSHA,NO,FEMALE,0,NO,NO,69,YES,YES,NO,NO,NO,NO,NO,NO,NO,TWO YEAR,NO,CREDIT CARD (AUTOMATIC),24.6,1678.05,0.8081471747700394,0
9398-MMQTO,NO,MALE,0,NO,NO,3,YES,NO,FIBER OPTIC,NO,YES,NO,NO,NO,NO,MONTH-TO-MONTH,NO,CREDIT CARD (AUTOMATIC),74.45,221.1,2.445795006570302,0
9399-APLBT,YES,FEMALE,0,YES,YES,1,YES,NO,FIBER OPTIC,NO,YES,NO,NO,NO,NO,MONTH-TO-MONTH,YES,ELECTRONIC CHECK,74.7,74.7,2.4540078843626807,1
9402-CXWPL,NO,FEMALE,0,NO,NO,70,YES,YES,FIBER OPTIC,NO,YES,NO,NO,YES,YES,ONE YEAR,NO,ELECTRONIC CHECK,98.9,6838.6,3.2490144546649145,0
9402-ORRAH,NO,FEMALE,1,NO,NO,15,YES,NO,FIBER OPTIC,NO,NO,NO,NO,YES,YES,MONTH-TO-MONTH,YES,ELECTRONIC CHECK,91.5,1400.3,3.0059132720105124,0
9402-ROUMJ,NO,FEMALE,0,YES,YES,67,YES,YES,FIBER OPTIC,YES,NO,YES,YES,NO,YES,ONE YEAR,YES,BANK TRANSFER (AUTOMATIC),100.25,6689.0,3.2933639947437583,0
9405-GPBBG,NO,FEMALE,0,NO,NO,64,YES,YES,FIBER OPTIC,NO,YES,YES,YES,YES,YES,TWO YEAR,YES,CREDIT CARD (AUTOMATIC),110.5,7069.25,3.6300919842312744,0
9408-HRXRK,NO,FEMALE,0,YES,YES,45,YES,YES,FIBER OPTIC,YES,YES,NO,NO,YES,YES,MONTH-TO-MONTH,YES,ELECTRONIC CHECK,105.15,4730.9,3.454336399474376,0
9408-SSNVZ,YES,FEMALE,0,NO,NO,4,YES,NO,FIBER OPTIC,NO,NO,NO,NO,NO,NO,MONTH-TO-MONTH,YES,ELECTRONIC CHECK,70.15,268.35,2.304533508541393,1
9411-TPQQV,NO,FEMALE,0,NO,NO,40,NO,NO,DSL,YES,NO,NO,YES,YES,YES,ONE YEAR,YES,BANK TRANSFER (AUTOMATIC),54.55,2236.2,1.7920499342969776,0
9412-ARGBX,YES,FEMALE,0,NO,YES,48,YES,NO,FIBER OPTIC,NO,YES,YES,YES,YES,NO,TWO YEAR,YES,MAILED CHECK,95.5,4627.85,3.1373193166885676,1
9412-GHEEC,YES,MALE,0,NO,NO,40,YES,YES,FIBER OPTIC,NO,NO,YES,YES,YES,YES,MONTH-TO-MONTH,NO,BANK TRANSFER (AUTOMATIC),104.8,4131.95,3.442838370565046,1
9415-DPEWS,YES,FEMALE,0,NO,NO,18,YES,YES,FIBER OPTIC,NO,NO,NO,YES,YES,NO,MONTH-TO-MONTH,YES,ELECTRONIC CHECK,88.35,1639.3,2.9024310118265437,1
9415-TPKRV,NO,FEMALE,0,YES,YES,8,YES,YES,DSL,NO,YES,NO,NO,NO,NO,MONTH-TO-MONTH,NO,ELECTRONIC CHECK,55.75,446.8,1.8314717477003941,0
9415-ZNBSX,NO,FEMALE,0,YES,YES,70,YES,YES,DSL,YES,YES,YES,YES,YES,YES,TWO YEAR,YES,BANK TRANSFER (AUTOMATIC),89.0,6293.2,2.923784494086728,0
9418-RUKPH,NO,FEMALE,0,YES,YES,38,YES,NO,NO,NO,NO,NO,NO,NO,NO,TWO YEAR,YES,MAILED CHECK,19.95,756.4,0.6553876478318003,0
9419-IPPBE,NO,FEMALE,0,YES,YES,51,YES,YES,FIBER OPTIC,NO,NO,YES,NO,NO,YES,ONE YEAR,YES,ELECTRONIC CHECK,90.15,4554.85,2.961563731931669,0
9420-LOJKX,YES,FEMALE,0,NO,NO,15,YES,NO,FIBER OPTIC,YES,YES,NO,NO,YES,YES,MONTH-TO-MONTH,YES,CREDIT CARD (AUTOMATIC),99.1,1426.4,3.255584756898817,1
9424-CMPOG,NO,MALE,0,YES,YES,9,YES,NO,NO,NO,NO,NO,NO,NO,NO,TWO YEAR,NO,MAILED CHECK,19.6,197.4,0.6438896189224704,0
9426-SXNHE,NO,FEMALE,0,NO,NO,2,YES,NO,NO,NO,NO,NO,NO,NO,NO,MONTH-TO-MONTH,NO,BANK TRANSFER (AUTOMATIC),18.75,53.15,0.6159658344283837,0
9430-FRQOC,YES,FEMALE,0,NO,YES,4,YES,YES,FIBER OPTIC,NO,NO,YES,YES,NO,NO,MONTH-TO-MONTH,YES,MAILED CHECK,87.1,341.45,2.8613666228646513,1
9430-NKQLY,NO,MALE,0,YES,YES,72,YES,YES,NO,NO,NO,NO,NO,NO,NO,TWO YEAR,YES,CREDIT CARD (AUTOMATIC),25.1,1790.8,0.8245729303547963,0
9432-RUVSL,NO,FEMALE,0,NO,NO,48,YES,NO,FIBER OPTIC,YES,NO,YES,YES,YES,YES,TWO YEAR,YES,CREDIT CARD (AUTOMATIC),102.5,4904.25,3.367279894875164,0
9432-VOFYX,NO,MALE,0,NO,NO,17,YES,NO,FIBER OPTIC,NO,NO,NO,NO,NO,NO,MONTH-TO-MONTH,YES,ELECTRONIC CHECK,70.8,1207.0,2.325886990801577,0
9435-JMLSX,NO,MALE,0,YES,NO,71,YES,NO,DSL,YES,YES,YES,YES,YES,YES,TWO YEAR,YES,BANK TRANSFER (AUTOMATIC),86.1,6045.9,2.8285151116951375,0
9436-ZBZCT,YES,MALE,0,NO,NO,14,YES,YES,FIBER OPTIC,NO,NO,NO,YES,YES,NO,MONTH-TO-MONTH,YES,ELECTRONIC CHECK,89.95,1178.4,2.9549934296977662,1
9441-QHEVC,NO,MALE,0,NO,NO,1,YES,NO,NO,NO,NO,NO,NO,NO,NO,MONTH-TO-MONTH,NO,MAILED CHECK,19.1,19.1,0.6274638633377135,0
9442-JTWDL,NO,FEMALE,0,NO,NO,11,YES,NO,NO,NO,NO,NO,NO,NO,NO,ONE YEAR,NO,CREDIT CARD (AUTOMATIC),20.05,237.7,0.6586727989487516,0
9443-JUBUO,NO,MALE,0,YES,YES,72,NO,NO,DSL,YES,YES,YES,YES,YES,YES,TWO YEAR,YES,CREDIT CARD (AUTOMATIC),65.25,4478.85,2.143561103810775,0
9444-JTXHZ,YES,MALE,0,YES,NO,1,YES,NO,FIBER OPTIC,NO,NO,YES,NO,NO,NO,MONTH-TO-MONTH,NO,ELECTRONIC CHECK,76.2,76.2,2.5032851511169514,1
9445-SZLCH,YES,FEMALE,0,YES,YES,36,YES,YES,FIBER OPTIC,NO,YES,YES,NO,YES,NO,MONTH-TO-MONTH,YES,BANK TRANSFER (AUTOMATIC),97.35,3457.9,3.198094612352168,1
9445-ZUEQE,NO,MALE,0,YES,YES,27,YES,YES,FIBER OPTIC,NO,YES,NO,YES,NO,NO,MONTH-TO-MONTH,YES,CREDIT CARD (AUTOMATIC),85.2,2151.6,2.7989487516425755,0
9447-YPTBX,NO,FEMALE,0,YES,NO,50,YES,NO,NO,NO,NO,NO,NO,NO,NO,ONE YEAR,YES,BANK TRANSFER (AUTOMATIC),19.85,943.1,0.6521024967148489,0
9448-REEVD,YES,MALE,0,YES,NO,1,YES,NO,DSL,NO,NO,NO,NO,NO,NO,MONTH-TO-MONTH,NO,CREDIT CARD (AUTOMATIC),44.7,44.7,1.4684625492772667,1
9450-TRJUU,NO,MALE,0,NO,NO,35,YES,YES,FIBER OPTIC,NO,NO,NO,NO,YES,NO,MONTH-TO-MONTH,NO,ELECTRONIC CHECK,83.15,2848.45,2.7316031537450725,0
9451-LPGOO,YES,MALE,0,NO,NO,7,YES,YES,FIBER OPTIC,NO,NO,NO,NO,NO,YES,MONTH-TO-MONTH,YES,ELECTRONIC CHECK,86.8,620.35,2.8515111695137976,1
9451-WLYRI,NO,FEMALE,0,YES,NO,53,YES,NO,NO,NO,NO,NO,NO,NO,NO,ONE YEAR,NO,CREDIT CARD (AUTOMATIC),19.05,990.45,0.6258212877792378,0
9453-PATOS,NO,FEMALE,0,YES,NO,72,YES,NO,DSL,YES,YES,YES,YES,YES,YES,TWO YEAR,NO,MAILED CHECK,85.1,6155.4,2.7956636005256237,0
9462-MJUAW,YES,MALE,0,NO,NO,4,YES,YES,DSL,NO,NO,NO,NO,NO,NO,MONTH-TO-MONTH,NO,MAILED CHECK,50.4,206.6,1.6557161629434953,1
9465-RWMXL,YES,MALE,0,YES,NO,32,YES,YES,FIBER OPTIC,NO,NO,YES,NO,NO,NO,MONTH-TO-MONTH,YES,ELECTRONIC CHECK,78.9,2447.95,2.5919842312746386,1
9467-ROOLM,NO,FEMALE,0,NO,NO,25,YES,NO,NO,NO,NO,NO,NO,NO,NO,MONTH-TO-MONTH,NO,MAILED CHECK,19.05,461.3,0.6258212877792378,0
9469-WEJBT,NO,MALE,0,YES,NO,37,YES,NO,FIBER OPTIC,NO,NO,YES,YES,NO,YES,MONTH-TO-MONTH,YES,ELECTRONIC CHECK,90.35,3419.3,2.9681340341655713,0
9470-RTWDV,NO,MALE,0,YES,YES,26,YES,YES,DSL,NO,NO,YES,YES,YES,YES,ONE YEAR,YES,CREDIT CARD (AUTOMATIC),82.0,2083.1,2.6938239159001314,0
9470-XCCEM,NO,MALE,0,YES,YES,35,YES,YES,FIBER OPTIC,NO,YES,NO,NO,YES,NO,MONTH-TO-MONTH,YES,BANK TRANSFER (AUTOMATIC),89.65,3161.6,2.945137976346912,0
9470-YFUYI,NO,MALE,1,YES,NO,71,YES,NO,DSL,YES,YES,NO,YES,YES,NO,ONE YEAR,YES,BANK TRANSFER (AUTOMATIC),71.0,5012.1,2.3324572930354797,0
9473-CBZOP,NO,FEMALE,0,NO,NO,28,YES,YES,DSL,YES,NO,YES,NO,NO,NO,ONE YEAR,NO,MAILED CHECK,59.0,1654.45,1.938239159001314,0
9474-PHLYD,YES,FEMALE,0,NO,NO,15,YES,NO,DSL,NO,NO,YES,NO,NO,YES,MONTH-TO-MONTH,YES,ELECTRONIC CHECK,59.45,892.65,1.9530223390275954,1
9475-NNDGC,NO,MALE,0,YES,NO,71,YES,YES,FIBER OPTIC,NO,YES,YES,YES,YES,YES,ONE YEAR,YES,BANK TRANSFER (AUTOMATIC),113.15,7953.25,3.717148488830486,0
9477-LGWQI,NO,MALE,0,YES,YES,70,YES,NO,DSL,YES,YES,YES,NO,YES,YES,TWO YEAR,YES,CREDIT CARD (AUTOMATIC),80.15,5600.15,2.633048620236531,0
9479-HYNYL,NO,FEMALE,0,YES,NO,71,YES,NO,DSL,NO,YES,YES,YES,YES,YES,TWO YEAR,YES,CREDIT CARD (AUTOMATIC),80.7,5705.05,2.6511169513797634,0
9480-BQJEI,NO,MALE,0,NO,NO,62,YES,YES,FIBER OPTIC,YES,YES,NO,NO,NO,YES,ONE YEAR,YES,BANK TRANSFER (AUTOMATIC),92.3,5731.45,3.0321944809461234,0
9481-IEBZY,NO,MALE,1,YES,NO,72,YES,YES,FIBER OPTIC,YES,YES,YES,YES,YES,YES,MONTH-TO-MONTH,YES,CREDIT CARD (AUTOMATIC),112.9,8061.5,3.708935611038108,0
9481-SFCQY,NO,FEMALE,0,NO,YES,14,YES,NO,DSL,NO,NO,YES,NO,YES,NO,MONTH-TO-MONTH,YES,CREDIT CARD (AUTOMATIC),59.8,824.85,1.964520367936925,0
9481-WHGWY,NO,FEMALE,0,YES,YES,70,YES,NO,DSL,YES,NO,NO,YES,YES,YES,TWO YEAR,NO,CREDIT CARD (AUTOMATIC),75.35,5437.75,2.4753613666228644,0
9483-GCPWE,NO,MALE,0,NO,YES,9,YES,NO,NO,NO,NO,NO,NO,NO,NO,ONE YEAR,NO,MAILED CHECK,20.1,190.25,0.6603153745072273,0
9488-FVZCC,NO,FEMALE,0,YES,YES,72,YES,YES,DSL,YES,YES,YES,YES,NO,YES,TWO YEAR,YES,BANK TRANSFER (AUTOMATIC),79.5,5661.7,2.611695137976347,0
9488-FYQAU,NO,FEMALE,0,YES,NO,63,YES,YES,FIBER OPTIC,NO,YES,YES,YES,YES,YES,TWO YEAR,YES,BANK TRANSFER (AUTOMATIC),109.25,6841.4,3.5890275952693824,0
9488-HGMJH,YES,FEMALE,1,NO,NO,1,YES,NO,FIBER OPTIC,NO,NO,NO,NO,NO,NO,MONTH-TO-MONTH,YES,ELECTRONIC CHECK,71.15,71.15,2.337385019710907,1
9489-DEDVP,NO,FEMALE,0,YES,YES,70,YES,YES,DSL,YES,YES,NO,NO,YES,NO,TWO YEAR,YES,CREDIT CARD (AUTOMATIC),69.2,4872.35,2.273324572930355,0
9489-JMTTN,NO,FEMALE,0,YES,YES,72,YES,YES,DSL,YES,YES,YES,YES,YES,YES,TWO YEAR,NO,CREDIT CARD (AUTOMATIC),89.75,6595.9,2.948423127463863,0
9489-UTFKA,NO,MALE,1,YES,NO,8,YES,NO,DSL,YES,NO,NO,NO,YES,NO,MONTH-TO-MONTH,NO,BANK TRANSFER (AUTOMATIC),60.9,551.95,2.0006570302233904,0
9490-DFPMD,YES,FEMALE,1,NO,NO,42,YES,YES,FIBER OPTIC,NO,NO,NO,NO,YES,NO,MONTH-TO-MONTH,YES,ELECTRONIC CHECK,84.65,3541.35,2.780880420499343,1
9492-TOKRI,YES,FEMALE,0,NO,NO,18,YES,YES,FIBER OPTIC,NO,YES,NO,NO,YES,NO,MONTH-TO-MONTH,YES,CREDIT CARD (AUTOMATIC),90.0,1527.35,2.9566360052562417,1
9494-BDNNC,NO,MALE,0,YES,NO,66,YES,YES,FIBER OPTIC,NO,YES,YES,NO,NO,YES,ONE YEAR,NO,ELECTRONIC CHECK,95.3,6273.4,3.130749014454665,0
9494-MRNYX,NO,MALE,0,NO,NO,10,YES,YES,FIBER OPTIC,NO,NO,NO,NO,NO,NO,MONTH-TO-MONTH,NO,ELECTRONIC CHECK,75.05,786.3,2.4655059132720103,0
9495-REDIY,NO,MALE,0,NO,YES,25,NO,NO,DSL,YES,NO,NO,NO,YES,NO,ONE YEAR,YES,CREDIT CARD (AUTOMATIC),40.65,970.55,1.3354139290407359,0
9495-SKLKD,NO,MALE,0,YES,YES,45,YES,YES,FIBER OPTIC,NO,YES,YES,NO,NO,YES,MONTH-TO-MONTH,YES,BANK TRANSFER (AUTOMATIC),95.95,4456.65,3.152102496714849,0
9496-IVVRP,NO,FEMALE,0,YES,YES,11,YES,NO,DSL,YES,NO,NO,NO,NO,NO,MONTH-TO-MONTH,NO,BANK TRANSFER (AUTOMATIC),51.0,581.7,1.6754270696452036,0
9497-QCMMS,YES,MALE,1,NO,NO,1,YES,YES,FIBER OPTIC,NO,NO,NO,NO,YES,YES,MONTH-TO-MONTH,YES,ELECTRONIC CHECK,93.55,93.55,3.0732588699080154,1
9498-FIMXL,NO,FEMALE,0,NO,NO,8,YES,NO,NO,NO,NO,NO,NO,NO,NO,ONE YEAR,YES,MAILED CHECK,19.2,161.95,0.6307490144546649,0
9499-XPZXM,NO,FEMALE,0,YES,NO,72,YES,YES,DSL,YES,YES,NO,YES,NO,NO,TWO YEAR,NO,BANK TRANSFER (AUTOMATIC),64.75,4804.75,2.1271353482260182,0
9500-IWPXQ,NO,FEMALE,0,YES,YES,61,YES,YES,DSL,YES,YES,YES,YES,NO,YES,ONE YEAR,YES,ELECTRONIC CHECK,79.4,4820.55,2.6084099868593955,0
9500-LTVBP,NO,FEMALE,0,NO,NO,35,YES,YES,FIBER OPTIC,NO,NO,NO,YES,NO,NO,MONTH-TO-MONTH,NO,CREDIT CARD (AUTOMATIC),80.05,2835.9,2.6297634691195793,0
9500-WBGRP,NO,MALE,0,NO,NO,69,YES,NO,NO,NO,NO,NO,NO,NO,NO,TWO YEAR,YES,MAILED CHECK,19.1,1268.85,0.6274638633377135,0
9501-UKKNL,NO,MALE,0,NO,NO,59,NO,NO,DSL,NO,NO,NO,YES,YES,YES,MONTH-TO-MONTH,YES,ELECTRONIC CHECK,51.7,3005.8,1.6984231274638633,0
9503-XJUME,NO,MALE,0,NO,YES,52,YES,NO,NO,NO,NO,NO,NO,NO,NO,ONE YEAR,NO,CREDIT CARD (AUTOMATIC),19.65,928.4,0.645532194480946,0
9504-DSHWM,NO,MALE,0,NO,NO,20,YES,YES,DSL,YES,NO,NO,YES,NO,NO,MONTH-TO-MONTH,NO,BANK TRANSFER (AUTOMATIC),59.2,1191.2,1.944809461235217,0
9504-YAZWB,NO,FEMALE,0,NO,NO,53,YES,NO,NO,NO,NO,NO,NO,NO,NO,TWO YEAR,NO,MAILED CHECK,20.25,1048.45,0.6652431011826544,0
9505-SQFSW,NO,FEMALE,0,YES,YES,3,NO,NO,DSL,NO,YES,NO,NO,NO,YES,MONTH-TO-MONTH,NO,MAILED CHECK,40.3,92.5,1.3239159001314058,0
9506-UXUSK,NO,MALE,0,NO,NO,13,YES,NO,FIBER OPTIC,NO,NO,NO,NO,NO,NO,MONTH-TO-MONTH,YES,ELECTRONIC CHECK,70.15,931.75,2.304533508541393,0
9507-EXLTT,YES,FEMALE,0,YES,NO,1,YES,NO,FIBER OPTIC,NO,NO,NO,NO,YES,NO,MONTH-TO-MONTH,YES,BANK TRANSFER (AUTOMATIC),79.35,79.35,2.6067674113009196,1
9507-HSMMZ,NO,MALE,0,NO,NO,54,YES,NO,NO,NO,NO,NO,NO,NO,NO,TWO YEAR,NO,MAILED CHECK,20.0,1149.65,0.657030223390276,0
9508-ILZDG,NO,FEMALE,1,NO,NO,34,YES,YES,FIBER OPTIC,NO,YES,NO,YES,YES,NO,MONTH-TO-MONTH,YES,ELECTRONIC CHECK,96.35,3190.25,3.165243101182654,0
9509-MPYOD,NO,FEMALE,0,NO,NO,35,YES,NO,NO,NO,NO,NO,NO,NO,NO,ONE YEAR,NO,MAILED CHECK,20.75,700.45,0.6816688567674113,0
9512-PHSMG,NO,FEMALE,0,YES,NO,10,YES,NO,NO,NO,NO,NO,NO,NO,NO,MONTH-TO-MONTH,YES,MAILED CHECK,20.55,252.75,0.6750985545335085,0
9512-UIBFX,YES,MALE,0,YES,YES,18,YES,NO,FIBER OPTIC,NO,NO,YES,NO,YES,YES,MONTH-TO-MONTH,NO,MAILED CHECK,95.15,1779.95,3.125821287779238,1
9513-DXHDA,NO,MALE,0,NO,NO,27,YES,NO,DSL,YES,NO,YES,YES,YES,YES,ONE YEAR,NO,ELECTRONIC CHECK,81.7,2212.55,2.6839684625492772,0
9514-JDSKI,YES,MALE,1,YES,NO,1,NO,NO,DSL,NO,YES,NO,NO,YES,NO,MONTH-TO-MONTH,NO,ELECTRONIC CHECK,40.2,40.2,1.3206307490144547,1
9518-IMLHK,NO,MALE,0,NO,NO,31,YES,NO,DSL,YES,YES,YES,YES,YES,NO,MONTH-TO-MONTH,YES,BANK TRANSFER (AUTOMATIC),72.45,2156.25,2.3800919842312744,0
9518-RWHZL,YES,FEMALE,0,NO,NO,64,YES,YES,FIBER OPTIC,NO,NO,YES,NO,YES,YES,ONE YEAR,YES,CREDIT CARD (AUTOMATIC),100.05,6254.2,3.286793692509855,1
9518-XXBXE,NO,MALE,1,YES,NO,10,YES,NO,FIBER OPTIC,YES,NO,NO,NO,NO,NO,MONTH-TO-MONTH,NO,ELECTRONIC CHECK,75.3,720.45,2.473718791064389,0
9522-BNTHX,NO,FEMALE,1,NO,NO,34,NO,NO,DSL,NO,YES,YES,NO,YES,YES,MONTH-TO-MONTH,YES,ELECTRONIC CHECK,56.25,1765.95,1.847897503285151,0
9522-ZSINC,NO,MALE,0,NO,NO,13,YES,NO,NO,NO,NO,NO,NO,NO,NO,ONE YEAR,YES,ELECTRONIC CHECK,19.95,253.8,0.6553876478318003,0
9524-EGPJC,YES,FEMALE,0,NO,NO,18,YES,YES,FIBER OPTIC,NO,NO,NO,YES,NO,YES,MONTH-TO-MONTH,YES,ELECTRONIC CHECK,90.1,1612.75,2.9599211563731926,1
9526-BIHHD,YES,MALE,0,NO,NO,1,NO,NO,DSL,YES,NO,NO,NO,NO,NO,MONTH-TO-MONTH,NO,MAILED CHECK,29.7,29.7,0.9756898817345597,1
9526-JAWYF,YES,MALE,0,NO,NO,26,YES,NO,FIBER OPTIC,NO,YES,YES,NO,YES,NO,MONTH-TO-MONTH,NO,ELECTRONIC CHECK,89.8,2335.3,2.950065703022339,1
9529-OFXHY,NO,MALE,0,NO,NO,15,YES,YES,FIBER OPTIC,YES,NO,NO,NO,YES,NO,MONTH-TO-MONTH,YES,BANK TRANSFER (AUTOMATIC),87.75,1242.2,2.8827201051248355,0
9530-EHPOH,YES,MALE,0,NO,NO,11,YES,YES,DSL,NO,NO,YES,NO,NO,NO,MONTH-TO-MONTH,NO,ELECTRONIC CHECK,53.75,608.0,1.7657687253613665,1
9530-GRMJG,NO,MALE,0,YES,YES,70,YES,YES,DSL,NO,YES,YES,YES,YES,YES,TWO YEAR,YES,ELECTRONIC CHECK,84.1,5979.7,2.76281208935611,0
9531-NSBMR,NO,FEMALE,0,NO,NO,36,YES,NO,NO,NO,NO,NO,NO,NO,NO,ONE YEAR,YES,BANK TRANSFER (AUTOMATIC),19.25,679.8,0.6323915900131406,0
9534-NSXEM,NO,MALE,0,NO,NO,26,YES,NO,NO,NO,NO,NO,NO,NO,NO,ONE YEAR,YES,CREDIT CARD (AUTOMATIC),20.65,595.5,0.6783837056504598,0
9537-JALFH,NO,MALE,0,YES,YES,69,YES,NO,NO,NO,NO,NO,NO,NO,NO,TWO YEAR,NO,BANK TRANSFER (AUTOMATIC),19.9,1356.7,0.6537450722733245,0
9537-VHDTA,NO,FEMALE,0,NO,YES,1,YES,NO,DSL,YES,NO,NO,NO,NO,NO,MONTH-TO-MONTH,NO,MAILED CHECK,51.2,51.2,1.6819973718791064,0
9540-JYROE,YES,MALE,0,NO,NO,8,YES,NO,FIBER OPTIC,NO,NO,NO,NO,NO,NO,MONTH-TO-MONTH,YES,MAILED CHECK,70.1,551.35,2.302890932982917,1
9541-PWTWO,NO,FEMALE,0,NO,NO,52,YES,YES,DSL,NO,NO,YES,YES,YES,YES,TWO YEAR,YES,BANK TRANSFER (AUTOMATIC),80.95,4233.95,2.659329829172142,0
9541-ZPSEA,NO,MALE,0,YES,YES,68,YES,NO,FIBER OPTIC,YES,NO,YES,NO,NO,NO,TWO YEAR,NO,CREDIT CARD (AUTOMATIC),80.35,5375.15,2.6396189224704334,0
9544-PYPSJ,NO,FEMALE,1,YES,YES,62,YES,YES,FIBER OPTIC,NO,YES,YES,NO,NO,YES,MONTH-TO-MONTH,YES,CREDIT CARD (AUTOMATIC),96.1,6019.35,3.157030223390276,0
9546-CQJSU,YES,FEMALE,0,NO,NO,2,YES,YES,FIBER OPTIC,NO,NO,YES,NO,YES,NO,MONTH-TO-MONTH,YES,ELECTRONIC CHECK,91.4,193.6,3.002628120893561,1
9546-KDTRB,NO,FEMALE,0,NO,NO,19,YES,YES,NO,NO,NO,NO,NO,NO,NO,MONTH-TO-MONTH,NO,BANK TRANSFER (AUTOMATIC),24.7,465.85,0.8114323258869908,0
9547-ITEFG,NO,MALE,0,YES,YES,9,YES,YES,FIBER OPTIC,NO,YES,YES,NO,YES,YES,MONTH-TO-MONTH,YES,CREDIT CARD (AUTOMATIC),102.6,897.75,3.3705650459921155,0
9548-LERKT,NO,MALE,0,YES,NO,24,YES,NO,NO,NO,NO,NO,NO,NO,NO,TWO YEAR,NO,MAILED CHECK,19.75,483.15,0.6488173455978975,0
9548-LIGTA,NO,MALE,0,YES,NO,61,YES,NO,DSL,YES,YES,NO,YES,YES,YES,TWO YEAR,YES,MAILED CHECK,81.05,4747.65,2.662614980289093,0
9548-ZMVTX,NO,MALE,0,YES,YES,72,YES,YES,FIBER OPTIC,NO,YES,YES,YES,NO,NO,TWO YEAR,NO,BANK TRANSFER (AUTOMATIC),90.45,6565.85,2.971419185282523,0
9552-TGUZV,NO,MALE,0,YES,NO,8,YES,NO,FIBER OPTIC,YES,NO,NO,NO,NO,NO,MONTH-TO-MONTH,YES,MAILED CHECK,75.0,658.1,2.463863337713535,0
9553-DLCLU,NO,FEMALE,0,NO,YES,13,YES,YES,DSL,YES,YES,YES,YES,YES,YES,TWO YEAR,NO,CREDIT CARD (AUTOMATIC),88.95,1161.75,2.9221419185282524,0
9554-DFKIC,NO,MALE,0,YES,YES,30,YES,YES,DSL,YES,NO,NO,NO,NO,NO,MONTH-TO-MONTH,YES,BANK TRANSFER (AUTOMATIC),54.45,1588.7,1.7887647831800264,0
9555-SAHUZ,NO,FEMALE,0,YES,YES,38,YES,NO,DSL,YES,YES,NO,NO,NO,NO,MONTH-TO-MONTH,NO,ELECTRONIC CHECK,54.5,2076.05,1.7904073587385019,0
9558-IHEZX,NO,FEMALE,0,NO,NO,71,YES,YES,FIBER OPTIC,YES,YES,YES,NO,YES,YES,TWO YEAR,YES,CREDIT CARD (AUTOMATIC),106.75,7283.25,3.506898817345598,0
9560-ARGQJ,YES,FEMALE,0,NO,YES,16,YES,NO,FIBER OPTIC,NO,NO,NO,NO,YES,NO,MONTH-TO-MONTH,YES,ELECTRONIC CHECK,81.0,1312.15,2.6609724047306176,1
9560-BBZXK,NO,FEMALE,0,NO,NO,36,NO,NO,DSL,YES,NO,NO,NO,NO,NO,TWO YEAR,NO,BANK TRANSFER (AUTOMATIC),31.05,1126.35,1.0200394218134035,0
9564-KCLHR,YES,MALE,0,NO,NO,1,YES,NO,DSL,NO,NO,NO,YES,NO,NO,MONTH-TO-MONTH,NO,MAILED CHECK,51.25,51.25,1.683639947437582,1
9565-AXSMR,NO,MALE,0,YES,YES,52,YES,NO,NO,NO,NO,NO,NO,NO,NO,TWO YEAR,NO,MAILED CHECK,19.2,1054.75,0.6307490144546649,0
9565-DJPIB,YES,FEMALE,0,NO,YES,4,YES,YES,FIBER OPTIC,NO,YES,NO,NO,YES,NO,MONTH-TO-MONTH,NO,MAILED CHECK,89.6,365.65,2.9434954007884357,1
9565-FLVCG,NO,MALE,0,YES,YES,65,YES,YES,DSL,YES,YES,NO,NO,NO,YES,TWO YEAR,YES,MAILED CHECK,69.55,4459.15,2.2848226018396844,0
9565-JSNFM,YES,MALE,0,NO,NO,38,YES,NO,FIBER OPTIC,NO,NO,NO,NO,NO,NO,ONE YEAR,YES,BANK TRANSFER (AUTOMATIC),70.45,2597.6,2.314388961892247,1
9570-KYEUA,NO,MALE,0,NO,NO,64,YES,YES,FIBER OPTIC,YES,NO,YES,YES,NO,YES,TWO YEAR,NO,CREDIT CARD (AUTOMATIC),99.25,6549.45,3.260512483574244,0
9571-EDEBV,NO,MALE,0,YES,NO,71,YES,YES,FIBER OPTIC,NO,NO,YES,NO,YES,YES,ONE YEAR,YES,CREDIT CARD (AUTOMATIC),98.65,6962.85,3.2408015768725362,0
9572-MTILT,YES,MALE,0,YES,NO,59,YES,YES,FIBER OPTIC,YES,YES,YES,YES,YES,NO,MONTH-TO-MONTH,YES,ELECTRONIC CHECK,106.75,6252.9,3.506898817345598,1
9572-WUKSB,NO,MALE,0,YES,NO,3,NO,NO,DSL,NO,NO,NO,YES,NO,NO,MONTH-TO-MONTH,YES,ELECTRONIC CHECK,29.9,92.25,0.9822601839684625,0
9574-BOSMD,NO,MALE,0,YES,YES,68,YES,YES,NO,NO,NO,NO,NO,NO,NO,TWO YEAR,NO,BANK TRANSFER (AUTOMATIC),25.4,1620.2,0.8344283837056504,0
9574-RKJIF,YES,MALE,0,YES,YES,30,YES,YES,FIBER OPTIC,YES,YES,NO,NO,YES,NO,MONTH-TO-MONTH,YES,ELECTRONIC CHECK,94.4,2838.7,3.1011826544021024,1
9575-IWCAZ,NO,MALE,0,YES,NO,6,YES,YES,NO,NO,NO,NO,NO,NO,NO,ONE YEAR,NO,MAILED CHECK,25.1,171.0,0.8245729303547963,0
9576-ANLXO,YES,FEMALE,0,NO,NO,3,YES,NO,FIBER OPTIC,NO,NO,NO,NO,NO,NO,MONTH-TO-MONTH,YES,BANK TRANSFER (AUTOMATIC),69.55,222.3,2.2848226018396844,1
9576-SYUHJ,NO,MALE,0,NO,NO,37,YES,YES,FIBER OPTIC,YES,NO,NO,NO,YES,NO,MONTH-TO-MONTH,YES,ELECTRONIC CHECK,91.15,3369.25,2.994415243101183,0
9577-WJVCQ,NO,FEMALE,0,NO,NO,68,YES,YES,DSL,YES,NO,NO,NO,NO,NO,MONTH-TO-MONTH,NO,MAILED CHECK,54.45,3687.75,1.7887647831800264,0
9578-FOMUK,NO,MALE,0,NO,YES,15,YES,YES,NO,NO,NO,NO,NO,NO,NO,MONTH-TO-MONTH,YES,ELECTRONIC CHECK,24.8,324.15,0.8147174770039421,0
9578-VRMNM,YES,FEMALE,0,NO,NO,16,YES,YES,DSL,NO,NO,YES,NO,NO,YES,MONTH-TO-MONTH,YES,CREDIT CARD (AUTOMATIC),65.2,1043.35,2.1419185282522997,1
9581-GVBXT,NO,MALE,0,YES,YES,59,NO,NO,DSL,YES,NO,YES,NO,NO,NO,ONE YEAR,NO,MAILED CHECK,34.8,1980.3,1.14323258869908,0
9584-EXCDZ,NO,FEMALE,0,NO,NO,17,YES,NO,FIBER OPTIC,NO,NO,NO,NO,NO,NO,MONTH-TO-MONTH,NO,BANK TRANSFER (AUTOMATIC),70.5,1165.6,2.3160315374507228,0
9585-KKMFD,NO,MALE,0,YES,YES,41,YES,NO,NO,NO,NO,NO,NO,NO,NO,TWO YEAR,YES,MAILED CHECK,20.0,879.8,0.657030223390276,0
9586-JGQKH,NO,FEMALE,0,YES,NO,64,YES,YES,FIBER OPTIC,NO,YES,NO,YES,YES,YES,TWO YEAR,YES,BANK TRANSFER (AUTOMATIC),105.4,6794.75,3.462549277266754,0
9588-OZDMQ,NO,FEMALE,0,YES,NO,2,YES,NO,DSL,NO,NO,NO,NO,NO,NO,MONTH-TO-MONTH,YES,ELECTRONIC CHECK,45.0,89.75,1.4783180026281209,0
9588-YRFHY,NO,MALE,0,NO,NO,49,YES,NO,NO,NO,NO,NO,NO,NO,NO,TWO YEAR,YES,CREDIT CARD (AUTOMATIC),19.9,1022.6,0.6537450722733245,0
9589-ABEPT,NO,MALE,0,YES,NO,69,YES,YES,FIBER OPTIC,NO,YES,NO,YES,YES,NO,TWO YEAR,YES,MAILED CHECK,92.45,6460.55,3.0371222076215507,0
9591-YVTEB,NO,MALE,1,NO,NO,55,NO,NO,DSL,YES,YES,NO,NO,YES,NO,MONTH-TO-MONTH,YES,ELECTRONIC CHECK,44.85,2479.05,1.4733902759526938,0
9592-ERDKV,NO,MALE,0,YES,NO,37,YES,YES,DSL,YES,NO,YES,NO,YES,YES,ONE YEAR,NO,MAILED CHECK,79.25,2911.8,2.6034822601839682,0
9593-CVZKR,NO,FEMALE,0,YES,YES,56,YES,YES,NO,NO,NO,NO,NO,NO,NO,TWO YEAR,YES,MAILED CHECK,24.45,1385.85,0.8032194480946123,0
9600-NAXZN,YES,MALE,0,NO,NO,43,YES,YES,FIBER OPTIC,NO,YES,NO,NO,YES,YES,MONTH-TO-MONTH,YES,ELECTRONIC CHECK,101.4,4528.0,3.331143232588699,1
9600-UDOPK,YES,MALE,0,YES,NO,30,YES,YES,FIBER OPTIC,NO,NO,NO,NO,YES,YES,MONTH-TO-MONTH,YES,CREDIT CARD (AUTOMATIC),94.05,2866.45,3.0896846254927723,1
9601-BRXPO,YES,FEMALE,0,YES,NO,25,YES,YES,FIBER OPTIC,NO,NO,YES,YES,YES,YES,MONTH-TO-MONTH,YES,BANK TRANSFER (AUTOMATIC),104.95,2566.5,3.447766097240473,1
9602-WCXPI,NO,MALE,0,NO,NO,50,YES,NO,NO,NO,NO,NO,NO,NO,NO,ONE YEAR,NO,CREDIT CARD (AUTOMATIC),20.15,989.05,0.6619579500657029,0
9603-OAIHC,NO,MALE,1,NO,NO,1,YES,NO,FIBER OPTIC,NO,NO,NO,NO,NO,NO,MONTH-TO-MONTH,YES,ELECTRONIC CHECK,70.05,70.05,2.3012483574244413,0
9605-WGJVW,NO,FEMALE,1,NO,NO,1,YES,NO,FIBER OPTIC,NO,NO,NO,NO,NO,NO,MONTH-TO-MONTH,YES,ELECTRONIC CHECK,70.2,70.2,2.3061760840998686,0
9606-PBKBQ,YES,MALE,1,YES,NO,32,YES,YES,FIBER OPTIC,NO,NO,NO,NO,NO,YES,MONTH-TO-MONTH,YES,ELECTRONIC CHECK,85.0,2642.05,2.7923784494086727,1
9609-BENEA,NO,MALE,0,YES,NO,35,YES,YES,DSL,NO,YES,NO,YES,YES,NO,ONE YEAR,YES,ELECTRONIC CHECK,69.0,2441.7,2.266754270696452,0
9610-WCESF,NO,MALE,0,NO,NO,67,NO,NO,DSL,YES,NO,NO,YES,YES,NO,TWO YEAR,NO,ELECTRONIC CHECK,43.9,3097.2,1.4421813403416557,0
9611-CTWIH,YES,FEMALE,0,NO,NO,3,YES,NO,FIBER OPTIC,NO,NO,NO,NO,YES,YES,MONTH-TO-MONTH,YES,ELECTRONIC CHECK,89.45,240.45,2.9385676741130093,1
9614-RMGHA,YES,MALE,0,YES,NO,65,YES,YES,FIBER OPTIC,NO,YES,NO,NO,YES,NO,MONTH-TO-MONTH,YES,BANK TRANSFER (AUTOMATIC),91.85,5940.85,3.017411300919842,1
9617-INGJY,NO,MALE,0,NO,NO,1,YES,NO,FIBER OPTIC,NO,NO,NO,NO,NO,NO,MONTH-TO-MONTH,YES,MAILED CHECK,70.6,70.6,2.3193166885676737,0
9617-UDPEU,NO,FEMALE,0,NO,NO,22,YES,NO,NO,NO,NO,NO,NO,NO,NO,ONE YEAR,YES,MAILED CHECK,19.25,412.55,0.6323915900131406,0
9618-LFJRU,NO,FEMALE,0,NO,NO,4,YES,NO,NO,NO,NO,NO,NO,NO,NO,MONTH-TO-MONTH,NO,CREDIT CARD (AUTOMATIC),20.45,82.85,0.6718134034165572,0
9619-GSATL,NO,FEMALE,0,NO,NO,43,YES,NO,DSL,NO,YES,NO,YES,NO,NO,ONE YEAR,NO,ELECTRONIC CHECK,55.45,2444.25,1.8216162943495402,0
9620-ENEJV,NO,FEMALE,0,NO,NO,6,YES,NO,FIBER OPTIC,NO,NO,NO,NO,NO,NO,MONTH-TO-MONTH,NO,CREDIT CARD (AUTOMATIC),70.55,433.95,2.3176741130091982,0
9620-QJREV,NO,MALE,0,NO,YES,47,YES,NO,NO,NO,NO,NO,NO,NO,NO,ONE YEAR,NO,CREDIT CARD (AUTOMATIC),20.55,1013.05,0.6750985545335085,0
9621-OUPYD,NO,FEMALE,0,YES,NO,25,YES,NO,NO,NO,NO,NO,NO,NO,NO,ONE YEAR,YES,BANK TRANSFER (AUTOMATIC),20.2,507.9,0.6636005256241787,0
9624-EGDEQ,NO,FEMALE,0,NO,NO,37,YES,NO,NO,NO,NO,NO,NO,NO,NO,TWO YEAR,NO,MAILED CHECK,19.8,813.3,0.6504599211563732,0
9625-QNLUX,NO,MALE,0,YES,YES,68,YES,NO,FIBER OPTIC,YES,YES,YES,NO,YES,YES,TWO YEAR,YES,CREDIT CARD (AUTOMATIC),103.25,7074.4,3.3919185282522997,0
9625-QSTYE,YES,FEMALE,0,NO,NO,13,YES,NO,FIBER OPTIC,NO,YES,YES,NO,NO,NO,MONTH-TO-MONTH,YES,ELECTRONIC CHECK,81.15,952.3,2.665900131406045,1
9625-RZFUK,NO,MALE,0,YES,YES,63,YES,NO,NO,NO,NO,NO,NO,NO,NO,TWO YEAR,NO,MAILED CHECK,19.7,1275.85,0.6471747700394218,0
9626-VFRGG,NO,FEMALE,0,NO,YES,41,YES,YES,FIBER OPTIC,NO,YES,NO,NO,YES,NO,MONTH-TO-MONTH,YES,BANK TRANSFER (AUTOMATIC),88.5,3645.05,2.907358738501971,0
9626-WEQRM,NO,FEMALE,0,NO,NO,4,NO,NO,DSL,YES,NO,NO,NO,NO,NO,MONTH-TO-MONTH,YES,MAILED CHECK,29.15,110.05,0.9576215505913271,0
9629-NHXFW,NO,FEMALE,0,YES,YES,1,YES,NO,NO,NO,NO,NO,NO,NO,NO,MONTH-TO-MONTH,YES,MAILED CHECK,19.4,19.4,0.6373193166885676,0
9631-RXVJM,NO,MALE,0,NO,NO,35,YES,NO,NO,NO,NO,NO,NO,NO,NO,TWO YEAR,NO,MAILED CHECK,19.25,677.9,0.6323915900131406,0
9631-XEYKE,NO,MALE,0,NO,NO,3,YES,YES,DSL,NO,NO,NO,NO,NO,NO,MONTH-TO-MONTH,NO,BANK TRANSFER (AUTOMATIC),50.4,137.25,1.6557161629434953,0
9633-DENPU,NO,FEMALE,0,YES,NO,47,YES,NO,DSL,NO,YES,NO,NO,YES,NO,MONTH-TO-MONTH,YES,BANK TRANSFER (AUTOMATIC),58.6,2723.4,1.9250985545335084,0
9633-XQABV,NO,FEMALE,0,NO,NO,3,YES,NO,FIBER OPTIC,NO,NO,NO,NO,NO,NO,MONTH-TO-MONTH,YES,ELECTRONIC CHECK,70.25,229.7,2.307818659658344,0
9637-CDTKZ,NO,MALE,0,YES,NO,72,YES,YES,FIBER OPTIC,YES,YES,YES,YES,YES,YES,TWO YEAR,YES,CREDIT CARD (AUTOMATIC),114.1,8086.4,3.748357424441524,0
9637-EIHEQ,YES,FEMALE,0,NO,NO,1,YES,NO,DSL,NO,NO,NO,YES,NO,NO,MONTH-TO-MONTH,YES,ELECTRONIC CHECK,50.8,50.8,1.6688567674113008,1
9638-JIQYA,NO,MALE,0,NO,NO,2,NO,NO,DSL,NO,NO,NO,NO,NO,NO,MONTH-TO-MONTH,YES,CREDIT CARD (AUTOMATIC),24.9,49.7,0.8180026281208935,0
9639-BUJXT,NO,MALE,0,NO,NO,63,YES,NO,NO,NO,NO,NO,NO,NO,NO,ONE YEAR,NO,MAILED CHECK,20.5,1328.15,0.6734559789750328,0
9640-ZSLDC,NO,FEMALE,0,YES,YES,53,YES,NO,DSL,NO,NO,YES,NO,NO,YES,ONE YEAR,NO,CREDIT CARD (AUTOMATIC),60.6,3297.0,1.990801576872536,0
9643-AVVWI,NO,FEMALE,0,YES,YES,3,YES,NO,FIBER OPTIC,NO,YES,NO,YES,NO,NO,MONTH-TO-MONTH,YES,ELECTRONIC CHECK,80.0,241.3,2.628120893561104,0
9643-YBLUR,NO,MALE,0,YES,NO,9,YES,YES,DSL,NO,YES,YES,NO,NO,YES,MONTH-TO-MONTH,YES,CREDIT CARD (AUTOMATIC),69.05,653.95,2.2683968462549275,0
9644-KVCNC,NO,FEMALE,0,NO,NO,66,YES,YES,FIBER OPTIC,NO,NO,YES,NO,YES,NO,ONE YEAR,YES,BANK TRANSFER (AUTOMATIC),92.15,6056.9,3.0272667542706966,0
9644-UMGQA,NO,MALE,0,YES,YES,6,YES,NO,DSL,YES,NO,NO,NO,NO,NO,MONTH-TO-MONTH,YES,ELECTRONIC CHECK,49.15,295.65,1.614651773981603,0
9646-NMHXE,NO,MALE,0,YES,NO,47,YES,NO,NO,NO,NO,NO,NO,NO,NO,TWO YEAR,NO,MAILED CHECK,19.65,973.1,0.645532194480946,0
9647-ERGBE,YES,FEMALE,0,YES,YES,30,YES,YES,FIBER OPTIC,NO,NO,YES,NO,YES,YES,MONTH-TO-MONTH,YES,ELECTRONIC CHECK,100.05,3046.15,3.286793692509855,1
9648-BCHKM,NO,FEMALE,0,YES,YES,18,YES,YES,NO,NO,NO,NO,NO,NO,NO,TWO YEAR,YES,CREDIT CARD (AUTOMATIC),24.65,471.35,0.8097897503285151,0
9650-VBUOG,NO,MALE,0,YES,YES,38,YES,YES,NO,NO,NO,NO,NO,NO,NO,TWO YEAR,NO,CREDIT CARD (AUTOMATIC),25.05,963.95,0.8229303547963206,0
9651-GTSAQ,YES,FEMALE,0,YES,NO,53,YES,NO,FIBER OPTIC,YES,YES,YES,NO,YES,YES,ONE YEAR,YES,BANK TRANSFER (AUTOMATIC),106.1,5769.75,3.4855453350854138,1
9658-WYUFB,YES,FEMALE,0,NO,NO,17,YES,YES,FIBER OPTIC,YES,YES,NO,NO,YES,NO,MONTH-TO-MONTH,YES,ELECTRONIC CHECK,94.4,1617.5,3.1011826544021024,1
9659-QEQSY,NO,FEMALE,0,NO,NO,45,YES,YES,FIBER OPTIC,YES,YES,YES,YES,YES,YES,MONTH-TO-MONTH,YES,ELECTRONIC CHECK,115.65,5125.5,3.7992772667542707,0
9659-ZTWSM,NO,MALE,1,YES,NO,66,YES,YES,FIBER OPTIC,NO,YES,YES,YES,YES,YES,ONE YEAR,YES,BANK TRANSFER (AUTOMATIC),107.35,7051.95,3.5266097240473058,0
9661-ACXBS,YES,FEMALE,0,NO,NO,42,YES,YES,FIBER OPTIC,YES,NO,YES,NO,YES,YES,MONTH-TO-MONTH,YES,ELECTRONIC CHECK,105.2,4400.75,3.4559789750328513,1
9661-JALZV,NO,FEMALE,0,NO,NO,58,YES,YES,NO,NO,NO,NO,NO,NO,NO,TWO YEAR,YES,CREDIT CARD (AUTOMATIC),24.7,1519.0,0.8114323258869908,0
9661-MHUMO,YES,MALE,1,YES,YES,1,YES,NO,DSL,NO,NO,NO,YES,NO,NO,MONTH-TO-MONTH,YES,CREDIT CARD (AUTOMATIC),49.25,49.25,1.6179369250985545,1
9667-EQRXU,YES,FEMALE,1,NO,NO,30,NO,NO,DSL,NO,NO,YES,NO,YES,NO,MONTH-TO-MONTH,YES,ELECTRONIC CHECK,40.3,1172.95,1.3239159001314058,1
9667-TKTVZ,NO,FEMALE,0,NO,NO,2,YES,YES,DSL,NO,NO,NO,YES,NO,NO,MONTH-TO-MONTH,YES,MAILED CHECK,54.35,117.05,1.7854796320630748,0
9668-PUGNU,NO,MALE,0,YES,NO,71,YES,YES,NO,NO,NO,NO,NO,NO,NO,TWO YEAR,YES,ELECTRONIC CHECK,24.5,1816.2,0.804862023653088,0
9670-BPNXF,NO,FEMALE,0,NO,NO,45,YES,NO,DSL,YES,YES,NO,YES,NO,NO,ONE YEAR,YES,CREDIT CARD (AUTOMATIC),62.55,2796.45,2.054862023653088,0
9674-EHPPG,NO,MALE,0,YES,NO,46,NO,NO,DSL,YES,NO,YES,YES,NO,NO,TWO YEAR,NO,CREDIT CARD (AUTOMATIC),40.4,1842.7,1.3272010512483574,0
9675-ICXCT,NO,MALE,0,YES,YES,72,YES,NO,DSL,YES,NO,YES,YES,YES,YES,TWO YEAR,YES,ELECTRONIC CHECK,80.8,5728.55,2.654402102496715,0
9677-AVKED,NO,FEMALE,0,NO,YES,53,YES,YES,DSL,NO,YES,YES,YES,YES,YES,ONE YEAR,YES,ELECTRONIC CHECK,84.6,4449.75,2.779237844940867,0
9680-NIAUV,NO,FEMALE,0,YES,YES,72,YES,YES,FIBER OPTIC,YES,YES,YES,NO,YES,YES,TWO YEAR,NO,CREDIT CARD (AUTOMATIC),109.7,8129.3,3.6038107752956634,0
9681-KYGYB,NO,MALE,1,YES,NO,49,YES,YES,FIBER OPTIC,YES,YES,YES,NO,NO,NO,MONTH-TO-MONTH,YES,ELECTRONIC CHECK,88.2,4159.45,2.897503285151117,0
9681-OXGVC,YES,FEMALE,0,NO,NO,5,YES,YES,FIBER OPTIC,NO,NO,YES,NO,YES,YES,MONTH-TO-MONTH,YES,ELECTRONIC CHECK,100.5,514.0,3.3015768725361365,1
9685-WKZGT,YES,MALE,1,NO,NO,14,YES,YES,FIBER OPTIC,NO,NO,NO,NO,NO,NO,MONTH-TO-MONTH,YES,ELECTRONIC CHECK,74.95,1036.75,2.462220762155059,1
9688-YGXVR,NO,FEMALE,0,NO,NO,44,YES,NO,FIBER OPTIC,NO,YES,YES,NO,YES,NO,MONTH-TO-MONTH,YES,CREDIT CARD (AUTOMATIC),88.15,3973.2,2.8958607095926414,0
9689-PTNPG,YES,MALE,0,NO,NO,2,YES,NO,FIBER OPTIC,NO,NO,NO,NO,YES,NO,MONTH-TO-MONTH,YES,ELECTRONIC CHECK,80.25,144.55,2.636333771353482,1
9691-HKOVS,NO,FEMALE,0,YES,NO,55,YES,YES,DSL,YES,YES,YES,YES,YES,YES,ONE YEAR,YES,ELECTRONIC CHECK,90.15,4916.95,2.961563731931669,0
9692-TUSXH,YES,FEMALE,0,NO,NO,18,YES,NO,FIBER OPTIC,YES,NO,NO,NO,YES,YES,MONTH-TO-MONTH,YES,ELECTRONIC CHECK,96.05,1740.7,3.1553876478318,1
9693-XMUOB,NO,MALE,1,YES,NO,59,NO,NO,DSL,NO,YES,NO,NO,YES,YES,MONTH-TO-MONTH,YES,ELECTRONIC CHECK,50.25,2997.45,1.6507884362680683,0
9695-IDRZR,NO,FEMALE,0,NO,YES,34,YES,YES,FIBER OPTIC,YES,YES,YES,YES,YES,YES,TWO YEAR,YES,CREDIT CARD (AUTOMATIC),116.15,3946.9,3.8157030223390276,0
9696-RMYBA,NO,MALE,0,NO,NO,5,YES,NO,FIBER OPTIC,NO,NO,NO,NO,YES,NO,MONTH-TO-MONTH,YES,MAILED CHECK,80.1,398.55,2.6314060446780547,0
9699-UBQFS,NO,FEMALE,1,YES,NO,43,YES,YES,FIBER OPTIC,YES,YES,NO,NO,YES,NO,MONTH-TO-MONTH,YES,ELECTRONIC CHECK,94.5,4156.8,3.1044678055190538,0
9700-ISPUP,NO,FEMALE,0,YES,YES,10,YES,NO,DSL,NO,YES,NO,YES,NO,YES,MONTH-TO-MONTH,YES,ELECTRONIC CHECK,65.5,616.9,2.151773981603154,0
9700-ZCLOT,NO,MALE,0,NO,NO,2,YES,NO,NO,NO,NO,NO,NO,NO,NO,MONTH-TO-MONTH,NO,MAILED CHECK,20.0,32.7,0.657030223390276,0
9701-CDXHR,NO,FEMALE,0,YES,NO,51,YES,NO,FIBER OPTIC,NO,NO,NO,NO,NO,NO,MONTH-TO-MONTH,NO,MAILED CHECK,69.15,3649.6,2.2716819973718794,0
9702-AIUJO,NO,MALE,0,YES,YES,50,YES,NO,DSL,NO,NO,NO,NO,NO,NO,ONE YEAR,YES,BANK TRANSFER (AUTOMATIC),44.8,2230.85,1.4717477003942179,0
9705-IOVQQ,NO,MALE,1,YES,YES,61,YES,YES,FIBER OPTIC,NO,YES,NO,NO,YES,YES,ONE YEAR,NO,ELECTRONIC CHECK,99.0,5969.3,3.252299605781866,0
9705-ZJBCG,NO,FEMALE,0,YES,YES,13,YES,NO,DSL,YES,NO,NO,YES,NO,NO,ONE YEAR,NO,BANK TRANSFER (AUTOMATIC),54.15,701.05,1.778909329829172,0
9708-HPXWZ,NO,MALE,1,NO,NO,5,NO,NO,DSL,NO,NO,YES,YES,YES,NO,MONTH-TO-MONTH,NO,CREDIT CARD (AUTOMATIC),45.4,214.75,1.4914586070959264,0
9708-KFDBY,NO,MALE,0,NO,NO,1,YES,NO,NO,NO,NO,NO,NO,NO,NO,MONTH-TO-MONTH,NO,CREDIT CARD (AUTOMATIC),20.55,20.55,0.6750985545335085,0
9710-NJERN,NO,FEMALE,0,NO,NO,39,YES,NO,NO,NO,NO,NO,NO,NO,NO,TWO YEAR,NO,MAILED CHECK,20.15,826.0,0.6619579500657029,0
9710-ZUSHQ,YES,FEMALE,1,NO,NO,37,YES,YES,FIBER OPTIC,YES,YES,NO,NO,YES,YES,MONTH-TO-MONTH,YES,BANK TRANSFER (AUTOMATIC),106.75,4056.75,3.506898817345598,1
9711-FJTBX,NO,MALE,0,YES,YES,56,YES,NO,FIBER OPTIC,NO,YES,YES,YES,NO,NO,ONE YEAR,YES,MAILED CHECK,85.85,4793.8,2.8203022339027592,0
9714-EDSUC,NO,MALE,0,NO,NO,4,YES,NO,FIBER OPTIC,YES,YES,NO,YES,NO,YES,MONTH-TO-MONTH,YES,MAILED CHECK,94.9,360.55,3.1176084099868593,0
9715-SBVSU,NO,MALE,0,YES,YES,14,YES,NO,DSL,YES,YES,NO,NO,NO,YES,TWO YEAR,YES,BANK TRANSFER (AUTOMATIC),61.4,815.55,2.0170827858081473,0
9715-WZCLW,NO,MALE,0,YES,YES,71,YES,YES,FIBER OPTIC,YES,NO,NO,NO,YES,YES,TWO YEAR,YES,ELECTRONIC CHECK,97.2,6910.3,3.193166885676741,0
9717-IOAAF,NO,MALE,0,NO,YES,27,YES,YES,NO,NO,NO,NO,NO,NO,NO,TWO YEAR,YES,CREDIT CARD (AUTOMATIC),25.85,788.55,0.8492115637319316,0
9717-QEBGU,NO,MALE,0,NO,NO,2,YES,NO,FIBER OPTIC,NO,NO,NO,NO,NO,NO,MONTH-TO-MONTH,YES,ELECTRONIC CHECK,70.3,144.0,2.3094612352168196,0
9720-JJJOR,NO,MALE,0,YES,YES,41,YES,NO,DSL,YES,YES,YES,NO,NO,NO,ONE YEAR,YES,BANK TRANSFER (AUTOMATIC),60.3,2511.3,1.9809461235216819,0
9722-UJOJR,YES,MALE,0,YES,YES,29,YES,NO,FIBER OPTIC,NO,NO,NO,NO,NO,NO,MONTH-TO-MONTH,YES,ELECTRONIC CHECK,70.75,1974.8,2.324244415243101,1
9725-SCPZG,YES,MALE,0,NO,YES,1,YES,NO,FIBER OPTIC,NO,NO,NO,NO,YES,YES,MONTH-TO-MONTH,YES,ELECTRONIC CHECK,90.85,90.85,2.984559789750328,1
9728-FTTVZ,YES,FEMALE,0,NO,NO,1,YES,NO,FIBER OPTIC,NO,NO,NO,NO,NO,NO,MONTH-TO-MONTH,YES,ELECTRONIC CHECK,69.2,69.2,2.273324572930355,1
9730-DRTMJ,NO,MALE,0,YES,NO,32,YES,YES,DSL,YES,NO,NO,YES,YES,NO,ONE YEAR,YES,CREDIT CARD (AUTOMATIC),72.8,2333.05,2.3915900131406045,0
9732-EQMWY,NO,FEMALE,0,YES,NO,49,YES,NO,FIBER OPTIC,NO,YES,YES,NO,YES,YES,MONTH-TO-MONTH,NO,ELECTRONIC CHECK,99.4,5025.0,3.2654402102496713,0
9732-KPKBW,YES,MALE,0,NO,NO,1,YES,NO,DSL,YES,NO,NO,YES,NO,NO,MONTH-TO-MONTH,YES,ELECTRONIC CHECK,53.95,53.95,1.7723390275952695,1
9732-OUYRN,NO,FEMALE,0,YES,NO,49,YES,NO,NO,NO,NO,NO,NO,NO,NO,ONE YEAR,NO,CREDIT CARD (AUTOMATIC),19.0,918.7,0.6241787122207622,0
9734-UYXQI,YES,FEMALE,0,NO,NO,2,YES,YES,DSL,NO,NO,NO,NO,NO,NO,MONTH-TO-MONTH,YES,ELECTRONIC CHECK,49.4,106.55,1.6228646517739815,1
9734-YWGEX,YES,FEMALE,0,NO,NO,9,YES,YES,FIBER OPTIC,NO,NO,YES,NO,YES,YES,MONTH-TO-MONTH,NO,CREDIT CARD (AUTOMATIC),98.3,923.5,3.229303547963206,1
9738-QLWTP,NO,MALE,0,NO,NO,39,YES,NO,FIBER OPTIC,NO,NO,YES,YES,NO,NO,ONE YEAR,NO,ELECTRONIC CHECK,81.9,3219.75,2.69053876478318,0
9739-JLPQJ,NO,FEMALE,0,YES,YES,72,YES,YES,FIBER OPTIC,YES,YES,YES,YES,YES,YES,TWO YEAR,NO,CREDIT CARD (AUTOMATIC),117.5,8670.1,3.860052562417871,0
9741-YLNTD,NO,MALE,0,NO,NO,6,YES,YES,FIBER OPTIC,NO,NO,NO,YES,NO,YES,MONTH-TO-MONTH,YES,BANK TRANSFER (AUTOMATIC),87.95,522.35,2.8892904073587387,0
9742-XOKTS,NO,MALE,0,YES,YES,67,YES,YES,FIBER OPTIC,YES,YES,NO,YES,NO,NO,ONE YEAR,NO,ELECTRONIC CHECK,89.55,6038.55,2.9418528252299603,0
9743-DQKQW,NO,MALE,0,NO,NO,3,NO,NO,DSL,NO,NO,NO,NO,NO,NO,MONTH-TO-MONTH,NO,ELECTRONIC CHECK,25.1,79.8,0.8245729303547963,0
9746-MDMBK,NO,MALE,0,YES,YES,47,YES,YES,FIBER OPTIC,YES,YES,YES,YES,YES,YES,ONE YEAR,YES,BANK TRANSFER (AUTOMATIC),113.45,5317.8,3.7270039421813403,0
9746-UGFAC,NO,FEMALE,0,NO,NO,22,YES,NO,NO,NO,NO,NO,NO,NO,NO,ONE YEAR,NO,BANK TRANSFER (AUTOMATIC),20.85,450.65,0.6849540078843627,0
9746-YKGXB,NO,MALE,0,YES,YES,52,NO,NO,DSL,YES,NO,YES,NO,NO,YES,ONE YEAR,NO,BANK TRANSFER (AUTOMATIC),44.25,2276.1,1.4536793692509855,0
9747-DDZOS,YES,FEMALE,0,NO,NO,1,YES,NO,FIBER OPTIC,NO,NO,YES,NO,NO,NO,MONTH-TO-MONTH,NO,BANK TRANSFER (AUTOMATIC),73.5,73.5,2.414586070959264,1
9750-BOOHV,NO,FEMALE,0,NO,NO,32,NO,NO,DSL,YES,NO,NO,NO,NO,NO,ONE YEAR,NO,MAILED CHECK,30.15,927.65,0.9904730617608409,0
9752-ZNQUT,NO,FEMALE,0,NO,NO,1,YES,NO,DSL,NO,YES,NO,NO,NO,NO,MONTH-TO-MONTH,YES,ELECTRONIC CHECK,48.6,48.6,1.5965834428383705,0
9753-OYLBX,NO,FEMALE,0,NO,NO,1,YES,NO,NO,NO,NO,NO,NO,NO,NO,MONTH-TO-MONTH,NO,MAILED CHECK,20.5,20.5,0.6734559789750328,0
9754-CLVZW,NO,FEMALE,0,YES,YES,26,NO,NO,DSL,YES,YES,NO,YES,NO,NO,MONTH-TO-MONTH,NO,CREDIT CARD (AUTOMATIC),38.85,1025.15,1.276281208935611,0
9755-JHNMN,NO,FEMALE,0,NO,NO,49,YES,NO,DSL,YES,YES,YES,YES,NO,NO,TWO YEAR,NO,BANK TRANSFER (AUTOMATIC),67.4,3306.85,2.21419185282523,0
9758-MFWGD,NO,FEMALE,1,YES,YES,48,NO,NO,DSL,NO,YES,NO,NO,NO,NO,ONE YEAR,NO,BANK TRANSFER (AUTOMATIC),29.9,1388.75,0.9822601839684625,0
9761-XUJWD,NO,MALE,0,NO,NO,5,YES,NO,DSL,NO,YES,NO,YES,NO,YES,MONTH-TO-MONTH,YES,BANK TRANSFER (AUTOMATIC),65.6,339.9,2.1550591327201047,0
9762-YAQAA,NO,MALE,0,NO,NO,39,YES,YES,FIBER OPTIC,NO,YES,NO,NO,NO,NO,ONE YEAR,NO,CREDIT CARD (AUTOMATIC),81.4,3213.75,2.674113009198423,0
9763-GRSKD,NO,MALE,0,YES,YES,13,YES,NO,DSL,YES,NO,NO,NO,NO,NO,MONTH-TO-MONTH,YES,MAILED CHECK,49.95,587.45,1.6409329829172141,0
9763-PDTKK,YES,FEMALE,0,NO,NO,4,YES,NO,FIBER OPTIC,YES,NO,YES,YES,NO,YES,MONTH-TO-MONTH,YES,BANK TRANSFER (AUTOMATIC),94.4,387.2,3.1011826544021024,1
9764-REAFF,NO,FEMALE,0,YES,NO,59,YES,NO,NO,NO,NO,NO,NO,NO,NO,TWO YEAR,NO,BANK TRANSFER (AUTOMATIC),18.4,1057.85,0.6044678055190538,0
9766-HGEDE,NO,FEMALE,0,YES,NO,17,YES,NO,NO,NO,NO,NO,NO,NO,NO,ONE YEAR,NO,MAILED CHECK,19.35,307.0,0.635676741130092,0
9767-FFLEM,NO,MALE,0,NO,NO,38,YES,NO,FIBER OPTIC,NO,NO,NO,NO,NO,NO,MONTH-TO-MONTH,YES,CREDIT CARD (AUTOMATIC),69.5,2625.25,2.283180026281209,0
9769-TSBZE,NO,FEMALE,0,NO,YES,70,YES,YES,DSL,YES,YES,NO,YES,NO,NO,TWO YEAR,NO,ELECTRONIC CHECK,66.0,4891.5,2.1681997371879107,0
9770-KXGQU,NO,FEMALE,0,NO,NO,53,YES,YES,FIBER OPTIC,YES,YES,YES,NO,YES,NO,ONE YEAR,NO,MAILED CHECK,98.6,5311.85,3.2391590013140603,0
9770-LXDBK,NO,FEMALE,0,NO,NO,3,YES,NO,NO,NO,NO,NO,NO,NO,NO,MONTH-TO-MONTH,NO,MAILED CHECK,20.4,63.15,0.6701708278580814,0
9773-PEQBZ,NO,MALE,0,NO,NO,10,YES,YES,FIBER OPTIC,NO,YES,NO,NO,NO,NO,MONTH-TO-MONTH,NO,ELECTRONIC CHECK,79.85,797.25,2.6231931668856765,0
9774-NRNAU,NO,MALE,1,YES,NO,27,YES,YES,DSL,NO,YES,YES,YES,YES,YES,MONTH-TO-MONTH,YES,BANK TRANSFER (AUTOMATIC),84.8,2309.55,2.78580814717477,0
9776-CLUJA,YES,FEMALE,1,YES,NO,51,YES,YES,FIBER OPTIC,YES,NO,NO,NO,NO,NO,MONTH-TO-MONTH,YES,ELECTRONIC CHECK,77.5,3807.35,2.5459921156373193,1
9776-OJUZI,NO,FEMALE,1,NO,NO,65,YES,YES,FIBER OPTIC,NO,YES,YES,NO,YES,NO,MONTH-TO-MONTH,YES,BANK TRANSFER (AUTOMATIC),95.45,6223.3,3.135676741130092,0
9777-IQHWP,NO,MALE,0,YES,YES,64,YES,YES,FIBER OPTIC,YES,NO,YES,NO,NO,YES,TWO YEAR,NO,BANK TRANSFER (AUTOMATIC),93.4,5822.3,3.0683311432325886,0
9777-WJJPR,NO,MALE,0,YES,NO,31,YES,YES,FIBER OPTIC,NO,NO,YES,NO,YES,NO,MONTH-TO-MONTH,NO,CREDIT CARD (AUTOMATIC),88.65,2683.2,2.9122864651773983,0
9778-OGKQZ,NO,MALE,0,YES,NO,72,YES,YES,DSL,YES,YES,YES,YES,YES,YES,TWO YEAR,YES,CREDIT CARD (AUTOMATIC),92.0,6782.15,3.0223390275952693,0
9779-DPNEJ,NO,FEMALE,0,YES,YES,22,YES,NO,FIBER OPTIC,NO,NO,NO,NO,NO,YES,MONTH-TO-MONTH,YES,ELECTRONIC CHECK,80.15,1790.65,2.633048620236531,0
9780-FKVVF,NO,MALE,0,NO,NO,6,YES,NO,DSL,YES,NO,NO,NO,NO,YES,MONTH-TO-MONTH,YES,BANK TRANSFER (AUTOMATIC),59.15,336.7,1.943166885676741,0
9782-LGXMC,NO,FEMALE,0,YES,YES,49,YES,NO,DSL,YES,NO,YES,YES,NO,NO,MONTH-TO-MONTH,NO,BANK TRANSFER (AUTOMATIC),61.75,3024.15,2.028580814717477,0
9786-IJYDL,NO,FEMALE,0,NO,NO,35,YES,YES,FIBER OPTIC,YES,YES,YES,YES,YES,YES,TWO YEAR,YES,MAILED CHECK,113.2,3914.05,3.7187910643889617,0
9786-YWNHU,NO,FEMALE,0,YES,YES,63,YES,NO,DSL,YES,YES,YES,YES,NO,NO,TWO YEAR,NO,MAILED CHECK,63.55,4014.2,2.0877135348226017,0
9787-XVQIU,YES,MALE,0,NO,NO,1,YES,YES,FIBER OPTIC,NO,NO,NO,NO,NO,NO,MONTH-TO-MONTH,YES,ELECTRONIC CHECK,75.3,75.3,2.473718791064389,1
9788-HNGUT,NO,MALE,0,YES,NO,72,YES,YES,FIBER OPTIC,YES,YES,YES,YES,YES,YES,TWO YEAR,YES,CREDIT CARD (AUTOMATIC),116.95,8594.4,3.8419842312746386,0
9788-YTFGE,NO,MALE,0,NO,NO,7,YES,NO,NO,NO,NO,NO,NO,NO,NO,MONTH-TO-MONTH,YES,MAILED CHECK,19.95,147.5,0.6553876478318003,0
9793-WECQC,NO,MALE,0,NO,NO,23,YES,NO,FIBER OPTIC,NO,YES,NO,NO,YES,YES,MONTH-TO-MONTH,NO,MAILED CHECK,95.3,2192.9,3.130749014454665,0
9795-NREXC,NO,FEMALE,0,YES,NO,64,YES,YES,DSL,YES,NO,YES,YES,YES,YES,TWO YEAR,YES,CREDIT CARD (AUTOMATIC),85.0,5484.4,2.7923784494086727,0
9795-SHUHB,NO,FEMALE,0,YES,YES,66,YES,NO,DSL,YES,YES,NO,YES,NO,NO,TWO YEAR,YES,CREDIT CARD (AUTOMATIC),58.2,3810.8,1.9119579500657031,0
9795-VOWON,NO,MALE,0,NO,NO,7,NO,NO,DSL,NO,NO,NO,NO,NO,NO,ONE YEAR,YES,CREDIT CARD (AUTOMATIC),24.35,150.85,0.7999342969776609,0
9796-BPKIW,NO,MALE,1,NO,NO,8,YES,NO,FIBER OPTIC,NO,NO,NO,NO,NO,NO,MONTH-TO-MONTH,YES,CREDIT CARD (AUTOMATIC),69.95,562.7,2.29796320630749,0
9796-MVYXX,NO,FEMALE,1,NO,NO,14,NO,NO,DSL,YES,NO,YES,YES,NO,NO,TWO YEAR,NO,MAILED CHECK,39.7,692.35,1.3042049934296978,0
9798-DRYDS,NO,FEMALE,0,YES,YES,17,YES,YES,DSL,NO,NO,YES,YES,NO,NO,ONE YEAR,YES,MAILED CHECK,61.95,1070.7,2.0351511169513796,0
9798-OPFEM,NO,FEMALE,0,NO,NO,46,YES,NO,NO,NO,NO,NO,NO,NO,NO,TWO YEAR,YES,ELECTRONIC CHECK,21.1,937.1,0.6931668856767411,0
9799-CAYJJ,NO,FEMALE,1,YES,NO,2,YES,NO,FIBER OPTIC,NO,NO,NO,NO,NO,NO,MONTH-TO-MONTH,YES,ELECTRONIC CHECK,69.3,153.8,2.2766097240473058,0
9800-ONTFE,NO,FEMALE,0,YES,YES,22,YES,YES,FIBER OPTIC,NO,NO,NO,NO,NO,NO,MONTH-TO-MONTH,YES,BANK TRANSFER (AUTOMATIC),75.8,1615.1,2.490144546649146,0
9800-OUIGR,NO,MALE,0,YES,YES,66,YES,NO,NO,NO,NO,NO,NO,NO,NO,TWO YEAR,NO,CREDIT CARD (AUTOMATIC),20.0,1374.2,0.657030223390276,0
9801-GDWGV,YES,FEMALE,0,NO,NO,39,YES,YES,FIBER OPTIC,NO,YES,YES,NO,YES,YES,MONTH-TO-MONTH,YES,ELECTRONIC CHECK,103.45,3994.45,3.3984888304862024,1
9801-NOSHQ,NO,MALE,0,NO,YES,23,YES,NO,NO,NO,NO,NO,NO,NO,NO,ONE YEAR,NO,MAILED CHECK,19.8,465.45,0.6504599211563732,0
9802-CAQUT,NO,FEMALE,0,YES,YES,72,YES,YES,FIBER OPTIC,YES,YES,YES,NO,YES,YES,TWO YEAR,NO,CREDIT CARD (AUTOMATIC),109.55,7887.25,3.598883048620236,0
9803-FTJCG,NO,MALE,0,YES,YES,71,YES,YES,DSL,YES,YES,NO,YES,NO,NO,ONE YEAR,YES,CREDIT CARD (AUTOMATIC),66.85,4748.7,2.196123521681997,0
9804-ICWBG,YES,MALE,0,NO,NO,1,YES,NO,FIBER OPTIC,NO,NO,NO,NO,NO,NO,MONTH-TO-MONTH,YES,ELECTRONIC CHECK,69.9,69.9,2.2963206307490145,1
9805-FILKB,NO,MALE,0,YES,YES,46,YES,NO,NO,NO,NO,NO,NO,NO,NO,ONE YEAR,YES,BANK TRANSFER (AUTOMATIC),20.2,845.6,0.6636005256241787,0
9809-IMGCQ,YES,MALE,1,NO,NO,22,YES,YES,FIBER OPTIC,NO,NO,NO,NO,YES,YES,MONTH-TO-MONTH,YES,ELECTRONIC CHECK,96.7,2082.95,3.176741130091984,1
9812-GHVRI,NO,FEMALE,0,NO,NO,40,YES,YES,FIBER OPTIC,NO,NO,NO,NO,NO,YES,MONTH-TO-MONTH,NO,BANK TRANSFER (AUTOMATIC),83.85,3532.25,2.7545992115637317,0
9814-AOUDH,NO,MALE,0,NO,NO,53,YES,NO,NO,NO,NO,NO,NO,NO,NO,TWO YEAR,NO,CREDIT CARD (AUTOMATIC),19.5,1050.5,0.640604467805519,0
9817-APLHW,NO,MALE,0,NO,NO,12,YES,YES,NO,NO,NO,NO,NO,NO,NO,MONTH-TO-MONTH,NO,ELECTRONIC CHECK,25.0,316.2,0.8212877792378449,0
9818-XQCUV,NO,FEMALE,0,NO,NO,2,YES,NO,NO,NO,NO,NO,NO,NO,NO,MONTH-TO-MONTH,NO,MAILED CHECK,20.35,45.3,0.6685282522996058,0
9819-FBNSV,NO,MALE,1,YES,NO,37,YES,NO,FIBER OPTIC,NO,NO,NO,NO,NO,NO,MONTH-TO-MONTH,YES,BANK TRANSFER (AUTOMATIC),72.25,2575.45,2.3735216819973717,0
9820-RMCQV,YES,FEMALE,0,NO,NO,11,YES,NO,DSL,YES,NO,NO,NO,NO,NO,MONTH-TO-MONTH,NO,CREDIT CARD (AUTOMATIC),48.55,501.0,1.5949408672798948,1
9821-BESNZ,NO,MALE,0,NO,NO,66,YES,YES,FIBER OPTIC,NO,YES,NO,YES,YES,YES,ONE YEAR,YES,ELECTRONIC CHECK,104.25,6860.6,3.4247700394218135,0
9821-POOTN,YES,MALE,0,YES,NO,35,YES,YES,FIBER OPTIC,NO,NO,NO,NO,NO,NO,MONTH-TO-MONTH,YES,ELECTRONIC CHECK,75.2,2576.2,2.4704336399474376,1
9822-BIIGN,NO,MALE,0,YES,YES,53,YES,YES,DSL,YES,NO,NO,YES,NO,YES,MONTH-TO-MONTH,NO,ELECTRONIC CHECK,71.85,3827.9,2.360381077529566,0
9822-OAOVB,NO,FEMALE,0,NO,NO,1,YES,NO,DSL,NO,NO,NO,NO,NO,YES,MONTH-TO-MONTH,YES,ELECTRONIC CHECK,55.45,55.45,1.8216162943495402,0
9822-WMWVG,NO,FEMALE,0,NO,NO,41,YES,YES,FIBER OPTIC,YES,YES,YES,YES,YES,NO,MONTH-TO-MONTH,YES,ELECTRONIC CHECK,106.5,4282.4,3.4986859395532193,0
9823-EALYC,NO,MALE,0,YES,YES,72,YES,YES,DSL,YES,YES,YES,YES,YES,NO,TWO YEAR,YES,BANK TRANSFER (AUTOMATIC),80.85,5727.45,2.6560446780551903,0
9824-BEMCV,YES,MALE,0,YES,YES,17,YES,NO,FIBER OPTIC,NO,NO,NO,NO,NO,NO,MONTH-TO-MONTH,YES,ELECTRONIC CHECK,69.0,1149.65,2.266754270696452,1
9824-QCJPK,NO,MALE,0,YES,NO,36,YES,NO,NO,NO,NO,NO,NO,NO,NO,ONE YEAR,NO,MAILED CHECK,20.0,666.75,0.657030223390276,0
9825-YCXWZ,NO,FEMALE,1,NO,NO,41,YES,NO,FIBER OPTIC,NO,NO,YES,YES,YES,YES,ONE YEAR,YES,BANK TRANSFER (AUTOMATIC),101.1,4016.2,3.321287779237845,0
9828-AOQLM,YES,FEMALE,0,YES,YES,1,YES,NO,DSL,NO,NO,NO,NO,NO,NO,MONTH-TO-MONTH,YES,ELECTRONIC CHECK,45.7,45.7,1.5013140604467805,1
9828-QHFBK,NO,MALE,0,NO,NO,24,YES,NO,DSL,YES,NO,NO,NO,NO,NO,MONTH-TO-MONTH,YES,ELECTRONIC CHECK,51.15,1275.7,1.6803547963206307,0
9830-ECLEN,NO,MALE,0,YES,YES,58,NO,NO,DSL,YES,YES,YES,NO,YES,NO,ONE YEAR,NO,MAILED CHECK,50.0,2919.85,1.6425755584756898,0
9831-BPFRI,YES,FEMALE,0,YES,YES,39,YES,YES,FIBER OPTIC,NO,YES,YES,YES,NO,NO,ONE YEAR,YES,ELECTRONIC CHECK,89.55,3474.45,2.9418528252299603,1
9833-TGFHX,NO,MALE,0,YES,YES,42,YES,YES,FIBER OPTIC,YES,NO,NO,NO,YES,YES,ONE YEAR,NO,ELECTRONIC CHECK,97.1,4016.75,3.1898817345597896,0
9835-ZIITK,YES,MALE,1,YES,NO,66,YES,YES,FIBER OPTIC,NO,YES,YES,YES,YES,YES,ONE YEAR,YES,ELECTRONIC CHECK,110.85,7491.75,3.641590013140604,1
9837-BMCLM,YES,MALE,0,NO,NO,3,YES,NO,FIBER OPTIC,NO,NO,NO,NO,YES,NO,MONTH-TO-MONTH,YES,ELECTRONIC CHECK,78.5,242.05,2.578843626806833,1
9837-FWLCH,NO,MALE,0,YES,YES,12,YES,NO,NO,NO,NO,NO,NO,NO,NO,MONTH-TO-MONTH,YES,ELECTRONIC CHECK,19.2,239.0,0.6307490144546649,0
9838-BFCQT,NO,MALE,0,YES,YES,72,YES,YES,NO,NO,NO,NO,NO,NO,NO,TWO YEAR,NO,MAILED CHECK,26.1,1851.45,0.8574244415243101,0
9839-ETQOE,NO,MALE,0,NO,YES,43,NO,NO,DSL,YES,YES,YES,NO,NO,NO,MONTH-TO-MONTH,YES,ELECTRONIC CHECK,40.45,1912.85,1.328843626806833,0
9840-DVNDC,YES,MALE,0,NO,NO,6,YES,NO,FIBER OPTIC,NO,NO,NO,NO,YES,NO,MONTH-TO-MONTH,YES,CREDIT CARD (AUTOMATIC),80.5,463.05,2.6445466491458607,1
9840-EFJQB,NO,FEMALE,0,NO,NO,1,YES,NO,FIBER OPTIC,NO,YES,NO,NO,NO,NO,MONTH-TO-MONTH,NO,ELECTRONIC CHECK,74.35,74.35,2.4425098554533506,0
9842-EFSYY,NO,FEMALE,0,NO,YES,4,NO,NO,DSL,YES,YES,YES,NO,YES,YES,MONTH-TO-MONTH,YES,MAILED CHECK,57.2,223.75,1.8791064388961893,0
9844-FELAJ,NO,FEMALE,1,YES,YES,70,YES,YES,FIBER OPTIC,NO,YES,YES,YES,YES,YES,ONE YEAR,YES,ELECTRONIC CHECK,107.9,7475.85,3.544678055190539,0
9845-PEEKO,NO,FEMALE,1,NO,NO,59,YES,YES,FIBER OPTIC,NO,YES,NO,NO,NO,NO,TWO YEAR,YES,CREDIT CARD (AUTOMATIC),79.2,4590.35,2.6018396846254928,0
9845-QOMAD,NO,MALE,0,YES,YES,14,YES,NO,NO,NO,NO,NO,NO,NO,NO,ONE YEAR,NO,MAILED CHECK,19.75,309.35,0.6488173455978975,0
9846-GKXAS,YES,FEMALE,0,NO,NO,9,YES,NO,FIBER OPTIC,NO,NO,NO,NO,YES,YES,MONTH-TO-MONTH,YES,BANK TRANSFER (AUTOMATIC),90.8,809.75,2.9829172141918527,1
9847-HNVGP,NO,MALE,0,NO,NO,17,YES,NO,NO,NO,NO,NO,NO,NO,NO,ONE YEAR,NO,MAILED CHECK,19.95,310.6,0.6553876478318003,0
9848-JQJTX,NO,MALE,0,NO,NO,72,YES,YES,FIBER OPTIC,NO,YES,YES,NO,YES,YES,TWO YEAR,YES,BANK TRANSFER (AUTOMATIC),100.9,7459.05,3.314717477003942,0
9850-OWRHQ,YES,FEMALE,0,YES,NO,3,YES,YES,FIBER OPTIC,NO,NO,NO,NO,NO,NO,MONTH-TO-MONTH,YES,CREDIT CARD (AUTOMATIC),74.1,228.0,2.434296977660972,1
9851-KIELU,YES,MALE,0,NO,NO,10,YES,NO,FIBER OPTIC,YES,YES,YES,YES,YES,YES,MONTH-TO-MONTH,YES,ELECTRONIC CHECK,110.1,1043.3,3.616951379763469,1
9851-QXEEQ,YES,MALE,0,NO,NO,41,YES,YES,FIBER OPTIC,NO,YES,YES,NO,YES,YES,MONTH-TO-MONTH,YES,ELECTRONIC CHECK,104.7,4346.4,3.4395532194480944,1
9853-JFZDU,NO,FEMALE,0,YES,NO,35,YES,NO,DSL,NO,YES,NO,YES,NO,NO,MONTH-TO-MONTH,NO,ELECTRONIC CHECK,56.85,1861.1,1.8676084099868593,0
9860-LISIZ,NO,FEMALE,0,NO,NO,34,YES,NO,NO,NO,NO,NO,NO,NO,NO,MONTH-TO-MONTH,NO,MAILED CHECK,20.35,673.2,0.6685282522996058,0
9861-PDSZP,NO,FEMALE,0,NO,NO,72,YES,YES,FIBER OPTIC,NO,YES,YES,YES,YES,YES,TWO YEAR,YES,CREDIT CARD (AUTOMATIC),108.05,7806.6,3.5496057818659654,0
9862-KJTYK,NO,MALE,0,NO,YES,19,NO,NO,DSL,NO,NO,NO,NO,NO,NO,MONTH-TO-MONTH,YES,CREDIT CARD (AUTOMATIC),25.35,566.1,0.8327858081471747,0
9863-JZAIC,YES,MALE,0,NO,NO,35,YES,NO,DSL,NO,NO,NO,NO,YES,NO,MONTH-TO-MONTH,NO,MAILED CHECK,55.0,2010.55,1.8068331143232588,1
9866-OCCKE,NO,FEMALE,1,YES,NO,72,YES,YES,FIBER OPTIC,YES,NO,YES,YES,YES,YES,TWO YEAR,YES,MAILED CHECK,109.75,8075.35,3.6054533508541393,0
9866-QEVEE,YES,MALE,0,NO,NO,19,YES,YES,FIBER OPTIC,NO,NO,NO,NO,NO,YES,MONTH-TO-MONTH,YES,BANK TRANSFER (AUTOMATIC),86.0,1532.45,2.8252299605781865,1
9867-JCZSP,NO,FEMALE,0,YES,YES,17,YES,NO,NO,NO,NO,NO,NO,NO,NO,ONE YEAR,NO,MAILED CHECK,20.75,418.25,0.6816688567674113,0
9867-NNXLC,NO,FEMALE,0,NO,NO,22,YES,NO,NO,NO,NO,NO,NO,NO,NO,MONTH-TO-MONTH,YES,MAILED CHECK,20.05,470.2,0.6586727989487516,0
9867-XOBQA,NO,FEMALE,0,NO,YES,21,NO,NO,DSL,YES,YES,YES,YES,YES,NO,TWO YEAR,NO,MAILED CHECK,53.15,1183.2,1.7460578186596583,0
9871-ELEYA,NO,FEMALE,0,NO,YES,34,YES,NO,DSL,YES,NO,YES,YES,YES,NO,TWO YEAR,NO,CREDIT CARD (AUTOMATIC),67.65,2339.3,2.2224047306176087,0
9873-MNDKV,NO,FEMALE,0,NO,NO,11,YES,NO,DSL,NO,NO,NO,NO,NO,NO,MONTH-TO-MONTH,YES,MAILED CHECK,44.65,472.25,1.466819973718791,0
9874-QLCLH,YES,FEMALE,0,YES,YES,17,YES,YES,FIBER OPTIC,YES,NO,YES,NO,YES,YES,MONTH-TO-MONTH,YES,ELECTRONIC CHECK,104.2,1743.5,3.4231274638633375,1
9878-TNQGW,YES,MALE,0,NO,NO,2,YES,NO,FIBER OPTIC,NO,NO,NO,NO,NO,YES,MONTH-TO-MONTH,YES,ELECTRONIC CHECK,80.95,171.15,2.659329829172142,1
9880-TDQAC,NO,FEMALE,0,YES,YES,72,NO,NO,DSL,NO,YES,YES,YES,YES,YES,TWO YEAR,YES,ELECTRONIC CHECK,60.0,4264.0,1.9710906701708277,0
9881-VCZEP,NO,FEMALE,0,YES,NO,25,YES,YES,DSL,NO,YES,NO,NO,NO,NO,MONTH-TO-MONTH,NO,ELECTRONIC CHECK,54.1,1373.0,1.7772667542706964,0
9885-AIBVB,NO,MALE,0,YES,NO,29,YES,YES,FIBER OPTIC,NO,YES,YES,NO,NO,NO,MONTH-TO-MONTH,YES,ELECTRONIC CHECK,85.8,2440.25,2.818659658344284,0
9885-CSMWE,YES,FEMALE,1,NO,NO,1,YES,NO,FIBER OPTIC,NO,NO,NO,NO,YES,NO,MONTH-TO-MONTH,NO,ELECTRONIC CHECK,78.45,78.45,2.577201051248357,1
9885-MFVSU,NO,FEMALE,0,YES,YES,35,NO,NO,DSL,YES,NO,NO,YES,YES,NO,TWO YEAR,YES,CREDIT CARD (AUTOMATIC),46.35,1662.05,1.5226675427069645,0
9888-ZCUMM,NO,MALE,0,YES,YES,64,NO,NO,DSL,YES,NO,YES,YES,YES,YES,TWO YEAR,YES,BANK TRANSFER (AUTOMATIC),60.05,3845.45,1.9727332457293034,0
9889-TMAHG,YES,MALE,1,NO,NO,8,YES,NO,FIBER OPTIC,YES,NO,NO,YES,YES,YES,MONTH-TO-MONTH,NO,CREDIT CARD (AUTOMATIC),100.3,832.35,3.2950065703022338,1
9891-NQDBD,NO,FEMALE,0,YES,NO,28,YES,YES,NO,NO,NO,NO,NO,NO,NO,ONE YEAR,NO,MAILED CHECK,25.55,672.2,0.8393561103810775,0
9894-EZEWG,YES,FEMALE,0,NO,NO,1,YES,NO,FIBER OPTIC,NO,YES,NO,NO,NO,NO,MONTH-TO-MONTH,YES,CREDIT CARD (AUTOMATIC),74.3,74.3,2.440867279894875,1
9894-QMIMJ,NO,FEMALE,0,NO,NO,23,YES,NO,DSL,NO,YES,YES,NO,NO,NO,ONE YEAR,NO,BANK TRANSFER (AUTOMATIC),55.8,1327.85,1.8331143232588698,0
9895-VFOXH,NO,FEMALE,0,NO,NO,1,NO,NO,DSL,NO,NO,NO,NO,NO,NO,MONTH-TO-MONTH,NO,MAILED CHECK,24.4,24.4,0.8015768725361366,0
9896-UYMIE,NO,MALE,0,NO,NO,66,YES,YES,FIBER OPTIC,YES,YES,YES,YES,YES,YES,ONE YEAR,YES,BANK TRANSFER (AUTOMATIC),114.3,7383.7,3.754927726675427,0
9897-KXHCM,YES,FEMALE,0,YES,YES,3,YES,NO,FIBER OPTIC,NO,NO,NO,NO,NO,YES,MONTH-TO-MONTH,YES,ELECTRONIC CHECK,80.3,250.05,2.637976346911958,1
9898-KZQDZ,YES,FEMALE,1,YES,YES,40,YES,YES,FIBER OPTIC,NO,NO,NO,NO,YES,YES,MONTH-TO-MONTH,YES,CREDIT CARD (AUTOMATIC),94.55,3640.45,3.1061103810775292,1
9903-LYSAB,NO,MALE,0,YES,NO,18,YES,YES,FIBER OPTIC,NO,NO,NO,NO,NO,NO,MONTH-TO-MONTH,YES,ELECTRONIC CHECK,73.15,1305.95,2.4030880420499345,0
9904-EHEVJ,NO,FEMALE,1,YES,YES,32,YES,YES,FIBER OPTIC,NO,NO,YES,NO,YES,NO,MONTH-TO-MONTH,YES,MAILED CHECK,91.35,2896.55,3.000985545335085,0
9906-NHHVC,NO,FEMALE,1,NO,NO,65,NO,NO,DSL,NO,YES,YES,NO,YES,YES,TWO YEAR,YES,BANK TRANSFER (AUTOMATIC),53.5,3517.9,1.757555847568988,0
9907-SWKKF,YES,FEMALE,1,NO,NO,1,NO,NO,DSL,NO,NO,NO,NO,NO,NO,MONTH-TO-MONTH,NO,MAILED CHECK,25.05,25.05,0.8229303547963206,1
9909-DFRJA,NO,FEMALE,0,NO,NO,26,YES,NO,FIBER OPTIC,YES,NO,YES,YES,NO,YES,ONE YEAR,YES,BANK TRANSFER (AUTOMATIC),95.85,2475.35,3.148817345597897,0
9909-IDLEK,NO,MALE,0,YES,YES,20,YES,YES,FIBER OPTIC,NO,YES,NO,YES,YES,NO,MONTH-TO-MONTH,NO,MAILED CHECK,96.8,1826.7,3.1800262812089355,0
9912-GVSEQ,YES,FEMALE,1,YES,NO,26,YES,YES,FIBER OPTIC,NO,YES,YES,NO,NO,YES,MONTH-TO-MONTH,YES,ELECTRONIC CHECK,93.85,2381.55,3.0831143232588696,1
9912-OMZDS,NO,FEMALE,0,YES,YES,59,YES,YES,FIBER OPTIC,NO,YES,YES,NO,YES,YES,ONE YEAR,YES,ELECTRONIC CHECK,106.15,6256.2,3.4871879106438897,0
9916-AYHTC,NO,MALE,0,NO,NO,48,YES,NO,NO,NO,NO,NO,NO,NO,NO,TWO YEAR,NO,CREDIT CARD (AUTOMATIC),19.85,916.0,0.6521024967148489,0
9917-KWRBE,NO,FEMALE,0,YES,YES,41,YES,YES,DSL,YES,YES,YES,NO,YES,NO,ONE YEAR,YES,CREDIT CARD (AUTOMATIC),78.35,3211.2,2.573915900131406,0
9919-FZDED,NO,MALE,1,YES,NO,72,YES,YES,DSL,YES,YES,YES,NO,YES,YES,TWO YEAR,YES,CREDIT CARD (AUTOMATIC),84.1,5981.65,2.76281208935611,0
9919-KNPOO,NO,FEMALE,0,YES,NO,21,YES,YES,FIBER OPTIC,NO,NO,NO,NO,YES,YES,MONTH-TO-MONTH,YES,ELECTRONIC CHECK,94.3,1948.35,3.097897503285151,0
9919-YLNNG,NO,FEMALE,0,NO,NO,42,YES,NO,FIBER OPTIC,NO,YES,YES,YES,YES,YES,MONTH-TO-MONTH,YES,BANK TRANSFER (AUTOMATIC),103.8,4327.5,3.409986859395532,0
9921-EZKBY,NO,MALE,0,NO,YES,33,YES,YES,FIBER OPTIC,YES,NO,YES,NO,NO,YES,MONTH-TO-MONTH,YES,BANK TRANSFER (AUTOMATIC),95.3,3275.15,3.130749014454665,0
9921-QFQUL,NO,FEMALE,0,YES,NO,23,YES,YES,FIBER OPTIC,NO,NO,YES,NO,NO,YES,MONTH-TO-MONTH,NO,MAILED CHECK,90.15,2044.95,2.961563731931669,0
9921-ZVRHG,YES,FEMALE,0,NO,NO,14,YES,YES,FIBER OPTIC,NO,NO,YES,NO,NO,NO,MONTH-TO-MONTH,YES,ELECTRONIC CHECK,80.45,1072.0,2.642904073587385,1
9924-JPRMC,NO,MALE,0,NO,NO,72,YES,YES,FIBER OPTIC,YES,YES,YES,YES,YES,YES,TWO YEAR,YES,ELECTRONIC CHECK,118.2,8547.15,3.8830486202365306,0
9926-PJHDQ,NO,FEMALE,0,YES,YES,72,YES,YES,DSL,NO,NO,YES,NO,YES,YES,TWO YEAR,YES,BANK TRANSFER (AUTOMATIC),76.8,5468.45,2.5229960578186597,0
9927-DSWDF,NO,MALE,0,YES,NO,22,YES,NO,FIBER OPTIC,YES,YES,NO,YES,YES,YES,MONTH-TO-MONTH,YES,ELECTRONIC CHECK,104.6,2180.55,3.436268068331143,0
9928-BZVLZ,NO,FEMALE,0,NO,NO,12,NO,NO,DSL,YES,NO,YES,YES,NO,YES,TWO YEAR,NO,MAILED CHECK,49.85,552.1,1.6376478318002627,0
9929-PLVPA,NO,FEMALE,0,NO,YES,4,YES,NO,NO,NO,NO,NO,NO,NO,NO,MONTH-TO-MONTH,NO,CREDIT CARD (AUTOMATIC),20.4,94.5,0.6701708278580814,0
9931-DCEZH,NO,MALE,0,NO,YES,28,YES,NO,DSL,NO,YES,NO,YES,NO,NO,ONE YEAR,YES,CREDIT CARD (AUTOMATIC),54.4,1516.6,1.7871222076215505,0
9931-KGHOA,NO,FEMALE,0,YES,NO,46,YES,YES,DSL,YES,NO,NO,NO,NO,NO,MONTH-TO-MONTH,NO,BANK TRANSFER (AUTOMATIC),55.0,2473.95,1.8068331143232588,0
9932-WBWIK,NO,MALE,0,NO,NO,11,YES,NO,NO,NO,NO,NO,NO,NO,NO,MONTH-TO-MONTH,NO,MAILED CHECK,20.35,215.25,0.6685282522996058,0
9933-QRGTX,NO,FEMALE,0,YES,NO,60,YES,NO,FIBER OPTIC,YES,NO,NO,YES,YES,YES,TWO YEAR,YES,ELECTRONIC CHECK,97.2,5611.75,3.193166885676741,0
9938-EKRGF,NO,FEMALE,0,NO,NO,15,YES,NO,DSL,YES,YES,YES,YES,YES,YES,MONTH-TO-MONTH,NO,MAILED CHECK,84.45,1287.85,2.7743101182654404,0
9938-PRCVK,NO,FEMALE,0,YES,YES,41,YES,NO,NO,NO,NO,NO,NO,NO,NO,TWO YEAR,NO,BANK TRANSFER (AUTOMATIC),19.7,804.25,0.6471747700394218,0
9938-TKDGL,NO,MALE,0,YES,YES,68,YES,NO,FIBER OPTIC,YES,NO,NO,YES,YES,YES,TWO YEAR,YES,ELECTRONIC CHECK,99.55,6668.0,3.270367936925098,0
9938-ZREHM,NO,FEMALE,0,YES,NO,37,YES,YES,DSL,NO,YES,NO,YES,NO,YES,ONE YEAR,NO,MAILED CHECK,72.1,2658.4,2.3685939553219444,0
9940-HPQPG,YES,FEMALE,0,YES,NO,9,YES,YES,FIBER OPTIC,YES,YES,YES,NO,NO,NO,MONTH-TO-MONTH,NO,BANK TRANSFER (AUTOMATIC),91.75,865.8,3.0141261498028906,1
9940-RHLFB,YES,FEMALE,0,NO,NO,1,YES,NO,FIBER OPTIC,NO,NO,YES,NO,NO,NO,MONTH-TO-MONTH,NO,ELECTRONIC CHECK,75.3,75.3,2.473718791064389,1
9943-VSZUV,NO,MALE,1,NO,NO,67,YES,YES,FIBER OPTIC,NO,NO,NO,NO,NO,NO,MONTH-TO-MONTH,YES,MAILED CHECK,75.7,5060.85,2.4868593955321945,0
9944-AEXBM,NO,MALE,0,NO,NO,32,YES,YES,FIBER OPTIC,NO,NO,NO,NO,NO,YES,MONTH-TO-MONTH,YES,BANK TRANSFER (AUTOMATIC),85.65,2664.3,2.813731931668857,0
9944-HKVVB,YES,FEMALE,0,NO,NO,3,YES,NO,FIBER OPTIC,NO,YES,NO,NO,YES,YES,MONTH-TO-MONTH,YES,ELECTRONIC CHECK,95.1,307.4,3.124178712220762,1
9945-PSVIP,NO,FEMALE,0,YES,YES,25,YES,NO,NO,NO,NO,NO,NO,NO,NO,TWO YEAR,YES,MAILED CHECK,18.7,383.65,0.614323258869908,0
9947-OTFQU,YES,MALE,1,NO,NO,15,YES,NO,FIBER OPTIC,NO,YES,NO,NO,NO,NO,MONTH-TO-MONTH,YES,ELECTRONIC CHECK,74.4,1074.3,2.4441524310118266,1
9948-YPTDG,YES,MALE,0,YES,NO,38,YES,NO,FIBER OPTIC,YES,YES,NO,NO,NO,NO,MONTH-TO-MONTH,YES,ELECTRONIC CHECK,79.45,3013.05,2.6100525624178714,1
9950-MTGYX,NO,MALE,0,YES,YES,28,YES,NO,NO,NO,NO,NO,NO,NO,NO,TWO YEAR,YES,CREDIT CARD (AUTOMATIC),20.3,487.95,0.6668856767411301,0
9953-ZMKSM,NO,MALE,0,NO,NO,63,YES,YES,NO,NO,NO,NO,NO,NO,NO,TWO YEAR,NO,MAILED CHECK,25.25,1559.3,0.8295006570302234,0
9955-QOPOY,NO,MALE,0,YES,NO,69,NO,NO,DSL,NO,YES,YES,YES,YES,YES,ONE YEAR,YES,CREDIT CARD (AUTOMATIC),60.8,4263.4,1.9973718791064388,0
9957-YODKZ,NO,MALE,1,YES,NO,6,YES,YES,FIBER OPTIC,NO,NO,YES,NO,NO,NO,MONTH-TO-MONTH,YES,ELECTRONIC CHECK,80.8,457.1,2.654402102496715,0
9958-MEKUC,NO,MALE,0,YES,YES,72,YES,YES,FIBER OPTIC,YES,YES,YES,YES,NO,YES,TWO YEAR,NO,CREDIT CARD (AUTOMATIC),103.95,7517.7,3.4149145860709593,0
9959-WOFKT,NO,MALE,0,NO,YES,71,YES,YES,FIBER OPTIC,YES,NO,YES,NO,YES,YES,TWO YEAR,NO,BANK TRANSFER (AUTOMATIC),106.7,7382.25,3.505256241787122,0
9961-JBNMK,YES,MALE,1,NO,NO,21,YES,NO,FIBER OPTIC,NO,NO,YES,NO,YES,YES,MONTH-TO-MONTH,YES,BANK TRANSFER (AUTOMATIC),96.8,2030.3,3.1800262812089355,1
9962-BFPDU,NO,FEMALE,0,YES,YES,1,YES,NO,NO,NO,NO,NO,NO,NO,NO,MONTH-TO-MONTH,NO,MAILED CHECK,20.05,20.05,0.6586727989487516,0
9964-WBQDJ,NO,FEMALE,0,YES,NO,71,YES,YES,NO,NO,NO,NO,NO,NO,NO,TWO YEAR,YES,CREDIT CARD (AUTOMATIC),24.4,1725.4,0.8015768725361366,0
9965-YOKZB,YES,MALE,1,NO,NO,9,YES,YES,FIBER OPTIC,NO,NO,NO,NO,NO,YES,MONTH-TO-MONTH,YES,ELECTRONIC CHECK,83.85,790.15,2.7545992115637317,1
9967-ATRFS,NO,FEMALE,0,NO,NO,19,YES,NO,NO,NO,NO,NO,NO,NO,NO,MONTH-TO-MONTH,NO,MAILED CHECK,19.9,367.55,0.6537450722733245,0
9968-FFVVH,NO,MALE,0,NO,NO,63,YES,YES,DSL,YES,YES,YES,YES,NO,NO,ONE YEAR,NO,BANK TRANSFER (AUTOMATIC),68.8,4111.35,2.260183968462549,0
9970-QBCDA,NO,FEMALE,0,NO,NO,6,YES,NO,NO,NO,NO,NO,NO,NO,NO,MONTH-TO-MONTH,NO,CREDIT CARD (AUTOMATIC),19.7,129.55,0.6471747700394218,0
9971-ZWPBF,NO,MALE,1,YES,YES,34,YES,YES,FIBER OPTIC,NO,YES,YES,YES,YES,YES,MONTH-TO-MONTH,YES,ELECTRONIC CHECK,108.9,3625.2,3.577529566360053,0
9972-EWRJS,NO,FEMALE,0,YES,YES,67,YES,NO,NO,NO,NO,NO,NO,NO,NO,TWO YEAR,YES,BANK TRANSFER (AUTOMATIC),19.25,1372.9,0.6323915900131406,0
9972-NKTFD,NO,FEMALE,0,NO,NO,28,YES,NO,DSL,NO,YES,NO,YES,NO,NO,MONTH-TO-MONTH,NO,BANK TRANSFER (AUTOMATIC),54.65,1517.5,1.795335085413929,0
9972-VAFJJ,NO,FEMALE,1,YES,NO,53,YES,NO,FIBER OPTIC,NO,YES,YES,YES,YES,NO,ONE YEAR,YES,ELECTRONIC CHECK,94.0,4871.45,3.088042049934297,0
9974-JFBHQ,NO,MALE,0,NO,YES,64,YES,NO,FIBER OPTIC,NO,YES,NO,YES,YES,YES,MONTH-TO-MONTH,YES,CREDIT CARD (AUTOMATIC),99.15,6171.2,3.257227332457293,0
9975-GPKZU,NO,MALE,0,YES,YES,46,YES,NO,NO,NO,NO,NO,NO,NO,NO,TWO YEAR,NO,CREDIT CARD (AUTOMATIC),19.75,856.5,0.6488173455978975,0
9975-SKRNR,NO,MALE,0,NO,NO,1,YES,NO,NO,NO,NO,NO,NO,NO,NO,MONTH-TO-MONTH,NO,MAILED CHECK,18.9,18.9,0.6208935611038107,0
9978-HYCIN,NO,MALE,1,YES,YES,47,YES,NO,FIBER OPTIC,NO,YES,NO,NO,YES,NO,ONE YEAR,YES,BANK TRANSFER (AUTOMATIC),84.95,4018.05,2.7907358738501973,0
9979-RGMZT,NO,FEMALE,0,NO,NO,7,YES,NO,FIBER OPTIC,NO,YES,NO,NO,YES,YES,ONE YEAR,YES,MAILED CHECK,94.05,633.45,3.0896846254927723,0
9985-MWVIX,YES,FEMALE,0,NO,NO,1,YES,NO,FIBER OPTIC,NO,NO,NO,NO,NO,NO,MONTH-TO-MONTH,YES,MAILED CHECK,70.15,70.15,2.304533508541393,1
9986-BONCE,YES,FEMALE,0,NO,NO,4,YES,NO,NO,NO,NO,NO,NO,NO,NO,MONTH-TO-MONTH,NO,BANK TRANSFER (AUTOMATIC),20.95,85.5,0.688239159001314,1
9987-LUTYD,NO,FEMALE,0,NO,NO,13,YES,NO,DSL,YES,NO,NO,YES,NO,NO,ONE YEAR,NO,MAILED CHECK,55.15,742.9,1.8117608409986858,0
9992-RRAMN,YES,MALE,0,YES,NO,22,YES,YES,FIBER OPTIC,NO,NO,NO,NO,NO,YES,MONTH-TO-MONTH,YES,ELECTRONIC CHECK,85.1,1873.7,2.7956636005256237,1
9992-UJOEL,NO,MALE,0,NO,NO,2,YES,NO,DSL,NO,YES,NO,NO,NO,NO,MONTH-TO-MONTH,YES,MAILED CHECK,50.3,92.75,1.652431011826544,0
9993-LHIEB,NO,MALE,0,YES,YES,67,YES,NO,DSL,YES,NO,YES,YES,NO,YES,TWO YEAR,NO,MAILED CHECK,67.85,4627.65,2.228975032851511,0
9995-HOTOH,NO,MALE,0,YES,YES,63,NO,NO,DSL,YES,YES,YES,NO,YES,YES,TWO YEAR,NO,ELECTRONIC CHECK,59.0,3707.6,1.938239159001314,0
